SrcBytes,SIntPktMax,Proto_arp,Proto_icmp,Proto_ipv6-icmp,Proto_tcp,Proto_udp,State_CLO,State_CON,State_ECO,State_FIN,State_INT,State_NRS,State_REQ,State_RST,State_TST,State_URH,State_URHPRO,label
9120,908.803,False,True,False,False,False,False,False,True,False,False,False,False,False,False,False,False,2
6120,811.464,False,False,False,True,False,False,False,False,False,False,False,False,True,False,False,False,2
735,30030.772,False,False,False,True,False,False,False,False,False,False,False,False,True,False,False,False,2
6120,808.257,False,False,False,True,False,False,False,False,False,False,False,False,True,False,False,False,2
774,15340.91,False,False,False,True,False,False,False,False,False,False,False,False,True,False,False,False,1
85,0.0,False,False,False,True,False,False,True,False,False,False,False,False,False,False,False,False,2
85,96921.792,False,False,False,True,False,False,True,False,False,False,False,False,False,False,False,False,2
6120,911.84,False,False,False,True,False,False,False,False,False,False,False,False,True,False,False,False,2
242,53247.968,False,False,False,True,False,False,False,False,False,False,False,False,True,False,False,False,2
7735,198.338,False,False,False,False,True,False,True,False,False,False,False,False,False,False,False,False,0
2473,22695.542,False,False,False,True,False,False,True,False,False,False,False,False,False,False,False,False,2
519,9999.394,False,False,False,True,False,False,False,False,True,False,False,False,False,False,False,False,0
1264,203.628,False,False,False,True,False,False,False,False,False,False,False,False,True,False,False,False,2
666,15234.606,False,False,False,True,False,False,False,False,False,False,False,True,False,False,False,False,2
6120,802.003,False,False,False,True,False,False,False,False,False,False,False,False,True,False,False,False,2
167,49720.864,False,False,False,True,False,False,True,False,False,False,False,False,False,False,False,False,2
774,27596.176,False,False,False,True,False,False,False,False,False,False,False,False,True,False,False,False,1
828,103.309,False,False,False,True,False,False,False,False,False,False,False,False,True,False,False,False,2
120,1.081,False,False,False,True,False,False,False,False,False,False,False,False,True,False,False,False,3
1282,1003.907,False,False,False,True,False,False,False,False,False,False,False,False,True,False,False,False,1
6120,901.194,False,False,False,True,False,False,False,False,False,False,False,False,True,False,False,False,2
5429,2982.445,False,False,False,False,True,False,True,False,False,False,False,False,False,False,False,False,0
2887,2819.973,False,False,False,True,False,False,False,False,True,False,False,False,False,False,False,False,1
6120,831.699,False,False,False,True,False,False,False,False,False,False,False,False,True,False,False,False,2
18659,778.778,False,False,False,True,False,False,True,False,False,False,False,False,False,False,False,False,0
9974,17209.502,False,False,False,True,False,False,True,False,False,False,False,False,False,False,False,False,0
7489,26181.608,False,False,False,True,False,False,True,False,False,False,False,False,False,False,False,False,0
670,11136.455,False,False,False,True,False,False,True,False,False,False,False,False,False,False,False,False,2
1110,13608.26,False,False,False,True,False,False,False,False,False,False,False,True,False,False,False,False,2
2869,21921.672,False,False,False,True,False,False,True,False,False,False,False,False,False,False,False,False,2
2887,2317.208,False,False,False,True,False,False,False,False,True,False,False,False,False,False,False,False,1
552,59205.256,False,False,False,True,False,False,False,False,False,False,False,False,True,False,False,False,0
2428,22574.666,False,False,False,True,False,False,True,False,False,False,False,False,False,False,False,False,2
774,1.134,False,False,False,True,False,False,False,False,False,False,False,False,True,False,False,False,1
2929,2569.329,False,False,False,True,False,False,False,False,True,False,False,False,False,False,False,False,1
12128,1069.184,False,False,False,False,True,False,True,False,False,False,False,False,False,False,False,False,0
172,23424.452,False,False,False,True,False,False,True,False,False,False,False,False,False,False,False,False,2
3326,34538.632,False,False,False,True,False,False,False,False,False,False,False,False,True,False,False,False,2
261,53248.248,False,False,False,True,False,False,False,False,False,False,False,False,True,False,False,False,2
540,39970.896,True,False,False,False,False,False,False,False,False,True,False,False,False,False,False,False,0
774,15468.244,False,False,False,True,False,False,False,False,False,False,False,False,True,False,False,False,1
7481,34014.256,False,False,False,True,False,False,True,False,False,False,False,False,False,False,False,False,0
2929,2220.468,False,False,False,True,False,False,False,False,True,False,False,False,False,False,False,False,1
6120,829.403,False,False,False,True,False,False,False,False,False,False,False,False,True,False,False,False,2
774,19107.544,False,False,False,True,False,False,False,False,False,False,False,False,True,False,False,False,1
1274,1005.673,False,False,False,True,False,False,False,False,False,False,False,False,True,False,False,False,1
860,7041.236,False,False,False,True,False,False,True,False,False,False,False,False,False,False,False,False,2
1518,23925.818,False,False,False,True,False,False,False,False,True,False,False,False,False,False,False,False,2
2871,2612.9,False,False,False,True,False,False,False,False,True,False,False,False,False,False,False,False,1
6060,1435.589,False,False,False,True,False,False,False,False,False,False,False,False,True,False,False,False,2
4134,6655.302,False,False,False,True,False,False,False,False,False,False,False,False,True,False,False,False,2
683,12158.835,False,False,False,True,False,False,True,False,False,False,False,False,False,False,False,False,2
3313,2414.078,False,False,False,True,False,False,False,False,True,False,False,False,False,False,False,False,1
6120,898.099,False,False,False,True,False,False,False,False,False,False,False,False,True,False,False,False,2
7489,29008.624,False,False,False,True,False,False,True,False,False,False,False,False,False,False,False,False,0
14644,994.123,False,False,False,False,True,False,True,False,False,False,False,False,False,False,False,False,0
6060,1311.385,False,False,False,True,False,False,False,False,False,False,False,False,True,False,False,False,2
16239,43065.02,False,False,False,True,False,False,True,False,False,False,False,False,False,False,False,False,0
60,88960.048,True,False,False,False,False,False,True,False,False,False,False,False,False,False,False,False,0
830,132.791,False,False,False,True,False,False,False,False,False,False,False,False,True,False,False,False,2
1284,1004.896,False,False,False,True,False,False,False,False,False,False,False,False,True,False,False,False,1
6232,29008.584,False,False,False,True,False,False,True,False,False,False,False,False,False,False,False,False,0
255,53248.264,False,False,False,True,False,False,False,False,False,False,False,False,True,False,False,False,2
120,39679.76,True,False,False,False,False,False,True,False,False,False,False,False,False,False,False,False,0
6120,811.598,False,False,False,True,False,False,False,False,False,False,False,False,True,False,False,False,2
6120,848.293,False,False,False,True,False,False,False,False,False,False,False,False,True,False,False,False,2
518,28928.664,False,False,False,True,False,False,False,False,False,False,False,True,False,False,False,False,2
222,29006.556,False,False,False,True,False,False,False,False,False,False,False,True,False,False,False,False,2
3626,10243.876,False,False,False,True,False,False,True,False,False,False,False,False,False,False,False,False,0
6120,898.45,False,False,False,True,False,False,False,False,False,False,False,False,True,False,False,False,2
120,37120.22,True,False,False,False,False,False,True,False,False,False,False,False,False,False,False,False,0
3313,2678.082,False,False,False,True,False,False,False,False,True,False,False,False,False,False,False,False,1
199,53247.94,False,False,False,True,False,False,False,False,False,False,False,False,True,False,False,False,2
9180,847.721,False,True,False,False,False,False,False,True,False,False,False,False,False,False,False,False,2
1279,1007.114,False,False,False,True,False,False,False,False,False,False,False,False,True,False,False,False,1
3313,2301.92,False,False,False,True,False,False,False,False,True,False,False,False,False,False,False,False,1
854,7061.699,False,False,False,True,False,False,True,False,False,False,False,False,False,False,False,False,2
120,37887.852,True,False,False,False,False,False,True,False,False,False,False,False,False,False,False,False,0
2863,3361.089,False,False,False,True,False,False,False,False,False,False,False,False,True,False,False,False,2
2961,2574.362,False,False,False,True,False,False,False,False,True,False,False,False,False,False,False,False,1
3436,6654.811,False,False,False,True,False,False,False,False,False,False,False,False,True,False,False,False,2
120,39920.08,True,False,False,False,False,False,True,False,False,False,False,False,False,False,False,False,0
774,43187.568,False,False,False,True,False,False,False,False,False,False,False,False,True,False,False,False,1
18965,58136.44,False,False,False,True,False,False,True,False,False,False,False,False,False,False,False,False,0
3313,2182.574,False,False,False,True,False,False,False,False,True,False,False,False,False,False,False,False,1
156,50050.768,False,False,False,True,False,False,False,False,True,False,False,False,False,False,False,False,2
10418,4935.78,False,False,False,False,True,False,True,False,False,False,False,False,False,False,False,False,0
788,129.21,False,False,False,True,False,False,False,False,False,False,False,False,True,False,False,False,2
120,101.231,False,True,False,False,False,False,False,False,False,False,False,False,False,True,False,False,3
774,2055.897,False,False,False,True,False,False,False,False,False,False,False,False,True,False,False,False,1
1280,1007.09,False,False,False,True,False,False,False,False,False,False,False,False,True,False,False,False,1
1278,1006.641,False,False,False,True,False,False,False,False,False,False,False,False,True,False,False,False,1
6120,910.397,False,False,False,True,False,False,False,False,False,False,False,False,True,False,False,False,2
2957,5698.851,False,False,False,True,False,False,False,False,True,False,False,False,False,False,False,False,0
120,100.283,False,True,False,False,False,False,False,False,False,False,False,False,False,True,False,False,3
1280,1003.901,False,False,False,True,False,False,False,False,False,False,False,False,True,False,False,False,1
120,100.225,False,True,False,False,False,False,False,False,False,False,False,False,False,True,False,False,3
498,59012.348,False,False,False,True,False,False,False,False,True,False,False,False,False,False,False,False,0
552,59126.848,False,False,False,True,False,False,False,False,False,False,False,False,True,False,False,False,0
148,55179.48,False,False,False,True,False,False,False,False,False,False,False,True,False,False,False,False,2
765,133.027,False,False,False,True,False,False,False,False,False,False,False,False,True,False,False,False,2
2937,2222.282,False,False,False,True,False,False,False,False,True,False,False,False,False,False,False,False,1
6120,880.724,False,False,False,True,False,False,False,False,False,False,False,False,True,False,False,False,2
3313,2558.311,False,False,False,True,False,False,False,False,True,False,False,False,False,False,False,False,1
1364,1024.193,False,False,False,True,False,False,False,False,False,False,False,False,True,False,False,False,2
1184,17710.112,False,False,False,True,False,False,False,False,False,False,False,True,False,False,False,False,2
6120,868.394,False,False,False,True,False,False,False,False,False,False,False,False,True,False,False,False,2
6060,1481.806,False,False,False,True,False,False,False,False,False,False,False,False,True,False,False,False,2
180,24063.932,True,False,False,False,False,False,True,False,False,False,False,False,False,False,False,False,0
6120,923.858,False,False,False,True,False,False,False,False,False,False,False,False,True,False,False,False,2
6060,941.971,False,False,False,True,False,False,False,False,False,False,False,False,True,False,False,False,2
6120,891.611,False,False,False,True,False,False,False,False,False,False,False,False,True,False,False,False,2
6120,856.778,False,False,False,True,False,False,False,False,False,False,False,False,True,False,False,False,2
426,13183.714,False,False,False,True,False,False,True,False,False,False,False,False,False,False,False,False,2
540,39961.188,True,False,False,False,False,False,False,False,False,True,False,False,False,False,False,False,0
2945,2114.386,False,False,False,True,False,False,False,False,True,False,False,False,False,False,False,False,1
327,51661.956,False,False,False,True,False,False,False,False,True,False,False,False,False,False,False,False,0
867,7045.357,False,False,False,True,False,False,True,False,False,False,False,False,False,False,False,False,2
6120,804.45,False,False,False,True,False,False,False,False,False,False,False,False,True,False,False,False,2
774,4581.32,False,False,False,True,False,False,False,False,False,False,False,False,True,False,False,False,1
2354,23078.352,False,False,False,True,False,False,True,False,False,False,False,False,False,False,False,False,2
1278,1007.786,False,False,False,True,False,False,False,False,False,False,False,False,True,False,False,False,1
9300,755.965,False,False,False,False,True,False,False,False,False,True,False,False,False,False,False,False,2
3379,2396.843,False,False,False,True,False,False,False,False,True,False,False,False,False,False,False,False,1
120,29696.132,True,False,False,False,False,False,True,False,False,False,False,False,False,False,False,False,0
6120,841.846,False,False,False,True,False,False,False,False,False,False,False,False,True,False,False,False,2
724,109.216,False,False,False,True,False,False,False,False,False,False,False,False,True,False,False,False,2
774,2186.588,False,False,False,True,False,False,False,False,False,False,False,False,True,False,False,False,1
6120,900.155,False,False,False,True,False,False,False,False,False,False,False,False,True,False,False,False,2
120,102.092,False,True,False,False,False,False,False,False,False,False,False,False,False,True,False,False,3
615,5006.189,False,False,False,True,False,False,False,False,False,False,False,False,True,False,False,False,2
200,53248.096,False,False,False,True,False,False,False,False,False,False,False,False,True,False,False,False,2
1283,1004.588,False,False,False,True,False,False,False,False,False,False,False,False,True,False,False,False,1
4170,25671.108,False,False,False,True,False,False,False,False,False,False,False,False,True,False,False,False,2
2354,22749.9,False,False,False,True,False,False,True,False,False,False,False,False,False,False,False,False,2
17445,34051.8,False,False,False,True,False,False,True,False,False,False,False,False,False,False,False,False,0
540,39917.696,True,False,False,False,False,False,False,False,False,True,False,False,False,False,False,False,0
9990,15803.18,False,False,False,True,False,False,True,False,False,False,False,False,False,False,False,False,0
6232,28987.932,False,False,False,True,False,False,True,False,False,False,False,False,False,False,False,False,0
120,50688.156,True,False,False,False,False,False,True,False,False,False,False,False,False,False,False,False,0
3736,58943.312,False,False,False,True,False,False,True,False,False,False,False,False,False,False,False,False,0
7501,33449.548,False,False,False,True,False,False,True,False,False,False,False,False,False,False,False,False,0
6120,829.286,False,False,False,True,False,False,False,False,False,False,False,False,True,False,False,False,2
3313,1987.026,False,False,False,True,False,False,False,False,True,False,False,False,False,False,False,False,1
614,15228.499,False,False,False,True,False,False,True,False,False,False,False,False,False,False,False,False,2
748,3.824,False,False,False,True,False,False,False,False,True,False,False,False,False,False,False,False,2
207,53247.896,False,False,False,True,False,False,False,False,False,False,False,False,True,False,False,False,2
14364,2102.81,False,False,False,False,True,False,True,False,False,False,False,False,False,False,False,False,0
6060,901.774,False,False,False,True,False,False,False,False,False,False,False,False,True,False,False,False,2
3313,2388.235,False,False,False,True,False,False,False,False,True,False,False,False,False,False,False,False,1
9300,681.891,False,False,False,False,True,False,False,False,False,True,False,False,False,False,False,False,2
120,45360.296,True,False,False,False,False,False,True,False,False,False,False,False,False,False,False,False,0
9180,643.305,False,True,False,False,False,False,False,True,False,False,False,False,False,False,False,False,2
2863,2146.871,False,False,False,True,False,False,False,False,True,False,False,False,False,False,False,False,1
875,7045.116,False,False,False,True,False,False,True,False,False,False,False,False,False,False,False,False,2
1279,1005.485,False,False,False,True,False,False,False,False,False,False,False,False,True,False,False,False,1
3313,2098.903,False,False,False,True,False,False,False,False,True,False,False,False,False,False,False,False,1
850,3551.854,False,False,False,True,False,False,False,False,True,False,False,False,False,False,False,False,2
5552,660.543,False,False,False,False,True,False,True,False,False,False,False,False,False,False,False,False,0
509,15235.664,False,False,False,True,False,False,True,False,False,False,False,False,False,False,False,False,2
592,26623.7,False,False,False,True,False,False,False,False,False,False,False,True,False,False,False,False,2
120,0.658,False,False,False,True,False,False,False,False,False,False,False,False,True,False,False,False,3
760,9089.073,False,False,False,True,False,False,True,False,False,False,False,False,False,False,False,False,2
2905,23526.286,False,False,False,True,False,False,True,False,False,False,False,False,False,False,False,False,2
785,106.132,False,False,False,True,False,False,False,False,False,False,False,False,True,False,False,False,2
795,100.213,False,False,False,True,False,False,False,False,False,False,False,False,True,False,False,False,2
3313,2150.941,False,False,False,True,False,False,False,False,True,False,False,False,False,False,False,False,1
6120,836.481,False,False,False,True,False,False,False,False,False,False,False,False,True,False,False,False,2
774,1.075,False,False,False,True,False,False,False,False,False,False,False,False,True,False,False,False,1
2945,2571.195,False,False,False,True,False,False,False,False,True,False,False,False,False,False,False,False,1
774,6999.185,False,False,False,True,False,False,False,False,False,False,False,False,True,False,False,False,1
2879,2273.853,False,False,False,True,False,False,False,False,True,False,False,False,False,False,False,False,1
1879,13.664,False,False,False,False,True,False,True,False,False,False,False,False,False,False,False,False,0
9300,616.72,False,False,False,False,True,False,False,False,False,True,False,False,False,False,False,False,2
3313,2350.025,False,False,False,True,False,False,False,False,True,False,False,False,False,False,False,False,1
1278,1006.102,False,False,False,True,False,False,False,False,False,False,False,False,True,False,False,False,1
229,0.277,False,False,False,True,False,False,False,False,False,False,False,False,True,False,False,False,1
2937,2399.579,False,False,False,True,False,False,False,False,True,False,False,False,False,False,False,False,1
120,101.631,False,True,False,False,False,False,False,False,False,False,False,False,False,True,False,False,3
6060,1482.499,False,False,False,True,False,False,False,False,False,False,False,False,True,False,False,False,2
774,37191.868,False,False,False,True,False,False,False,False,False,False,False,False,True,False,False,False,1
172,31616.136,False,False,False,True,False,False,True,False,False,False,False,False,False,False,False,False,2
1278,1020.756,False,False,False,True,False,False,False,False,False,False,False,False,True,False,False,False,1
206,53247.72,False,False,False,True,False,False,False,False,False,False,False,False,True,False,False,False,2
776,6110.602,False,False,False,True,False,False,False,False,False,False,False,False,True,False,False,False,2
425,9.832,False,False,False,True,False,False,False,False,True,False,False,False,False,False,False,False,0
774,15817.29,False,False,False,True,False,False,False,False,False,False,False,False,True,False,False,False,1
774,1.844,False,False,False,True,False,False,False,False,False,False,False,False,True,False,False,False,1
9300,755.488,False,False,False,False,True,False,False,False,False,True,False,False,False,False,False,False,2
9300,591.518,False,False,False,False,True,False,False,False,False,True,False,False,False,False,False,False,2
707,11139.143,False,False,False,True,False,False,True,False,False,False,False,False,False,False,False,False,2
818,3108.62,False,False,False,True,False,False,False,False,False,False,False,False,True,False,False,False,2
4109,13059.263,False,False,False,True,False,False,False,False,True,False,False,False,False,False,False,False,2
2913,20.879,False,False,False,False,True,False,True,False,False,False,False,False,False,False,False,False,0
120,38656.04,True,False,False,False,False,False,True,False,False,False,False,False,False,False,False,False,0
2929,2161.008,False,False,False,True,False,False,False,False,True,False,False,False,False,False,False,False,1
229,0.393,False,False,False,True,False,False,False,False,False,False,False,False,True,False,False,False,1
2311,26.716,False,False,False,False,True,False,True,False,False,False,False,False,False,False,False,False,0
768,7045.421,False,False,False,True,False,False,True,False,False,False,False,False,False,False,False,False,2
425,5.333,False,False,False,True,False,False,False,False,True,False,False,False,False,False,False,False,0
3597,58624.044,False,False,False,True,False,False,True,False,False,False,False,False,False,False,False,False,0
9360,597.681,False,False,False,False,True,False,False,False,False,True,False,False,False,False,False,False,2
3983,13311.325,False,False,False,True,False,False,False,False,False,False,False,False,True,False,False,False,2
9360,598.145,False,False,False,False,True,False,False,False,False,True,False,False,False,False,False,False,2
3313,2165.116,False,False,False,True,False,False,False,False,True,False,False,False,False,False,False,False,1
9180,652.42,False,True,False,False,False,False,False,True,False,False,False,False,False,False,False,False,2
7501,46316.12,False,False,False,True,False,False,True,False,False,False,False,False,False,False,False,False,0
2869,21810.004,False,False,False,True,False,False,True,False,False,False,False,False,False,False,False,False,2
774,52184.136,False,False,False,True,False,False,False,False,False,False,False,False,True,False,False,False,1
2898,21890.288,False,False,False,True,False,False,True,False,False,False,False,False,False,False,False,False,2
2187,20.716,False,False,False,False,True,False,True,False,False,False,False,False,False,False,False,False,0
84,0.0,False,False,False,False,True,False,True,False,False,False,False,False,False,False,False,False,0
173,43904.132,False,False,False,True,False,False,True,False,False,False,False,False,False,False,False,False,2
6120,877.442,False,False,False,True,False,False,False,False,False,False,False,False,True,False,False,False,2
518,2019.533,False,False,False,True,False,False,False,False,False,False,False,True,False,False,False,False,2
774,26110.106,False,False,False,True,False,False,False,False,False,False,False,False,True,False,False,False,1
809,122.22,False,False,False,True,False,False,False,False,False,False,False,False,True,False,False,False,2
540,39978.544,True,False,False,False,False,False,False,False,False,True,False,False,False,False,False,False,0
9000,871.033,False,True,False,False,False,False,False,True,False,False,False,False,False,False,False,False,2
1166,2899.052,False,False,False,True,False,False,False,False,False,False,False,False,True,False,False,False,2
774,43443.44,False,False,False,True,False,False,False,False,False,False,False,False,True,False,False,False,1
707,5017.548,False,False,False,True,False,False,False,False,False,False,False,False,True,False,False,False,2
618,10240.103,False,False,False,True,False,False,False,False,True,False,False,False,False,False,False,False,0
60,63231.984,True,False,False,False,False,False,True,False,False,False,False,False,False,False,False,False,0
752,245.946,False,False,False,True,False,False,False,False,False,False,False,False,True,False,False,False,2
160,59012.316,False,False,False,True,False,False,False,False,False,False,False,False,True,False,False,False,0
2887,21641.696,False,False,False,True,False,False,True,False,False,False,False,False,False,False,False,False,2
1281,1005.049,False,False,False,True,False,False,False,False,False,False,False,False,True,False,False,False,1
653,7042.83,False,False,False,True,False,False,False,False,False,False,False,False,True,False,False,False,2
6120,890.937,False,False,False,True,False,False,False,False,False,False,False,False,True,False,False,False,2
774,19147.872,False,False,False,True,False,False,False,False,False,False,False,False,True,False,False,False,1
247739,1711.891,False,False,False,True,False,False,False,False,True,False,False,False,False,False,False,False,0
3379,2133.141,False,False,False,True,False,False,False,False,True,False,False,False,False,False,False,False,1
6060,942.18,False,False,False,True,False,False,False,False,False,False,False,False,True,False,False,False,2
4992,49262.892,False,False,False,True,False,False,True,False,False,False,False,False,False,False,False,False,0
3981,59152.288,False,False,False,True,False,False,True,False,False,False,False,False,False,False,False,False,0
360,6925.629,True,False,False,False,False,False,False,False,False,True,False,False,False,False,False,False,0
6120,875.935,False,False,False,True,False,False,False,False,False,False,False,False,True,False,False,False,2
14947,23019.98,False,False,False,True,False,False,True,False,False,False,False,False,False,False,False,False,0
3313,2600.406,False,False,False,True,False,False,False,False,True,False,False,False,False,False,False,False,1
11227,14004.945,False,False,False,True,False,False,True,False,False,False,False,False,False,False,False,False,0
11248,49254.996,False,False,False,True,False,False,True,False,False,False,False,False,False,False,False,False,0
688,11136.343,False,False,False,True,False,False,True,False,False,False,False,False,False,False,False,False,2
120,101.595,False,True,False,False,False,False,False,False,False,False,False,False,False,True,False,False,3
3379,2600.29,False,False,False,True,False,False,False,False,True,False,False,False,False,False,False,False,1
360,6971.411,True,False,False,False,False,False,False,False,False,True,False,False,False,False,False,False,0
774,0.978,False,False,False,True,False,False,False,False,False,False,False,False,True,False,False,False,1
3448,20013.206,False,False,False,True,False,False,False,False,False,False,False,False,True,False,False,False,0
7924,12969.907,False,False,False,False,True,False,True,False,False,False,False,False,False,False,False,False,0
3313,2581.101,False,False,False,True,False,False,False,False,True,False,False,False,False,False,False,False,1
16239,43061.92,False,False,False,True,False,False,True,False,False,False,False,False,False,False,False,False,0
3258,5035.082,False,False,False,True,False,False,False,False,False,False,False,False,True,False,False,False,2
120,102.297,False,True,False,False,False,False,False,False,False,False,False,False,False,True,False,False,3
425,9.69,False,False,False,True,False,False,False,False,True,False,False,False,False,False,False,False,0
2937,2245.749,False,False,False,True,False,False,False,False,True,False,False,False,False,False,False,False,1
774,26077.896,False,False,False,True,False,False,False,False,False,False,False,False,True,False,False,False,1
171,44968.88,False,False,False,True,False,False,True,False,False,False,False,False,False,False,False,False,2
840,135.899,False,False,False,True,False,False,False,False,True,False,False,False,False,False,False,False,2
707,30590.32,False,False,False,True,False,False,True,False,False,False,False,False,False,False,False,False,2
120,42080.144,True,False,False,False,False,False,True,False,False,False,False,False,False,False,False,False,0
2905,23127.53,False,False,False,True,False,False,True,False,False,False,False,False,False,False,False,False,2
774,9.147,False,False,False,True,False,False,False,False,False,False,False,False,True,False,False,False,1
120,49955.872,True,False,False,False,False,False,True,False,False,False,False,False,False,False,False,False,0
774,52144.768,False,False,False,True,False,False,False,False,False,False,False,False,True,False,False,False,1
774,1.609,False,False,False,True,False,False,False,False,False,False,False,False,True,False,False,False,1
120,35584.104,True,False,False,False,False,False,True,False,False,False,False,False,False,False,False,False,0
73,0.0,False,False,False,False,True,False,True,False,False,False,False,False,False,False,False,False,3
1276,1008.003,False,False,False,True,False,False,False,False,False,False,False,False,True,False,False,False,1
173,52099.504,False,False,False,True,False,False,True,False,False,False,False,False,False,False,False,False,2
1277,1005.678,False,False,False,True,False,False,False,False,False,False,False,False,True,False,False,False,1
774,54306.404,False,False,False,True,False,False,False,False,False,False,False,False,True,False,False,False,1
180,29947.976,True,False,False,False,False,False,True,False,False,False,False,False,False,False,False,False,0
856,14799.049,False,False,False,True,False,False,False,False,True,False,False,False,False,False,False,False,2
774,27639.368,False,False,False,True,False,False,False,False,False,False,False,False,True,False,False,False,1
3629,5103.107,False,False,False,True,False,False,False,False,False,False,False,False,True,False,False,False,2
552,756.612,False,False,False,False,True,False,False,False,False,True,False,False,False,False,False,False,0
6232,29009.98,False,False,False,True,False,False,True,False,False,False,False,False,False,False,False,False,0
6120,901.482,False,False,False,True,False,False,False,False,False,False,False,False,True,False,False,False,2
11672,6946.968,False,False,False,False,True,False,True,False,False,False,False,False,False,False,False,False,0
120,101.594,False,True,False,False,False,False,False,False,False,False,False,False,False,True,False,False,3
6060,1436.727,False,False,False,True,False,False,False,False,False,False,False,False,True,False,False,False,2
120,102.27,False,True,False,False,False,False,False,False,False,False,False,False,False,True,False,False,3
5427,2982.851,False,False,False,False,True,False,True,False,False,False,False,False,False,False,False,False,0
774,54253.268,False,False,False,True,False,False,False,False,False,False,False,False,True,False,False,False,1
120,38144.052,True,False,False,False,False,False,True,False,False,False,False,False,False,False,False,False,0
345,29568.342,False,False,False,True,False,False,True,False,False,False,False,False,False,False,False,False,2
1282,1006.989,False,False,False,True,False,False,False,False,False,False,False,False,True,False,False,False,1
1283,1005.131,False,False,False,True,False,False,False,False,False,False,False,False,True,False,False,False,1
425,5.529,False,False,False,True,False,False,False,False,True,False,False,False,False,False,False,False,0
9060,846.332,False,True,False,False,False,False,False,True,False,False,False,False,False,False,False,False,2
6060,1443.136,False,False,False,True,False,False,False,False,False,False,False,False,True,False,False,False,2
120,0.425,False,False,False,True,False,False,False,False,False,False,False,False,True,False,False,False,3
6120,878.141,False,False,False,True,False,False,False,False,False,False,False,False,True,False,False,False,2
1279,1004.081,False,False,False,True,False,False,False,False,False,False,False,False,True,False,False,False,1
1279,1007.956,False,False,False,True,False,False,False,False,False,False,False,False,True,False,False,False,1
2929,2629.338,False,False,False,True,False,False,False,False,True,False,False,False,False,False,False,False,1
1283,1006.819,False,False,False,True,False,False,False,False,False,False,False,False,True,False,False,False,1
774,54296.68,False,False,False,True,False,False,False,False,False,False,False,False,True,False,False,False,1
19914,13187.75,False,False,False,True,False,False,True,False,False,False,False,False,False,False,False,False,0
8734,26010.208,False,False,False,True,False,False,True,False,False,False,False,False,False,False,False,False,0
773,7556.104,False,False,False,True,False,False,False,False,False,False,False,False,True,False,False,False,2
3313,2625.591,False,False,False,True,False,False,False,False,True,False,False,False,False,False,False,False,1
774,93169.064,False,False,False,True,False,False,False,False,False,False,False,False,True,False,False,False,1
3313,1993.919,False,False,False,True,False,False,False,False,True,False,False,False,False,False,False,False,1
120,102.624,False,True,False,False,False,False,False,False,False,False,False,False,False,True,False,False,3
774,27686.864,False,False,False,True,False,False,False,False,False,False,False,False,True,False,False,False,1
2871,2397.732,False,False,False,True,False,False,False,False,True,False,False,False,False,False,False,False,1
712,20356.356,False,False,False,True,False,False,True,False,False,False,False,False,False,False,False,False,2
2723,22703.272,False,False,False,True,False,False,True,False,False,False,False,False,False,False,False,False,2
9240,636.732,False,True,False,False,False,False,False,True,False,False,False,False,False,False,False,False,2
4180,27136.714,False,False,False,True,False,False,True,False,False,False,False,False,False,False,False,False,2
856,5010.664,False,False,False,True,False,False,False,False,True,False,False,False,False,False,False,False,2
687,13203.671,False,False,False,True,False,False,True,False,False,False,False,False,False,False,False,False,2
827,107.702,False,False,False,True,False,False,False,False,False,False,False,False,True,False,False,False,2
774,58894.724,False,False,False,True,False,False,False,False,False,False,False,False,True,False,False,False,1
1282,1007.034,False,False,False,True,False,False,False,False,False,False,False,False,True,False,False,False,1
540,39955.696,True,False,False,False,False,False,False,False,False,True,False,False,False,False,False,False,0
2871,2383.527,False,False,False,True,False,False,False,False,True,False,False,False,False,False,False,False,1
3629,3360.772,False,False,False,True,False,False,False,False,False,False,False,False,True,False,False,False,2
16239,43064.096,False,False,False,True,False,False,True,False,False,False,False,False,False,False,False,False,0
540,39945.852,True,False,False,False,False,False,False,False,False,True,False,False,False,False,False,False,0
6242,43135.088,False,False,False,True,False,False,True,False,False,False,False,False,False,False,False,False,0
2953,2770.058,False,False,False,True,False,False,False,False,True,False,False,False,False,False,False,False,1
2826,22241.964,False,False,False,True,False,False,True,False,False,False,False,False,False,False,False,False,2
120,102.122,False,True,False,False,False,False,False,False,False,False,False,False,False,True,False,False,3
781,11154.434,False,False,False,True,False,False,True,False,False,False,False,False,False,False,False,False,2
1277,1005.44,False,False,False,True,False,False,False,False,False,False,False,False,True,False,False,False,1
774,43157.832,False,False,False,True,False,False,False,False,False,False,False,False,True,False,False,False,1
419,17281.224,False,False,False,True,False,False,True,False,False,False,False,False,False,False,False,False,2
3802,58663.712,False,False,False,True,False,False,True,False,False,False,False,False,False,False,False,False,0
767,108.034,False,False,False,True,False,False,False,False,True,False,False,False,False,False,False,False,2
774,43126.544,False,False,False,True,False,False,False,False,False,False,False,False,True,False,False,False,1
9120,823.31,False,True,False,False,False,False,False,True,False,False,False,False,False,False,False,False,2
986,7315.849,False,False,False,True,False,False,False,False,False,False,False,False,True,False,False,False,2
8737,17591.654,False,False,False,True,False,False,True,False,False,False,False,False,False,False,False,False,0
3379,2561.884,False,False,False,True,False,False,False,False,True,False,False,False,False,False,False,False,1
442,17055.67,False,False,False,True,False,False,True,False,False,False,False,False,False,False,False,False,2
6060,1435.928,False,False,False,True,False,False,False,False,False,False,False,False,True,False,False,False,2
1457,203.965,False,False,False,True,False,False,False,False,False,False,False,False,True,False,False,False,2
9240,662.905,False,True,False,False,False,False,False,True,False,False,False,False,False,False,False,False,2
2937,2725.314,False,False,False,True,False,False,False,False,True,False,False,False,False,False,False,False,1
1282,1006.499,False,False,False,True,False,False,False,False,False,False,False,False,True,False,False,False,1
7481,34105.596,False,False,False,True,False,False,True,False,False,False,False,False,False,False,False,False,0
3593,59391.456,False,False,False,True,False,False,True,False,False,False,False,False,False,False,False,False,0
3379,2306.189,False,False,False,True,False,False,False,False,True,False,False,False,False,False,False,False,1
1280,1004.85,False,False,False,True,False,False,False,False,False,False,False,False,True,False,False,False,1
781,145.332,False,False,False,True,False,False,False,False,True,False,False,False,False,False,False,False,2
824,138.584,False,False,False,True,False,False,False,False,True,False,False,False,False,False,False,False,2
180,30719.912,True,False,False,False,False,False,True,False,False,False,False,False,False,False,False,False,0
254,53247.776,False,False,False,True,False,False,False,False,False,False,False,False,True,False,False,False,2
120,50687.936,True,False,False,False,False,False,True,False,False,False,False,False,False,False,False,False,0
774,2098.427,False,False,False,True,False,False,False,False,False,False,False,False,True,False,False,False,1
2705,22207.086,False,False,False,True,False,False,True,False,False,False,False,False,False,False,False,False,2
425,5.446,False,False,False,True,False,False,False,False,True,False,False,False,False,False,False,False,0
1276,1004.422,False,False,False,True,False,False,False,False,False,False,False,False,True,False,False,False,1
11543,18106.848,False,False,False,True,False,False,False,False,True,False,False,False,False,False,False,False,0
3313,2943.788,False,False,False,True,False,False,False,False,True,False,False,False,False,False,False,False,1
774,1.268,False,False,False,True,False,False,False,False,False,False,False,False,True,False,False,False,1
2929,2177.879,False,False,False,True,False,False,False,False,True,False,False,False,False,False,False,False,1
13023,13008.134,False,False,False,False,True,False,True,False,False,False,False,False,False,False,False,False,0
2945,2365.061,False,False,False,True,False,False,False,False,True,False,False,False,False,False,False,False,1
262,56201.352,False,False,False,True,False,False,True,False,False,False,False,False,False,False,False,False,2
11215,14060.041,False,False,False,True,False,False,True,False,False,False,False,False,False,False,False,False,0
2863,2332.391,False,False,False,True,False,False,False,False,True,False,False,False,False,False,False,False,1
540,39911.116,True,False,False,False,False,False,False,False,False,True,False,False,False,False,False,False,0
342,58376.88,False,False,False,True,False,False,True,False,False,False,False,False,False,False,False,False,0
120,100.233,False,True,False,False,False,False,False,False,False,False,False,False,False,True,False,False,3
16212,43060.604,False,False,False,True,False,False,True,False,False,False,False,False,False,False,False,False,0
2945,2686.365,False,False,False,True,False,False,False,False,True,False,False,False,False,False,False,False,1
9300,681.445,False,False,False,False,True,False,False,False,False,True,False,False,False,False,False,False,2
5428,4984.023,False,False,False,False,True,False,True,False,False,False,False,False,False,False,False,False,0
2813,22961.704,False,False,False,True,False,False,True,False,False,False,False,False,False,False,False,False,2
180,37375.976,True,False,False,False,False,False,True,False,False,False,False,False,False,False,False,False,0
486,59014.876,False,False,False,True,False,False,False,False,False,False,False,False,True,False,False,False,0
552,59130.56,False,False,False,True,False,False,False,False,False,False,False,False,True,False,False,False,0
2970,23090.216,False,False,False,True,False,False,True,False,False,False,False,False,False,False,False,False,2
3313,2219.11,False,False,False,True,False,False,False,False,True,False,False,False,False,False,False,False,1
120,48895.88,True,False,False,False,False,False,True,False,False,False,False,False,False,False,False,False,0
1018,13181.017,False,False,False,True,False,False,True,False,False,False,False,False,False,False,False,False,2
9120,850.233,False,True,False,False,False,False,False,True,False,False,False,False,False,False,False,False,2
10002,23219.002,False,False,False,True,False,False,True,False,False,False,False,False,False,False,False,False,0
8727,15805.182,False,False,False,True,False,False,True,False,False,False,False,False,False,False,False,False,0
120,101.632,False,True,False,False,False,False,False,False,False,False,False,False,False,True,False,False,3
3618,58508.596,False,False,False,True,False,False,True,False,False,False,False,False,False,False,False,False,0
11248,49234.636,False,False,False,True,False,False,True,False,False,False,False,False,False,False,False,False,0
168,59264.248,False,False,False,True,False,False,True,False,False,False,False,False,False,False,False,False,2
733,23523.154,False,False,False,True,False,False,False,False,False,False,False,False,True,False,False,False,2
3429,58645.204,False,False,False,True,False,False,True,False,False,False,False,False,False,False,False,False,0
716,108.692,False,False,False,True,False,False,False,False,True,False,False,False,False,False,False,False,2
120,100.441,False,True,False,False,False,False,False,False,False,False,False,False,False,True,False,False,3
180,27600.04,True,False,False,False,False,False,True,False,False,False,False,False,False,False,False,False,0
120,38400.104,True,False,False,False,False,False,True,False,False,False,False,False,False,False,False,False,0
9180,993.572,False,True,False,False,False,False,False,True,False,False,False,False,False,False,False,False,2
11248,49260.652,False,False,False,True,False,False,True,False,False,False,False,False,False,False,False,False,0
2878,21905.574,False,False,False,True,False,False,True,False,False,False,False,False,False,False,False,False,2
132,0.496,False,False,False,False,True,False,True,False,False,False,False,False,False,False,False,False,0
774,52174.048,False,False,False,True,False,False,False,False,False,False,False,False,True,False,False,False,1
1278,1004.368,False,False,False,True,False,False,False,False,False,False,False,False,True,False,False,False,1
120,100.244,False,True,False,False,False,False,False,False,False,False,False,False,False,True,False,False,3
9360,658.981,False,False,False,False,True,False,False,False,False,True,False,False,False,False,False,False,2
3448,20019.396,False,False,False,True,False,False,False,False,False,False,False,False,True,False,False,False,0
3313,2413.302,False,False,False,True,False,False,False,False,True,False,False,False,False,False,False,False,1
6120,910.485,False,False,False,True,False,False,False,False,False,False,False,False,True,False,False,False,2
1646,12141.226,False,False,False,True,False,False,False,False,False,False,False,False,True,False,False,False,2
2148,32610.89,False,False,False,True,False,False,False,False,False,False,False,False,True,False,False,False,2
853,248.094,False,False,False,True,False,False,False,False,True,False,False,False,False,False,False,False,2
526,15234.983,False,False,False,True,False,False,True,False,False,False,False,False,False,False,False,False,2
2863,2476.002,False,False,False,True,False,False,False,False,True,False,False,False,False,False,False,False,1
7106,679.744,False,False,False,False,True,False,True,False,False,False,False,False,False,False,False,False,0
3608,13037.935,False,False,False,True,False,False,False,False,False,False,False,False,True,False,False,False,2
849,9100.54,False,False,False,True,False,False,True,False,False,False,False,False,False,False,False,False,2
9300,644.231,False,False,False,False,True,False,False,False,False,True,False,False,False,False,False,False,2
120,101.604,False,True,False,False,False,False,False,False,False,False,False,False,False,True,False,False,3
1285,1007.118,False,False,False,True,False,False,False,False,False,False,False,False,True,False,False,False,1
172,74588.728,False,False,False,True,False,False,True,False,False,False,False,False,False,False,False,False,2
806,106.469,False,False,False,True,False,False,False,False,False,False,False,False,True,False,False,False,2
9120,1155.103,False,True,False,False,False,False,False,True,False,False,False,False,False,False,False,False,2
927,103.836,False,False,False,True,False,False,False,False,False,False,False,False,True,False,False,False,2
9060,909.891,False,True,False,False,False,False,False,True,False,False,False,False,False,False,False,False,2
774,0.997,False,False,False,True,False,False,False,False,False,False,False,False,True,False,False,False,1
3415,58339.38,False,False,False,True,False,False,True,False,False,False,False,False,False,False,False,False,0
740,17204.86,False,False,False,True,False,False,False,False,False,False,False,True,False,False,False,False,2
2945,2702.101,False,False,False,True,False,False,False,False,True,False,False,False,False,False,False,False,1
795,1173.111,False,False,False,True,False,False,False,False,True,False,False,False,False,False,False,False,2
774,1.181,False,False,False,True,False,False,False,False,False,False,False,False,True,False,False,False,1
2929,2309.751,False,False,False,True,False,False,False,False,True,False,False,False,False,False,False,False,1
120,90080.248,True,False,False,False,False,False,True,False,False,False,False,False,False,False,False,False,0
6242,43063.264,False,False,False,True,False,False,True,False,False,False,False,False,False,False,False,False,0
6060,942.207,False,False,False,True,False,False,False,False,False,False,False,False,True,False,False,False,2
774,1.895,False,False,False,True,False,False,False,False,False,False,False,False,True,False,False,False,1
774,7778.072,False,False,False,True,False,False,False,False,False,False,False,False,True,False,False,False,1
1282,1004.78,False,False,False,True,False,False,False,False,False,False,False,False,True,False,False,False,1
774,43156.368,False,False,False,True,False,False,False,False,False,False,False,False,True,False,False,False,1
774,18959.574,False,False,False,True,False,False,False,False,False,False,False,False,True,False,False,False,1
3379,2505.815,False,False,False,True,False,False,False,False,True,False,False,False,False,False,False,False,1
12468,14006.877,False,False,False,True,False,False,True,False,False,False,False,False,False,False,False,False,0
498,59050.816,False,False,False,True,False,False,False,False,True,False,False,False,False,False,False,False,0
774,1.501,False,False,False,True,False,False,False,False,False,False,False,False,True,False,False,False,1
595,12160.329,False,False,False,True,False,False,True,False,False,False,False,False,False,False,False,False,2
2961,22431.454,False,False,False,True,False,False,True,False,False,False,False,False,False,False,False,False,2
5435,8984.732,False,False,False,False,True,False,True,False,False,False,False,False,False,False,False,False,0
6120,902.297,False,False,False,True,False,False,False,False,False,False,False,False,True,False,False,False,2
6060,1436.329,False,False,False,True,False,False,False,False,False,False,False,False,True,False,False,False,2
2896,21699.784,False,False,False,True,False,False,True,False,False,False,False,False,False,False,False,False,2
9360,596.67,False,False,False,False,True,False,False,False,False,True,False,False,False,False,False,False,2
6120,816.417,False,False,False,True,False,False,False,False,False,False,False,False,True,False,False,False,2
9300,682.522,False,False,False,False,True,False,False,False,False,True,False,False,False,False,False,False,2
2880,4926.532,False,False,False,True,False,False,False,False,False,False,False,False,True,False,False,False,0
887,134.423,False,False,False,True,False,False,False,False,True,False,False,False,False,False,False,False,2
6120,873.2,False,False,False,True,False,False,False,False,False,False,False,False,True,False,False,False,2
210,53247.916,False,False,False,True,False,False,False,False,False,False,False,False,True,False,False,False,2
775,650.498,False,False,False,True,False,False,False,False,False,False,False,False,True,False,False,False,2
774,15793.68,False,False,False,True,False,False,False,False,False,False,False,False,True,False,False,False,1
3527,58527.456,False,False,False,True,False,False,True,False,False,False,False,False,False,False,False,False,0
120,36096.16,True,False,False,False,False,False,True,False,False,False,False,False,False,False,False,False,0
4599,13311.335,False,False,False,True,False,False,False,False,False,False,False,False,True,False,False,False,2
7480,34012.812,False,False,False,True,False,False,True,False,False,False,False,False,False,False,False,False,0
6120,908.787,False,False,False,True,False,False,False,False,False,False,False,False,True,False,False,False,2
1281,1006.327,False,False,False,True,False,False,False,False,False,False,False,False,True,False,False,False,1
1278,1004.849,False,False,False,True,False,False,False,False,False,False,False,False,True,False,False,False,1
540,39890.748,True,False,False,False,False,False,False,False,False,True,False,False,False,False,False,False,0
574,784.683,False,False,False,False,True,False,False,False,False,True,False,False,False,False,False,False,0
823,1524.482,False,False,False,True,False,False,False,False,False,False,False,False,True,False,False,False,2
1054,11139.15,False,False,False,True,False,False,True,False,False,False,False,False,False,False,False,False,2
1279,1004.555,False,False,False,True,False,False,False,False,False,False,False,False,True,False,False,False,1
9986,49223.284,False,False,False,True,False,False,True,False,False,False,False,False,False,False,False,False,0
276,778.565,False,False,False,False,True,False,False,False,False,True,False,False,False,False,False,False,0
774,1.252,False,False,False,True,False,False,False,False,False,False,False,False,True,False,False,False,1
746,2459.389,False,False,False,True,False,False,False,False,True,False,False,False,False,False,False,False,2
3313,2516.468,False,False,False,True,False,False,False,False,True,False,False,False,False,False,False,False,1
774,1.179,False,False,False,True,False,False,False,False,False,False,False,False,True,False,False,False,1
540,39903.212,True,False,False,False,False,False,False,False,False,True,False,False,False,False,False,False,0
2793,3360.994,False,False,False,True,False,False,False,False,False,False,False,False,True,False,False,False,2
180,27392.04,True,False,False,False,False,False,True,False,False,False,False,False,False,False,False,False,0
774,38791.26,False,False,False,True,False,False,False,False,False,False,False,False,True,False,False,False,1
9300,765.357,False,False,False,False,True,False,False,False,False,True,False,False,False,False,False,False,2
6120,873.825,False,False,False,True,False,False,False,False,False,False,False,False,True,False,False,False,2
1022,7047.471,False,False,False,True,False,False,True,False,False,False,False,False,False,False,False,False,2
6060,1483.32,False,False,False,True,False,False,False,False,False,False,False,False,True,False,False,False,2
9120,829.222,False,True,False,False,False,False,False,True,False,False,False,False,False,False,False,False,2
592,17872.356,False,False,False,True,False,False,False,False,False,False,False,True,False,False,False,False,2
12474,14005.393,False,False,False,True,False,False,True,False,False,False,False,False,False,False,False,False,0
13717,14005.342,False,False,False,True,False,False,True,False,False,False,False,False,False,False,False,False,0
1281,1007.295,False,False,False,True,False,False,False,False,False,False,False,False,True,False,False,False,1
9300,591.07,False,False,False,False,True,False,False,False,False,True,False,False,False,False,False,False,2
180,38144.2,True,False,False,False,False,False,True,False,False,False,False,False,False,False,False,False,0
540,39924.148,True,False,False,False,False,False,False,False,False,True,False,False,False,False,False,False,0
2929,2112.357,False,False,False,True,False,False,False,False,True,False,False,False,False,False,False,False,1
6241,46244.992,False,False,False,True,False,False,True,False,False,False,False,False,False,False,False,False,0
774,6984.729,False,False,False,True,False,False,False,False,False,False,False,False,True,False,False,False,1
686,11136.347,False,False,False,True,False,False,True,False,False,False,False,False,False,False,False,False,2
6120,812.4,False,False,False,True,False,False,False,False,False,False,False,False,True,False,False,False,2
120,101.89,False,True,False,False,False,False,False,False,False,False,False,False,False,True,False,False,3
612,59008.708,False,False,False,True,False,False,False,False,False,False,False,False,True,False,False,False,0
1276,1006.972,False,False,False,True,False,False,False,False,False,False,False,False,True,False,False,False,1
494,2216.114,False,False,False,False,True,False,False,False,False,True,False,False,False,False,False,False,0
3313,2407.59,False,False,False,True,False,False,False,False,True,False,False,False,False,False,False,False,1
3379,2866.984,False,False,False,True,False,False,False,False,True,False,False,False,False,False,False,False,1
819,2425.04,False,False,False,True,False,False,False,False,True,False,False,False,False,False,False,False,2
854,7063.835,False,False,False,True,False,False,True,False,False,False,False,False,False,False,False,False,2
2761,23556.42,False,False,False,True,False,False,True,False,False,False,False,False,False,False,False,False,2
8738,22095.706,False,False,False,True,False,False,True,False,False,False,False,False,False,False,False,False,0
774,11223.462,False,False,False,True,False,False,False,False,False,False,False,False,True,False,False,False,1
948,9087.388,False,False,False,True,False,False,True,False,False,False,False,False,False,False,False,False,2
120,101.934,False,True,False,False,False,False,False,False,False,False,False,False,False,True,False,False,3
360,6939.097,True,False,False,False,False,False,False,False,False,True,False,False,False,False,False,False,0
841,95.783,False,False,False,True,False,False,False,False,False,False,False,False,True,False,False,False,2
2871,2493.919,False,False,False,True,False,False,False,False,True,False,False,False,False,False,False,False,1
1042,9088.384,False,False,False,True,False,False,True,False,False,False,False,False,False,False,False,False,2
120,100.174,False,True,False,False,False,False,False,False,False,False,False,False,False,True,False,False,3
2569,1980.199,False,False,False,True,False,False,False,False,True,False,False,False,False,False,False,False,1
794,245.924,False,False,False,True,False,False,False,False,True,False,False,False,False,False,False,False,2
1279,1004.755,False,False,False,True,False,False,False,False,False,False,False,False,True,False,False,False,1
9990,15810.866,False,False,False,True,False,False,True,False,False,False,False,False,False,False,False,False,0
229,0.297,False,False,False,True,False,False,False,False,False,False,False,False,True,False,False,False,1
120,100.352,False,True,False,False,False,False,False,False,False,False,False,False,False,True,False,False,3
7474,26011.036,False,False,False,True,False,False,True,False,False,False,False,False,False,False,False,False,0
9986,49274.112,False,False,False,True,False,False,True,False,False,False,False,False,False,False,False,False,0
9120,860.055,False,True,False,False,False,False,False,True,False,False,False,False,False,False,False,False,2
180,28159.656,True,False,False,False,False,False,True,False,False,False,False,False,False,False,False,False,0
774,58901.64,False,False,False,True,False,False,False,False,False,False,False,False,True,False,False,False,1
1488,31054.376,False,False,False,True,False,False,False,False,True,False,False,False,False,False,False,False,2
2687,22352.926,False,False,False,True,False,False,True,False,False,False,False,False,False,False,False,False,2
774,15486.262,False,False,False,True,False,False,False,False,False,False,False,False,True,False,False,False,1
1279,1005.201,False,False,False,True,False,False,False,False,False,False,False,False,True,False,False,False,1
592,4097.185,False,False,False,True,False,False,False,False,False,False,False,True,False,False,False,False,2
4100,13056.281,False,False,False,True,False,False,False,False,False,False,False,False,True,False,False,False,2
540,39970.812,True,False,False,False,False,False,False,False,False,True,False,False,False,False,False,False,0
831,571.368,False,False,False,True,False,False,False,False,False,False,False,False,True,False,False,False,2
16239,43059.812,False,False,False,True,False,False,True,False,False,False,False,False,False,False,False,False,0
222,21413.104,False,False,False,True,False,False,False,False,False,False,False,True,False,False,False,False,2
2957,5523.23,False,False,False,True,False,False,False,False,True,False,False,False,False,False,False,False,0
4070,25854.868,False,False,False,True,False,False,True,False,False,False,False,False,False,False,False,False,2
774,18989.036,False,False,False,True,False,False,False,False,False,False,False,False,True,False,False,False,1
831,2839.787,False,False,False,True,False,False,False,False,True,False,False,False,False,False,False,False,2
774,1.808,False,False,False,True,False,False,False,False,False,False,False,False,True,False,False,False,1
7481,34011.996,False,False,False,True,False,False,True,False,False,False,False,False,False,False,False,False,0
335,10000.251,False,False,False,True,False,False,False,False,True,False,False,False,False,False,False,False,0
2162,2015.363,False,False,False,True,False,False,False,False,False,False,False,False,True,False,False,False,2
774,2.562,False,False,False,True,False,False,False,False,False,False,False,False,True,False,False,False,1
120,31840.042,True,False,False,False,False,False,True,False,False,False,False,False,False,False,False,False,0
1279,1007.396,False,False,False,True,False,False,False,False,False,False,False,False,True,False,False,False,1
3869,58856.252,False,False,False,True,False,False,True,False,False,False,False,False,False,False,False,False,0
3313,2407.37,False,False,False,True,False,False,False,False,True,False,False,False,False,False,False,False,1
14951,23021.734,False,False,False,True,False,False,True,False,False,False,False,False,False,False,False,False,0
774,2106.809,False,False,False,True,False,False,False,False,False,False,False,False,True,False,False,False,1
9300,680.801,False,False,False,False,True,False,False,False,False,True,False,False,False,False,False,False,2
9120,823.311,False,True,False,False,False,False,False,True,False,False,False,False,False,False,False,False,2
2345,21926.044,False,False,False,True,False,False,True,False,False,False,False,False,False,False,False,False,2
120,32256.14,True,False,False,False,False,False,True,False,False,False,False,False,False,False,False,False,0
540,39926.792,True,False,False,False,False,False,False,False,False,True,False,False,False,False,False,False,0
3313,2280.537,False,False,False,True,False,False,False,False,True,False,False,False,False,False,False,False,1
840,1908.253,False,False,False,True,False,False,False,False,True,False,False,False,False,False,False,False,2
5606,636.33,False,False,False,True,False,False,False,False,False,False,False,False,True,False,False,False,0
3722,6655.66,False,False,False,True,False,False,False,False,False,False,False,False,True,False,False,False,2
952,9087.196,False,False,False,True,False,False,True,False,False,False,False,False,False,False,False,False,2
2895,2759.887,False,False,False,True,False,False,False,False,True,False,False,False,False,False,False,False,1
774,36154.136,False,False,False,True,False,False,False,False,False,False,False,False,True,False,False,False,1
498,59015.788,False,False,False,True,False,False,False,False,True,False,False,False,False,False,False,False,0
2929,2247.82,False,False,False,True,False,False,False,False,True,False,False,False,False,False,False,False,1
4992,49269.24,False,False,False,True,False,False,True,False,False,False,False,False,False,False,False,False,0
2759,23038.06,False,False,False,True,False,False,True,False,False,False,False,False,False,False,False,False,2
6060,1483.464,False,False,False,True,False,False,False,False,False,False,False,False,True,False,False,False,2
784,2174.656,False,False,False,True,False,False,False,False,False,False,False,False,True,False,False,False,2
2937,2851.919,False,False,False,True,False,False,False,False,True,False,False,False,False,False,False,False,1
1280,1004.828,False,False,False,True,False,False,False,False,False,False,False,False,True,False,False,False,1
694,9091.886,False,False,False,True,False,False,True,False,False,False,False,False,False,False,False,False,2
1279,1005.374,False,False,False,True,False,False,False,False,False,False,False,False,True,False,False,False,1
1280,1007.744,False,False,False,True,False,False,False,False,False,False,False,False,True,False,False,False,1
855,1686.135,False,False,False,True,False,False,False,False,True,False,False,False,False,False,False,False,2
120,37888.072,True,False,False,False,False,False,True,False,False,False,False,False,False,False,False,False,0
120,35328.144,True,False,False,False,False,False,True,False,False,False,False,False,False,False,False,False,0
120,100.745,False,True,False,False,False,False,False,False,False,False,False,False,False,True,False,False,3
16239,43061.648,False,False,False,True,False,False,True,False,False,False,False,False,False,False,False,False,0
774,1.253,False,False,False,True,False,False,False,False,False,False,False,False,True,False,False,False,1
60,60640.208,True,False,False,False,False,False,True,False,False,False,False,False,False,False,False,False,0
11211,18006.064,False,False,False,True,False,False,True,False,False,False,False,False,False,False,False,False,0
1282,1003.981,False,False,False,True,False,False,False,False,False,False,False,False,True,False,False,False,1
3313,2529.971,False,False,False,True,False,False,False,False,True,False,False,False,False,False,False,False,1
3269,3360.4,False,False,False,True,False,False,False,False,False,False,False,False,True,False,False,False,2
1280,1006.723,False,False,False,True,False,False,False,False,False,False,False,False,True,False,False,False,1
8736,32647.012,False,False,False,True,False,False,True,False,False,False,False,False,False,False,False,False,0
85,30361.056,False,False,False,True,False,False,True,False,False,False,False,False,False,False,False,False,2
120,101.551,False,True,False,False,False,False,False,False,False,False,False,False,False,True,False,False,3
9300,592.052,False,False,False,False,True,False,False,False,False,True,False,False,False,False,False,False,2
3313,2140.598,False,False,False,True,False,False,False,False,True,False,False,False,False,False,False,False,1
6120,902.575,False,False,False,True,False,False,False,False,False,False,False,False,True,False,False,False,2
3236,1667.517,False,False,False,True,False,False,False,False,False,False,False,False,True,False,False,False,2
3060,56.131,False,False,False,True,False,False,False,False,False,False,False,False,True,False,False,False,0
9974,17201.774,False,False,False,True,False,False,True,False,False,False,False,False,False,False,False,False,0
552,755.291,False,False,False,False,True,False,False,False,False,True,False,False,False,False,False,False,0
1115,9500.06,False,False,False,True,False,False,False,False,True,False,False,False,False,False,False,False,2
4284,26367.484,False,False,False,True,False,False,False,False,False,False,False,False,True,False,False,False,2
120,100.227,False,True,False,False,False,False,False,False,False,False,False,False,False,True,False,False,3
9180,647.116,False,True,False,False,False,False,False,True,False,False,False,False,False,False,False,False,2
612,59018.724,False,False,False,True,False,False,False,False,False,False,False,False,True,False,False,False,0
1280,1005.735,False,False,False,True,False,False,False,False,False,False,False,False,True,False,False,False,1
9240,680.69,False,True,False,False,False,False,False,True,False,False,False,False,False,False,False,False,2
6120,828.689,False,False,False,True,False,False,False,False,False,False,False,False,True,False,False,False,2
9300,594.049,False,False,False,False,True,False,False,False,False,True,False,False,False,False,False,False,2
120,38400.156,True,False,False,False,False,False,True,False,False,False,False,False,False,False,False,False,0
540,39958.892,True,False,False,False,False,False,False,False,False,True,False,False,False,False,False,False,0
774,1.277,False,False,False,True,False,False,False,False,False,False,False,False,True,False,False,False,1
3313,2324.041,False,False,False,True,False,False,False,False,True,False,False,False,False,False,False,False,1
6120,878.597,False,False,False,True,False,False,False,False,False,False,False,False,True,False,False,False,2
6120,923.74,False,False,False,True,False,False,False,False,False,False,False,False,True,False,False,False,2
120,35328.264,True,False,False,False,False,False,True,False,False,False,False,False,False,False,False,False,0
120,38400.096,True,False,False,False,False,False,True,False,False,False,False,False,False,False,False,False,0
3073,3265.829,False,False,False,True,False,False,False,False,False,False,False,False,True,False,False,False,2
847,9106.882,False,False,False,True,False,False,True,False,False,False,False,False,False,False,False,False,2
120,50944.344,True,False,False,False,False,False,True,False,False,False,False,False,False,False,False,False,0
1281,1003.471,False,False,False,True,False,False,False,False,False,False,False,False,True,False,False,False,1
120,101.23,False,True,False,False,False,False,False,False,False,False,False,False,False,True,False,False,3
9180,706.361,False,True,False,False,False,False,False,True,False,False,False,False,False,False,False,False,2
9300,593.253,False,False,False,False,True,False,False,False,False,True,False,False,False,False,False,False,2
6060,873.719,False,False,False,True,False,False,False,False,False,False,False,False,True,False,False,False,2
3625,58751.56,False,False,False,True,False,False,True,False,False,False,False,False,False,False,False,False,0
9360,590.279,False,False,False,False,True,False,False,False,False,True,False,False,False,False,False,False,2
832,6636.064,False,False,False,True,False,False,False,False,True,False,False,False,False,False,False,False,2
540,39965.976,True,False,False,False,False,False,False,False,False,True,False,False,False,False,False,False,0
174,78687.408,False,False,False,True,False,False,True,False,False,False,False,False,False,False,False,False,2
2938,46.276,False,False,False,False,True,False,True,False,False,False,False,False,False,False,False,False,0
6120,829.543,False,False,False,True,False,False,False,False,False,False,False,False,True,False,False,False,2
498,58009.06,False,False,False,True,False,False,False,False,True,False,False,False,False,False,False,False,0
425,9.437,False,False,False,True,False,False,False,False,True,False,False,False,False,False,False,False,0
83,7038.363,False,False,False,True,False,False,False,False,False,False,False,False,True,False,False,False,2
120,46079.792,True,False,False,False,False,False,True,False,False,False,False,False,False,False,False,False,0
9180,865.254,False,True,False,False,False,False,False,True,False,False,False,False,False,False,False,False,2
784,5391.319,False,False,False,True,False,False,False,False,True,False,False,False,False,False,False,False,2
6120,855.858,False,False,False,True,False,False,False,False,False,False,False,False,True,False,False,False,2
1023,7030.081,False,False,False,True,False,False,True,False,False,False,False,False,False,False,False,False,2
2953,2427.846,False,False,False,True,False,False,False,False,True,False,False,False,False,False,False,False,1
3313,2563.398,False,False,False,True,False,False,False,False,True,False,False,False,False,False,False,False,1
9360,658.382,False,False,False,False,True,False,False,False,False,True,False,False,False,False,False,False,2
9240,684.127,False,True,False,False,False,False,False,True,False,False,False,False,False,False,False,False,2
132,0.621,False,False,False,False,True,False,True,False,False,False,False,False,False,False,False,False,0
425,23.31,False,False,False,True,False,False,False,False,True,False,False,False,False,False,False,False,0
222,1023.939,False,False,False,True,False,False,False,False,False,False,False,True,False,False,False,False,2
1279,1006.838,False,False,False,True,False,False,False,False,False,False,False,False,True,False,False,False,1
518,15235.574,False,False,False,True,False,False,True,False,False,False,False,False,False,False,False,False,2
2929,2452.719,False,False,False,True,False,False,False,False,True,False,False,False,False,False,False,False,1
7501,35149.976,False,False,False,True,False,False,True,False,False,False,False,False,False,False,False,False,0
7501,30228.056,False,False,False,True,False,False,True,False,False,False,False,False,False,False,False,False,0
1024,7035.122,False,False,False,True,False,False,True,False,False,False,False,False,False,False,False,False,2
774,52333.996,False,False,False,True,False,False,False,False,False,False,False,False,True,False,False,False,1
3313,2553.5,False,False,False,True,False,False,False,False,True,False,False,False,False,False,False,False,1
917,13203.749,False,False,False,True,False,False,False,False,True,False,False,False,False,False,False,False,2
6120,891.734,False,False,False,True,False,False,False,False,False,False,False,False,True,False,False,False,2
6120,892.223,False,False,False,True,False,False,False,False,False,False,False,False,True,False,False,False,2
2871,2543.855,False,False,False,True,False,False,False,False,True,False,False,False,False,False,False,False,1
425,8.884,False,False,False,True,False,False,False,False,True,False,False,False,False,False,False,False,0
120,36095.948,True,False,False,False,False,False,True,False,False,False,False,False,False,False,False,False,0
9300,847.378,False,False,False,False,True,False,False,False,False,True,False,False,False,False,False,False,2
9120,832.028,False,True,False,False,False,False,False,True,False,False,False,False,False,False,False,False,2
9360,607.972,False,False,False,False,True,False,False,False,False,True,False,False,False,False,False,False,2
888,23297.366,False,False,False,True,False,False,False,False,False,False,False,True,False,False,False,False,2
6120,850.486,False,False,False,True,False,False,False,False,False,False,False,False,True,False,False,False,2
863,9090.946,False,False,False,True,False,False,True,False,False,False,False,False,False,False,False,False,2
120,33200.376,True,False,False,False,False,False,True,False,False,False,False,False,False,False,False,False,0
2628,22910.646,False,False,False,True,False,False,True,False,False,False,False,False,False,False,False,False,2
5355,58418.132,False,False,False,True,False,False,True,False,False,False,False,False,False,False,False,False,0
120,101.564,False,True,False,False,False,False,False,False,False,False,False,False,False,True,False,False,3
3313,2411.413,False,False,False,True,False,False,False,False,True,False,False,False,False,False,False,False,1
120,100.142,False,True,False,False,False,False,False,False,False,False,False,False,False,True,False,False,3
851,5005.703,False,False,False,True,False,False,False,False,True,False,False,False,False,False,False,False,0
168,3433.369,False,False,False,False,True,False,True,False,False,False,False,False,False,False,False,False,0
6120,811.622,False,False,False,True,False,False,False,False,False,False,False,False,True,False,False,False,2
12450,26107.986,False,False,False,True,False,False,True,False,False,False,False,False,False,False,False,False,0
229,1.017,False,False,False,True,False,False,False,False,False,False,False,False,True,False,False,False,1
2953,2226.925,False,False,False,True,False,False,False,False,True,False,False,False,False,False,False,False,1
120,102.219,False,True,False,False,False,False,False,False,False,False,False,False,False,True,False,False,3
2851,23230.684,False,False,False,True,False,False,True,False,False,False,False,False,False,False,False,False,2
120,101.155,False,True,False,False,False,False,False,False,False,False,False,False,False,True,False,False,3
164,44701.34,False,False,False,True,False,False,True,False,False,False,False,False,False,False,False,False,2
2403,22.607,False,False,False,False,True,False,True,False,False,False,False,False,False,False,False,False,0
60,61184.448,True,False,False,False,False,False,True,False,False,False,False,False,False,False,False,False,0
9990,15815.34,False,False,False,True,False,False,True,False,False,False,False,False,False,False,False,False,0
2871,2524.657,False,False,False,True,False,False,False,False,True,False,False,False,False,False,False,False,1
792,401.209,False,False,False,True,False,False,False,False,False,False,False,False,True,False,False,False,2
7501,40449.32,False,False,False,True,False,False,True,False,False,False,False,False,False,False,False,False,0
3073,3233.802,False,False,False,True,False,False,False,False,False,False,False,False,True,False,False,False,2
370,18425.184,False,False,False,True,False,False,False,False,False,False,False,True,False,False,False,False,2
120,100.391,False,True,False,False,False,False,False,False,False,False,False,False,False,True,False,False,3
132,0.478,False,False,False,False,True,False,True,False,False,False,False,False,False,False,False,False,0
6120,898.813,False,False,False,True,False,False,False,False,False,False,False,False,True,False,False,False,2
120,37120.088,True,False,False,False,False,False,True,False,False,False,False,False,False,False,False,False,0
3313,2318.574,False,False,False,True,False,False,False,False,True,False,False,False,False,False,False,False,1
867,120.601,False,False,False,True,False,False,False,False,False,False,False,False,True,False,False,False,2
3379,2326.159,False,False,False,True,False,False,False,False,True,False,False,False,False,False,False,False,1
774,2.331,False,False,False,True,False,False,False,False,False,False,False,False,True,False,False,False,1
89,88957.104,False,False,False,True,False,False,True,False,False,False,False,False,False,False,False,False,2
9240,677.955,False,True,False,False,False,False,False,True,False,False,False,False,False,False,False,False,2
9240,781.929,False,False,False,False,True,False,False,False,False,True,False,False,False,False,False,False,2
6120,902.767,False,False,False,True,False,False,False,False,False,False,False,False,True,False,False,False,2
881,16245.553,False,False,False,True,False,False,True,False,False,False,False,False,False,False,False,False,2
1279,1004.702,False,False,False,True,False,False,False,False,False,False,False,False,True,False,False,False,1
840,10763.613,False,False,False,True,False,False,False,False,True,False,False,False,False,False,False,False,2
774,27659.544,False,False,False,True,False,False,False,False,False,False,False,False,True,False,False,False,1
2871,2321.682,False,False,False,True,False,False,False,False,True,False,False,False,False,False,False,False,1
11681,14067.964,False,False,False,False,True,False,True,False,False,False,False,False,False,False,False,False,0
120,102.059,False,True,False,False,False,False,False,False,False,False,False,False,False,True,False,False,3
868,7062.196,False,False,False,True,False,False,True,False,False,False,False,False,False,False,False,False,2
3268,35515.748,False,False,False,True,False,False,False,False,False,False,False,False,True,False,False,False,2
81,30361.094,False,False,False,True,False,False,True,False,False,False,False,False,False,False,False,False,2
878,120.283,False,False,False,True,False,False,False,False,False,False,False,False,True,False,False,False,2
774,1.338,False,False,False,True,False,False,False,False,False,False,False,False,True,False,False,False,1
6232,29038.772,False,False,False,True,False,False,True,False,False,False,False,False,False,False,False,False,0
618,10240.176,False,False,False,True,False,False,False,False,True,False,False,False,False,False,False,False,0
3042,3328.017,False,False,False,True,False,False,False,False,False,False,False,False,True,False,False,False,2
1198,9871.678,False,False,False,True,False,False,False,False,False,False,False,False,True,False,False,False,2
9120,820.684,False,True,False,False,False,False,False,True,False,False,False,False,False,False,False,False,2
89,7085.203,False,False,False,True,False,False,False,False,False,False,False,False,True,False,False,False,2
2929,2725.4,False,False,False,True,False,False,False,False,True,False,False,False,False,False,False,False,1
774,36778.66,False,False,False,True,False,False,False,False,False,False,False,False,True,False,False,False,1
1283,1006.762,False,False,False,True,False,False,False,False,False,False,False,False,True,False,False,False,1
120,51440.168,True,False,False,False,False,False,True,False,False,False,False,False,False,False,False,False,0
120,51840.232,True,False,False,False,False,False,True,False,False,False,False,False,False,False,False,False,0
9120,822.973,False,True,False,False,False,False,False,True,False,False,False,False,False,False,False,False,2
1448,10792.818,False,False,False,True,False,False,False,False,False,False,False,False,True,False,False,False,2
11211,18006.008,False,False,False,True,False,False,True,False,False,False,False,False,False,False,False,False,0
395,9087.63,False,False,False,True,False,False,False,False,False,False,False,False,True,False,False,False,2
552,58199.808,False,False,False,True,False,False,False,False,False,False,False,False,True,False,False,False,0
789,7205.448,False,False,False,True,False,False,False,False,True,False,False,False,False,False,False,False,2
774,38843.244,False,False,False,True,False,False,False,False,False,False,False,False,True,False,False,False,1
774,11232.893,False,False,False,True,False,False,False,False,False,False,False,False,True,False,False,False,1
774,11225.019,False,False,False,True,False,False,False,False,False,False,False,False,True,False,False,False,1
180,27648.11,True,False,False,False,False,False,True,False,False,False,False,False,False,False,False,False,0
984,17333.288,False,False,False,False,True,False,False,False,False,True,False,False,False,False,False,False,0
180,27600.072,True,False,False,False,False,False,True,False,False,False,False,False,False,False,False,False,0
2945,2555.506,False,False,False,True,False,False,False,False,True,False,False,False,False,False,False,False,1
14945,23008.184,False,False,False,True,False,False,True,False,False,False,False,False,False,False,False,False,0
1280,1005.06,False,False,False,True,False,False,False,False,False,False,False,False,True,False,False,False,1
6060,959.868,False,False,False,True,False,False,False,False,False,False,False,False,True,False,False,False,2
120,100.219,False,True,False,False,False,False,False,False,False,False,False,False,False,True,False,False,3
6060,1436.667,False,False,False,True,False,False,False,False,False,False,False,False,True,False,False,False,2
3199,3231.642,False,False,False,True,False,False,False,False,False,False,False,False,True,False,False,False,2
839,5737.79,False,False,False,True,False,False,False,False,True,False,False,False,False,False,False,False,2
984,17276.366,False,False,False,False,True,False,False,False,False,True,False,False,False,False,False,False,0
714,27520.72,False,False,False,True,False,False,True,False,False,False,False,False,False,False,False,False,2
774,6994.23,False,False,False,True,False,False,False,False,False,False,False,False,True,False,False,False,1
120,101.982,False,True,False,False,False,False,False,False,False,False,False,False,False,True,False,False,3
120,102.243,False,True,False,False,False,False,False,False,False,False,False,False,False,True,False,False,3
90,42879.308,False,False,False,True,False,False,True,False,False,False,False,False,False,False,False,False,2
1423,21003.57,False,False,False,True,False,False,False,False,False,False,False,False,True,False,False,False,2
5004,46311.62,False,False,False,True,False,False,True,False,False,False,False,False,False,False,False,False,0
6120,799.853,False,False,False,True,False,False,False,False,False,False,False,False,True,False,False,False,2
6120,875.112,False,False,False,True,False,False,False,False,False,False,False,False,True,False,False,False,2
120,0.808,False,False,False,True,False,False,False,False,False,False,False,False,True,False,False,False,3
838,16463.434,False,False,False,True,False,False,False,False,False,False,False,False,True,False,False,False,2
689,11136.94,False,False,False,True,False,False,True,False,False,False,False,False,False,False,False,False,2
6120,807.687,False,False,False,True,False,False,False,False,False,False,False,False,True,False,False,False,2
6120,808.985,False,False,False,True,False,False,False,False,False,False,False,False,True,False,False,False,2
120,100.118,False,True,False,False,False,False,False,False,False,False,False,False,False,True,False,False,3
774,11203.247,False,False,False,True,False,False,False,False,False,False,False,False,True,False,False,False,1
2862,22060.174,False,False,False,True,False,False,True,False,False,False,False,False,False,False,False,False,2
9300,770.579,False,False,False,False,True,False,False,False,False,True,False,False,False,False,False,False,2
3313,2318.638,False,False,False,True,False,False,False,False,True,False,False,False,False,False,False,False,1
171,31615.152,False,False,False,True,False,False,True,False,False,False,False,False,False,False,False,False,2
3313,2346.737,False,False,False,True,False,False,False,False,True,False,False,False,False,False,False,False,1
3313,2294.272,False,False,False,True,False,False,False,False,True,False,False,False,False,False,False,False,1
552,59035.016,False,False,False,True,False,False,False,False,False,False,False,False,True,False,False,False,0
592,26111.592,False,False,False,True,False,False,False,False,False,False,False,True,False,False,False,False,2
18691,13737.548,False,False,False,True,False,False,True,False,False,False,False,False,False,False,False,False,0
869,111.861,False,False,False,True,False,False,False,False,False,False,False,False,True,False,False,False,2
9180,853.315,False,True,False,False,False,False,False,True,False,False,False,False,False,False,False,False,2
1719,17277.188,False,False,False,True,False,False,True,False,False,False,False,False,False,False,False,False,2
774,43096.584,False,False,False,True,False,False,False,False,False,False,False,False,True,False,False,False,1
3998,6652.334,False,False,False,True,False,False,False,False,False,False,False,False,True,False,False,False,2
835,12881.864,False,False,False,True,False,False,False,False,False,False,False,False,True,False,False,False,2
3593,59255.716,False,False,False,True,False,False,True,False,False,False,False,False,False,False,False,False,0
120,0.68,False,False,False,True,False,False,False,False,False,False,False,False,True,False,False,False,3
9360,578.784,False,False,False,False,True,False,False,False,False,True,False,False,False,False,False,False,2
2937,2463.988,False,False,False,True,False,False,False,False,True,False,False,False,False,False,False,False,1
1021,26494.024,False,False,False,True,False,False,True,False,False,False,False,False,False,False,False,False,2
1279,1007.452,False,False,False,True,False,False,False,False,False,False,False,False,True,False,False,False,1
3674,25425.788,False,False,False,True,False,False,False,False,False,False,False,False,True,False,False,False,2
2822,23158.826,False,False,False,True,False,False,True,False,False,False,False,False,False,False,False,False,2
774,1.201,False,False,False,True,False,False,False,False,False,False,False,False,True,False,False,False,1
774,59005.376,False,False,False,True,False,False,False,False,False,False,False,False,True,False,False,False,1
9300,619.361,False,False,False,False,True,False,False,False,False,True,False,False,False,False,False,False,2
9120,943.68,False,True,False,False,False,False,False,True,False,False,False,False,False,False,False,False,2
1230,1150.891,False,False,False,True,False,False,False,False,True,False,False,False,False,False,False,False,2
1278,1005.728,False,False,False,True,False,False,False,False,False,False,False,False,True,False,False,False,1
2871,2257.401,False,False,False,True,False,False,False,False,True,False,False,False,False,False,False,False,1
774,7013.309,False,False,False,True,False,False,False,False,False,False,False,False,True,False,False,False,1
2779,5713.314,False,False,False,True,False,False,False,False,False,False,False,False,True,False,False,False,0
9180,684.725,False,True,False,False,False,False,False,True,False,False,False,False,False,False,False,False,2
9360,596.808,False,False,False,False,True,False,False,False,False,True,False,False,False,False,False,False,2
774,11253.465,False,False,False,True,False,False,False,False,False,False,False,False,True,False,False,False,1
3313,2282.449,False,False,False,True,False,False,False,False,True,False,False,False,False,False,False,False,1
774,137.229,False,False,False,True,False,False,False,False,True,False,False,False,False,False,False,False,2
592,13186.67,False,False,False,True,False,False,True,False,False,False,False,False,False,False,False,False,2
6120,911.354,False,False,False,True,False,False,False,False,False,False,False,False,True,False,False,False,2
435,27515.782,False,False,False,True,False,False,True,False,False,False,False,False,False,False,False,False,2
120,51199.84,True,False,False,False,False,False,True,False,False,False,False,False,False,False,False,False,0
6120,849.278,False,False,False,True,False,False,False,False,False,False,False,False,True,False,False,False,2
6120,853.186,False,False,False,True,False,False,False,False,False,False,False,False,True,False,False,False,2
120,100.472,False,True,False,False,False,False,False,False,False,False,False,False,False,True,False,False,3
1490,1027.962,False,False,False,True,False,False,False,False,False,False,False,False,True,False,False,False,2
6120,823.482,False,False,False,True,False,False,False,False,False,False,False,False,True,False,False,False,2
9300,592.721,False,False,False,False,True,False,False,False,False,True,False,False,False,False,False,False,2
780,9088.259,False,False,False,True,False,False,True,False,False,False,False,False,False,False,False,False,2
904,100.141,False,False,False,True,False,False,False,False,False,False,False,False,True,False,False,False,2
120,1.034,False,False,False,True,False,False,False,False,False,False,False,False,True,False,False,False,3
4581,58438.544,False,False,False,True,False,False,True,False,False,False,False,False,False,False,False,False,0
3618,59288.368,False,False,False,True,False,False,True,False,False,False,False,False,False,False,False,False,0
6120,815.035,False,False,False,True,False,False,False,False,False,False,False,False,True,False,False,False,2
406,0.022,False,False,False,False,True,False,False,False,False,True,False,False,False,False,False,False,0
866,11167.322,False,False,False,True,False,False,True,False,False,False,False,False,False,False,False,False,2
8741,31442.244,False,False,False,True,False,False,True,False,False,False,False,False,False,False,False,False,0
846,132.285,False,False,False,True,False,False,False,False,True,False,False,False,False,False,False,False,2
180,29439.944,True,False,False,False,False,False,True,False,False,False,False,False,False,False,False,False,0
826,114.881,False,False,False,True,False,False,False,False,True,False,False,False,False,False,False,False,2
592,4193.338,False,False,False,True,False,False,False,False,False,False,False,True,False,False,False,False,2
711,29569.388,False,False,False,True,False,False,True,False,False,False,False,False,False,False,False,False,2
2831,23347.422,False,False,False,True,False,False,True,False,False,False,False,False,False,False,False,False,2
6120,882.257,False,False,False,True,False,False,False,False,False,False,False,False,True,False,False,False,2
6120,910.991,False,False,False,True,False,False,False,False,False,False,False,False,True,False,False,False,2
498,59015.144,False,False,False,True,False,False,False,False,True,False,False,False,False,False,False,False,0
9180,704.882,False,True,False,False,False,False,False,True,False,False,False,False,False,False,False,False,2
11685,14077.703,False,False,False,False,True,False,True,False,False,False,False,False,False,False,False,False,0
9300,681.048,False,False,False,False,True,False,False,False,False,True,False,False,False,False,False,False,2
713,143.109,False,False,False,True,False,False,False,False,False,False,False,False,True,False,False,False,2
6120,831.68,False,False,False,True,False,False,False,False,False,False,False,False,True,False,False,False,2
2863,2622.903,False,False,False,True,False,False,False,False,True,False,False,False,False,False,False,False,1
870,16868.136,False,False,False,True,False,False,False,False,False,False,False,False,True,False,False,False,2
2455,22129.786,False,False,False,True,False,False,True,False,False,False,False,False,False,False,False,False,2
14219,440.143,False,False,False,False,True,False,True,False,False,False,False,False,False,False,False,False,0
774,37222.884,False,False,False,True,False,False,False,False,False,False,False,False,True,False,False,False,1
120,101.516,False,True,False,False,False,False,False,False,False,False,False,False,False,True,False,False,3
1280,1004.889,False,False,False,True,False,False,False,False,False,False,False,False,True,False,False,False,1
120,100.179,False,True,False,False,False,False,False,False,False,False,False,False,False,True,False,False,3
2871,2548.283,False,False,False,True,False,False,False,False,True,False,False,False,False,False,False,False,1
3903,21.94,False,False,False,False,True,False,True,False,False,False,False,False,False,False,False,False,0
5933,515.769,False,False,False,False,True,False,True,False,False,False,False,False,False,False,False,False,0
120,101.247,False,True,False,False,False,False,False,False,False,False,False,False,False,True,False,False,3
6120,853.281,False,False,False,True,False,False,False,False,False,False,False,False,True,False,False,False,2
592,20927.526,False,False,False,True,False,False,False,False,False,False,False,True,False,False,False,False,2
82,110463.264,False,False,False,True,False,False,True,False,False,False,False,False,False,False,False,False,2
400,27904.524,False,False,False,True,False,False,False,False,False,False,False,False,True,False,False,False,2
2876,22789.698,False,False,False,True,False,False,True,False,False,False,False,False,False,False,False,False,2
9240,635.227,False,True,False,False,False,False,False,True,False,False,False,False,False,False,False,False,2
2768,22744.19,False,False,False,True,False,False,True,False,False,False,False,False,False,False,False,False,2
11244,13005.459,False,False,False,False,True,False,True,False,False,False,False,False,False,False,False,False,0
2777,23232.378,False,False,False,True,False,False,True,False,False,False,False,False,False,False,False,False,2
3145,9563.209,False,False,False,True,False,False,False,False,False,False,False,False,True,False,False,False,2
3033,23356.776,False,False,False,True,False,False,True,False,False,False,False,False,False,False,False,False,2
774,54232.252,False,False,False,True,False,False,False,False,False,False,False,False,True,False,False,False,1
821,8313.956,False,False,False,True,False,False,False,False,True,False,False,False,False,False,False,False,2
4992,49251.512,False,False,False,True,False,False,True,False,False,False,False,False,False,False,False,False,0
552,764.378,False,False,False,False,True,False,False,False,False,True,False,False,False,False,False,False,0
120,0.789,False,False,False,True,False,False,False,False,False,False,False,False,True,False,False,False,3
695,6523.0,False,False,False,True,False,False,False,False,False,False,False,False,True,False,False,False,2
5967,383.22,False,False,False,True,False,False,False,False,False,False,False,False,True,False,False,False,0
2188,21.96,False,False,False,False,True,False,True,False,False,False,False,False,False,False,False,False,0
16212,43057.472,False,False,False,True,False,False,True,False,False,False,False,False,False,False,False,False,0
692,13203.905,False,False,False,True,False,False,True,False,False,False,False,False,False,False,False,False,2
120,36352.068,True,False,False,False,False,False,True,False,False,False,False,False,False,False,False,False,0
774,0.949,False,False,False,True,False,False,False,False,False,False,False,False,True,False,False,False,1
120,101.806,False,True,False,False,False,False,False,False,False,False,False,False,False,True,False,False,3
3313,2550.82,False,False,False,True,False,False,False,False,True,False,False,False,False,False,False,False,1
1281,1005.375,False,False,False,True,False,False,False,False,False,False,False,False,True,False,False,False,1
774,81980.488,False,False,False,True,False,False,False,False,False,False,False,False,True,False,False,False,1
854,20356.612,False,False,False,True,False,False,True,False,False,False,False,False,False,False,False,False,2
2863,2422.78,False,False,False,True,False,False,False,False,True,False,False,False,False,False,False,False,1
174,54143.88,False,False,False,True,False,False,True,False,False,False,False,False,False,False,False,False,2
1282,1012.774,False,False,False,True,False,False,False,False,False,False,False,False,True,False,False,False,1
14976,13718.024,False,False,False,True,False,False,True,False,False,False,False,False,False,False,False,False,0
120,45312.088,True,False,False,False,False,False,True,False,False,False,False,False,False,False,False,False,0
1283,1006.943,False,False,False,True,False,False,False,False,False,False,False,False,True,False,False,False,1
872,9086.43,False,False,False,True,False,False,True,False,False,False,False,False,False,False,False,False,2
11223,14005.953,False,False,False,True,False,False,True,False,False,False,False,False,False,False,False,False,0
241,53248.004,False,False,False,True,False,False,False,False,False,False,False,False,True,False,False,False,2
2842,21753.792,False,False,False,True,False,False,True,False,False,False,False,False,False,False,False,False,2
6060,901.004,False,False,False,True,False,False,False,False,False,False,False,False,True,False,False,False,2
2705,23296.62,False,False,False,True,False,False,True,False,False,False,False,False,False,False,False,False,2
7826,26052.552,False,False,False,False,True,False,True,False,False,False,False,False,False,False,False,False,0
6120,836.487,False,False,False,True,False,False,False,False,False,False,False,False,True,False,False,False,2
342,58771.456,False,False,False,True,False,False,True,False,False,False,False,False,False,False,False,False,0
6164,675.809,False,False,False,False,True,False,True,False,False,False,False,False,False,False,False,False,0
13724,23207.544,False,False,False,True,False,False,True,False,False,False,False,False,False,False,False,False,0
2879,2334.202,False,False,False,True,False,False,False,False,True,False,False,False,False,False,False,False,1
774,58890.864,False,False,False,True,False,False,False,False,False,False,False,False,True,False,False,False,1
14644,1172.302,False,False,False,False,True,False,True,False,False,False,False,False,False,False,False,False,0
120,101.353,False,True,False,False,False,False,False,False,False,False,False,False,False,True,False,False,3
8727,15815.463,False,False,False,True,False,False,True,False,False,False,False,False,False,False,False,False,0
60,0.0,False,True,False,False,False,False,False,True,False,False,False,False,False,False,False,False,3
120,111200.144,True,False,False,False,False,False,True,False,False,False,False,False,False,False,False,False,0
2723,23374.796,False,False,False,True,False,False,True,False,False,False,False,False,False,False,False,False,2
774,6975.224,False,False,False,True,False,False,False,False,False,False,False,False,True,False,False,False,1
175,51071.416,False,False,False,True,False,False,True,False,False,False,False,False,False,False,False,False,2
780,98.543,False,False,False,True,False,False,False,False,True,False,False,False,False,False,False,False,2
6120,852.918,False,False,False,True,False,False,False,False,False,False,False,False,True,False,False,False,2
774,2055.78,False,False,False,True,False,False,False,False,False,False,False,False,True,False,False,False,1
855,9086.93,False,False,False,True,False,False,True,False,False,False,False,False,False,False,False,False,2
3313,2548.223,False,False,False,True,False,False,False,False,True,False,False,False,False,False,False,False,1
773,9103.851,False,False,False,True,False,False,True,False,False,False,False,False,False,False,False,False,2
2879,2257.081,False,False,False,True,False,False,False,False,True,False,False,False,False,False,False,False,1
774,0.953,False,False,False,True,False,False,False,False,False,False,False,False,True,False,False,False,1
2916,22683.112,False,False,False,True,False,False,True,False,False,False,False,False,False,False,False,False,2
4072,6660.554,False,False,False,True,False,False,False,False,False,False,False,False,True,False,False,False,2
3348,5604.572,False,False,False,True,False,False,False,False,False,False,False,False,True,False,False,False,0
2937,2252.972,False,False,False,True,False,False,False,False,True,False,False,False,False,False,False,False,1
11248,49265.284,False,False,False,True,False,False,True,False,False,False,False,False,False,False,False,False,0
2801,19.963,False,False,False,False,True,False,True,False,False,False,False,False,False,False,False,False,0
2797,23364.04,False,False,False,True,False,False,True,False,False,False,False,False,False,False,False,False,2
775,95.024,False,False,False,True,False,False,False,False,False,False,False,False,True,False,False,False,2
774,81931.856,False,False,False,True,False,False,False,False,False,False,False,False,True,False,False,False,1
200,53247.86,False,False,False,True,False,False,False,False,False,False,False,False,True,False,False,False,2
2879,2291.326,False,False,False,True,False,False,False,False,True,False,False,False,False,False,False,False,1
774,11254.597,False,False,False,True,False,False,False,False,False,False,False,False,True,False,False,False,1
120,0.538,False,False,False,True,False,False,False,False,False,False,False,False,True,False,False,False,3
11666,13942.989,False,False,False,False,True,False,True,False,False,False,False,False,False,False,False,False,0
9300,619.504,False,False,False,False,True,False,False,False,False,True,False,False,False,False,False,False,2
2871,2548.167,False,False,False,True,False,False,False,False,True,False,False,False,False,False,False,False,1
136,1.393,False,False,False,False,True,False,True,False,False,False,False,False,False,False,False,False,0
6120,892.042,False,False,False,True,False,False,False,False,False,False,False,False,True,False,False,False,2
1281,7045.302,False,False,False,True,False,False,True,False,False,False,False,False,False,False,False,False,2
2124,412.143,False,False,False,True,False,False,False,False,False,False,False,False,True,False,False,False,2
120,39440.228,True,False,False,False,False,False,True,False,False,False,False,False,False,False,False,False,0
425,5.08,False,False,False,True,False,False,False,False,True,False,False,False,False,False,False,False,0
120,36096.064,True,False,False,False,False,False,True,False,False,False,False,False,False,False,False,False,0
120,100.712,False,True,False,False,False,False,False,False,False,False,False,False,False,True,False,False,3
666,29782.136,False,False,False,True,False,False,False,False,False,False,False,True,False,False,False,False,2
1278,1004.762,False,False,False,True,False,False,False,False,False,False,False,False,True,False,False,False,1
3313,2296.775,False,False,False,True,False,False,False,False,True,False,False,False,False,False,False,False,1
2863,2795.304,False,False,False,True,False,False,False,False,True,False,False,False,False,False,False,False,1
120,57343.7,True,False,False,False,False,False,True,False,False,False,False,False,False,False,False,False,0
3313,2700.115,False,False,False,True,False,False,False,False,True,False,False,False,False,False,False,False,1
774,1.51,False,False,False,True,False,False,False,False,False,False,False,False,True,False,False,False,1
1028,15232.101,False,False,False,True,False,False,True,False,False,False,False,False,False,False,False,False,2
774,12117.743,False,False,False,True,False,False,False,False,False,False,False,False,True,False,False,False,1
120,1.008,False,False,False,True,False,False,False,False,False,False,False,False,True,False,False,False,3
16212,43048.936,False,False,False,True,False,False,True,False,False,False,False,False,False,False,False,False,0
498,58708.44,False,False,False,True,False,False,False,False,True,False,False,False,False,False,False,False,0
1282,1004.934,False,False,False,True,False,False,False,False,False,False,False,False,True,False,False,False,1
2788,22897.996,False,False,False,True,False,False,True,False,False,False,False,False,False,False,False,False,2
774,1.054,False,False,False,True,False,False,False,False,False,False,False,False,True,False,False,False,1
3313,2213.471,False,False,False,True,False,False,False,False,True,False,False,False,False,False,False,False,1
3487,44.429,False,False,False,False,True,False,True,False,False,False,False,False,False,False,False,False,0
6060,1434.339,False,False,False,True,False,False,False,False,False,False,False,False,True,False,False,False,2
917,4681.702,False,False,False,True,False,False,False,False,False,False,False,False,True,False,False,False,2
171,63328.992,False,False,False,True,False,False,True,False,False,False,False,False,False,False,False,False,2
370,26533.28,False,False,False,True,False,False,False,False,False,False,False,True,False,False,False,False,2
2879,2147.95,False,False,False,True,False,False,False,False,True,False,False,False,False,False,False,False,1
120,35840.056,True,False,False,False,False,False,True,False,False,False,False,False,False,False,False,False,0
508,19327.582,False,False,False,True,False,False,True,False,False,False,False,False,False,False,False,False,2
3313,2654.409,False,False,False,True,False,False,False,False,True,False,False,False,False,False,False,False,1
10007,23164.718,False,False,False,True,False,False,True,False,False,False,False,False,False,False,False,False,0
870,134.344,False,False,False,True,False,False,False,False,False,False,False,False,True,False,False,False,2
825,161.855,False,False,False,True,False,False,False,False,False,False,False,False,True,False,False,False,2
478,11135.223,False,False,False,True,False,False,False,False,False,False,False,False,True,False,False,False,2
772,5255.633,False,False,False,True,False,False,False,False,False,False,False,False,True,False,False,False,2
498,59016.32,False,False,False,True,False,False,False,False,True,False,False,False,False,False,False,False,0
120,102.521,False,True,False,False,False,False,False,False,False,False,False,False,False,True,False,False,3
1422,11542.267,False,False,False,True,False,False,False,False,False,False,False,False,True,False,False,False,2
1281,1005.615,False,False,False,True,False,False,False,False,False,False,False,False,True,False,False,False,1
9360,598.354,False,False,False,False,True,False,False,False,False,True,False,False,False,False,False,False,2
2831,21982.864,False,False,False,True,False,False,True,False,False,False,False,False,False,False,False,False,2
540,39910.612,True,False,False,False,False,False,False,False,False,True,False,False,False,False,False,False,0
1277,1004.515,False,False,False,True,False,False,False,False,False,False,False,False,True,False,False,False,1
6120,899.066,False,False,False,True,False,False,False,False,False,False,False,False,True,False,False,False,2
374,26367.862,False,False,False,True,False,False,False,False,False,False,False,False,True,False,False,False,2
6120,928.004,False,False,False,True,False,False,False,False,False,False,False,False,True,False,False,False,2
1279,1004.813,False,False,False,True,False,False,False,False,False,False,False,False,True,False,False,False,1
3761,58848.424,False,False,False,True,False,False,True,False,False,False,False,False,False,False,False,False,0
774,97634.464,False,False,False,True,False,False,False,False,False,False,False,False,True,False,False,False,1
774,52048.672,False,False,False,True,False,False,False,False,False,False,False,False,True,False,False,False,1
3621,59481.664,False,False,False,True,False,False,True,False,False,False,False,False,False,False,False,False,0
1283,1010.61,False,False,False,True,False,False,False,False,False,False,False,False,True,False,False,False,1
3776,6652.012,False,False,False,True,False,False,False,False,False,False,False,False,True,False,False,False,2
10002,14206.162,False,False,False,True,False,False,True,False,False,False,False,False,False,False,False,False,0
229,0.477,False,False,False,True,False,False,False,False,False,False,False,False,True,False,False,False,1
1281,1003.34,False,False,False,True,False,False,False,False,False,False,False,False,True,False,False,False,1
1278,1004.776,False,False,False,True,False,False,False,False,False,False,False,False,True,False,False,False,1
2945,2620.622,False,False,False,True,False,False,False,False,True,False,False,False,False,False,False,False,1
774,1.197,False,False,False,True,False,False,False,False,False,False,False,False,True,False,False,False,1
120,101.735,False,True,False,False,False,False,False,False,False,False,False,False,False,True,False,False,3
3313,2346.224,False,False,False,True,False,False,False,False,True,False,False,False,False,False,False,False,1
6060,1431.741,False,False,False,True,False,False,False,False,False,False,False,False,True,False,False,False,2
4992,49262.984,False,False,False,True,False,False,True,False,False,False,False,False,False,False,False,False,0
6060,1312.744,False,False,False,True,False,False,False,False,False,False,False,False,True,False,False,False,2
706,46094.428,False,False,False,True,False,False,True,False,False,False,False,False,False,False,False,False,2
8739,23180.068,False,False,False,True,False,False,True,False,False,False,False,False,False,False,False,False,0
774,18167.856,False,False,False,True,False,False,False,False,False,False,False,False,True,False,False,False,1
552,59031.084,False,False,False,True,False,False,False,False,False,False,False,False,True,False,False,False,0
3379,2524.248,False,False,False,True,False,False,False,False,True,False,False,False,False,False,False,False,1
1279,1004.939,False,False,False,True,False,False,False,False,False,False,False,False,True,False,False,False,1
13713,13952.401,False,False,False,True,False,False,True,False,False,False,False,False,False,False,False,False,0
774,1.857,False,False,False,True,False,False,False,False,False,False,False,False,True,False,False,False,1
6659,203.543,False,False,False,False,True,False,True,False,False,False,False,False,False,False,False,False,0
6120,831.859,False,False,False,True,False,False,False,False,False,False,False,False,True,False,False,False,2
3981,59089.24,False,False,False,True,False,False,True,False,False,False,False,False,False,False,False,False,0
3343,14081.156,False,False,False,True,False,False,False,False,False,False,False,False,True,False,False,False,2
491,88.195,False,False,False,True,False,False,False,False,True,False,False,False,False,False,False,False,0
15011,23022.804,False,False,False,True,False,False,True,False,False,False,False,False,False,False,False,False,0
774,38843.152,False,False,False,True,False,False,False,False,False,False,False,False,True,False,False,False,1
1043,9087.149,False,False,False,True,False,False,True,False,False,False,False,False,False,False,False,False,2
774,93116.136,False,False,False,True,False,False,False,False,False,False,False,False,True,False,False,False,1
10001,13403.269,False,False,False,True,False,False,True,False,False,False,False,False,False,False,False,False,0
