SrcBytes,SIntPktMax,Proto_arp,Proto_icmp,Proto_ipv6-icmp,Proto_tcp,Proto_udp,State_CLO,State_CON,State_ECO,State_FIN,State_INT,State_NRS,State_REQ,State_RST,State_TST,State_URH,State_URHPRO,label
1.3490964446878986,-0.6601568228584426,False,True,False,False,False,False,False,True,False,False,False,False,False,False,False,False,2
0.6535219801431185,-0.6657414177188357,False,False,False,True,False,False,False,False,False,False,False,False,True,False,False,False,2
-0.5950341837147619,1.010647257745684,False,False,False,True,False,False,False,False,False,False,False,False,True,False,False,False,2
0.6535219801431185,-0.665925411757374,False,False,False,True,False,False,False,False,False,False,False,False,True,False,False,False,2
-0.5859917156756798,0.16785117575303107,False,False,False,True,False,False,False,False,False,False,False,False,True,False,False,False,1
-0.7457419843661309,-0.7122972451240275,False,False,False,True,False,False,True,False,False,False,False,False,False,False,False,False,2
-0.7457419843661309,4.848361293213967,False,False,False,True,False,False,True,False,False,False,False,False,False,False,False,False,2
0.6535219801431185,-0.6599825821677532,False,False,False,True,False,False,False,False,False,False,False,False,True,False,False,False,2
-0.7093402540549542,2.342678955773582,False,False,False,True,False,False,False,False,False,False,False,False,True,False,False,False,2
1.0279729002230584,-0.7009180715613175,False,False,False,False,True,False,True,False,False,False,False,False,False,False,False,False,0
-0.19206471058848595,0.589805788675725,False,False,False,True,False,False,True,False,False,False,False,False,False,False,False,False,2
-0.6451155451619861,-0.1386056688858816,False,False,False,True,False,False,False,False,True,False,False,False,False,False,False,False,0
-0.47238121980003234,-0.7006145703253125,False,False,False,True,False,False,False,False,False,False,False,False,True,False,False,False,2
-0.6110323963992919,0.1617522352251931,False,False,False,True,False,False,False,False,False,False,False,True,False,False,False,False,2
0.6535219801431185,-0.6662842202129456,False,False,False,True,False,False,False,False,False,False,False,False,True,False,False,False,2
-0.7267296156685736,2.140319707471548,False,False,False,True,False,False,True,False,False,False,False,False,False,False,False,False,2
-0.5859917156756798,0.8709680715126897,False,False,False,True,False,False,False,False,False,False,False,False,True,False,False,False,1
-0.5734713753138737,-0.7063701356362339,False,False,False,True,False,False,False,False,False,False,False,False,True,False,False,False,2
-0.7376269489464419,-0.7122352253062352,False,False,False,True,False,False,False,False,False,False,False,False,True,False,False,False,3
-0.4682077730127637,-0.6547004558359458,False,False,False,True,False,False,False,False,False,False,False,False,True,False,False,False,1
0.6535219801431185,-0.6605933712336338,False,False,False,True,False,False,False,False,False,False,False,False,True,False,False,False,2
0.49330799514297075,-0.5411865185046366,False,False,False,False,True,False,True,False,False,False,False,False,False,False,False,False,0
-0.0960754344813063,-0.5505079651617605,False,False,False,True,False,False,False,False,True,False,False,False,False,False,False,False,1
0.6535219801431185,-0.6645804824616411,False,False,False,True,False,False,False,False,False,False,False,False,True,False,False,False,2
3.560791383785451,-0.6676166996470124,False,False,False,True,False,False,True,False,False,False,False,False,False,False,False,False,0
1.5471033089283126,0.2750572214219976,False,False,False,True,False,False,True,False,False,False,False,False,False,False,False,False,0
0.9709357941303864,0.7898105788070277,False,False,False,True,False,False,True,False,False,False,False,False,False,False,False,False,0
-0.6101049637798989,-0.07336948383617536,False,False,False,True,False,False,True,False,False,False,False,False,False,False,False,False,2
-0.5080873756466644,0.06844448075041161,False,False,False,True,False,False,False,False,False,False,False,True,False,False,False,False,2
-0.10024888126857498,0.5454068280883718,False,False,False,True,False,False,True,False,False,False,False,False,False,False,False,False,2
-0.0960754344813063,-0.5793529176986213,False,False,False,True,False,False,False,False,True,False,False,False,False,False,False,False,1
-0.6374642260519935,2.6844642622456134,False,False,False,True,False,False,False,False,False,False,False,False,True,False,False,False,0
-0.20249832755665767,0.5828708141193306,False,False,False,True,False,False,True,False,False,False,False,False,False,False,False,False,2
-0.5859917156756798,-0.7122321845566116,False,False,False,True,False,False,False,False,False,False,False,False,True,False,False,False,1
-0.08633739197767938,-0.5648880717396825,False,False,False,True,False,False,False,False,True,False,False,False,False,False,False,False,1
2.0465257744714647,-0.6509553423798606,False,False,False,False,True,False,True,False,False,False,False,False,False,False,False,False,0
-0.7255703248943324,0.6316252756202085,False,False,False,True,False,False,True,False,False,False,False,False,False,False,False,False,2
0.005710295497079857,1.2692750614766788,False,False,False,True,False,False,False,False,False,False,False,False,True,False,False,False,2
-0.7049349491128372,2.3426950201112153,False,False,False,True,False,False,False,False,False,False,False,False,True,False,False,False,2
-0.6402465239101727,1.5809383579426184,True,False,False,False,False,False,False,False,False,True,False,False,False,False,False,False,0
-0.5859917156756798,0.17515666278241593,False,False,False,True,False,False,False,False,False,False,False,False,True,False,False,False,1
0.9690809288916004,1.2391902289376817,False,False,False,True,False,False,True,False,False,False,False,False,False,False,False,False,0
-0.08633739197767938,-0.5849031463510055,False,False,False,True,False,False,False,False,True,False,False,False,False,False,False,False,1
0.6535219801431185,-0.6647122100302361,False,False,False,True,False,False,False,False,False,False,False,False,True,False,False,False,2
-0.5859917156756798,0.38395289117420495,False,False,False,True,False,False,False,False,False,False,False,False,True,False,False,False,1
-0.47006263825154976,-0.6545991357635856,False,False,False,True,False,False,False,False,False,False,False,False,True,False,False,False,1
-0.5660519143587294,-0.30832298633346705,False,False,False,True,False,False,True,False,False,False,False,False,False,False,False,False,2
-0.4134892484685743,0.660389963841536,False,False,False,True,False,False,False,False,True,False,False,False,False,False,False,False,2
-0.09978516495887847,-0.5623882886860022,False,False,False,True,False,False,False,False,True,False,False,False,False,False,False,False,1
0.6396104908522229,-0.6299337222705281,False,False,False,True,False,False,False,False,False,False,False,False,True,False,False,False,2
0.19305168461447397,-0.3304650366201037,False,False,False,True,False,False,False,False,False,False,False,False,True,False,False,False,2
-0.6070908077668714,-0.014712849872721671,False,False,False,True,False,False,True,False,False,False,False,False,False,False,False,False,2
0.0026961394840524762,-0.5737952306037645,False,False,False,True,False,False,False,False,True,False,False,False,False,False,False,False,1
0.6535219801431185,-0.6607709395371186,False,False,False,True,False,False,False,False,False,False,False,False,True,False,False,False,2
0.9709357941303864,0.9520039342334123,False,False,False,True,False,False,True,False,False,False,False,False,False,False,False,False,0
2.629880892069687,-0.6552617896909688,False,False,False,False,True,False,True,False,False,False,False,False,False,False,False,False,0
0.6396104908522229,-0.6370596329542239,False,False,False,True,False,False,False,False,False,False,False,False,True,False,False,False,2
2.9996946490526617,1.7584564029997762,False,False,False,True,False,False,True,False,False,False,False,False,False,False,False,False,0
-0.7515384382373375,4.3915750654721055,True,False,False,False,False,False,True,False,False,False,False,False,False,False,False,False,0
-0.5730076590041773,-0.7046786756286921,False,False,False,True,False,False,False,False,False,False,False,False,True,False,False,False,2
-0.4677440567030672,-0.6546437143005187,False,False,False,True,False,False,False,False,False,False,False,False,True,False,False,False,1
0.6794900934861235,0.952001639328036,False,False,False,True,False,False,True,False,False,False,False,False,False,False,False,False,0
-0.7063260980419267,2.342695938073366,False,False,False,True,False,False,False,False,False,False,False,False,True,False,False,False,2
-0.7376269489464419,1.5642351186523504,True,False,False,False,False,False,True,False,False,False,False,False,False,False,False,False,0
0.6535219801431185,-0.6657337297858253,False,False,False,True,False,False,False,False,False,False,False,False,True,False,False,False,2
0.6535219801431185,-0.663628440966317,False,False,False,True,False,False,False,False,False,False,False,False,True,False,False,False,2
-0.6453474033168344,0.9474164183863518,False,False,False,True,False,False,False,False,False,False,False,True,False,False,False,False,2
-0.7139774171519193,0.9518852876254619,False,False,False,True,False,False,False,False,False,False,False,True,False,False,False,False,2
0.07526774195155787,-0.12457909248116604,False,False,False,True,False,False,True,False,False,False,False,False,False,False,False,False,0
0.6535219801431185,-0.6607508017424423,False,False,False,True,False,False,False,False,False,False,False,False,True,False,False,False,2
-0.7376269489464419,1.4173875659862005,True,False,False,False,False,False,True,False,False,False,False,False,False,False,False,False,0
0.0026961394840524762,-0.5586486256301855,False,False,False,True,False,False,False,False,True,False,False,False,False,False,False,False,1
-0.7193101547134293,2.342677349339819,False,False,False,True,False,False,False,False,False,False,False,False,True,False,False,False,2
1.3630079339787942,-0.6636612581131969,False,True,False,False,False,False,False,True,False,False,False,False,False,False,False,False,2
-0.46890334747730844,-0.6545164617974075,False,False,False,True,False,False,False,False,False,False,False,False,True,False,False,False,1
0.0026961394840524762,-0.580230030533412,False,False,False,True,False,False,False,False,True,False,False,False,False,False,False,False,1
-0.567443063287819,-0.30714897011562814,False,False,False,True,False,False,True,False,False,False,False,False,False,False,False,False,2
-0.7376269489464419,1.461428636080132,True,False,False,False,False,False,True,False,False,False,False,False,False,False,False,False,0
-0.10164003019766454,-0.5194627147228158,False,False,False,True,False,False,False,False,False,False,False,False,True,False,False,False,2
-0.07891793102253507,-0.5645993152707197,False,False,False,True,False,False,False,False,True,False,False,False,False,False,False,False,1
0.03121469253038846,-0.33049320658359677,False,False,False,True,False,False,False,False,False,False,False,False,True,False,False,False,2
-0.7376269489464419,1.5780229101526706,True,False,False,False,False,False,True,False,False,False,False,False,False,False,False,False,0
-0.5859917156756798,1.7654873046008965,False,False,False,True,False,False,False,False,False,False,False,False,True,False,False,False,1
3.631739979169019,2.623143472630908,False,False,False,True,False,False,True,False,False,False,False,False,False,False,False,False,0
0.0026961394840524762,-0.5870772249591659,False,False,False,True,False,False,False,False,True,False,False,False,False,False,False,False,1
-0.7292800553719045,2.1592471690524464,False,False,False,True,False,False,False,False,True,False,False,False,False,False,False,False,2
1.65004832968094,-0.4291185436782483,False,False,False,False,True,False,True,False,False,False,False,False,False,False,False,False,0
-0.5827457015078041,-0.704884127032498,False,False,False,True,False,False,False,False,False,False,False,False,True,False,False,False,2
-0.7376269489464419,-0.7064893559705284,False,True,False,False,False,False,False,False,False,False,False,False,False,True,False,False,3
-0.5859917156756798,-0.5943450181677463,False,False,False,True,False,False,False,False,False,False,False,False,True,False,False,False,1
-0.4686714893224602,-0.6545178387406332,False,False,False,True,False,False,False,False,False,False,False,False,True,False,False,False,1
-0.4691352056321567,-0.6545435990534813,False,False,False,True,False,False,False,False,False,False,False,False,True,False,False,False,1
0.6535219801431185,-0.6600653708792003,False,False,False,True,False,False,False,False,False,False,False,False,True,False,False,False,2
-0.0798453636419281,-0.3853391501698399,False,False,False,True,False,False,False,False,True,False,False,False,False,False,False,False,0
-0.7376269489464419,-0.7065437452279448,False,True,False,False,False,False,False,False,False,False,False,False,False,True,False,False,3
-0.4686714893224602,-0.6547008000717522,False,False,False,True,False,False,False,False,False,False,False,False,True,False,False,False,1
-0.7376269489464419,-0.7065470728407403,False,True,False,False,False,False,False,False,False,False,False,False,False,True,False,False,3
-0.6499845664137995,2.6733966220877248,False,False,False,True,False,False,False,False,True,False,False,False,False,False,False,False,0
-0.6374642260519935,2.67996578872715,False,False,False,True,False,False,False,False,False,False,False,False,True,False,False,False,0
-0.7311349206106906,2.4534948875993403,False,False,False,True,False,False,False,False,False,False,False,True,False,False,False,False,2
-0.5880784390693141,-0.7046651356869724,False,False,False,True,False,False,False,False,False,False,False,False,True,False,False,False,2
-0.0844825267388933,-0.584799072392194,False,False,False,True,False,False,False,False,True,False,False,False,False,False,False,False,1
0.6535219801431185,-0.6617677890599135,False,False,False,True,False,False,False,False,False,False,False,False,True,False,False,False,2
0.0026961394840524762,-0.5655202034255619,False,False,False,True,False,False,False,False,True,False,False,False,False,False,False,False,1
-0.4491954043152064,-0.6535365945743966,False,False,False,True,False,False,False,False,False,False,False,False,True,False,False,False,2
-0.4909298721878932,0.3037785359317147,False,False,False,True,False,False,False,False,False,False,False,True,False,False,False,False,2
0.6535219801431185,-0.6624751936421328,False,False,False,True,False,False,False,False,False,False,False,False,True,False,False,False,2
0.6396104908522229,-0.627282131226211,False,False,False,True,False,False,False,False,False,False,False,False,True,False,False,False,2
-0.7237154596555463,0.6683139278698118,True,False,False,False,False,False,True,False,False,False,False,False,False,False,False,False,0
0.6535219801431185,-0.6592930778474684,False,False,False,True,False,False,False,False,False,False,False,False,True,False,False,False,2
0.6396104908522229,-0.6582538873204823,False,False,False,True,False,False,False,False,False,False,False,False,True,False,False,False,2
0.6535219801431185,-0.6611431731891412,False,False,False,True,False,False,False,False,False,False,False,False,True,False,False,False,2
0.6535219801431185,-0.6631416341633866,False,False,False,True,False,False,False,False,False,False,False,False,True,False,False,False,2
-0.6666783535628743,0.04408715830411136,False,False,False,True,False,False,True,False,False,False,False,False,False,False,False,False,2
-0.6402465239101727,1.5803813844078103,True,False,False,False,False,False,False,False,False,True,False,False,False,False,False,False,0
-0.08262766150010722,-0.5909893501540054,False,False,False,True,False,False,False,False,True,False,False,False,False,False,False,False,1
-0.689632310892852,2.25168526913491,False,False,False,True,False,False,False,False,True,False,False,False,False,False,False,False,0
-0.5644289072747916,-0.30808655370708216,False,False,False,True,False,False,True,False,False,False,False,False,False,False,False,False,2
0.6535219801431185,-0.6661438293765555,False,False,False,True,False,False,False,False,False,False,False,False,True,False,False,False,2
-0.5859917156756798,-0.4494548476696075,False,False,False,True,False,False,False,False,False,False,False,False,True,False,False,False,1
-0.2196558310154289,0.6117686068524788,False,False,False,True,False,False,True,False,False,False,False,False,False,False,False,False,2
-0.4691352056321567,-0.654477907387087,False,False,False,True,False,False,False,False,False,False,False,False,True,False,False,False,1
1.3908309125605853,-0.6689255415557042,False,False,False,False,True,False,False,False,False,True,False,False,False,False,False,False,2
0.017998777704037638,-0.5747840479577425,False,False,False,True,False,False,False,False,True,False,False,False,False,False,False,False,1
-0.7376269489464419,0.9914480793682411,True,False,False,False,False,False,True,False,False,False,False,False,False,False,False,False,0
0.6535219801431185,-0.663998322340329,False,False,False,True,False,False,False,False,False,False,False,False,True,False,False,False,2
-0.5975846234180928,-0.7060312354848007,False,False,False,True,False,False,False,False,False,False,False,False,True,False,False,False,2
-0.5859917156756798,-0.5868469312046625,False,False,False,True,False,False,False,False,False,False,False,False,True,False,False,False,1
0.6535219801431185,-0.660652981400781,False,False,False,True,False,False,False,False,False,False,False,False,True,False,False,False,2
-0.7376269489464419,-0.7064399581323052,False,True,False,False,False,False,False,False,False,False,False,False,False,True,False,False,3
-0.6228571622965532,-0.4250789938623943,False,False,False,True,False,False,False,False,False,False,False,False,True,False,False,False,2
-0.719078296558581,2.3426862994707855,False,False,False,True,False,False,False,False,False,False,False,False,True,False,False,False,2
-0.4679759148579154,-0.6546613850719156,False,False,False,True,False,False,False,False,False,False,False,False,True,False,False,False,1
0.20139857818901133,0.7605218489430406,False,False,False,True,False,False,False,False,False,False,False,False,True,False,False,False,2
-0.2196558310154289,0.592924450336737,False,False,False,True,False,False,True,False,False,False,False,False,False,False,False,False,2
3.2793155837996637,1.2413442271238004,False,False,False,True,False,False,True,False,False,False,False,False,False,False,False,False,0
-0.6402465239101727,1.577886133792248,True,False,False,False,False,False,False,False,False,True,False,False,False,False,False,False,0
1.5508130394058848,0.1943728234596429,False,False,False,True,False,False,True,False,False,False,False,False,False,False,False,False,0
0.6794900934861235,0.9508167796822946,False,False,False,True,False,False,True,False,False,False,False,False,False,False,False,False,0
-0.7376269489464419,2.195815797750874,True,False,False,False,False,False,True,False,False,False,False,False,False,False,False,False,0
0.10077213898486648,2.6694358448989095,False,False,False,True,False,False,True,False,False,False,False,False,False,False,False,False,0
0.9737180919885655,1.2067914433078435,False,False,False,True,False,False,True,False,False,False,False,False,False,False,False,False,0
0.6535219801431185,-0.6647189226284616,False,False,False,True,False,False,False,False,False,False,False,False,True,False,False,False,2
0.0026961394840524762,-0.5982963288718848,False,False,False,True,False,False,False,False,True,False,False,False,False,False,False,False,1
-0.6230890204514014,0.16140186054687897,False,False,False,True,False,False,True,False,False,False,False,False,False,False,False,False,2
-0.5920200277017346,-0.7120778521700609,False,False,False,True,False,False,False,False,True,False,False,False,False,False,False,False,2
-0.7174552894746432,2.342674824943905,False,False,False,True,False,False,False,False,False,False,False,False,True,False,False,False,2
2.564960608712174,-0.5916534957698831,False,False,False,False,True,False,True,False,False,False,False,False,False,False,False,False,0
0.6396104908522229,-0.6605600951056786,False,False,False,True,False,False,False,False,False,False,False,False,True,False,False,False,2
0.0026961394840524762,-0.5752779115947048,False,False,False,True,False,False,False,False,True,False,False,False,False,False,False,False,1
1.3908309125605853,-0.6731753620766543,False,False,False,False,True,False,False,False,False,True,False,False,False,False,False,False,2
-0.7376269489464419,1.8901424338074022,True,False,False,False,False,False,True,False,False,False,False,False,False,False,False,False,0
1.3630079339787942,-0.6753891425478232,False,True,False,False,False,False,False,True,False,False,False,False,False,False,False,False,2
-0.10164003019766454,-0.5891256001253441,False,False,False,True,False,False,False,False,True,False,False,False,False,False,False,False,1
-0.5625740420360055,-0.30810038051197386,False,False,False,True,False,False,True,False,False,False,False,False,False,False,False,False,2
-0.46890334747730844,-0.6546099218188539,False,False,False,True,False,False,False,False,False,False,False,False,True,False,False,False,1
0.0026961394840524762,-0.5918776506525052,False,False,False,True,False,False,False,False,True,False,False,False,False,False,False,False,1
-0.568370495907212,-0.5085180241204583,False,False,False,True,False,False,False,False,True,False,False,False,False,False,False,False,2
0.5218265481893067,-0.674400153075942,False,False,False,False,True,False,True,False,False,False,False,False,False,False,False,False,0
-0.6474341267104687,0.16181293547239414,False,False,False,True,False,False,True,False,False,False,False,False,False,False,False,False,2
-0.6281898998580631,0.8151745614966062,False,False,False,True,False,False,False,False,False,False,False,True,False,False,False,False,2
-0.7376269489464419,-0.7122594939305887,False,False,False,True,False,False,False,False,False,False,False,False,True,False,False,False,3
-0.5892377298435554,-0.19083318281049394,False,False,False,True,False,False,True,False,False,False,False,False,False,False,False,False,2
-0.09190198769403762,0.6374677604722541,False,False,False,True,False,False,True,False,False,False,False,False,False,False,False,False,2
-0.583441275972349,-0.7062081726893072,False,False,False,True,False,False,False,False,False,False,False,False,True,False,False,False,2
-0.5811226944238663,-0.7065477613123532,False,False,False,True,False,False,False,False,False,False,False,False,True,False,False,False,2
0.0026961394840524762,-0.588892093503314,False,False,False,True,False,False,False,False,True,False,False,False,False,False,False,False,1
0.6535219801431185,-0.6643061265239143,False,False,False,True,False,False,False,False,False,False,False,False,True,False,False,False,2
-0.5859917156756798,-0.7122355695420416,False,False,False,True,False,False,False,False,False,False,False,False,True,False,False,False,1
-0.08262766150010722,-0.5647810144038818,False,False,False,True,False,False,False,False,True,False,False,False,False,False,False,False,1
-0.5859917156756798,-0.310735562982851,False,False,False,True,False,False,False,False,False,False,False,False,True,False,False,False,1
-0.09793029972009239,-0.58184030826327,False,False,False,True,False,False,False,False,True,False,False,False,False,False,False,False,1
-0.32978845456835243,-0.7115133054475112,False,False,False,False,True,False,True,False,False,False,False,False,False,False,False,False,0
1.3908309125605853,-0.6769143940334925,False,False,False,False,True,False,False,False,False,True,False,False,False,False,False,False,2
0.0026961394840524762,-0.5774701199553374,False,False,False,True,False,False,False,False,True,False,False,False,False,False,False,False,1
-0.4691352056321567,-0.6545745229034258,False,False,False,True,False,False,False,False,False,False,False,False,True,False,False,False,1
-0.7123544100679815,-0.7122813529042972,False,False,False,True,False,False,False,False,False,False,False,False,True,False,False,False,1
-0.0844825267388933,-0.5746270764300092,False,False,False,True,False,False,False,False,True,False,False,False,False,False,False,False,1
-0.7376269489464419,-0.7064664069167662,False,True,False,False,False,False,False,False,False,False,False,False,False,True,False,False,3
0.6396104908522229,-0.6272423719905681,False,False,False,True,False,False,False,False,False,False,False,False,True,False,False,False,2
-0.5859917156756798,1.421498200496083,False,False,False,True,False,False,False,False,False,False,False,False,True,False,False,False,1
-0.7255703248943324,1.101603766917261,False,False,False,True,False,False,True,False,False,False,False,False,False,False,False,False,2
-0.4691352056321567,-0.6537337843188482,False,False,False,True,False,False,False,False,False,False,False,False,True,False,False,False,1
-0.7176871476294915,2.3426647273602494,False,False,False,True,False,False,False,False,False,False,False,False,True,False,False,False,2
-0.5855279993659833,-0.36171591058075747,False,False,False,True,False,False,False,False,False,False,False,False,True,False,False,False,2
-0.6669102117177226,-0.7117331573825529,False,False,False,True,False,False,False,False,True,False,False,False,False,False,False,False,0
-0.5859917156756798,0.19518235133110395,False,False,False,True,False,False,False,False,False,False,False,False,True,False,False,False,1
-0.5859917156756798,-0.7121914499861839,False,False,False,True,False,False,False,False,False,False,False,False,True,False,False,False,1
1.3908309125605853,-0.6689529083023157,False,False,False,False,True,False,False,False,False,True,False,False,False,False,False,False,2
1.3908309125605853,-0.6783602991657788,False,False,False,False,True,False,False,False,False,True,False,False,False,False,False,False,2
-0.6015262120505133,-0.07321526619489348,False,False,False,True,False,False,True,False,False,False,False,False,False,False,False,False,2
-0.5757899568623563,-0.5339475263585278,False,False,False,True,False,False,False,False,False,False,False,False,True,False,False,False,2
0.18725523074326747,0.03694707657971756,False,False,False,True,False,False,False,False,True,False,False,False,False,False,False,False,2
-0.09004712245525154,-0.7110993618902758,False,False,False,False,True,False,True,False,False,False,False,False,False,False,False,False,0
-0.7376269489464419,1.5055016053587933,True,False,False,False,False,False,True,False,False,False,False,False,False,False,False,False,0
-0.08633739197767938,-0.5883145231927541,False,False,False,True,False,False,False,False,True,False,False,False,False,False,False,False,1
-0.7123544100679815,-0.7122746976787061,False,False,False,True,False,False,False,False,False,False,False,False,True,False,False,False,1
-0.2296257316739041,-0.7107644778232511,False,False,False,False,True,False,True,False,False,False,False,False,False,False,False,False,0
-0.5873828646047693,-0.30808288185848015,False,False,False,True,False,False,True,False,False,False,False,False,False,False,False,False,2
-0.6669102117177226,-0.7119912768647431,False,False,False,True,False,False,False,False,True,False,False,False,False,False,False,False,0
0.06854385546095833,2.6511185986575474,False,False,False,True,False,False,True,False,False,False,False,False,False,False,False,False,0
1.404742401851481,-0.678006711619938,False,False,False,False,True,False,False,False,False,True,False,False,False,False,False,False,2
0.1580411032323867,0.051408537553226503,False,False,False,True,False,False,False,False,False,False,False,False,True,False,False,False,2
1.404742401851481,-0.6779800907175738,False,False,False,False,True,False,False,False,False,True,False,False,False,False,False,False,2
0.0026961394840524762,-0.5880788364106165,False,False,False,True,False,False,False,False,True,False,False,False,False,False,False,False,1
1.3630079339787942,-0.6748661909852175,False,True,False,False,False,False,False,True,False,False,False,False,False,False,False,False,2
0.9737180919885655,1.9449805747153661,False,False,False,True,False,False,True,False,False,False,False,False,False,False,False,False,0
-0.10024888126857498,0.5390001407495831,False,False,False,True,False,False,True,False,False,False,False,False,False,False,False,False,2
-0.5859917156756798,2.281644111368753,False,False,False,True,False,False,False,False,False,False,False,False,True,False,False,False,1
-0.09352499477797545,0.543606245330191,False,False,False,True,False,False,True,False,False,False,False,False,False,False,False,False,2
-0.25837614287508837,-0.711108713629684,False,False,False,False,True,False,True,False,False,False,False,False,False,False,False,False,0
-0.7459738425209792,-0.7122972451240275,False,False,False,False,True,False,True,False,False,False,False,False,False,False,False,False,0
-0.7253384667394841,1.8065984690010102,False,False,False,True,False,False,True,False,False,False,False,False,False,False,False,False,2
0.6535219801431185,-0.6619560860460323,False,False,False,True,False,False,False,False,False,False,False,False,True,False,False,False,2
-0.6453474033168344,-0.5964313166452665,False,False,False,True,False,False,False,False,False,False,False,True,False,False,False,False,2
-0.5859917156756798,0.7857083207017685,False,False,False,True,False,False,False,False,False,False,False,False,True,False,False,False,1
-0.5778766802559907,-0.7052851617469922,False,False,False,True,False,False,False,False,False,False,False,False,True,False,False,False,2
-0.6402465239101727,1.5813771438505513,True,False,False,False,False,False,False,False,False,True,False,False,False,False,False,False,0
1.3212734661061074,-0.6623237872599368,False,True,False,False,False,False,False,True,False,False,False,False,False,False,False,False,2
-0.49510331897516185,-0.5459709946056112,False,False,False,True,False,False,False,False,False,False,False,False,True,False,False,False,2
-0.5859917156756798,1.7801673553114905,False,False,False,True,False,False,False,False,False,False,False,False,True,False,False,False,1
-0.6015262120505133,-0.4244272981081827,False,False,False,True,False,False,False,False,False,False,False,False,True,False,False,False,2
-0.6221615878320084,-0.1247955594307779,False,False,False,True,False,False,False,False,True,False,False,False,False,False,False,False,0
-0.7515384382373375,2.9154882556398403,True,False,False,False,False,False,True,False,False,False,False,False,False,False,False,False,0
-0.5910925950823415,-0.6981866751825423,False,False,False,True,False,False,False,False,False,False,False,False,True,False,False,False,2
-0.7283526227525114,2.6733947861634237,False,False,False,True,False,False,False,False,False,False,False,False,True,False,False,False,0
-0.0960754344813063,0.5293438673980689,False,False,False,True,False,False,True,False,False,False,False,False,False,False,False,False,2
-0.46843963116761195,-0.6546349362874548,False,False,False,True,False,False,False,False,False,False,False,False,True,False,False,False,1
-0.6140465524123192,-0.30823153435422473,False,False,False,True,False,False,False,False,False,False,False,False,True,False,False,False,2
0.6535219801431185,-0.6611818423447305,False,False,False,True,False,False,False,False,False,False,False,False,True,False,False,False,2
-0.5859917156756798,0.3862666147745082,False,False,False,True,False,False,False,False,False,False,False,False,True,False,False,False,1
56.67485749642486,-0.6140815486390309,False,False,False,True,False,False,False,False,True,False,False,False,False,False,False,False,0
0.017998777704037638,-0.589913326395731,False,False,False,True,False,False,False,False,True,False,False,False,False,False,False,False,1
0.6396104908522229,-0.6582418964398915,False,False,False,True,False,False,False,False,False,False,False,False,True,False,False,False,2
0.3919859814742811,2.114044647347611,False,False,False,True,False,False,True,False,False,False,False,False,False,False,False,False,0
0.1575773869226902,2.681425348546425,False,False,False,True,False,False,True,False,False,False,False,False,False,False,False,False,0
-0.6819809917828594,-0.314955664479179,True,False,False,False,False,False,False,False,False,True,False,False,False,False,False,False,0
0.6535219801431185,-0.6620425466060813,False,False,False,True,False,False,False,False,False,False,False,False,True,False,False,False,2
2.70013391298871,0.6084196514369634,False,False,False,True,False,False,True,False,False,False,False,False,False,False,False,False,0
0.0026961394840524762,-0.563105102380264,False,False,False,True,False,False,False,False,True,False,False,False,False,False,False,False,1
1.8376215769531825,0.09120334422954131,False,False,False,True,False,False,True,False,False,False,False,False,False,False,False,False,0
1.842490598204996,2.113591633026345,False,False,False,True,False,False,True,False,False,False,False,False,False,False,False,False,0
-0.6059315169926301,-0.07337590957122873,False,False,False,True,False,False,True,False,False,False,False,False,False,False,False,False,2
-0.7376269489464419,-0.7064684723316048,False,True,False,False,False,False,False,False,False,False,False,False,False,True,False,False,3
0.017998777704037638,-0.563111757605855,False,False,False,True,False,False,False,False,True,False,False,False,False,False,False,False,1
-0.6819809917828594,-0.3123290305308282,True,False,False,False,False,False,False,False,False,True,False,False,False,False,False,False,0
-0.5859917156756798,-0.712241134687579,False,False,False,True,False,False,False,False,False,False,False,False,True,False,False,False,1
0.033996990388567586,0.43591310599512206,False,False,False,True,False,False,False,False,False,False,False,False,True,False,False,False,0
1.0717940914893795,0.03182048745978323,False,False,False,False,True,False,True,False,False,False,False,False,False,False,False,False,0
0.0026961394840524762,-0.5642126810874614,False,False,False,True,False,False,False,False,True,False,False,False,False,False,False,False,1
2.9996946490526617,1.7582785478331193,False,False,False,True,False,False,True,False,False,False,False,False,False,False,False,False,0
-0.010056059032601827,-0.4234213263365173,False,False,False,True,False,False,False,False,False,False,False,False,True,False,False,False,2
-0.7376269489464419,-0.7064281967422521,False,True,False,False,False,False,False,False,False,False,False,False,False,True,False,False,3
-0.6669102117177226,-0.7117413042966385,False,False,False,True,False,False,False,False,True,False,False,False,False,False,False,False,0
-0.0844825267388933,-0.5834527087806011,False,False,False,True,False,False,False,False,True,False,False,False,False,False,False,False,1
-0.5859917156756798,0.7838603481475687,False,False,False,True,False,False,False,False,False,False,False,False,True,False,False,False,1
-0.7258021830491806,1.8676858667389544,False,False,False,True,False,False,True,False,False,False,False,False,False,False,False,False,2
-0.5706890774556946,-0.70450036148096,False,False,False,True,False,False,False,False,True,False,False,False,False,False,False,False,2
-0.6015262120505133,1.04275000058199,False,False,False,True,False,False,True,False,False,False,False,False,False,False,False,False,2
-0.7376269489464419,1.701951472317065,True,False,False,False,False,False,True,False,False,False,False,False,False,False,False,False,0
-0.09190198769403762,0.6145900782672705,False,False,False,True,False,False,True,False,False,False,False,False,False,False,False,False,2
-0.5859917156756798,-0.7117724576371207,False,False,False,True,False,False,False,False,False,False,False,False,True,False,False,False,1
-0.7376269489464419,2.1538027355379064,True,False,False,False,False,False,True,False,False,False,False,False,False,False,False,False,0
-0.5859917156756798,2.279385465497479,False,False,False,True,False,False,False,False,False,False,False,False,True,False,False,False,1
-0.5859917156756798,-0.7122049325552691,False,False,False,True,False,False,False,False,False,False,False,False,True,False,False,False,1
-0.7376269489464419,1.3292565443138236,True,False,False,False,False,False,True,False,False,False,False,False,False,False,False,False,0
-0.7485242822243101,-0.7122972451240275,False,False,False,False,True,False,True,False,False,False,False,False,False,False,False,False,3
-0.46959892194185326,-0.654465457525421,False,False,False,True,False,False,False,False,False,False,False,False,True,False,False,False,1
-0.7253384667394841,2.2767885505737504,False,False,False,True,False,False,True,False,False,False,False,False,False,False,False,False,2
-0.469367063787005,-0.6545988489004138,False,False,False,True,False,False,False,False,False,False,False,False,True,False,False,False,1
-0.5859917156756798,2.403404217443159,False,False,False,True,False,False,False,False,False,False,False,False,True,False,False,False,1
-0.7237154596555463,1.0058970331074495,True,False,False,False,False,False,True,False,False,False,False,False,False,False,False,False,0
-0.5669793469781225,0.13676318270145443,False,False,False,True,False,False,False,False,True,False,False,False,False,False,False,False,2
-0.5859917156756798,0.8734461103379303,False,False,False,True,False,False,False,False,False,False,False,False,True,False,False,False,1
0.07596331641610266,-0.41951855288108597,False,False,False,True,False,False,False,False,False,False,False,False,True,False,False,False,2
-0.6374642260519935,-0.6688884214612439,False,False,False,False,True,False,False,False,False,True,False,False,False,False,False,False,0
0.6794900934861235,0.9520817315256661,False,False,False,True,False,False,True,False,False,False,False,False,False,False,False,False,0
0.6535219801431185,-0.660576847914925,False,False,False,True,False,False,False,False,False,False,False,False,True,False,False,False,2
1.9407984558606581,-0.3137313898336009,False,False,False,False,True,False,True,False,False,False,False,False,False,False,False,False,0
-0.7376269489464419,-0.7064685297042392,False,True,False,False,False,False,False,False,False,False,False,False,False,True,False,False,3
0.6396104908522229,-0.6298684322125747,False,False,False,True,False,False,False,False,False,False,False,False,True,False,False,False,2
-0.7376269489464419,-0.706429745803381,False,True,False,False,False,False,False,False,False,False,False,False,False,True,False,False,3
0.4928442788332742,-0.541163225215068,False,False,False,False,True,False,True,False,False,False,False,False,False,False,False,False,0
-0.5859917156756798,2.40035566514139,False,False,False,True,False,False,False,False,False,False,False,False,True,False,False,False,1
-0.7376269489464419,1.476127505014811,True,False,False,False,False,False,True,False,False,False,False,False,False,False,False,False,0
-0.6854588641055833,0.9841164304175674,False,False,False,True,False,False,True,False,False,False,False,False,False,False,False,False,2
-0.4682077730127637,-0.6545236333767082,False,False,False,True,False,False,False,False,False,False,False,False,True,False,False,False,1
-0.4679759148579154,-0.6546302317314335,False,False,False,True,False,False,False,False,False,False,False,False,True,False,False,False,1
-0.6669102117177226,-0.7119800318283996,False,False,False,True,False,False,False,False,True,False,False,False,False,False,False,False,0
1.335184955397003,-0.6637409487023861,False,True,False,False,False,False,False,True,False,False,False,False,False,False,False,False,2
0.6396104908522229,-0.6295007309986701,False,False,False,True,False,False,False,False,False,False,False,False,True,False,False,False,2
-0.7376269489464419,-0.7122728617544052,False,False,False,True,False,False,False,False,False,False,False,False,True,False,False,False,3
0.6535219801431185,-0.6619159825745828,False,False,False,True,False,False,False,False,False,False,False,False,True,False,False,False,2
-0.46890334747730844,-0.6546904729975592,False,False,False,True,False,False,False,False,False,False,False,False,True,False,False,False,1
-0.46890334747730844,-0.6544681540392381,False,False,False,True,False,False,False,False,False,False,False,False,True,False,False,False,1
-0.08633739197767938,-0.5614451973216452,False,False,False,True,False,False,False,False,True,False,False,False,False,False,False,False,1
-0.4679759148579154,-0.6545333867245571,False,False,False,True,False,False,False,False,False,False,False,False,True,False,False,False,1
-0.5859917156756798,2.4028463259462005,False,False,False,True,False,False,False,False,False,False,False,False,True,False,False,False,1
3.851773368120018,0.0443187142565718,False,False,False,True,False,False,True,False,False,False,False,False,False,False,False,False,0
1.2595991969164702,0.7799769092699318,False,False,False,True,False,False,True,False,False,False,False,False,False,False,False,False,0
-0.586223573830528,-0.27878365280239686,False,False,False,True,False,False,False,False,False,False,False,False,True,False,False,False,2
0.0026961394840524762,-0.5616601725827625,False,False,False,True,False,False,False,False,True,False,False,False,False,False,False,False,1
-0.5859917156756798,4.633057401646835,False,False,False,True,False,False,False,False,False,False,False,False,True,False,False,False,1
0.0026961394840524762,-0.5979008593029279,False,False,False,True,False,False,False,False,True,False,False,False,False,False,False,False,1
-0.7376269489464419,-0.7064094358908016,False,True,False,False,False,False,False,False,False,False,False,False,False,True,False,False,3
-0.5859917156756798,0.8761710809816522,False,False,False,True,False,False,False,False,False,False,False,False,True,False,False,False,1
-0.09978516495887847,-0.5747330436857561,False,False,False,True,False,False,False,False,True,False,False,False,False,False,False,False,1
-0.6003669212762719,0.4556005254913556,False,False,False,True,False,False,True,False,False,False,False,False,False,False,False,False,2
-0.13410017187642095,0.5902492791396792,False,False,False,True,False,False,True,False,False,False,False,False,False,False,False,False,2
1.3769194232696897,-0.6757662528737703,False,True,False,False,False,False,False,True,False,False,False,False,False,False,False,False,2
0.20371715973749394,0.8446075261634886,False,False,False,True,False,False,True,False,False,False,False,False,False,False,False,False,2
-0.5669793469781225,-0.4248222513234299,False,False,False,True,False,False,False,False,True,False,False,False,False,False,False,False,2
-0.6061633751474784,0.04523214396894114,False,False,False,True,False,False,True,False,False,False,False,False,False,False,False,False,2
-0.573703233468722,-0.7061180976532907,False,False,False,True,False,False,False,False,False,False,False,False,True,False,False,False,2
-0.5859917156756798,2.6666482233384174,False,False,False,True,False,False,False,False,False,False,False,False,True,False,False,False,1
-0.4682077730127637,-0.6545210516081599,False,False,False,True,False,False,False,False,False,False,False,False,True,False,False,False,1
-0.6402465239101727,1.5800662938996555,True,False,False,False,False,False,False,False,False,True,False,False,False,False,False,False,0
-0.09978516495887847,-0.5755480219574857,False,False,False,True,False,False,False,False,True,False,False,False,False,False,False,False,1
0.07596331641610266,-0.5194809018479223,False,False,False,True,False,False,False,False,False,False,False,False,True,False,False,False,2
2.9996946490526617,1.7584033906855856,False,False,False,True,False,False,True,False,False,False,False,False,False,False,False,False,0
-0.6402465239101727,1.5795015176865679,True,False,False,False,False,False,False,False,False,True,False,False,False,False,False,False,0
0.6818086750346062,1.7624763887472983,False,False,False,True,False,False,True,False,False,False,False,False,False,False,False,False,0
-0.08077279626132114,-0.5533717202081089,False,False,False,True,False,False,False,False,True,False,False,False,False,False,False,False,1
-0.11021878192705016,0.5637828239073653,False,False,False,True,False,False,True,False,False,False,False,False,False,False,False,False,2
-0.7376269489464419,-0.7064382369532731,False,True,False,False,False,False,False,False,False,False,False,False,False,True,False,False,3
-0.584368708591742,-0.07233798124219964,False,False,False,True,False,False,True,False,False,False,False,False,False,False,False,False,2
-0.469367063787005,-0.6546125035874022,False,False,False,True,False,False,False,False,False,False,False,False,True,False,False,False,1
-0.5859917156756798,1.763781271944216,False,False,False,True,False,False,False,False,False,False,False,False,True,False,False,False,1
-0.6683013606468121,0.27917210150682586,False,False,False,True,False,False,True,False,False,False,False,False,False,False,False,False,2
0.11607477720485164,2.653394456319143,False,False,False,True,False,False,True,False,False,False,False,False,False,False,False,False,0
-0.5876147227596176,-0.706099049938668,False,False,False,True,False,False,False,False,True,False,False,False,False,False,False,False,2
-0.5859917156756798,1.761986196958938,False,False,False,True,False,False,False,False,False,False,False,False,True,False,False,False,1
1.3490964446878986,-0.6650617814916686,False,True,False,False,False,False,False,True,False,False,False,False,False,False,False,False,2
-0.5368377868478487,-0.29256771508148055,False,False,False,True,False,False,False,False,False,False,False,False,True,False,False,False,2
1.260294771381015,0.29698228840531266,False,False,False,True,False,False,True,False,False,False,False,False,False,False,False,False,0
0.017998777704037638,-0.5653152110028311,False,False,False,True,False,False,False,False,True,False,False,False,False,False,False,False,1
-0.6629686230853021,0.2662314743261368,False,False,False,True,False,False,True,False,False,False,False,False,False,False,False,False,2
0.6396104908522229,-0.6299142729474647,False,False,False,True,False,False,False,False,False,False,False,False,True,False,False,False,2
-0.4276325959143182,-0.7005952357475179,False,False,False,True,False,False,False,False,False,False,False,False,True,False,False,False,2
1.3769194232696897,-0.6742646389134762,False,True,False,False,False,False,False,True,False,False,False,False,False,False,False,False,2
-0.0844825267388933,-0.5559388013619468,False,False,False,True,False,False,False,False,True,False,False,False,False,False,False,False,1
-0.4682077730127637,-0.6545517459675668,False,False,False,True,False,False,False,False,False,False,False,False,True,False,False,False,1
0.9690809288916004,1.2444306453642762,False,False,False,True,False,False,True,False,False,False,False,False,False,False,False,False,0
0.06761642284156529,2.69514704677191,False,False,False,True,False,False,True,False,False,False,False,False,False,False,False,False,0
0.017998777704037638,-0.5799851067571351,False,False,False,True,False,False,False,False,True,False,False,False,False,False,False,False,1
-0.4686714893224602,-0.6546463534417014,False,False,False,True,False,False,False,False,False,False,False,False,True,False,False,False,1
-0.584368708591742,-0.7039591654206132,False,False,False,True,False,False,False,False,True,False,False,False,False,False,False,False,2
-0.5743988079332668,-0.7043463159575812,False,False,False,True,False,False,False,False,True,False,False,False,False,False,False,False,2
-0.7237154596555463,1.0501850350198625,True,False,False,False,False,False,True,False,False,False,False,False,False,False,False,False,0
-0.706557956196775,2.342667940227776,False,False,False,True,False,False,False,False,False,False,False,False,True,False,False,False,2
-0.7376269489464419,2.195803175771305,True,False,False,False,False,False,True,False,False,False,False,False,False,False,False,False,0
-0.5859917156756798,-0.5919049600264822,False,False,False,True,False,False,False,False,False,False,False,False,True,False,False,False,1
-0.13827361866368965,0.5617817811645717,False,False,False,True,False,False,True,False,False,False,False,False,False,False,False,False,2
-0.6669102117177226,-0.7119847937570554,False,False,False,True,False,False,False,False,True,False,False,False,False,False,False,False,0
-0.46959892194185326,-0.654670908929227,False,False,False,True,False,False,False,False,False,False,False,False,True,False,False,False,1
1.9108887538852326,0.3265403254151992,False,False,False,True,False,False,False,False,True,False,False,False,False,False,False,False,0
0.0026961394840524762,-0.5434043724328484,False,False,False,True,False,False,False,False,True,False,False,False,False,False,False,False,1
-0.5859917156756798,-0.7122244966236013,False,False,False,True,False,False,False,False,False,False,False,False,True,False,False,False,1
-0.08633739197767938,-0.5873465894776996,False,False,False,True,False,False,False,False,True,False,False,False,False,False,False,False,1
2.2540388230606574,0.03401367115520078,False,False,False,False,True,False,True,False,False,False,False,False,False,False,False,False,0
-0.08262766150010722,-0.5766074650244168,False,False,False,True,False,False,False,False,True,False,False,False,False,False,False,False,1
-0.7047030909579889,2.5121223762645157,False,False,False,True,False,False,True,False,False,False,False,False,False,False,False,False,2
1.8348392790950034,0.09436434689474447,False,False,False,True,False,False,True,False,False,False,False,False,False,False,False,False,0
-0.10164003019766454,-0.5784818289904432,False,False,False,True,False,False,False,False,True,False,False,False,False,False,False,False,1
-0.6402465239101727,1.57750862185786,True,False,False,False,False,False,False,False,False,True,False,False,False,False,False,False,0
-0.6861544385701281,2.636938148847356,False,False,False,True,False,False,True,False,False,False,False,False,False,False,False,False,0
-0.7376269489464419,-0.706546613859665,False,True,False,False,False,False,False,False,False,False,False,False,False,True,False,False,3
2.993434478871759,1.7582030454462418,False,False,False,True,False,False,True,False,False,False,False,False,False,False,False,False,0
-0.08262766150010722,-0.5581734080994051,False,False,False,True,False,False,False,False,True,False,False,False,False,False,False,False,1
1.3908309125605853,-0.6732009502715991,False,False,False,False,True,False,False,False,False,True,False,False,False,False,False,False,2
0.49307613698812247,-0.4263507156766257,False,False,False,False,True,False,True,False,False,False,False,False,False,False,False,False,0
-0.11323293794007755,0.6050762037943509,False,False,False,True,False,False,True,False,False,False,False,False,False,False,False,False,2
-0.7237154596555463,1.4320609614712032,True,False,False,False,False,False,True,False,False,False,False,False,False,False,False,False,0
-0.6527668642719787,2.6735416601075017,False,False,False,True,False,False,False,False,False,False,False,False,True,False,False,False,0
-0.6374642260519935,2.680178755946063,False,False,False,True,False,False,False,False,False,False,False,False,True,False,False,False,0
-0.07683120762890072,0.6124492757870653,False,False,False,True,False,False,True,False,False,False,False,False,False,False,False,False,2
0.0026961394840524762,-0.5849810583885281,False,False,False,True,False,False,False,False,True,False,False,False,False,False,False,False,1
-0.7376269489464419,2.0929882020491943,True,False,False,False,False,False,True,False,False,False,False,False,False,False,False,False,0
-0.5294183258927043,0.04393242430911983,False,False,False,True,False,False,True,False,False,False,False,False,False,False,False,False,2
1.3490964446878986,-0.6635171380555703,False,True,False,False,False,False,False,True,False,False,False,False,False,False,False,False,2
1.5535953372640638,0.6198380678816068,False,False,False,True,False,False,True,False,False,False,False,False,False,False,False,False,0
1.2579761898325323,0.19448768347372264,False,False,False,True,False,False,True,False,False,False,False,False,False,False,False,False,0
-0.7376269489464419,-0.7064663495441318,False,True,False,False,False,False,False,False,False,False,False,False,False,True,False,False,3
0.07341287671277179,2.6444950427607057,False,False,False,True,False,False,True,False,False,False,False,False,False,False,False,False,0
1.842490598204996,2.11242352618985,False,False,False,True,False,False,True,False,False,False,False,False,False,False,False,False,0
-0.7264977575137254,2.68784878869446,False,False,False,True,False,False,True,False,False,False,False,False,False,False,False,False,2
-0.5954979000244585,0.637288069381296,False,False,False,True,False,False,False,False,False,False,False,False,True,False,False,False,2
0.029591685446450643,2.652332603601567,False,False,False,True,False,False,True,False,False,False,False,False,False,False,False,False,0
-0.5994394886568789,-0.7060612987452293,False,False,False,True,False,False,False,False,True,False,False,False,False,False,False,False,2
-0.7376269489464419,-0.7065346803517086,False,True,False,False,False,False,False,False,False,False,False,False,False,True,False,False,3
-0.7237154596555463,0.8711897593720326,True,False,False,False,False,False,True,False,False,False,False,False,False,False,False,False,0
-0.7376269489464419,1.4908178827995977,True,False,False,False,False,False,True,False,False,False,False,False,False,False,False,False,0
1.3630079339787942,-0.6552934020125262,False,True,False,False,False,False,False,True,False,False,False,False,False,False,False,False,2
1.842490598204996,2.1139161326465428,False,False,False,True,False,False,True,False,False,False,False,False,False,False,False,False,0
-0.09816215787494065,0.5444832434197129,False,False,False,True,False,False,True,False,False,False,False,False,False,False,False,False,2
-0.7348446510882627,-0.7122687882973624,False,False,False,False,True,False,True,False,False,False,False,False,False,False,False,False,0
-0.5859917156756798,2.2810653362328708,False,False,False,True,False,False,False,False,False,False,False,False,True,False,False,False,1
-0.4691352056321567,-0.6546740070514848,False,False,False,True,False,False,False,False,False,False,False,False,True,False,False,False,1
-0.7376269489464419,-0.7065459827606866,False,True,False,False,False,False,False,False,False,False,False,False,False,True,False,False,3
1.404742401851481,-0.6744897691308833,False,False,False,False,True,False,False,False,False,True,False,False,False,False,False,False,2
0.033996990388567586,0.43626824260209196,False,False,False,True,False,False,False,False,False,False,False,False,True,False,False,False,0
0.0026961394840524762,-0.5738397517680631,False,False,False,True,False,False,False,False,True,False,False,False,False,False,False,False,1
0.6535219801431185,-0.6600603220873725,False,False,False,True,False,False,False,False,False,False,False,False,True,False,False,False,2
-0.383811404647997,-0.015723124591967327,False,False,False,True,False,False,False,False,False,False,False,False,True,False,False,False,2
-0.26741861091417046,1.1586754244826294,False,False,False,True,False,False,False,False,False,False,False,False,True,False,False,False,2
-0.5676749214426673,-0.6980634387638395,False,False,False,True,False,False,False,False,True,False,False,False,False,False,False,False,2
-0.6434925380780483,0.161773864708364,False,False,False,True,False,False,True,False,False,False,False,False,False,False,False,False,2
-0.10164003019766454,-0.5702424875908407,False,False,False,True,False,False,False,False,True,False,False,False,False,False,False,False,1
0.8821341208235028,-0.6732985411227227,False,False,False,False,True,False,True,False,False,False,False,False,False,False,False,False,0
0.0710942951642892,0.03572343303311785,False,False,False,True,False,False,False,False,False,False,False,False,True,False,False,False,2
-0.5686023540620603,-0.1901752908117665,False,False,False,True,False,False,True,False,False,False,False,False,False,False,False,False,2
1.3908309125605853,-0.6753360154883639,False,False,False,False,True,False,False,False,False,True,False,False,False,False,False,False,2
-0.7376269489464419,-0.7064679559778951,False,True,False,False,False,False,False,False,False,False,False,False,False,True,False,False,3
-0.4675121985482189,-0.6545162323068698,False,False,False,True,False,False,False,False,False,False,False,False,True,False,False,False,1
-0.7255703248943324,3.5670545771882374,False,False,False,True,False,False,True,False,False,False,False,False,False,False,False,False,2
-0.5785722547205354,-0.7061888381115127,False,False,False,True,False,False,False,False,False,False,False,False,True,False,False,False,2
1.3490964446878986,-0.646025943004378,False,True,False,False,False,False,False,True,False,False,False,False,False,False,False,False,2
-0.550517417983896,-0.7063399002579022,False,False,False,True,False,False,False,False,False,False,False,False,True,False,False,False,2
1.335184955397003,-0.6600944014322094,False,True,False,False,False,False,False,True,False,False,False,False,False,False,False,False,2
-0.5859917156756798,-0.7122400446075252,False,False,False,True,False,False,False,False,False,False,False,False,True,False,False,False,1
0.026345671278575,2.6347866750571516,False,False,False,True,False,False,True,False,False,False,False,False,False,False,False,False,0
-0.5938748929405206,0.27479089765308745,False,False,False,True,False,False,False,False,False,False,False,True,False,False,False,False,2
-0.08262766150010722,-0.5572705923244008,False,False,False,True,False,False,False,False,True,False,False,False,False,False,False,False,1
-0.5811226944238663,-0.6449927766040043,False,False,False,True,False,False,False,False,True,False,False,False,False,False,False,False,2
-0.5859917156756798,-0.7122294880427946,False,False,False,True,False,False,False,False,False,False,False,False,True,False,False,False,1
-0.08633739197767938,-0.5797807454333829,False,False,False,True,False,False,False,False,True,False,False,False,False,False,False,False,1
-0.7376269489464419,4.455843890533102,True,False,False,False,False,False,True,False,False,False,False,False,False,False,False,False,0
0.6818086750346062,1.7583556566537606,False,False,False,True,False,False,True,False,False,False,False,False,False,False,False,False,0
0.6396104908522229,-0.6582403473787626,False,False,False,True,False,False,False,False,False,False,False,False,True,False,False,False,2
-0.5859917156756798,-0.7121885239818291,False,False,False,True,False,False,False,False,False,False,False,False,True,False,False,False,1
-0.5859917156756798,-0.2660487638886858,False,False,False,True,False,False,False,False,False,False,False,False,True,False,False,False,1
-0.4682077730127637,-0.6546503695261098,False,False,False,True,False,False,False,False,False,False,False,False,True,False,False,False,1
-0.5859917156756798,1.7636972784074465,False,False,False,True,False,False,False,False,False,False,False,False,True,False,False,False,1
-0.5859917156756798,0.375463462461229,False,False,False,True,False,False,False,False,False,False,False,False,True,False,False,False,1
0.017998777704037638,-0.5685320372413107,False,False,False,True,False,False,False,False,True,False,False,False,False,False,False,False,1
2.125357547119873,0.09131418815921269,False,False,False,True,False,False,True,False,False,False,False,False,False,False,False,False,0
-0.6499845664137995,2.675603632588034,False,False,False,True,False,False,False,False,True,False,False,False,False,False,False,False,0
-0.5859917156756798,-0.7122111287997849,False,False,False,True,False,False,False,False,False,False,False,False,True,False,False,False,1
-0.6274943253935183,-0.014627135156919881,False,False,False,True,False,False,True,False,False,False,False,False,False,False,False,False,2
-0.07891793102253507,0.574654364400856,False,False,False,True,False,False,True,False,False,False,False,False,False,False,False,False,2
0.4946991440720603,-0.196819500856994,False,False,False,False,True,False,True,False,False,False,False,False,False,False,False,False,0
0.6535219801431185,-0.6605300892178845,False,False,False,True,False,False,False,False,False,False,False,False,True,False,False,False,2
0.6396104908522229,-0.6298912665210682,False,False,False,True,False,False,False,False,False,False,False,False,True,False,False,False,2
-0.09398871108767197,0.5326765289854133,False,False,False,True,False,False,True,False,False,False,False,False,False,False,False,False,2
1.404742401851481,-0.6780647153533219,False,False,False,False,True,False,False,False,False,True,False,False,False,False,False,False,2
0.6535219801431185,-0.6654572510606254,False,False,False,True,False,False,False,False,False,False,False,False,True,False,False,False,2
1.3908309125605853,-0.6731391599443444,False,False,False,False,True,False,False,False,False,True,False,False,False,False,False,False,2
-0.09769844156524413,-0.42964912580123,False,False,False,True,False,False,False,False,False,False,False,False,True,False,False,False,0
-0.5597917441778264,-0.7045850434893424,False,False,False,True,False,False,False,False,True,False,False,False,False,False,False,False,2
0.6535219801431185,-0.6621994607611801,False,False,False,True,False,False,False,False,False,False,False,False,True,False,False,False,2
-0.7167597150100985,2.342675972396593,False,False,False,True,False,False,False,False,False,False,False,False,True,False,False,False,2
-0.5857598575208315,-0.6749764611885448,False,False,False,True,False,False,False,False,False,False,False,False,True,False,False,False,2
-0.5859917156756798,0.19382778343279103,False,False,False,True,False,False,False,False,False,False,False,False,True,False,False,False,1
0.05231378462158013,2.6455770906455927,False,False,False,True,False,False,True,False,False,False,False,False,False,False,False,False,0
-0.7376269489464419,1.3586345459969458,True,False,False,False,False,False,True,False,False,False,False,False,False,False,False,False,0
0.3008657266189149,0.051409111279570464,False,False,False,True,False,False,False,False,False,False,False,False,True,False,False,False,2
0.9688490707367521,1.2391073828536001,False,False,False,True,False,False,True,False,False,False,False,False,False,False,False,False,0
0.6535219801431185,-0.6601577408205931,False,False,False,True,False,False,False,False,False,False,False,False,True,False,False,False,2
-0.46843963116761195,-0.6545616140606846,False,False,False,True,False,False,False,False,False,False,False,False,True,False,False,False,1
-0.4691352056321567,-0.6546464108143358,False,False,False,True,False,False,False,False,False,False,False,False,True,False,False,False,1
-0.6402465239101727,1.5763400560402894,True,False,False,False,False,False,False,False,False,True,False,False,False,False,False,False,0
-0.6323633466453318,-0.6672779142408481,False,False,False,False,True,False,False,False,False,True,False,False,False,False,False,False,0
-0.5746306660881151,-0.6248336966803236,False,False,False,True,False,False,False,False,False,False,False,False,True,False,False,False,2
-0.521071432318167,-0.07321486458645267,False,False,False,True,False,False,True,False,False,False,False,False,False,False,False,False,2
-0.46890334747730844,-0.654663278368851,False,False,False,True,False,False,False,False,False,False,False,False,True,False,False,False,1
1.5498856067864917,2.1117722320440793,False,False,False,True,False,False,True,False,False,False,False,False,False,False,False,False,0
-0.7014570767901133,-0.6676289200181408,False,False,False,False,True,False,False,False,False,True,False,False,False,False,False,False,0
-0.5859917156756798,-0.7122254145857518,False,False,False,True,False,False,False,False,False,False,False,False,True,False,False,False,1
-0.5924837440114311,-0.5711956191662187,False,False,False,True,False,False,False,False,True,False,False,False,False,False,False,False,2
0.0026961394840524762,-0.5679208465669894,False,False,False,True,False,False,False,False,True,False,False,False,False,False,False,False,1
-0.5859917156756798,-0.7122296027880635,False,False,False,True,False,False,False,False,False,False,False,False,True,False,False,False,1
-0.6402465239101727,1.577055148555519,True,False,False,False,False,False,False,False,False,True,False,False,False,False,False,False,0
-0.11787010103704275,-0.5194681651230842,False,False,False,True,False,False,False,False,False,False,False,False,True,False,False,False,2
-0.7237154596555463,0.859256251415697,True,False,False,False,False,False,True,False,False,False,False,False,False,False,False,False,0
-0.5859917156756798,1.5132595329830998,False,False,False,True,False,False,False,False,False,False,False,False,True,False,False,False,1
1.3908309125605853,-0.6683866977733681,False,False,False,False,True,False,False,False,False,True,False,False,False,False,False,False,2
0.6535219801431185,-0.6621636028646767,False,False,False,True,False,False,False,False,False,False,False,False,True,False,False,False,2
-0.5284908932733113,-0.30796526795794904,False,False,False,True,False,False,True,False,False,False,False,False,False,False,False,False,2
0.6396104908522229,-0.6271952690577212,False,False,False,True,False,False,False,False,False,False,False,False,True,False,False,False,2
1.3490964446878986,-0.6647225944770635,False,True,False,False,False,False,False,True,False,False,False,False,False,False,False,False,2
-0.6281898998580631,0.313086901628194,False,False,False,True,False,False,False,False,False,False,False,True,False,False,False,False,2
2.126748696048963,0.09122904716975497,False,False,False,True,False,False,True,False,False,False,False,False,False,False,False,False,0
2.41494838252535,0.09122612116540031,False,False,False,True,False,False,True,False,False,False,False,False,False,False,False,False,0
-0.46843963116761195,-0.6545060773505801,False,False,False,True,False,False,False,False,False,False,False,False,True,False,False,False,1
1.3908309125605853,-0.6783860021059925,False,False,False,False,True,False,False,False,False,True,False,False,False,False,False,False,2
-0.7237154596555463,1.4761359961647027,True,False,False,False,False,False,True,False,False,False,False,False,False,False,False,False,0
-0.6402465239101727,1.578256302029432,True,False,False,False,False,False,False,False,False,True,False,False,False,False,False,False,0
-0.08633739197767938,-0.5911057592292142,False,False,False,True,False,False,False,False,True,False,False,False,False,False,False,False,1
0.6815768168797579,1.9408997739753744,False,False,False,True,False,False,True,False,False,False,False,False,False,False,False,False,0
-0.5859917156756798,-0.31156494178581634,False,False,False,True,False,False,False,False,False,False,False,False,True,False,False,False,1
-0.6063952333023267,-0.07337568008069116,False,False,False,True,False,False,True,False,False,False,False,False,False,False,False,False,2
0.6535219801431185,-0.6656877169330321,False,False,False,True,False,False,False,False,False,False,False,False,True,False,False,False,2
-0.7376269489464419,-0.7064515474044553,False,True,False,False,False,False,False,False,False,False,False,False,False,True,False,False,3
-0.6235527367610979,2.673187785698489,False,False,False,True,False,False,False,False,False,False,False,False,True,False,False,False,0
-0.46959892194185326,-0.6545246087114931,False,False,False,True,False,False,False,False,False,False,False,False,True,False,False,False,1
-0.6509119990331926,-0.5851529468012069,False,False,False,False,True,False,False,False,False,True,False,False,False,False,False,False,0
0.0026961394840524762,-0.5741674642557871,False,False,False,True,False,False,False,False,True,False,False,False,False,False,False,False,1
0.017998777704037638,-0.5478108202457254,False,False,False,True,False,False,False,False,True,False,False,False,False,False,False,False,1
-0.5755580987075081,-0.5731663117854118,False,False,False,True,False,False,False,False,True,False,False,False,False,False,False,False,2
-0.567443063287819,-0.30702642216853804,False,False,False,True,False,False,True,False,False,False,False,False,False,False,False,False,2
-0.12528956199218708,0.639196627437428,False,False,False,True,False,False,True,False,False,False,False,False,False,False,False,False,2
1.2605266295358633,0.5553916171444916,False,False,False,True,False,False,True,False,False,False,False,False,False,False,False,False,0
-0.5859917156756798,-0.06837766303445957,False,False,False,True,False,False,False,False,False,False,False,False,True,False,False,False,1
-0.5456483967320825,-0.1909298556994671,False,False,False,True,False,False,True,False,False,False,False,False,False,False,False,False,2
-0.7376269489464419,-0.7064490230085414,False,True,False,False,False,False,False,False,False,False,False,False,False,True,False,False,3
-0.6819809917828594,-0.3141829698390063,True,False,False,False,False,False,False,False,False,True,False,False,False,False,False,False,0
-0.5704572193008464,-0.7068019220827694,False,False,False,True,False,False,False,False,False,False,False,False,True,False,False,False,2
-0.09978516495887847,-0.5692145421001982,False,False,False,True,False,False,False,False,True,False,False,False,False,False,False,False,1
-0.5238537301763461,-0.19087271255559932,False,False,False,True,False,False,True,False,False,False,False,False,False,False,False,False,2
-0.7376269489464419,-0.706549998845095,False,True,False,False,False,False,False,False,False,False,False,False,False,True,False,False,3
-0.169806327723053,-0.5986880118469708,False,False,False,True,False,False,False,False,True,False,False,False,False,False,False,False,1
-0.5813545525787146,-0.6981879373804991,False,False,False,True,False,False,False,False,True,False,False,False,False,False,False,False,2
-0.46890334747730844,-0.65465180384197,False,False,False,True,False,False,False,False,False,False,False,False,True,False,False,False,1
1.5508130394058848,0.19481378952768325,False,False,False,True,False,False,True,False,False,False,False,False,False,False,False,False,0
-0.7123544100679815,-0.712280205451609,False,False,False,True,False,False,False,False,False,False,False,False,True,False,False,False,1
-0.7376269489464419,-0.7065397865161708,False,True,False,False,False,False,False,False,False,False,False,False,False,True,False,False,3
0.9674579218076625,0.7800244138112197,False,False,False,True,False,False,True,False,False,False,False,False,False,False,False,False,0
1.5498856067864917,2.1146883683056403,False,False,False,True,False,False,True,False,False,False,False,False,False,False,False,False,0
1.3490964446878986,-0.6629536240404399,False,True,False,False,False,False,False,True,False,False,False,False,False,False,False,False,2
-0.7237154596555463,0.9032964035474781,True,False,False,False,False,False,True,False,False,False,False,False,False,False,False,False,0
-0.5859917156756798,2.667045012477965,False,False,False,True,False,False,False,False,False,False,False,False,True,False,False,False,1
-0.4204449931140221,1.06937411581365,False,False,False,True,False,False,False,False,True,False,False,False,False,False,False,False,2
-0.1424470654509583,0.570149006166264,False,False,False,True,False,False,True,False,False,False,False,False,False,False,False,False,2
-0.5859917156756798,0.1761904029091335,False,False,False,True,False,False,False,False,False,False,False,False,True,False,False,False,1
-0.46890334747730844,-0.6546262156470251,False,False,False,True,False,False,False,False,False,False,False,False,True,False,False,False,1
-0.6281898998580631,-0.47723094802749455,False,False,False,True,False,False,False,False,False,False,False,True,False,False,False,False,2
0.18516850734963314,0.03677599138392049,False,False,False,True,False,False,False,False,False,False,False,False,True,False,False,False,2
-0.6402465239101727,1.5809335386413281,True,False,False,False,False,False,False,False,False,True,False,False,False,False,False,False,0
-0.572775800849329,-0.6795163577490488,False,False,False,True,False,False,False,False,False,False,False,False,True,False,False,False,2
2.9996946490526617,1.7581576063197926,False,False,False,True,False,False,True,False,False,False,False,False,False,False,False,False,0
-0.7139774171519193,0.5162289421540561,False,False,False,True,False,False,False,False,False,False,False,True,False,False,False,False,2
-0.0798453636419281,-0.3954149895967611,False,False,False,True,False,False,False,False,True,False,False,False,False,False,False,False,0
0.17821276270418535,0.7710646442413878,False,False,False,True,False,False,True,False,False,False,False,False,False,False,False,False,2
-0.5859917156756798,0.37715377501608266,False,False,False,True,False,False,False,False,False,False,False,False,True,False,False,False,1
-0.572775800849329,-0.5493711837836507,False,False,False,True,False,False,False,False,True,False,False,False,False,False,False,False,2
-0.5859917156756798,-0.7121935154010224,False,False,False,True,False,False,False,False,False,False,False,False,True,False,False,False,1
0.9690809288916004,1.2390605667839252,False,False,False,True,False,False,True,False,False,False,False,False,False,False,False,False,0
-0.687777445654066,-0.13855650053819613,False,False,False,True,False,False,False,False,True,False,False,False,False,False,False,False,0
-0.26417259674629484,-0.5966705605307373,False,False,False,True,False,False,False,False,False,False,False,False,True,False,False,False,2
-0.5859917156756798,-0.7121502564346807,False,False,False,True,False,False,False,False,False,False,False,False,True,False,False,False,1
-0.7376269489464419,1.1144498439964499,True,False,False,False,False,False,True,False,False,False,False,False,False,False,False,False,0
-0.46890334747730844,-0.6545002827145051,False,False,False,True,False,False,False,False,False,False,False,False,True,False,False,False,1
0.13160927357968508,2.6644409833475704,False,False,False,True,False,False,True,False,False,False,False,False,False,False,False,False,0
0.0026961394840524762,-0.5741800862353563,False,False,False,True,False,False,False,False,True,False,False,False,False,False,False,False,1
2.7010613456081027,0.6085202830377106,False,False,False,True,False,False,True,False,False,False,False,False,False,False,False,False,0
-0.5859917156756798,-0.5914240626048956,False,False,False,True,False,False,False,False,False,False,False,False,True,False,False,False,1
1.3908309125605853,-0.6732378982481562,False,False,False,False,True,False,False,False,False,True,False,False,False,False,False,False,2
1.3490964446878986,-0.6650617241190342,False,True,False,False,False,False,False,True,False,False,False,False,False,False,False,False,2
-0.22174255440906326,0.5456576612459927,False,False,False,True,False,False,True,False,False,False,False,False,False,False,False,False,2
-0.7376269489464419,1.1383224824272926,True,False,False,False,False,False,True,False,False,False,False,False,False,False,False,False,0
-0.6402465239101727,1.5784079952748,True,False,False,False,False,False,False,False,False,True,False,False,False,False,False,False,0
0.0026961394840524762,-0.581456829574904,False,False,False,True,False,False,False,False,True,False,False,False,False,False,False,False,1
-0.5706890774556946,-0.602815743401906,False,False,False,True,False,False,False,False,True,False,False,False,False,False,False,False,2
0.5343468885511128,-0.6757893166728014,False,False,False,True,False,False,False,False,False,False,False,False,True,False,False,False,0
0.09752612481699084,-0.33044449721698654,False,False,False,True,False,False,False,False,False,False,False,False,True,False,False,False,2
-0.5447209641126896,-0.190940871245273,False,False,False,True,False,False,True,False,False,False,False,False,False,False,False,False,2
-0.09422056924252023,-0.5539552572726468,False,False,False,True,False,False,False,False,True,False,False,False,False,False,False,False,1
-0.5859917156756798,1.3619607818492363,False,False,False,True,False,False,False,False,False,False,False,False,True,False,False,False,1
-0.6499845664137995,2.6735939839500795,False,False,False,True,False,False,False,False,True,False,False,False,False,False,False,False,0
-0.08633739197767938,-0.5833338900547473,False,False,False,True,False,False,False,False,True,False,False,False,False,False,False,False,1
0.3919859814742811,2.1144088488308164,False,False,False,True,False,False,True,False,False,False,False,False,False,False,False,False,0
-0.1257532783018836,0.6094569486670142,False,False,False,True,False,False,True,False,False,False,False,False,False,False,False,False,2
0.6396104908522229,-0.6271870073983669,False,False,False,True,False,False,False,False,False,False,False,False,True,False,False,False,2
-0.5836731341271972,-0.5875315014783885,False,False,False,True,False,False,False,False,False,False,False,False,True,False,False,False,2
-0.0844825267388933,-0.5486751389830437,False,False,False,True,False,False,False,False,True,False,False,False,False,False,False,False,1
-0.4686714893224602,-0.6546476156396583,False,False,False,True,False,False,False,False,False,False,False,False,True,False,False,False,1
-0.6045403680635406,-0.19067179358991138,False,False,False,True,False,False,True,False,False,False,False,False,False,False,False,False,2
-0.46890334747730844,-0.654616290181273,False,False,False,True,False,False,False,False,False,False,False,False,True,False,False,False,1
-0.4686714893224602,-0.654480317037732,False,False,False,True,False,False,False,False,False,False,False,False,True,False,False,False,1
-0.5672112051329707,-0.6155592382107778,False,False,False,True,False,False,False,False,True,False,False,False,False,False,False,False,2
-0.7376269489464419,1.4614412580597014,True,False,False,False,False,False,True,False,False,False,False,False,False,False,False,False,0
-0.7376269489464419,1.314571444811402,True,False,False,False,False,False,True,False,False,False,False,False,False,False,False,False,0
-0.7376269489464419,-0.7065172390708494,False,True,False,False,False,False,False,False,False,False,False,False,False,True,False,False,3
2.9996946490526617,1.7582629424765612,False,False,False,True,False,False,True,False,False,False,False,False,False,False,False,False,0
-0.5859917156756798,-0.7122253572131174,False,False,False,True,False,False,False,False,False,False,False,False,True,False,False,False,1
-0.7515384382373375,2.7667912387309963,True,False,False,False,False,False,True,False,False,False,False,False,False,False,False,False,0
1.8339118464756103,0.3207580818292792,False,False,False,True,False,False,True,False,False,False,False,False,False,False,False,False,0
-0.4682077730127637,-0.6546962102609998,False,False,False,True,False,False,False,False,False,False,False,False,True,False,False,False,1
0.0026961394840524762,-0.5671461438846126,False,False,False,True,False,False,False,False,True,False,False,False,False,False,False,False,1
-0.007505619329270966,-0.5195022444679211,False,False,False,True,False,False,False,False,False,False,False,False,True,False,False,False,2
-0.4686714893224602,-0.6545388944974599,False,False,False,True,False,False,False,False,False,False,False,False,True,False,False,False,1
1.2600629132261667,1.1607478387826236,False,False,False,True,False,False,True,False,False,False,False,False,False,False,False,False,0
-0.7457419843661309,1.0295965209276567,False,False,False,True,False,False,True,False,False,False,False,False,False,False,False,False,2
-0.7376269489464419,-0.7064709967275187,False,True,False,False,False,False,False,False,False,False,False,False,False,True,False,False,3
1.3908309125605853,-0.6783296621790064,False,False,False,False,True,False,False,False,False,True,False,False,False,False,False,False,2
0.0026961394840524762,-0.5894854986609696,False,False,False,True,False,False,False,False,True,False,False,False,False,False,False,False,1
0.6535219801431185,-0.6605141396255197,False,False,False,True,False,False,False,False,False,False,False,False,True,False,False,False,2
-0.015156938439263547,-0.6166274019181388,False,False,False,True,False,False,False,False,False,False,False,False,True,False,False,False,2
-0.05596397369255732,-0.7090768617822146,False,False,False,True,False,False,False,False,False,False,False,False,True,False,False,False,0
1.5471033089283126,0.27461384570331226,False,False,False,True,False,False,True,False,False,False,False,False,False,False,False,False,0
-0.6374642260519935,-0.6689642107112935,False,False,False,False,True,False,False,False,False,True,False,False,False,False,False,False,0
-0.5069280848724231,-0.16725377591409737,False,False,False,True,False,False,False,False,True,False,False,False,False,False,False,False,2
0.227830407841713,0.8004747745997769,False,False,False,True,False,False,False,False,False,False,False,False,True,False,False,False,2
-0.7376269489464419,-0.7065469580954714,False,True,False,False,False,False,False,False,False,False,False,False,False,True,False,False,3
1.3630079339787942,-0.675170495438104,False,True,False,False,False,False,False,True,False,False,False,False,False,False,False,False,2
-0.6235527367610979,2.673762430004694,False,False,False,True,False,False,False,False,False,False,False,False,True,False,False,False,0
-0.4686714893224602,-0.6545955786602525,False,False,False,True,False,False,False,False,False,False,False,False,True,False,False,False,1
1.3769194232696897,-0.6732442666105751,False,True,False,False,False,False,False,True,False,False,False,False,False,False,False,False,2
0.6535219801431185,-0.6647531740912016,False,False,False,True,False,False,False,False,False,False,False,False,True,False,False,False,2
1.3908309125605853,-0.6782150890280987,False,False,False,False,True,False,False,False,False,True,False,False,False,False,False,False,2
-0.7376269489464419,1.490820866176587,True,False,False,False,False,False,True,False,False,False,False,False,False,False,False,False,0
-0.6402465239101727,1.580249656839215,True,False,False,False,False,False,False,False,False,True,False,False,False,False,False,False,0
-0.5859917156756798,-0.7122239802698916,False,False,False,True,False,False,False,False,False,False,False,False,True,False,False,False,1
0.0026961394840524762,-0.5789608904877288,False,False,False,True,False,False,False,False,True,False,False,False,False,False,False,False,1
0.6535219801431185,-0.6618898206532939,False,False,False,True,False,False,False,False,False,False,False,False,True,False,False,False,2
0.6535219801431185,-0.6592998478183283,False,False,False,True,False,False,False,False,False,False,False,False,True,False,False,False,2
-0.7376269489464419,1.3145783295275308,True,False,False,False,False,False,True,False,False,False,False,False,False,False,False,False,0
-0.7376269489464419,1.4908174238185223,True,False,False,False,False,False,True,False,False,False,False,False,False,False,False,False,0
-0.052949817679529936,-0.5249280318762799,False,False,False,True,False,False,False,False,False,False,False,False,True,False,False,False,2
-0.5690660703717568,-0.18981143356436714,False,False,False,True,False,False,True,False,False,False,False,False,False,False,False,False,2
-0.7376269489464419,2.2105139782139394,True,False,False,False,False,False,True,False,False,False,False,False,False,False,False,False,0
-0.46843963116761195,-0.6547254703045465,False,False,False,True,False,False,False,False,False,False,False,False,True,False,False,False,1
-0.7376269489464419,-0.7064894133431628,False,True,False,False,False,False,False,False,False,False,False,False,False,True,False,False,3
1.3630079339787942,-0.6717714537127526,False,True,False,False,False,False,False,True,False,False,False,False,False,False,False,False,2
1.3908309125605853,-0.6782607576450853,False,False,False,False,True,False,False,False,False,True,False,False,False,False,False,False,2
0.6396104908522229,-0.6621696843639236,False,False,False,True,False,False,False,False,False,False,False,False,True,False,False,False,2
0.07503588379670961,2.658434527506394,False,False,False,True,False,False,True,False,False,False,False,False,False,False,False,False,0
1.404742401851481,-0.6784313838598072,False,False,False,False,True,False,False,False,False,True,False,False,False,False,False,False,2
-0.5725439426944807,-0.3315687713607959,False,False,False,True,False,False,False,False,True,False,False,False,False,False,False,False,2
-0.6402465239101727,1.5806560845813435,True,False,False,False,False,False,False,False,False,True,False,False,False,False,False,False,0
-0.7251066085846358,3.802206646373206,False,False,False,True,False,False,True,False,False,False,False,False,False,False,False,False,2
-0.08425066858404504,-0.7096422690942804,False,False,False,False,True,False,True,False,False,False,False,False,False,False,False,False,0
0.6535219801431185,-0.6647041778614193,False,False,False,True,False,False,False,False,False,False,False,False,True,False,False,False,2
-0.6499845664137995,2.61583534646034,False,False,False,True,False,False,False,False,True,False,False,False,False,False,False,False,0
-0.6669102117177226,-0.7117558195731432,False,False,False,True,False,False,False,False,True,False,False,False,False,False,False,False,0
-0.7462057006758275,-0.3084878179121139,False,False,False,True,False,False,False,False,False,False,False,False,True,False,False,False,2
-0.7376269489464419,1.9314218147715927,True,False,False,False,False,False,True,False,False,False,False,False,False,False,False,False,0
1.3630079339787942,-0.6626553437141659,False,True,False,False,False,False,False,True,False,False,False,False,False,False,False,False,2
-0.5836731341271972,-0.40298307117381965,False,False,False,True,False,False,False,False,True,False,False,False,False,False,False,False,2
0.6535219801431185,-0.6631944169870396,False,False,False,True,False,False,False,False,False,False,False,False,True,False,False,False,2
-0.5282590351184631,-0.3089629780702599,False,False,False,True,False,False,True,False,False,False,False,False,False,False,False,False,2
-0.08077279626132114,-0.5730053241732701,False,False,False,True,False,False,False,False,True,False,False,False,False,False,False,False,1
0.0026961394840524762,-0.5652283488343411,False,False,False,True,False,False,False,False,True,False,False,False,False,False,False,False,1
1.404742401851481,-0.6745241353388922,False,False,False,False,True,False,False,False,False,True,False,False,False,False,False,False,2
1.3769194232696897,-0.6730470768661236,False,True,False,False,False,False,False,True,False,False,False,False,False,False,False,False,2
-0.7348446510882627,-0.7122616167180618,False,False,False,False,True,False,True,False,False,False,False,False,False,False,False,False,0
-0.6669102117177226,-0.7109598890160362,False,False,False,True,False,False,False,False,True,False,False,False,False,False,False,False,0
-0.7139774171519193,-0.6535511672235356,False,False,False,True,False,False,False,False,False,False,False,True,False,False,False,False,2
-0.46890334747730844,-0.6545322966445034,False,False,False,True,False,False,False,False,False,False,False,False,True,False,False,False,1
-0.6453474033168344,0.16180777193529763,False,False,False,True,False,False,True,False,False,False,False,False,False,False,False,False,2
-0.08633739197767938,-0.571578294637703,False,False,False,True,False,False,False,False,True,False,False,False,False,False,False,False,1
0.9737180919885655,1.3043494772846502,False,False,False,True,False,False,True,False,False,False,False,False,False,False,False,False,0
0.9737180919885655,1.0219659605517306,False,False,False,True,False,False,True,False,False,False,False,False,False,False,False,False,0
-0.5280271769636148,-0.308673762620222,False,False,False,True,False,False,True,False,False,False,False,False,False,False,False,False,2
-0.5859917156756798,2.290241974360755,False,False,False,True,False,False,False,False,False,False,False,False,True,False,False,False,1
0.0026961394840524762,-0.5657962231696865,False,False,False,True,False,False,False,False,True,False,False,False,False,False,False,False,1
-0.5528359995323786,0.04523661903442473,False,False,False,True,False,False,False,False,True,False,False,False,False,False,False,False,2
0.6535219801431185,-0.6611361163551094,False,False,False,True,False,False,False,False,False,False,False,False,True,False,False,False,2
0.6535219801431185,-0.6611080611368851,False,False,False,True,False,False,False,False,False,False,False,False,True,False,False,False,2
-0.09978516495887847,-0.5663495822285272,False,False,False,True,False,False,False,False,True,False,False,False,False,False,False,False,1
-0.6669102117177226,-0.7117875466399693,False,False,False,True,False,False,False,False,True,False,False,False,False,False,False,False,0
-0.7376269489464419,1.3586223829984514,True,False,False,False,False,False,True,False,False,False,False,False,False,False,False,False,0
1.3908309125605853,-0.6636809369267979,False,False,False,False,True,False,False,False,False,True,False,False,False,False,False,False,2
1.3490964446878986,-0.6645616068649217,False,True,False,False,False,False,False,True,False,False,False,False,False,False,False,False,2
1.404742401851481,-0.6774162898392714,False,False,False,False,True,False,False,False,False,True,False,False,False,False,False,False,2
-0.5595598860229781,0.6243340170041564,False,False,False,True,False,False,False,False,False,False,False,True,False,False,False,False,2
0.6535219801431185,-0.6635026227790657,False,False,False,True,False,False,False,False,False,False,False,False,True,False,False,False,2
-0.5653563398941847,-0.19072572386625253,False,False,False,True,False,False,True,False,False,False,False,False,False,False,False,False,2
-0.7376269489464419,1.1924957892477661,True,False,False,False,False,False,True,False,False,False,False,False,False,False,False,False,0
-0.15612669658700565,0.6021468718268769,False,False,False,True,False,False,True,False,False,False,False,False,False,False,False,False,2
0.4761504916841995,2.63930488476185,False,False,False,True,False,False,True,False,False,False,False,False,False,False,False,False,0
-0.7376269489464419,-0.7064702508832713,False,True,False,False,False,False,False,False,False,False,False,False,False,True,False,False,3
0.0026961394840524762,-0.573948128674455,False,False,False,True,False,False,False,False,True,False,False,False,False,False,False,False,1
-0.7376269489464419,-0.706551834769396,False,True,False,False,False,False,False,False,False,False,False,False,False,True,False,False,3
-0.5681386377523637,-0.4251068769627153,False,False,False,True,False,False,False,False,True,False,False,False,False,False,False,False,0
-0.7264977575137254,-0.5153158207079892,False,False,False,False,True,False,True,False,False,False,False,False,False,False,False,False,0
0.6535219801431185,-0.6657323528425996,False,False,False,True,False,False,False,False,False,False,False,False,True,False,False,False,2
2.1211841003326044,0.785586690716829,False,False,False,True,False,False,True,False,False,False,False,False,False,False,False,False,0
-0.7123544100679815,-0.7122388971548371,False,False,False,True,False,False,False,False,False,False,False,False,True,False,False,False,1
-0.08077279626132114,-0.5845326912506494,False,False,False,True,False,False,False,False,True,False,False,False,False,False,False,False,1
-0.7376269489464419,-0.7064326718077358,False,True,False,False,False,False,False,False,False,False,False,False,False,True,False,False,3
-0.10442232805584367,0.6205082949967314,False,False,False,True,False,False,True,False,False,False,False,False,False,False,False,False,2
-0.7376269489464419,-0.7064937162907432,False,True,False,False,False,False,False,False,False,False,False,False,False,True,False,False,3
-0.7274251901331185,1.8523363921301177,False,False,False,True,False,False,True,False,False,False,False,False,False,False,False,False,2
-0.20829478142786417,-0.7110002219780233,False,False,False,False,True,False,True,False,False,False,False,False,False,False,False,False,0
-0.7515384382373375,2.7980157212798233,True,False,False,False,False,False,True,False,False,False,False,False,False,False,False,False,0
1.5508130394058848,0.19507047469401328,False,False,False,True,False,False,True,False,False,False,False,False,False,False,False,False,0
-0.09978516495887847,-0.5674510220638432,False,False,False,True,False,False,False,False,True,False,False,False,False,False,False,False,1
-0.5818182688884111,-0.6892788278468474,False,False,False,True,False,False,False,False,False,False,False,False,True,False,False,False,2
0.9737180919885655,1.6083868031854158,False,False,False,True,False,False,True,False,False,False,False,False,False,False,False,False,0
-0.052949817679529936,-0.5267655052383835,False,False,False,True,False,False,False,False,False,False,False,False,True,False,False,False,2
-0.6796624102343769,0.3448041003612955,False,False,False,True,False,False,False,False,False,False,False,True,False,False,False,False,2
-0.7376269489464419,-0.706537548983429,False,True,False,False,False,False,False,False,False,False,False,False,False,True,False,False,3
-0.7348446510882627,-0.7122698210047816,False,False,False,False,True,False,True,False,False,False,False,False,False,False,False,False,0
0.6535219801431185,-0.6607299754761531,False,False,False,True,False,False,False,False,False,False,False,False,True,False,False,False,2
-0.7376269489464419,1.4173799927984592,True,False,False,False,False,False,True,False,False,False,False,False,False,False,False,False,0
0.0026961394840524762,-0.5792745466800234,False,False,False,True,False,False,False,False,True,False,False,False,False,False,False,False,1
-0.5644289072747916,-0.7053780480420946,False,False,False,True,False,False,False,False,False,False,False,False,True,False,False,False,2
0.017998777704037638,-0.5788393752480581,False,False,False,True,False,False,False,False,True,False,False,False,False,False,False,False,1
-0.5859917156756798,-0.7121635095132283,False,False,False,True,False,False,False,False,False,False,False,False,True,False,False,False,1
-0.7448145517467379,4.391406160436416,False,False,False,True,False,False,True,False,False,False,False,False,False,False,False,False,2
1.3769194232696897,-0.6734011807656741,False,True,False,False,False,False,False,True,False,False,False,False,False,False,False,False,2
1.3769194232696897,-0.6674359184760008,False,False,False,False,True,False,False,False,False,True,False,False,False,False,False,False,2
0.6535219801431185,-0.660503124079714,False,False,False,True,False,False,False,False,False,False,False,False,True,False,False,False,2
-0.5611828931069159,0.21975292785948924,False,False,False,True,False,False,True,False,False,False,False,False,False,False,False,False,2
-0.46890334747730844,-0.6546548445915935,False,False,False,True,False,False,False,False,False,False,False,False,True,False,False,False,1
-0.5706890774556946,-0.09476041159317575,False,False,False,True,False,False,False,False,True,False,False,False,False,False,False,False,2
-0.5859917156756798,0.8746036606096951,False,False,False,True,False,False,False,False,False,False,False,False,True,False,False,False,1
-0.09978516495887847,-0.5790962325322913,False,False,False,True,False,False,False,False,True,False,False,False,False,False,False,False,1
1.9428851792542925,0.09481891027713897,False,False,False,False,True,False,True,False,False,False,False,False,False,False,False,False,0
-0.7376269489464419,-0.7064418514292407,False,True,False,False,False,False,False,False,False,False,False,False,False,True,False,False,3
-0.5641970491199434,-0.3071204559163286,False,False,False,True,False,False,True,False,False,False,False,False,False,False,False,False,2
-0.007737477484119226,1.325334780516404,False,False,False,True,False,False,False,False,False,False,False,False,True,False,False,False,2
-0.746669416985524,1.0295987010877643,False,False,False,True,False,False,True,False,False,False,False,False,False,False,False,False,2
-0.5618784675714608,-0.7053962925398356,False,False,False,True,False,False,False,False,False,False,False,False,True,False,False,False,2
-0.5859917156756798,-0.712220480539193,False,False,False,True,False,False,False,False,False,False,False,False,True,False,False,False,1
0.6794900934861235,0.9537336044154682,False,False,False,True,False,False,True,False,False,False,False,False,False,False,False,False,0
-0.6221615878320084,-0.12479137122846627,False,False,False,True,False,False,False,False,True,False,False,False,False,False,False,False,0
-0.060137420479825995,-0.5213601424878732,False,False,False,True,False,False,False,False,False,False,False,False,True,False,False,False,2
-0.4876838580200175,-0.1459330722616093,False,False,False,True,False,False,False,False,False,False,False,False,True,False,False,False,2
1.3490964446878986,-0.6652124420296174,False,True,False,False,False,False,False,True,False,False,False,False,False,False,False,False,2
-0.7448145517467379,-0.30580048371656215,False,False,False,True,False,False,False,False,False,False,False,False,True,False,False,False,2
-0.08633739197767938,-0.555933867315388,False,False,False,True,False,False,False,False,True,False,False,False,False,False,False,False,1
-0.5859917156756798,1.3977913689786718,False,False,False,True,False,False,False,False,False,False,False,False,True,False,False,False,1
-0.4679759148579154,-0.6545366569647182,False,False,False,True,False,False,False,False,False,False,False,False,True,False,False,False,1
-0.7376269489464419,2.238960707295392,True,False,False,False,False,False,True,False,False,False,False,False,False,False,False,False,0
-0.7376269489464419,2.2619134329061783,True,False,False,False,False,False,True,False,False,False,False,False,False,False,False,False,0
1.3490964446878986,-0.6650811160694632,False,True,False,False,False,False,False,True,False,False,False,False,False,False,False,False,2
-0.42971931930795254,-0.0930848438053643,False,False,False,True,False,False,False,False,False,False,False,False,True,False,False,False,2
1.8339118464756103,0.32075486896175265,False,False,False,True,False,False,True,False,False,False,False,False,False,False,False,False,0
-0.6738659563631704,-0.1909159715219411,False,False,False,True,False,False,False,False,False,False,False,False,True,False,False,False,2
-0.6374642260519935,2.6267790617279125,False,False,False,True,False,False,False,False,False,False,False,False,True,False,False,False,0
-0.5825138433529559,-0.29890171129247767,False,False,False,True,False,False,False,False,True,False,False,False,False,False,False,False,2
-0.5859917156756798,1.516241992010033,False,False,False,True,False,False,False,False,False,False,False,False,True,False,False,False,1
-0.5859917156756798,-0.06783658171938164,False,False,False,True,False,False,False,False,False,False,False,False,True,False,False,False,1
-0.5859917156756798,-0.06828833384269023,False,False,False,True,False,False,False,False,False,False,False,False,True,False,False,False,1
-0.7237154596555463,0.873947661907903,True,False,False,False,False,False,True,False,False,False,False,False,False,False,False,False,0
-0.5373015031575452,0.28215915034451183,False,False,False,False,True,False,False,False,False,True,False,False,False,False,False,False,0
-0.7237154596555463,0.8711915952963335,True,False,False,False,False,False,True,False,False,False,False,False,False,False,False,False,0
-0.08262766150010722,-0.5656811336650691,False,False,False,True,False,False,False,False,True,False,False,False,False,False,False,False,1
2.6996701966790133,0.6077428838415166,False,False,False,True,False,False,True,False,False,False,False,False,False,False,False,False,0
-0.4686714893224602,-0.6546343051884763,False,False,False,True,False,False,False,False,False,False,False,False,True,False,False,False,1
0.6396104908522229,-0.6572270892825278,False,False,False,True,False,False,False,False,False,False,False,False,True,False,False,False,2
-0.7376269489464419,-0.7065474170765468,False,True,False,False,False,False,False,False,False,False,False,False,False,True,False,False,3
0.6396104908522229,-0.6298718745706391,False,False,False,True,False,False,False,False,False,False,False,False,True,False,False,False,2
-0.023735690168649168,-0.5268894301286994,False,False,False,True,False,False,False,False,False,False,False,False,True,False,False,False,2
-0.5709209356105429,-0.3831051171587257,False,False,False,True,False,False,False,False,True,False,False,False,False,False,False,False,2
-0.5373015031575452,0.27889338524888435,False,False,False,False,True,False,False,False,False,True,False,False,False,False,False,False,0
-0.5999032049665753,0.8666389620109916,False,False,False,True,False,False,True,False,False,False,False,False,False,False,False,False,2
-0.5859917156756798,-0.31101984438633007,False,False,False,True,False,False,False,False,False,False,False,False,True,False,False,False,1
-0.7376269489464419,-0.7064462691220899,False,True,False,False,False,False,False,False,False,False,False,False,False,True,False,False,3
-0.7376269489464419,-0.7064312948645101,False,True,False,False,False,False,False,False,False,False,False,False,False,True,False,False,3
-0.7445826935918897,1.7478016163190695,False,False,False,True,False,False,True,False,False,False,False,False,False,False,False,False,2
-0.435515773179159,0.4927328976954507,False,False,False,True,False,False,False,False,False,False,False,False,True,False,False,False,2
0.3947682793324602,1.9447223978605415,False,False,False,True,False,False,True,False,False,False,False,False,False,False,False,False,0
0.6535219801431185,-0.6664075713769174,False,False,False,True,False,False,False,False,False,False,False,False,True,False,False,False,2
0.6535219801431185,-0.662089764284197,False,False,False,True,False,False,False,False,False,False,False,False,True,False,False,False,2
-0.7376269489464419,-0.7122508880354278,False,False,False,True,False,False,False,False,False,False,False,False,True,False,False,False,3
-0.5711527937653912,0.23225333481638524,False,False,False,True,False,False,False,False,False,False,False,False,True,False,False,False,2
-0.6056996588377819,-0.07334165810848868,False,False,False,True,False,False,True,False,False,False,False,False,False,False,False,False,2
0.6535219801431185,-0.6659581141589851,False,False,False,True,False,False,False,False,False,False,False,False,True,False,False,False,2
0.6535219801431185,-0.6658836444795267,False,False,False,True,False,False,False,False,False,False,False,False,True,False,False,False,2
-0.7376269489464419,-0.7065532117126216,False,True,False,False,False,False,False,False,False,False,False,False,False,True,False,False,3
-0.5859917156756798,-0.06953745083896594,False,False,False,True,False,False,False,False,False,False,False,False,True,False,False,False,1
-0.1018718883525128,0.5533530526987969,False,False,False,True,False,False,True,False,False,False,False,False,False,False,False,False,2
1.3908309125605853,-0.6680870978765029,False,False,False,False,True,False,False,False,False,True,False,False,False,False,False,False,2
0.0026961394840524762,-0.5792708748314216,False,False,False,True,False,False,False,False,True,False,False,False,False,False,False,False,1
-0.7258021830491806,1.101547312245006,False,False,False,True,False,False,True,False,False,False,False,False,False,False,False,False,2
0.0026961394840524762,-0.5776587611772624,False,False,False,True,False,False,False,False,True,False,False,False,False,False,False,False,1
0.0026961394840524762,-0.5806688164413449,False,False,False,True,False,False,False,False,True,False,False,False,False,False,False,False,1
-0.6374642260519935,2.674697144964428,False,False,False,True,False,False,False,False,False,False,False,False,True,False,False,False,0
-0.6281898998580631,0.7857935764364951,False,False,False,True,False,False,False,False,False,False,False,True,False,False,False,False,2
3.5682108447405954,0.07586207390742469,False,False,False,True,False,False,True,False,False,False,False,False,False,False,False,False,0
-0.5639651909650951,-0.7058794848667983,False,False,False,True,False,False,False,False,False,False,False,False,True,False,False,False,2
1.3630079339787942,-0.6633403155963327,False,True,False,False,False,False,False,True,False,False,False,False,False,False,False,False,2
-0.366885759344074,0.2789405455543654,False,False,False,True,False,False,True,False,False,False,False,False,False,False,False,False,2
-0.5859917156756798,1.7602673128321504,False,False,False,True,False,False,False,False,False,False,False,False,True,False,False,False,1
0.1615189755551106,-0.33063531859901907,False,False,False,True,False,False,False,False,False,False,False,False,True,False,False,False,2
-0.5718483682299359,0.026769228608823373,False,False,False,True,False,False,False,False,False,False,False,False,True,False,False,False,2
0.06761642284156529,2.687359285377713,False,False,False,True,False,False,True,False,False,False,False,False,False,False,False,False,0
-0.7376269489464419,-0.7122582317326317,False,False,False,True,False,False,False,False,False,False,False,False,True,False,False,False,3
1.404742401851481,-0.679090882292298,False,False,False,False,True,False,False,False,False,True,False,False,False,False,False,False,2
-0.0844825267388933,-0.570931762420588,False,False,False,True,False,False,False,False,True,False,False,False,False,False,False,False,1
-0.5287227514281596,0.8077347077574438,False,False,False,True,False,False,True,False,False,False,False,False,False,False,False,False,2
-0.46890334747730844,-0.6544970698469784,False,False,False,True,False,False,False,False,False,False,False,False,True,False,False,False,1
0.08639693338427436,0.7464471942706933,False,False,False,True,False,False,False,False,False,False,False,False,True,False,False,False,2
-0.1111462145464432,0.6163856122336239,False,False,False,True,False,False,True,False,False,False,False,False,False,False,False,False,2
-0.5859917156756798,-0.7122283405901065,False,False,False,True,False,False,False,False,False,False,False,False,True,False,False,False,1
-0.5859917156756798,2.67299662008065,False,False,False,True,False,False,False,False,False,False,False,False,True,False,False,False,1
1.3908309125605853,-0.6767628729060275,False,False,False,False,True,False,False,False,False,True,False,False,False,False,False,False,2
1.3490964446878986,-0.6581558374882833,False,True,False,False,False,False,False,True,False,False,False,False,False,False,False,False,2
-0.4802643970648732,-0.6462675965404937,False,False,False,True,False,False,False,False,True,False,False,False,False,False,False,False,2
-0.4691352056321567,-0.6545959802686935,False,False,False,True,False,False,False,False,False,False,False,False,True,False,False,False,1
-0.09978516495887847,-0.5827842028445086,False,False,False,True,False,False,False,False,True,False,False,False,False,False,False,False,1
-0.5859917156756798,-0.30992523189450827,False,False,False,True,False,False,False,False,False,False,False,False,True,False,False,False,1
-0.12111611520491838,-0.3845093697584337,False,False,False,True,False,False,False,False,False,False,False,False,True,False,False,False,0
1.3630079339787942,-0.6730127680307492,False,True,False,False,False,False,False,True,False,False,False,False,False,False,False,False,2
1.404742401851481,-0.6780567979297739,False,False,False,False,True,False,False,False,False,True,False,False,False,False,False,False,2
-0.5859917156756798,-0.06665631188439253,False,False,False,True,False,False,False,False,False,False,False,False,True,False,False,False,1
0.0026961394840524762,-0.5813471330979206,False,False,False,True,False,False,False,False,True,False,False,False,False,False,False,False,1
-0.5859917156756798,-0.7044240558772007,False,False,False,True,False,False,False,False,True,False,False,False,False,False,False,False,2
-0.6281898998580631,0.044256751811413905,False,False,False,True,False,False,True,False,False,False,False,False,False,False,False,False,2
0.6535219801431185,-0.6600104652680743,False,False,False,True,False,False,False,False,False,False,False,False,True,False,False,False,2
-0.6645916301692399,0.8663556559422972,False,False,False,True,False,False,True,False,False,False,False,False,False,False,False,False,2
-0.7376269489464419,2.2251724568139966,True,False,False,False,False,False,True,False,False,False,False,False,False,False,False,False,0
0.6535219801431185,-0.6635719289214276,False,False,False,True,False,False,False,False,False,False,False,False,True,False,False,False,2
0.6535219801431185,-0.6633477166661711,False,False,False,True,False,False,False,False,False,False,False,False,True,False,False,False,2
-0.7376269489464419,-0.7065329018000421,False,True,False,False,False,False,False,False,False,False,False,False,False,True,False,False,3
-0.41998127680432557,-0.6533203571153224,False,False,False,True,False,False,False,False,False,False,False,False,True,False,False,False,2
0.6535219801431185,-0.6650519133985509,False,False,False,True,False,False,False,False,False,False,False,False,True,False,False,False,2
1.3908309125605853,-0.6782912798865891,False,False,False,False,True,False,False,False,False,True,False,False,False,False,False,False,2
-0.5846005667465902,-0.1908798841349,False,False,False,True,False,False,True,False,False,False,False,False,False,False,False,False,2
-0.555850155545406,-0.7065518921420304,False,False,False,True,False,False,False,False,False,False,False,False,True,False,False,False,2
-0.7376269489464419,-0.7122379218200522,False,False,False,True,False,False,False,False,False,False,False,False,True,False,False,False,3
0.2966922798316462,2.6404759749753346,False,False,False,True,False,False,True,False,False,False,False,False,False,False,False,False,0
0.07341287671277179,2.68923261663632,False,False,False,True,False,False,True,False,False,False,False,False,False,False,False,False,0
0.6535219801431185,-0.6655365400413737,False,False,False,True,False,False,False,False,False,False,False,False,True,False,False,False,2
-0.6713155166598395,-0.7122959829260704,False,False,False,False,True,False,False,False,False,True,False,False,False,False,False,False,0
-0.5646607654296398,-0.07159856272998204,False,False,False,True,False,False,True,False,False,False,False,False,False,False,False,False,2
1.261222204000408,1.0916271247752267,False,False,False,True,False,False,True,False,False,False,False,False,False,False,False,False,0
-0.5692979285266051,-0.7047077061817012,False,False,False,True,False,False,False,False,True,False,False,False,False,False,False,False,2
-0.7237154596555463,0.9767498989051752,True,False,False,False,False,False,True,False,False,False,False,False,False,False,False,False,0
-0.5739350916235703,-0.7057062195108939,False,False,False,True,False,False,False,False,True,False,False,False,False,False,False,False,2
-0.6281898998580631,-0.47171439711150653,False,False,False,True,False,False,False,False,False,False,False,True,False,False,False,False,2
-0.6005987794311202,0.9841764421931554,False,False,False,True,False,False,True,False,False,False,False,False,False,False,False,False,2
-0.10905949115280887,0.6272058615919558,False,False,False,True,False,False,True,False,False,False,False,False,False,False,False,False,2
0.6535219801431185,-0.66167983681137,False,False,False,True,False,False,False,False,False,False,False,False,True,False,False,False,2
0.6535219801431185,-0.6600312915343635,False,False,False,True,False,False,False,False,False,False,False,False,True,False,False,False,2
-0.6499845664137995,2.6735570359735226,False,False,False,True,False,False,False,False,True,False,False,False,False,False,False,False,0
1.3630079339787942,-0.6718563078390384,False,True,False,False,False,False,False,True,False,False,False,False,False,False,False,False,2
1.9438126118736856,0.09537766236361372,False,False,False,False,True,False,True,False,False,False,False,False,False,False,False,False,0
1.3908309125605853,-0.673223727207458,False,False,False,False,True,False,False,False,False,True,False,False,False,False,False,False,2
-0.6001350631214236,-0.7040867047868965,False,False,False,True,False,False,False,False,False,False,False,False,True,False,False,False,2
0.6535219801431185,-0.6645815725416948,False,False,False,True,False,False,False,False,False,False,False,False,True,False,False,False,2
-0.10164003019766454,-0.5618143902240443,False,False,False,True,False,False,False,False,True,False,False,False,False,False,False,False,1
-0.5637333328102468,0.2554721547055434,False,False,False,True,False,False,False,False,False,False,False,False,True,False,False,False,2
-0.19623815737575465,0.5573468765250298,False,False,False,True,False,False,True,False,False,False,False,False,False,False,False,False,2
2.5313411762591764,-0.6870450816989052,False,False,False,False,True,False,True,False,False,False,False,False,False,False,False,False,0
-0.5859917156756798,1.4232776701248024,False,False,False,True,False,False,False,False,False,False,False,False,True,False,False,False,1
-0.7376269489464419,-0.7064730047697229,False,True,False,False,False,False,False,False,False,False,False,False,False,True,False,False,3
-0.4686714893224602,-0.6546441159089597,False,False,False,True,False,False,False,False,False,False,False,False,True,False,False,False,1
-0.7376269489464419,-0.706549711981923,False,True,False,False,False,False,False,False,False,False,False,False,False,True,False,False,3
-0.09978516495887847,-0.5660955362033798,False,False,False,True,False,False,False,False,True,False,False,False,False,False,False,False,1
0.1394924508445259,-0.7110384895251717,False,False,False,False,True,False,True,False,False,False,False,False,False,False,False,False,0
0.6101645051864938,-0.682706218849358,False,False,False,False,True,False,True,False,False,False,False,False,False,False,False,False,0
-0.7376269489464419,-0.7064884380083779,False,True,False,False,False,False,False,False,False,False,False,False,False,True,False,False,3
0.6535219801431185,-0.6633422662659025,False,False,False,True,False,False,False,False,False,False,False,False,True,False,False,False,2
-0.6281898998580631,0.48837005308472203,False,False,False,True,False,False,False,False,False,False,False,True,False,False,False,False,2
-0.7464375588306758,5.625271215581734,False,False,False,True,False,False,True,False,False,False,False,False,False,False,False,False,2
-0.672706665588929,0.8886588085863445,False,False,False,True,False,False,False,False,False,False,False,False,True,False,False,False,2
-0.09862587418463717,0.5952077664408054,False,False,False,True,False,False,True,False,False,False,False,False,False,False,False,False,2
1.3769194232696897,-0.6758525986885505,False,True,False,False,False,False,False,True,False,False,False,False,False,False,False,False,2
-0.12366655490824925,0.5925968525942816,False,False,False,True,False,False,True,False,False,False,False,False,False,False,False,False,2
1.8415631655856028,0.03386019935816621,False,False,False,False,True,False,True,False,False,False,False,False,False,False,False,False,0
-0.1215798315146149,0.6206054842394142,False,False,False,True,False,False,True,False,False,False,False,False,False,False,False,False,2
-0.03625603053045521,-0.16363075142402694,False,False,False,True,False,False,False,False,False,False,False,False,True,False,False,False,2
-0.062224143873460334,0.6277425252141846,False,False,False,True,False,False,True,False,False,False,False,False,False,False,False,False,2
-0.5859917156756798,2.399149921856725,False,False,False,True,False,False,False,False,False,False,False,False,True,False,False,False,1
-0.5750943823978115,-0.23530368707295055,False,False,False,True,False,False,False,False,True,False,False,False,False,False,False,False,2
0.3919859814742811,2.1133917467680767,False,False,False,True,False,False,True,False,False,False,False,False,False,False,False,False,0
-0.6374642260519935,-0.668442865582451,False,False,False,False,True,False,False,False,False,True,False,False,False,False,False,False,0
-0.7376269489464419,-0.7122519781154815,False,False,False,True,False,False,False,False,False,False,False,False,True,False,False,False,3
-0.6043085099086923,-0.3380555508972148,False,False,False,True,False,False,False,False,False,False,False,False,True,False,False,False,2
0.6180476824513347,-0.6903109041671672,False,False,False,True,False,False,False,False,False,False,False,False,True,False,False,False,0
-0.2581442847202401,-0.7110373420724836,False,False,False,False,True,False,True,False,False,False,False,False,False,False,False,False,0
2.993434478871759,1.7580233543552841,False,False,False,True,False,False,True,False,False,False,False,False,False,False,False,False,0
-0.6050040843732372,0.04524556916539203,False,False,False,True,False,False,True,False,False,False,False,False,False,False,False,False,2
-0.7376269489464419,1.3733166621223778,True,False,False,False,False,False,True,False,False,False,False,False,False,False,False,False,0
-0.5859917156756798,-0.7122427984939766,False,False,False,True,False,False,False,False,False,False,False,False,True,False,False,False,1
-0.7376269489464419,-0.7064563667057452,False,True,False,False,False,False,False,False,False,False,False,False,False,True,False,False,3
0.0026961394840524762,-0.5659499818298931,False,False,False,True,False,False,False,False,True,False,False,False,False,False,False,False,1
-0.46843963116761195,-0.6546162328086386,False,False,False,True,False,False,False,False,False,False,False,False,True,False,False,False,1
-0.5859917156756798,3.9911393212811364,False,False,False,True,False,False,False,False,False,False,False,False,True,False,False,False,1
-0.567443063287819,0.45561521288576345,False,False,False,True,False,False,True,False,False,False,False,False,False,False,False,False,2
-0.10164003019766454,-0.5732959739391681,False,False,False,True,False,False,False,False,True,False,False,False,False,False,False,False,1
-0.7251066085846358,2.394079787409046,False,False,False,True,False,False,True,False,False,False,False,False,False,False,False,False,2
-0.4682077730127637,-0.6541917326866726,False,False,False,True,False,False,False,False,False,False,False,False,True,False,False,False,1
2.7068577994793093,0.07474193059329243,False,False,False,True,False,False,True,False,False,False,False,False,False,False,False,False,0
-0.7376269489464419,1.8873766138479837,True,False,False,False,False,False,True,False,False,False,False,False,False,False,False,False,0
-0.4679759148579154,-0.6545262725178909,False,False,False,True,False,False,False,False,False,False,False,False,True,False,False,False,1
-0.5632696165005503,-0.19098481868322756,False,False,False,True,False,False,True,False,False,False,False,False,False,False,False,False,2
1.8366941443337894,0.091261175845022,False,False,False,True,False,False,True,False,False,False,False,False,False,False,False,False,0
-0.7095721122098024,2.3426810211884206,False,False,False,True,False,False,False,False,False,False,False,False,True,False,False,False,2
-0.106509051449478,0.5357751102243834,False,False,False,True,False,False,True,False,False,False,False,False,False,False,False,False,2
0.6396104908522229,-0.6606042720341707,False,False,False,True,False,False,False,False,False,False,False,False,True,False,False,False,2
-0.13827361866368965,0.6242912170188897,False,False,False,True,False,False,True,False,False,False,False,False,False,False,False,False,2
1.04907199231425,0.7824062961011967,False,False,False,False,True,False,True,False,False,False,False,False,False,False,False,False,0
0.6535219801431185,-0.6643057822881079,False,False,False,True,False,False,False,False,False,False,False,False,True,False,False,False,2
-0.6861544385701281,2.659576013440525,False,False,False,True,False,False,True,False,False,False,False,False,False,False,False,False,0
0.6637237389564419,-0.6735243024391083,False,False,False,False,True,False,True,False,False,False,False,False,False,False,False,False,0
2.4165713896092877,0.6191806922365891,False,False,False,True,False,False,True,False,False,False,False,False,False,False,False,False,0
-0.09793029972009239,-0.5783779271495348,False,False,False,True,False,False,False,False,True,False,False,False,False,False,False,False,1
-0.5859917156756798,2.666426764969612,False,False,False,True,False,False,False,False,False,False,False,False,True,False,False,False,1
2.629880892069687,-0.6450391910652384,False,False,False,False,True,False,True,False,False,False,False,False,False,False,False,False,0
-0.7376269489464419,-0.7064823565091309,False,True,False,False,False,False,False,False,False,False,False,False,False,True,False,False,3
1.2579761898325323,0.19507753152804513,False,False,False,True,False,False,True,False,False,False,False,False,False,False,False,False,0
-0.7515384382373375,-0.7122972451240275,False,True,False,False,False,False,False,True,False,False,False,False,False,False,False,False,3
-0.7376269489464419,5.66754796242243,True,False,False,False,False,False,True,False,False,False,False,False,False,False,False,False,0
-0.13410017187642095,0.6287763800861709,False,False,False,True,False,False,True,False,False,False,False,False,False,False,False,False,2
-0.5859917156756798,-0.31211026867584024,False,False,False,True,False,False,False,False,False,False,False,False,True,False,False,False,1
-0.7248747504297876,2.21780443361311,False,False,False,True,False,False,True,False,False,False,False,False,False,False,False,False,2
-0.5846005667465902,-0.7066435736118103,False,False,False,True,False,False,False,False,True,False,False,False,False,False,False,False,2
0.6535219801431185,-0.6633630925321917,False,False,False,True,False,False,False,False,False,False,False,False,True,False,False,False,2
-0.5859917156756798,-0.5943517307659718,False,False,False,True,False,False,False,False,False,False,False,False,True,False,False,False,1
-0.5672112051329707,-0.19095613236602485,False,False,False,True,False,False,True,False,False,False,False,False,False,False,False,False,2
0.0026961394840524762,-0.5660989785614441,False,False,False,True,False,False,False,False,True,False,False,False,False,False,False,False,1
-0.586223573830528,-0.18998533001925005,False,False,False,True,False,False,True,False,False,False,False,False,False,False,False,False,2
-0.09793029972009239,-0.5828025620875183,False,False,False,True,False,False,False,False,True,False,False,False,False,False,False,False,1
-0.5859917156756798,-0.7122425690034391,False,False,False,True,False,False,False,False,False,False,False,False,True,False,False,False,1
-0.08935154799070677,0.5890926468300651,False,False,False,True,False,False,True,False,False,False,False,False,False,False,False,False,2
0.17867647901388187,-0.3301637155442062,False,False,False,True,False,False,False,False,False,False,False,False,True,False,False,False,2
0.010811174903741578,-0.3907481847689522,False,False,False,True,False,False,False,False,False,False,False,False,True,False,False,False,0
-0.0844825267388933,-0.5830383062422905,False,False,False,True,False,False,False,False,True,False,False,False,False,False,False,False,1
1.842490598204996,2.114181882689109,False,False,False,True,False,False,True,False,False,False,False,False,False,False,False,False,0
-0.11601523579825666,-0.7111519152233913,False,False,False,False,True,False,True,False,False,False,False,False,False,False,False,False,0
-0.1169426684176497,0.6281592800305059,False,False,False,True,False,False,True,False,False,False,False,False,False,False,False,False,2
-0.5857598575208315,-0.7068454679122831,False,False,False,True,False,False,False,False,False,False,False,False,True,False,False,False,2
-0.5859917156756798,3.9883491753247307,False,False,False,True,False,False,False,False,False,False,False,False,True,False,False,False,1
-0.719078296558581,2.342672759529066,False,False,False,True,False,False,False,False,False,False,False,False,True,False,False,False,2
-0.09793029972009239,-0.5808378362223033,False,False,False,True,False,False,False,False,True,False,False,False,False,False,False,False,1
-0.5859917156756798,-0.06659136606224557,False,False,False,True,False,False,False,False,False,False,False,False,True,False,False,False,1
-0.7376269489464419,-0.7122663786467173,False,False,False,True,False,False,False,False,False,False,False,False,True,False,False,False,3
1.9394073069315687,0.08764876529231665,False,False,False,False,True,False,True,False,False,False,False,False,False,False,False,False,0
1.3908309125605853,-0.6767546686193076,False,False,False,False,True,False,False,False,False,True,False,False,False,False,False,False,2
-0.09978516495887847,-0.5661021914289708,False,False,False,True,False,False,False,False,True,False,False,False,False,False,False,False,1
-0.7339172184688697,-0.7122173250443007,False,False,False,False,True,False,True,False,False,False,False,False,False,False,False,False,0
0.6535219801431185,-0.6611184455837126,False,False,False,True,False,False,False,False,False,False,False,False,True,False,False,False,2
-0.46843963116761195,-0.3080897092019745,False,False,False,True,False,False,True,False,False,False,False,False,False,False,False,False,2
-0.2729832066305287,-0.6886515154622581,False,False,False,True,False,False,False,False,False,False,False,False,True,False,False,False,2
-0.7376269489464419,1.550492536787942,True,False,False,False,False,False,True,False,False,False,False,False,False,False,False,False,0
-0.6669102117177226,-0.7120057921412477,False,False,False,True,False,False,False,False,True,False,False,False,False,False,False,False,0
-0.7376269489464419,1.3586290382240425,True,False,False,False,False,False,True,False,False,False,False,False,False,False,False,False,0
-0.7376269489464419,-0.7065191323677849,False,True,False,False,False,False,False,False,False,False,False,False,False,True,False,False,3
-0.6110323963992919,0.9963823554176481,False,False,False,True,False,False,False,False,False,False,False,True,False,False,False,False,2
-0.4691352056321567,-0.654651402233529,False,False,False,True,False,False,False,False,False,False,False,False,True,False,False,False,1
0.0026961394840524762,-0.5805252127374281,False,False,False,True,False,False,False,False,True,False,False,False,False,False,False,False,1
-0.10164003019766454,-0.5519232906799088,False,False,False,True,False,False,False,False,True,False,False,False,False,False,False,False,1
-0.7376269489464419,2.5776618904323234,True,False,False,False,False,False,True,False,False,False,False,False,False,False,False,False,0
0.0026961394840524762,-0.5573845343763301,False,False,False,True,False,False,False,False,True,False,False,False,False,False,False,False,1
-0.5859917156756798,-0.7122106124460752,False,False,False,True,False,False,False,False,False,False,False,False,True,False,False,False,1
-0.5270997443442217,0.1616085167760075,False,False,False,True,False,False,True,False,False,False,False,False,False,False,False,False,2
-0.5859917156756798,-0.017070406165710744,False,False,False,True,False,False,False,False,False,False,False,False,True,False,False,False,1
-0.7376269489464419,-0.7122394135085468,False,False,False,True,False,False,False,False,False,False,False,False,True,False,False,False,3
2.993434478871759,1.757533621547999,False,False,False,True,False,False,True,False,False,False,False,False,False,False,False,False,0
-0.6499845664137995,2.6559606195108305,False,False,False,True,False,False,False,False,True,False,False,False,False,False,False,False,0
-0.4682077730127637,-0.6546415341404114,False,False,False,True,False,False,False,False,False,False,False,False,True,False,False,False,1
-0.11902939181128405,0.6014211080016478,False,False,False,True,False,False,True,False,False,False,False,False,False,False,False,False,2
-0.5859917156756798,-0.7122367743673641,False,False,False,True,False,False,False,False,False,False,False,False,True,False,False,False,1
0.0026961394840524762,-0.5853045826739405,False,False,False,True,False,False,False,False,True,False,False,False,False,False,False,False,1
0.043039458427649724,-0.7097482363500273,False,False,False,False,True,False,True,False,False,False,False,False,False,False,False,False,0
0.6396104908522229,-0.630005438063535,False,False,False,True,False,False,False,False,False,False,False,False,True,False,False,False,2
-0.5528359995323786,-0.44369566788271864,False,False,False,True,False,False,False,False,False,False,False,False,True,False,False,False,2
-0.7258021830491806,2.921053860158245,False,False,False,True,False,False,True,False,False,False,False,False,False,False,False,False,2
-0.6796624102343769,0.8099869278936644,False,False,False,True,False,False,False,False,False,False,False,True,False,False,False,False,2
-0.09793029972009239,-0.5890636950528205,False,False,False,True,False,False,False,False,True,False,False,False,False,False,False,False,1
-0.7376269489464419,1.3439411848351694,True,False,False,False,False,False,True,False,False,False,False,False,False,False,False,False,0
-0.647665984865317,0.39657705090351325,False,False,False,True,False,False,True,False,False,False,False,False,False,False,False,False,2
0.0026961394840524762,-0.560006808004466,False,False,False,True,False,False,False,False,True,False,False,False,False,False,False,False,1
1.5547546280383053,0.6167236517955409,False,False,False,True,False,False,True,False,False,False,False,False,False,False,False,False,0
-0.5637333328102468,-0.7045895759274604,False,False,False,True,False,False,False,False,False,False,False,False,True,False,False,False,2
-0.5741669497784185,-0.7030111973823319,False,False,False,True,False,False,False,False,False,False,False,False,True,False,False,False,2
-0.6546217295107648,-0.07344016692176289,False,False,False,True,False,False,False,False,False,False,False,False,True,False,False,False,2
-0.5864554319853763,-0.41076773444575887,False,False,False,True,False,False,False,False,False,False,False,False,True,False,False,False,2
-0.6499845664137995,2.6736245061915835,False,False,False,True,False,False,False,False,True,False,False,False,False,False,False,False,0
-0.7376269489464419,-0.7064153452721453,False,True,False,False,False,False,False,False,False,False,False,False,False,True,False,False,3
-0.4357476313340073,-0.05008698032282702,False,False,False,True,False,False,False,False,False,False,False,False,True,False,False,False,2
-0.46843963116761195,-0.6546024633763813,False,False,False,True,False,False,False,False,False,False,False,False,True,False,False,False,1
1.404742401851481,-0.6779680998369831,False,False,False,False,True,False,False,False,False,True,False,False,False,False,False,False,2
-0.10905949115280887,0.5489175743329109,False,False,False,True,False,False,True,False,False,False,False,False,False,False,False,False,2
-0.6402465239101727,1.5774797060501196,True,False,False,False,False,False,False,False,False,True,False,False,False,False,False,False,0
-0.469367063787005,-0.6546655732742273,False,False,False,True,False,False,False,False,False,False,False,False,True,False,False,False,1
0.6535219801431185,-0.6607154601996486,False,False,False,True,False,False,False,False,False,False,False,False,True,False,False,False,2
-0.6787349776149838,0.8004964614555822,False,False,False,True,False,False,False,False,False,False,False,False,True,False,False,False,2
0.6535219801431185,-0.6590552109052233,False,False,False,True,False,False,False,False,False,False,False,False,True,False,False,False,2
-0.46890334747730844,-0.6546484762291744,False,False,False,True,False,False,False,False,False,False,False,False,True,False,False,False,1
0.10656859285607298,2.6639918703654444,False,False,False,True,False,False,True,False,False,False,False,False,False,False,False,False,0
-0.5859917156756798,4.889249163320976,False,False,False,True,False,False,False,False,False,False,False,False,True,False,False,False,1
-0.5859917156756798,2.273872184821652,False,False,False,True,False,False,False,False,False,False,False,False,True,False,False,False,1
0.07410845117731657,2.700322517376357,False,False,False,True,False,False,True,False,False,False,False,False,False,False,False,False,0
-0.4679759148579154,-0.654315887067526,False,False,False,True,False,False,False,False,False,False,False,False,True,False,False,False,1
0.11004646517879688,-0.33065379258729766,False,False,False,True,False,False,False,False,False,False,False,False,True,False,False,False,2
1.5535953372640638,0.10274769360670469,False,False,False,True,False,False,True,False,False,False,False,False,False,False,False,False,0
-0.7123544100679815,-0.712269878377416,False,False,False,True,False,False,False,False,False,False,False,False,True,False,False,False,1
-0.46843963116761195,-0.6547329861196537,False,False,False,True,False,False,False,False,False,False,False,False,True,False,False,False,1
-0.4691352056321567,-0.6546505990166475,False,False,False,True,False,False,False,False,False,False,False,False,True,False,False,False,1
-0.08262766150010722,-0.5619452572031233,False,False,False,True,False,False,False,False,True,False,False,False,False,False,False,False,1
-0.5859917156756798,-0.7122285700806441,False,False,False,True,False,False,False,False,False,False,False,False,True,False,False,False,1
-0.7376269489464419,-0.706460440162788,False,True,False,False,False,False,False,False,False,False,False,False,False,True,False,False,3
0.0026961394840524762,-0.5776881933387125,False,False,False,True,False,False,False,False,True,False,False,False,False,False,False,False,1
0.6396104908522229,-0.6301544921677203,False,False,False,True,False,False,False,False,False,False,False,False,True,False,False,False,2
0.3919859814742811,2.114049925629976,False,False,False,True,False,False,True,False,False,False,False,False,False,False,False,False,0
0.6396104908522229,-0.6369816635440668,False,False,False,True,False,False,False,False,False,False,False,False,True,False,False,False,2
-0.6017580702053614,1.9322615206487508,False,False,False,True,False,False,True,False,False,False,False,False,False,False,False,False,2
1.2607584876907114,0.6176043217336645,False,False,False,True,False,False,True,False,False,False,False,False,False,False,False,False,0
-0.5859917156756798,0.33004051509500737,False,False,False,True,False,False,False,False,False,False,False,False,True,False,False,False,1
-0.6374642260519935,2.6744715557659458,False,False,False,True,False,False,False,False,False,False,False,False,True,False,False,False,0
0.017998777704037638,-0.567474487471315,False,False,False,True,False,False,False,False,True,False,False,False,False,False,False,False,1
-0.46890334747730844,-0.6546412472772393,False,False,False,True,False,False,False,False,False,False,False,False,True,False,False,False,1
2.414020949905957,0.08818875652734084,False,False,False,True,False,False,True,False,False,False,False,False,False,False,False,False,0
-0.5859917156756798,-0.7121907041419365,False,False,False,True,False,False,False,False,False,False,False,False,True,False,False,False,1
0.7784935256063306,-0.7006194469992371,False,False,False,False,True,False,True,False,False,False,False,False,False,False,False,False,0
0.6535219801431185,-0.6645713028401362,False,False,False,True,False,False,False,False,False,False,False,False,True,False,False,False,2
0.1575773869226902,2.6778081186924294,False,False,False,True,False,False,True,False,False,False,False,False,False,False,False,False,0
0.009651884129500278,0.09557577007021585,False,False,False,True,False,False,False,False,False,False,False,False,True,False,False,False,2
-0.6516075734977373,-0.707237265632638,False,False,False,True,False,False,False,False,True,False,False,False,False,False,False,False,0
2.7149728348989983,0.6085816717565244,False,False,False,True,False,False,True,False,False,False,False,False,False,False,False,False,0
-0.5859917156756798,1.5162367137276678,False,False,False,True,False,False,False,False,False,False,False,False,True,False,False,False,1
-0.5236218720214978,-0.1909435677590901,False,False,False,True,False,False,True,False,False,False,False,False,False,False,False,False,2
-0.5859917156756798,4.630020782853024,False,False,False,True,False,False,False,False,False,False,False,False,True,False,False,False,1
1.5533634791092157,0.05668360705100205,False,False,False,True,False,False,True,False,False,False,False,False,False,False,False,False,0
