SrcBytes,SIntPktMax,Proto_arp,Proto_icmp,Proto_ipv6-icmp,Proto_tcp,Proto_udp,State_CLO,State_CON,State_ECO,State_FIN,State_INT,State_NRS,State_REQ,State_RST,State_TST,State_URH,State_URHPRO
9120.0,908.8031,9.739857e-05,1.0000902,0.0,2.0591958e-06,0.0,5.1164905e-05,0.50000006,1.0000373,1.4137832e-05,2.3397848e-05,0.0,0.0,7.377704e-05,0.0,5.0738214e-05,0.0
6120.0,811.464,7.6676384e-05,1.0072106e-05,0.000112595946,0.9999991,8.899911e-05,3.4561315e-05,0.50000006,1.3378974e-05,0.0,4.9791957e-05,2.735395e-05,0.0,0.99996245,9.556836e-05,3.8457452e-05,3.7924583e-05
735.0002,30030.766,0.03627771,0.00047525705,0.06098605,0.49999997,0.0019194757,0.012780455,0.02201534,0.038430423,0.0012676155,0.034498997,0.029262774,0.015255502,1.021005,0.0003400226,0.02556213,0.50000006
6120.0,808.25696,4.569107e-05,8.43922e-05,4.0492472e-05,1.0000031,7.472286e-05,2.65621e-05,0.50000006,9.5706295e-05,5.677185e-06,0.00013953939,1.345434e-05,2.263539e-05,1.0000107,6.0584647e-05,8.40564e-05,3.4607987e-05
774.0,15340.91,0.0,0.0,0.0,1.0,0.0,0.0,0.0,0.0,0.0,0.0,0.0,0.0,1.0,0.0,0.0,0.0
85.00005,4.1843563e-05,0.0,0.00011235926,0.0,0.5,0.0,2.3104789e-05,1.0000676,0.0,2.1442774e-07,0.0,0.0,7.955029e-06,4.309727e-06,5.1509476e-05,4.644583e-05,1.4969256e-05
85.08763,96921.78,0.033891715,0.033418566,0.0085267285,0.5,0.50000006,0.017137919,1.0372821,0.0048314263,0.03839143,0.04507475,0.039315138,0.0057068225,0.06381114,0.035702094,0.027659543,0.013369208
6120.0,911.8401,6.024443e-07,4.1542935e-06,0.00012002209,1.0001138,2.9410512e-05,5.7726702e-05,0.50000006,7.8081444e-05,7.527751e-05,0.0,0.0,0.0,1.0000217,8.311883e-06,7.587417e-05,2.7380782e-05
241.9755,53247.98,0.50000006,0.029514436,0.00089422683,1.026071,0.0019851634,0.022813512,0.032770805,0.0055265296,0.020775015,0.028880289,0.0015464398,0.01282214,0.5,0.0049278666,0.060468562,0.0014569206
7735.0,198.338,0.0,0.0,0.0,0.0,1.0,0.0,1.0,0.0,0.0,0.0,0.0,0.0,0.0,0.0,0.0,0.0
2472.9763,22695.55,0.50000006,0.0023597737,0.028256532,1.019704,0.50000006,0.00772952,0.98046625,0.01483822,0.016770568,0.009205108,0.07755186,0.031303633,0.0007358939,0.02513694,0.02813287,0.060199108
3056.7605,59999.207,2143.6711,2222.0208,524.9339,7633.0903,0.0,1174.65,2572.1843,6472.999,1186.3856,6302.1455,1136.6788,1869.5746,3413.289,547.8241,3360.1619,5932.993
1264.0172,203.66121,0.5000001,0.0012872957,0.008263335,1.062187,0.015750807,6.878856e-05,0.002277657,0.009077037,0.021450704,0.028146725,0.08749876,0.007534394,1.0557052,0.031206496,0.03386054,0.50000006
665.92035,15234.534,0.50000006,0.03191977,0.0484097,1.0803379,0.06545725,0.07201643,0.08085659,0.034662735,0.024153009,0.004195943,0.00025066544,0.5,0.059863996,0.05043702,0.00079162675,0.036054567
6120.0,802.003,7.906863e-06,1.2155465e-05,7.899452e-05,1.0000505,5.777013e-05,0.00010931091,0.50000006,4.8166225e-05,2.2721362e-05,8.040588e-06,2.0585403e-05,0.0,1.0001049,4.2201096e-05,9.5937634e-05,0.000103369275
167.0,49720.863,0.50000006,6.474514e-05,1.0356632e-05,1.0000648,3.4442983e-05,0.00010700891,0.999947,0.00010435009,0.00010551584,9.918713e-05,3.3353273e-05,2.2151036e-05,0.0001527737,3.2944008e-05,0.0,0.0
774.0,27596.176,0.0,0.0,0.0,1.0,0.0,0.0,0.0,0.0,0.0,0.0,0.0,0.0,1.0,0.0,0.0,0.0
828.15826,103.38152,0.0846667,0.01898533,0.044538546,0.5,0.0222606,0.0607534,0.50000006,0.04738598,0.50000006,0.045437302,0.056792837,0.06865019,0.9585487,0.032852948,0.021436295,0.09158958
119.99993,0.7305,6.425477e-05,3.08672e-05,2.4278046e-05,0.9999565,5.17451e-05,0.0,3.5713914e-05,5.719122e-05,2.0737712e-05,1.6304833e-05,6.097778e-05,3.018517e-05,1.0000019,0.0,5.300861e-06,9.0600886e-05
1282.0,1003.907,0.0,0.0,0.0,1.0,0.0,0.0,0.0,0.0,0.0,0.0,0.0,0.0,1.0,0.0,0.0,0.0
6120.039,901.2408,0.00027549607,0.04814432,0.02632558,1.0730028,0.5000001,0.0050794855,0.50000006,0.022749566,0.020840067,0.019002564,0.06942427,0.0029214027,1.0179118,0.068288475,0.034935262,0.03089559
5428.87,2982.497,0.011899059,0.007725711,0.022980552,0.50000095,0.91703117,0.07527843,0.49999702,0.0024099008,0.07598856,0.07898059,0.009306011,0.0039744237,0.03303499,0.030042129,0.0056659738,0.0036213258
2887.0,2819.973,0.0,7.1263635e-06,0.00010488652,0.99997926,5.592534e-07,0.0,9.939149e-05,0.0,0.5,9.672804e-05,6.779938e-05,0.0,0.0,0.0,5.321412e-05,6.899819e-05
6120.0005,831.699,2.318309e-05,5.989849e-05,5.586224e-05,1.0000787,6.7401916e-06,4.4167202e-05,0.5000001,7.4473835e-05,2.133618e-05,0.00011243706,1.6922318e-06,3.725052e-05,1.0001458,1.8766943e-05,7.35015e-05,3.146155e-05
18659.0,778.778,0.0,0.0,0.0,1.0,0.0,0.0,1.0,0.0,0.0,0.0,0.0,0.0,0.0,0.0,0.0,0.0
9974.0,17209.502,0.0,0.0,0.0,1.0,0.0,0.0,1.0,0.0,0.0,0.0,0.0,0.0,0.0,0.0,0.0,0.0
7489.0,26181.607,0.0,0.0,0.0,1.0,0.0,0.0,1.0,0.0,0.0,0.0,0.0,0.0,0.0,0.0,0.0,0.0
669.99994,11136.455,0.50000006,4.8034897e-05,0.0,0.9998477,4.2074298e-05,0.0,0.9999782,3.0676812e-05,7.1553215e-05,2.695909e-05,0.0,3.0171765e-05,0.00011864956,6.1778504e-05,2.7125856e-05,3.1582404e-05
1110.0024,13608.21,0.051547173,0.00031502525,0.055142112,0.5,0.012101284,0.026048714,0.0014748609,0.010512411,0.06863582,0.032220032,0.07346035,1.0080047,0.0039017533,0.00097453175,0.013256973,0.50000006
2868.9775,21921.621,0.50000006,0.037540674,0.005372121,0.5,0.027871838,0.055385523,1.0571774,0.019928124,0.013742513,0.020668507,0.009290798,0.05863433,0.021112006,0.013345416,0.03237296,0.025257397
2887.0,2317.208,0.00010885967,0.0,5.2959334e-05,0.9999726,7.7224046e-05,0.0,0.0,0.00011636651,0.5,1.8168992e-05,4.06421e-05,0.00014130441,0.0,2.050259e-05,0.0,0.0
552.0,59205.258,0.0,0.0,0.0,1.0,0.0,0.0,0.0,0.0,0.0,0.0,0.0,0.0,1.0,0.0,0.0,0.0
2428.0356,22574.668,0.0022879294,0.013038649,0.053257428,0.49999997,0.50000006,0.006591084,1.0088534,0.037245642,0.03179523,0.00096885755,0.04767587,0.06659975,0.00014052392,0.0019645812,0.009574031,0.11765906
774.0,1.134,0.0,0.0,0.0,1.0,0.0,0.0,0.0,0.0,0.0,0.0,0.0,0.0,1.0,0.0,0.0,0.0
2929.0,2569.329,8.8041495e-05,0.0,0.0,1.0000179,0.0,5.1177107e-05,7.2296636e-05,0.0,0.5,7.0027745e-05,0.00011889426,0.00013431581,6.132101e-05,4.123844e-05,2.0093696e-05,6.956643e-05
12128.0,1069.184,0.0,0.0,0.0,0.0,1.0,0.0,1.0,0.0,0.0,0.0,0.0,0.0,0.0,0.0,0.0,0.0
171.99994,23424.45,0.00048487575,0.00024393096,0.0,0.4999999,0.00036003444,0.00018182996,1.0000485,5.9625483e-05,0.00032709885,6.807933e-06,0.00016344344,0.0,0.00045693392,8.157012e-06,0.0,0.0
3326.0034,34538.71,0.054970127,0.03341917,0.04525921,0.49999997,0.50000006,0.012236988,0.06202409,0.012094866,0.08724815,0.015154693,0.031539544,0.012242698,0.92664564,0.0014086401,0.019774245,0.033427816
261.05252,53248.227,0.046367086,0.002547526,0.04342417,0.9950949,0.50000006,0.02714455,0.021929326,0.02532088,0.50000006,0.002799575,0.03371788,0.014700755,0.9699903,0.017974894,0.00015838906,0.024400871
540.0,39970.895,1.0,0.0,0.0,0.0,0.0,0.0,0.0,0.0,0.0,1.0,0.0,0.0,0.0,0.0,0.0,0.0
774.0,15468.244,0.0,0.0,0.0,1.0,0.0,0.0,0.0,0.0,0.0,0.0,0.0,0.0,1.0,0.0,0.0,0.0
7481.0,34014.258,0.0,0.0,0.0,1.0,0.0,0.0,1.0,0.0,0.0,0.0,0.0,0.0,0.0,0.0,0.0,0.0
2929.0,2220.468,0.00023190661,5.1490602e-05,3.9740804e-05,0.9999189,0.00010876025,0.0,6.212053e-05,0.0,0.5,4.762191e-05,0.0,0.0,0.0,2.6672189e-05,5.4904864e-05,0.0
6120.0,829.40295,3.4069115e-05,6.182941e-05,6.479984e-05,0.99984545,0.0,0.0,0.50000006,5.7435653e-05,3.2205808e-05,0.0,1.2118989e-05,2.481834e-05,1.0000694,0.0,9.592343e-05,0.0
774.0,19107.545,0.0,0.0,0.0,1.0,0.0,0.0,0.0,0.0,0.0,0.0,0.0,0.0,1.0,0.0,0.0,0.0
1274.0,1005.673,0.0,0.0,0.0,1.0,0.0,0.0,0.0,0.0,0.0,0.0,0.0,0.0,1.0,0.0,0.0,0.0
860.00006,7041.236,0.0,2.7748367e-05,6.394181e-05,0.5,0.0,0.0,0.9999672,5.3396318e-05,8.8194094e-05,4.393376e-05,6.936117e-05,0.00010144749,9.799577e-06,8.179001e-05,1.509674e-05,0.0
1518.0652,23925.822,0.50000006,0.054485437,0.07576455,1.0096786,0.50000006,0.024455406,0.04481907,0.014658023,1.0293728,0.00048259363,0.032931305,0.0115947155,0.0018065227,0.04797828,0.004195794,0.0045706467
2871.0,2612.9,0.00010845043,0.0,4.0953295e-05,1.0000165,5.670082e-05,0.0,0.0,4.413214e-05,0.5,6.601724e-05,0.00010221863,3.391527e-05,1.7449922e-05,5.730069e-05,0.0,0.0
6060.0005,1435.589,0.0,0.000110095934,1.2568849e-05,0.999801,0.0,0.00012480341,0.50000006,0.0,0.0,0.00010871872,0.0,5.9973187e-05,1.0000238,0.00019626974,1.6232925e-05,0.0
4134.1094,6655.177,0.50000006,0.02569976,0.036688935,0.49999994,0.035180837,0.036361426,0.05946292,0.0016281804,0.006814707,0.0041681253,0.014928986,0.002157674,0.89624864,0.009617704,0.049396932,0.020425312
683.00006,12158.835,0.0,6.394855e-06,1.2443662e-05,0.5,3.6436766e-05,0.0,1.0000255,1.9026502e-05,6.756705e-05,3.583646e-05,0.0,0.000118047144,0.0,3.093828e-05,0.0,5.1729894e-05
3313.0,2414.078,0.00010423291,0.0,2.6582854e-06,0.99992764,0.0,0.0,0.0,8.7820736e-05,0.5,2.520413e-05,5.6310564e-05,0.00017311121,4.8720576e-05,0.0,7.688961e-05,0.0
6119.972,898.09686,0.005171215,0.034613643,0.038202472,0.9960279,0.09254709,0.08145574,0.50000006,0.028791808,0.01126226,0.024619034,0.057938635,0.0023163813,0.9497811,0.07157648,0.04384989,0.5000001
7489.0,29008.623,0.0,0.0,0.0,1.0,0.0,0.0,1.0,0.0,0.0,0.0,0.0,0.0,0.0,0.0,0.0,0.0
6120.073,64416.832,1358.299,1619.1381,1224.2535,1120.5426,2602.6663,1365.994,2574.7153,89.289986,27.812567,1401.2097,407.40353,2132.78,1196.3967,502.08585,3598.4067,65.00331
6059.9995,1311.3849,3.4590583e-05,0.00014158648,0.0,0.99994636,0.0,2.3007657e-05,0.50000006,1.1171042e-05,3.492129e-05,0.00013092515,0.00011220559,2.4010837e-05,1.0001891,0.00013704032,6.2160856e-05,0.0
16239.0,43065.02,0.0,0.0,0.0,1.0,0.0,0.0,1.0,0.0,0.0,0.0,0.0,0.0,0.0,0.0,0.0,0.0
60.01069,88960.055,0.5,0.03565319,0.026736686,0.50000006,0.0494204,0.0010972673,1.0185462,0.02152735,0.019223569,0.050903466,0.0047433744,0.02074394,0.002961798,0.041381396,0.027684812,0.07606743
829.887,132.64185,0.012778105,0.047592252,0.027374394,0.5,0.50000006,0.028944967,0.5000001,0.030847363,0.062263176,0.013730372,0.05465016,0.025995644,0.9478017,0.06573646,0.004176966,0.0049681547
1284.0,1004.89594,6.718735e-05,7.1850586e-06,9.183174e-05,1.0000504,9.153831e-05,0.0,0.50000006,1.1196834e-06,3.46495e-05,4.808075e-05,5.122263e-05,8.590427e-05,1.0000074,0.00010102654,0.000106704414,0.0
821.98254,60119.598,1236.468,36430.9,31647.39,5326.991,5383.696,17328.748,18088.467,28953.035,19632.695,19033.072,2083.2898,21262.03,1396.9371,34806.516,16412.365,13183.412
254.95139,53248.254,0.50000006,0.038753137,0.02822039,0.9759431,0.017991425,0.02705766,0.035213456,0.004199522,0.50000006,0.025290016,0.002662584,0.0068592243,0.9727831,0.056004494,0.056789003,0.018988984
120.0,39679.76,1.0,0.0,0.0,0.0,0.0,0.0,1.0,0.0,0.0,0.0,0.0,0.0,0.0,0.0,0.0,0.0
6120.0,811.598,2.4602645e-05,1.5582153e-05,4.3836553e-05,1.0000151,0.0,1.4459753e-05,0.50000006,8.4579646e-05,0.0001091026,0.0,4.238286e-05,0.0,1.0000199,0.0,0.00010473562,0.0
6120.0,848.29297,0.0,2.440611e-05,6.617554e-05,0.9999524,0.0,6.795082e-05,0.50000006,6.616769e-05,0.0,3.1774212e-05,0.0,3.6941063e-05,1.000059,1.69263e-05,6.0300827e-05,6.0693706e-06
518.00006,28928.664,0.50000006,6.919717e-05,0.00011361068,0.9999009,0.0,3.3750364e-06,6.9657726e-05,4.3899676e-05,0.0,2.66281e-05,0.0,1.0001094,3.3417033e-05,7.250976e-05,6.870736e-05,0.0
222.00006,29006.557,6.173417e-05,0.0,9.659584e-05,0.5,0.00013686567,0.0,3.9771894e-05,0.0,4.1211233e-06,1.3481042e-05,0.0,1.0000659,8.091874e-05,9.5659234e-05,0.00010258484,0.0
3626.0,10243.876,0.0,0.0,0.0,1.0,0.0,0.0,1.0,0.0,0.0,0.0,0.0,0.0,0.0,0.0,0.0,0.0
6120.0264,898.3956,0.030859651,0.043821733,0.008673045,1.0157232,0.50000006,0.027416108,0.50000006,0.038124006,0.012365441,0.0032733453,0.005288117,0.0150498925,1.0106797,0.049360998,0.010048229,0.0054288544
120.0,37120.22,1.0,0.0,0.0,0.0,0.0,0.0,1.0,0.0,0.0,0.0,0.0,0.0,0.0,0.0,0.0,0.0
3313.0,2678.082,0.0,7.987208e-05,7.221575e-06,0.9998988,0.0,6.647126e-05,9.769195e-05,4.6255587e-05,0.5,0.0,6.5841414e-05,4.819289e-05,3.4446213e-05,9.11812e-06,3.9652594e-05,0.0
198.99185,53247.89,0.0012861724,0.0016210743,0.048205152,0.5,0.0013553487,0.0019358064,0.002092002,0.017043106,0.03161381,0.07161394,0.0005805696,0.02988242,0.49999997,0.009534443,0.06120196,0.0063042124
9180.0,847.7209,1.857973e-05,0.99990684,6.5417094e-05,1.114865e-05,0.000145911,3.150879e-05,0.50000006,0.99997497,2.6685844e-05,0.0,0.0,4.15647e-05,0.0,0.0,0.000120919016,5.3275668e-05
1279.0,1007.114,0.0,0.0,0.0,1.0,0.0,0.0,0.0,0.0,0.0,0.0,0.0,0.0,1.0,0.0,0.0,0.0
3313.0,2301.92,4.9282313e-05,3.1924457e-05,6.0191855e-05,1.0000832,0.0,1.3862961e-05,6.5323425e-06,0.0,0.5,7.977582e-06,2.2651267e-05,9.558365e-05,0.00010763597,0.0,0.00011130755,4.8984286e-05
854.0,7061.699,2.7198903e-05,9.744995e-05,5.01945e-06,0.5,0.00010467615,6.282189e-05,0.99994445,0.0,0.0,0.0,5.7306734e-05,0.0,0.0,3.5693385e-05,0.0,0.0
120.0,37887.85,1.0,0.0,0.0,0.0,0.0,0.0,1.0,0.0,0.0,0.0,0.0,0.0,0.0,0.0,0.0,0.0
2863.0,3361.089,0.50000006,0.0,7.1374874e-05,1.0000156,2.7123988e-05,0.0,0.0,4.8036112e-05,3.3665863e-05,0.0,7.2299976e-05,8.8047906e-05,1.0000162,3.313808e-05,4.3700897e-05,6.3005195e-05
2961.0,2574.362,5.453268e-06,4.7768943e-05,0.0,1.0001198,0.0,4.9720158e-05,5.1427913e-05,5.672228e-05,0.5,9.277369e-05,7.3489246e-05,4.4572273e-05,5.339833e-05,0.0,8.627682e-05,0.0
3436.0,6654.811,0.50000006,2.6363728e-05,6.53883e-05,1.0000091,5.4404372e-05,0.0,0.0,0.0,0.0,4.0488158e-05,1.1435574e-05,0.0,0.9999068,3.0706346e-05,2.5686047e-06,2.7598046e-05
120.0,39920.08,1.0,0.0,0.0,0.0,0.0,0.0,1.0,0.0,0.0,0.0,0.0,0.0,0.0,0.0,0.0,0.0
774.0,43187.566,0.0,0.0,0.0,1.0,0.0,0.0,0.0,0.0,0.0,0.0,0.0,0.0,1.0,0.0,0.0,0.0
6121.9937,64416.8,1789.8774,451.83972,492.24478,1490.2303,423.66818,1331.769,1813.6259,243.38855,53.219177,120.94354,703.6793,564.2706,1342.581,581.6305,215.04056,513.7783
3313.0,2182.574,5.004736e-05,0.0,2.2500839e-05,0.99994886,2.0461492e-05,0.0,6.8523295e-05,0.0,0.5,0.0,0.0,4.0527037e-05,4.3107542e-05,0.0,8.090741e-05,0.0
156.00006,50050.77,3.7999318e-05,0.0,3.7207563e-05,0.5,4.527342e-05,1.83707e-05,7.989128e-05,0.0,0.9998634,8.8338784e-05,6.396911e-05,4.1066367e-05,5.951535e-05,4.346404e-05,0.0,0.0
10418.0,4935.78,0.0,0.0,0.0,0.0,1.0,0.0,1.0,0.0,0.0,0.0,0.0,0.0,0.0,0.0,0.0,0.0
787.9846,129.23494,0.50000006,0.030305564,0.05468007,0.5,0.041306615,0.039202876,0.15979494,0.024976479,0.011431567,0.0002870816,0.06435102,0.049888957,0.96600837,0.056178544,0.06085874,0.50000006
119.98704,101.17345,0.00079545274,0.9874698,0.008579517,0.010656689,0.50000006,0.029350486,0.50000006,0.001049828,0.029265754,0.023942143,0.018182382,0.05374792,0.0072473716,0.9415184,0.08358283,0.033981733
774.0,2055.897,0.0,0.0,0.0,1.0,0.0,0.0,0.0,0.0,0.0,0.0,0.0,0.0,1.0,0.0,0.0,0.0
1280.026,1007.0268,0.048812773,0.022473577,0.012261129,0.9954945,0.017807184,0.0086101275,0.010749776,0.081497595,0.50000006,0.07742426,0.02718201,0.016002895,0.49999997,0.009591576,0.046021853,0.0013406195
1278.0,1006.641,0.0,0.0,0.0,1.0,0.0,0.0,0.0,0.0,0.0,0.0,0.0,0.0,1.0,0.0,0.0,0.0
6120.0,910.397,0.0,3.1991865e-05,6.307354e-05,0.9999708,1.6571539e-06,1.345761e-05,0.50000006,5.953903e-05,5.2412426e-05,1.1124929e-05,1.5580807e-06,0.0,0.999971,1.6736369e-05,1.165324e-05,0.0
2957.0,5698.851,0.0,0.0,0.0,1.0,0.0,0.0,0.0,0.0,1.0,0.0,0.0,0.0,0.0,0.0,0.0,0.0
119.99725,100.32934,0.50000006,1.0107963,0.0039423024,0.037360795,0.0135267945,0.0035427646,0.50000006,0.020669417,0.0065968675,0.0010504117,0.0239412,0.06660713,0.0025403672,1.0850106,0.017007826,3.957761e-06
1279.9698,1003.9555,0.03382851,0.03292718,0.00426528,1.0970546,0.035482798,0.030577322,0.50000006,0.0023968623,0.105894305,0.008857088,0.02843748,0.0023339528,0.49999997,0.012939196,0.0017969894,0.0062869173
120.016014,100.19093,0.015999928,0.9705078,0.004444562,0.06937255,0.50000006,0.015806044,0.50000006,0.01768148,0.03325832,0.00011946877,0.0007826956,0.00027493844,0.0065373704,0.97167015,0.008454457,0.022262746
498.0,59012.348,0.0,0.0,0.0,1.0,0.0,0.0,0.0,0.0,1.0,0.0,0.0,0.0,0.0,0.0,0.0,0.0
552.0,59126.848,0.0,0.0,0.0,1.0,0.0,0.0,0.0,0.0,0.0,0.0,0.0,0.0,1.0,0.0,0.0,0.0
148.04411,55179.402,0.50000006,0.021584067,0.022559848,1.0225303,0.011500443,0.021597052,0.060288485,0.019828668,0.004602348,0.013421347,0.124184236,1.0381624,0.013657329,0.0001803674,0.50000006,0.00076722965
765.0561,133.07341,0.50000006,0.011536327,0.038861703,0.5,0.011269911,0.06442894,0.009572158,0.002196065,0.0052748197,0.0111960815,0.005041543,0.029644528,1.0419245,0.024169773,0.087192066,0.017339744
2937.0,2222.282,8.868402e-05,4.4048727e-05,0.0,1.0001103,4.2705156e-05,0.0,4.616452e-05,9.881074e-06,0.5,0.0,0.0,7.052758e-05,5.3810734e-05,0.000100564364,9.797894e-05,0.0
6119.9097,880.7295,0.5000001,0.027412556,0.10930409,0.9254017,0.0072921175,0.0027796675,0.50000006,0.091353364,0.002739888,0.021139111,0.009459635,0.03684477,0.99962044,0.0034365668,0.057135403,0.014903342
3313.0,2558.311,0.0,4.9394344e-05,7.951619e-05,0.9999288,0.0,0.0,6.751881e-05,3.2621916e-05,0.5,0.0,2.459599e-05,0.0,0.00011168233,0.0,6.1026833e-05,7.683206e-05
1363.9707,1024.175,2.084623e-05,0.020415852,0.0005317567,1.0300739,0.038692627,0.001503249,0.50000006,0.07595101,0.019049246,0.03718032,0.00094542693,0.019411549,0.98264706,0.026600141,0.0050226417,0.5000001
1184.0248,17710.12,0.50000006,0.009362538,0.01047097,0.9343895,0.50000006,0.013875837,0.04087984,0.00705532,0.010002758,0.017204523,0.020124316,0.934001,0.025753556,0.055437997,0.0027206354,0.061870474
6119.9844,868.4337,0.007080239,0.013607308,0.09851938,1.050002,0.021991039,0.016131975,0.5000001,0.016455052,0.014076039,0.016805815,0.006262549,0.017759962,1.0247506,0.05486998,0.012679643,0.50000006
6060.0,1481.806,6.4271044e-05,0.00012811142,0.0,1.00001,7.5672906e-05,0.0,0.50000006,5.286858e-05,3.990357e-05,0.0,1.845355e-05,2.7076712e-05,1.0000186,4.19949e-06,0.0,4.143683e-05
180.0,24063.932,1.0,0.0,0.0,0.0,0.0,0.0,1.0,0.0,0.0,0.0,0.0,0.0,0.0,0.0,0.0,0.0
6120.0005,923.8578,4.7299694e-05,2.0313933e-05,9.744009e-05,0.99993265,0.00010735599,0.0,0.50000006,7.32073e-05,0.0,1.34347165e-05,6.4393564e-05,1.3196885e-05,0.9999608,6.9580885e-05,7.48557e-05,0.0
6059.9995,941.9709,0.00014262136,0.00011695494,9.070199e-05,0.9999675,0.0,0.0,0.50000006,8.0065065e-06,0.0,0.0,0.00016996807,4.122057e-05,0.9999953,0.0,6.1015973e-05,0.00011622511
6119.954,891.61707,0.50000006,0.09959777,0.0030465967,0.96765774,0.011220335,0.00017956513,0.50000006,0.06109297,0.015159696,0.056728218,0.0580183,0.01464592,1.0080775,0.04374401,0.003837248,0.013081359
6120.0,856.778,0.0,2.5255997e-05,9.949672e-05,0.99996704,5.471621e-06,0.0,0.50000006,7.691919e-05,0.0,7.776549e-05,5.3455024e-05,2.3630482e-05,0.9998801,0.0,2.3636932e-05,0.000118435935
426.00003,13183.714,0.50000006,4.8047536e-05,1.9147092e-05,1.000095,3.0900133e-05,8.251487e-06,1.0000272,5.670477e-06,5.765627e-05,0.0,4.163121e-06,1.2825228e-05,2.7909362e-05,0.0,2.6011532e-05,0.0001377826
3076.2268,59999.113,8030.7485,13104.959,25220.814,7758.6963,0.0,16337.929,14582.443,16673.818,16074.134,17034.895,53.855747,19501.482,9482.826,12828.855,18386.791,1334.4186
2945.0,2114.386,6.2542196e-05,1.8960765e-05,0.00012586973,1.0000554,0.0,5.1592975e-05,6.611965e-05,0.0,0.5,6.1967985e-05,1.0536015e-05,0.0,0.0,4.989631e-05,1.2985569e-05,6.290893e-05
3056.9668,59999.44,3231.019,472.64975,7400.0264,5570.387,0.0,2594.7534,1487.3811,4695.511,1941.7443,3847.2317,3290.6272,4660.825,1560.6505,6459.518,1657.2225,3198.956
867.0285,7045.4116,0.50000006,0.08059563,0.0013382105,0.99456453,0.00595324,0.027283812,0.97664005,0.040168732,0.0052854987,0.06382993,0.024910709,0.0044867615,0.046568085,0.08868953,0.037310112,0.50000006
6120.0,804.4501,0.0,7.1024006e-05,5.9956015e-05,1.000017,2.0593454e-05,0.0,0.50000006,7.0557806e-05,9.4361974e-05,0.0,8.894946e-05,0.00013835791,0.9999722,0.0,7.547896e-08,5.734717e-05
774.0,4581.32,0.0,0.0,0.0,1.0,0.0,0.0,0.0,0.0,0.0,0.0,0.0,0.0,1.0,0.0,0.0,0.0
2353.9492,23078.354,0.0846774,0.085846074,0.12843482,0.49999997,0.018274602,0.00618664,1.0306295,0.045053784,0.045705102,0.022836259,0.046533756,0.03813217,0.03329383,0.075130776,0.020199766,0.50000024
1278.0,1007.786,0.0,0.0,0.0,1.0,0.0,0.0,0.0,0.0,0.0,0.0,0.0,0.0,1.0,0.0,0.0,0.0
9300.0,755.965,8.349213e-05,6.7834335e-05,6.3212865e-05,7.1209804e-05,0.99991846,0.0,0.50000006,0.0,2.5865189e-05,0.99998665,2.1617925e-05,1.1232502e-05,9.0239046e-05,0.00010640066,5.3726726e-05,1.7936909e-05
3379.0,2396.843,0.0,0.0,0.0,0.99999124,7.613651e-05,5.2421612e-05,4.018532e-05,0.0,0.5,1.5883916e-05,0.0,0.0,0.0,0.0,1.8653427e-05,5.6703375e-05
120.0,29696.133,1.0,0.0,0.0,0.0,0.0,0.0,1.0,0.0,0.0,0.0,0.0,0.0,0.0,0.0,0.0,0.0
6120.0,841.84607,8.5864136e-05,3.2170406e-05,0.0,0.99992096,5.3217547e-05,0.0,0.50000006,5.8390135e-05,0.0,0.0001380706,0.0,0.0,1.0000103,1.1225082e-05,8.070513e-06,0.0
723.959,109.24236,0.50000006,0.03198379,0.07073351,0.5,0.015154532,0.09907974,0.028221443,0.038604062,0.033974785,0.0021459365,0.003812979,0.01864519,1.0746822,0.026127,0.0447996,0.0018008864
774.0,2186.588,0.0,0.0,0.0,1.0,0.0,0.0,0.0,0.0,0.0,0.0,0.0,0.0,1.0,0.0,0.0,0.0
6120.003,900.1551,0.50000006,0.065690294,0.050522316,1.0037487,5.426987e-05,0.008664483,0.50000006,0.031264383,0.013976378,0.049778108,0.033794053,0.05870335,0.9804893,0.042089686,0.03138634,0.047948536
120.02316,102.17045,0.002658583,1.0218735,0.0048281723,0.017446639,0.50000006,0.110002935,0.50000006,0.0068481546,0.00045447345,2.1514245e-05,0.030109284,0.024608089,0.012527027,1.0639343,0.1178636,0.026034616
614.99994,5006.189,0.00016438005,4.047962e-05,8.04568e-05,1.0000038,0.50000006,0.00011597173,1.8434801e-05,1.2424939e-05,9.453632e-05,1.0469571e-05,0.0,0.0,0.9999504,1.5468304e-05,3.0911102e-05,4.768377e-05
200.03593,53248.125,0.10248724,0.014683615,0.09945342,0.99470896,0.5000001,0.063052386,0.055201568,0.009421651,0.50000006,0.01133473,0.023010908,0.50000006,1.0449575,0.051860817,0.09090184,0.04176981
1283.0,1004.588,0.0,0.0,0.0,1.0,0.0,0.0,0.0,0.0,0.0,0.0,0.0,0.0,1.0,0.0,0.0,0.0
4170.0127,25671.111,0.50000006,0.016554955,0.018006258,0.5,0.01708673,0.013015958,0.0698092,0.04410195,0.027166765,0.073932685,0.01782108,0.004159008,0.9651508,0.011510019,0.02627587,0.009738731
2353.9927,22749.828,0.0016075777,0.046814997,0.07086072,0.49999997,0.50000006,0.07171062,1.0981631,0.08892964,0.09084046,0.0055099474,0.047506664,0.009993056,0.06874736,0.024874082,0.0017280338,0.019938253
6120.839,64416.773,272.05423,1734.4442,894.1127,750.96484,905.2872,160.06914,1121.3448,1371.2134,1920.479,4401.591,2418.519,276.41293,2530.2407,870.66895,1408.1941,1636.8807
540.0,39917.695,1.0,0.0,0.0,0.0,0.0,0.0,0.0,0.0,0.0,1.0,0.0,0.0,0.0,0.0,0.0,0.0
5393.5127,53252.086,1894.2312,1731.703,1361.5238,4595.8,147.95877,782.6606,4.5539773e-06,332.78592,5475.752,533.9271,1717.2999,0.0,2477.9307,2712.1003,634.69745,945.9174
2465.4148,59999.05,0.09874073,2173.257,403.61652,1262.8429,0.14252281,3272.5703,8909.402,1104.7551,7118.5903,699.67474,2855.2925,0.14132017,2166.0088,2723.36,4992.334,6579.399
2822.599,59999.023,2597.0032,392.8786,569.48584,355.6286,2297.0435,297.37186,3.449544e-05,1055.2368,2583.137,1935.4519,1715.6863,2548.9678,483.7708,936.6314,1268.378,1199.7173
3736.0,58943.312,0.0,0.0,0.0,1.0,0.0,0.0,1.0,0.0,0.0,0.0,0.0,0.0,0.0,0.0,0.0,0.0
808.1929,60001.57,442.81656,4016.597,25572.96,32330.953,19182.602,141.95505,33183.047,5897.1025,26490.008,22013.135,35178.473,30866.842,9458.516,27748.129,20057.615,36493.844
6120.0,829.28595,0.0,7.608548e-05,5.0752227e-05,0.9998693,0.0,0.0,0.50000006,5.4103948e-05,0.0,1.7677572e-05,0.0,0.0,1.0000355,2.1582362e-06,1.6474725e-05,7.1795934e-05
3313.0,1987.026,0.0,0.0,0.0,1.0,0.0,0.0,0.0,0.0,1.0,0.0,0.0,0.0,0.0,0.0,0.0,0.0
614.0,15228.499,0.0,1.78143e-05,6.864121e-06,0.5,3.0249694e-05,0.0,1.0001273,0.0001441653,3.4488537e-05,2.9919278e-05,0.0,5.920264e-05,1.9318627e-06,0.0,5.8359004e-05,6.0802763e-06
748.00006,3.8240373,0.0,9.556135e-06,0.0,1.000053,0.50000006,3.093428e-05,4.5625504e-05,2.22606e-06,1.0000389,0.00015428745,2.3668477e-05,2.167817e-05,0.0,6.705019e-05,8.3218096e-05,6.925414e-05
207.01128,53247.89,0.031474467,0.015973436,0.00038002746,0.5,0.03569439,0.027796514,0.023951374,0.039576076,0.50000006,0.027153254,0.010674728,0.04083703,0.9938224,0.009581021,0.003438798,0.022067623
6121.3706,64416.74,2146.6433,1319.021,469.54565,263.1705,1823.7085,97.62168,2076.6785,709.8745,124.70145,753.57635,1324.0137,1293.6622,1494.6677,2349.0103,1511.7772,2453.152
6060.059,901.7652,0.03803599,0.017668853,0.03271309,0.9897616,0.50000006,0.08283642,0.5000001,0.057056595,0.04694282,0.0050673387,0.07738873,0.0072891787,0.9942317,0.018297188,0.030122895,0.044091456
3313.0,2388.235,2.7900342e-05,0.0,0.0,0.9999563,0.0,5.4093125e-06,3.00108e-05,5.1590167e-05,0.5,0.0,8.081877e-05,4.455292e-06,7.425443e-05,0.0,6.5643326e-05,5.8413357e-06
9300.0,681.89105,0.00013632428,1.492042e-05,0.0,5.9944352e-05,1.000074,4.0317962e-05,0.50000006,2.511908e-05,9.6000505e-05,0.9999439,4.590835e-05,0.0,2.022718e-05,0.0,2.8228105e-05,7.371682e-05
120.0,45360.297,1.0,0.0,0.0,0.0,0.0,0.0,1.0,0.0,0.0,0.0,0.0,0.0,0.0,0.0,0.0,0.0
9180.0,643.30493,6.380743e-05,0.9999758,7.980185e-05,0.0,0.0,1.4252636e-05,0.50000006,0.9999665,2.1044185e-05,6.8529e-05,2.0721636e-05,2.3028066e-05,0.0,0.0,0.0,0.00011659998
2863.0,2146.871,0.0,0.0,0.0,1.0000997,7.556316e-05,0.0,2.101784e-05,3.791582e-05,0.5,6.0008583e-06,1.6760565e-05,6.79387e-05,8.211906e-05,3.2558193e-05,0.0,0.0
875.0,7045.116,0.0,0.0,0.0,0.5,0.0,4.3244927e-05,1.0000072,6.804576e-05,0.0,5.936255e-05,9.445643e-05,8.935397e-05,0.0,3.8586255e-05,1.5338639e-05,0.00016978686
1279.0,1005.485,0.0,0.0,0.0,1.0,0.0,0.0,0.0,0.0,0.0,0.0,0.0,0.0,1.0,0.0,0.0,0.0
3313.0,2098.903,0.0,3.8111695e-05,2.7398688e-05,0.9999572,0.0,4.4110573e-05,3.9325943e-05,0.0,0.5,2.2046559e-05,3.884939e-05,6.2678514e-06,9.734822e-05,2.3676725e-05,1.0896375e-05,0.00010404447
850.0221,3551.876,0.50000006,0.024435082,0.030729486,0.9278307,0.50000006,0.013936313,0.07127447,0.053461444,0.95987785,0.004587773,0.006274898,0.047325246,0.061986227,0.046679456,3.4864162e-05,0.060619332
5499.2524,59016.74,784.74976,909.7478,720.5493,35.899796,885.78253,28.573484,2.3008457e-05,175.50362,508.86572,711.9358,154.54466,1437.35,360.60992,323.0028,625.57477,1472.3203
509.0,15235.664,0.000106106934,4.4454042e-05,0.0,0.5,1.0688973e-05,4.742913e-05,1.000108,0.0,6.298867e-05,0.000107301654,9.195884e-05,8.40013e-05,0.0,6.060004e-05,3.8080045e-05,6.336915e-05
591.8949,26623.648,0.0115528805,0.025793526,0.008852878,1.013564,0.50000006,0.01641013,0.00578088,0.0047701932,0.5000001,0.01950708,0.028394943,1.0479579,0.03062399,0.04631223,0.026289437,0.051060595
120.0,0.658,0.0,0.0,0.0,1.0,0.0,0.0,0.0,0.0,0.0,0.0,0.0,0.0,1.0,0.0,0.0,0.0
760.01935,9089.119,0.50000006,0.06423315,0.039415624,0.9794745,0.06162762,0.00028877222,0.5,0.017889714,0.016109338,0.012554191,0.054417953,0.0036872125,0.027096376,0.021820426,0.01421491,0.0018195052
2904.9827,23526.27,0.50000006,0.00048654925,0.006817459,0.5,0.00851837,0.023035826,0.9618351,0.00023763745,0.019202596,0.029714555,0.028239127,0.0007187796,0.032238048,0.062451098,0.008603149,0.0030923982
784.9101,106.09768,0.04998209,0.02178276,0.15733367,0.5,0.50000006,0.040918093,0.50000006,0.084429815,0.25185835,0.054121252,0.0038657235,0.089977205,1.004129,0.0007489318,0.03489273,0.015983392
795.08105,100.02755,0.025911778,0.054550625,0.10172234,0.49999997,0.038202893,0.040976692,0.50000006,0.06160189,0.09067117,0.04799282,0.02512904,0.051542442,0.98145854,0.10441472,0.038057193,0.50000006
3313.0,2150.941,3.935237e-05,4.1028023e-05,0.0,1.0000031,8.959234e-05,0.0,0.0,3.6588433e-05,0.5,6.193719e-05,2.083953e-05,4.9956576e-05,3.2538403e-05,5.0581217e-05,1.958982e-05,4.802115e-05
6120.0,836.48096,1.3945657e-05,5.067045e-05,0.0,0.99995893,0.0,7.621888e-05,0.50000006,0.0,7.393058e-05,1.1249953e-05,0.00011456357,0.00011459046,0.9999148,5.752948e-05,2.998983e-05,0.0
774.0,1.075,0.0,0.0,0.0,1.0,0.0,0.0,0.0,0.0,0.0,0.0,0.0,0.0,1.0,0.0,0.0,0.0
2945.0,2571.195,0.0,0.0,3.8006525e-05,0.99993426,4.0088576e-05,6.0526712e-05,0.00011846421,7.4345257e-06,0.5,0.0,4.994368e-05,4.5562057e-05,7.003554e-05,5.8368067e-05,0.0,8.208635e-05
774.0,6999.185,0.0,0.0,0.0,1.0,0.0,0.0,0.0,0.0,0.0,0.0,0.0,0.0,1.0,0.0,0.0,0.0
2879.0,2273.853,0.0,1.19941715e-05,0.0,1.0000763,4.4615725e-05,0.0,0.00011804892,0.0,0.5,0.00011021786,0.0,6.8860274e-05,8.166565e-06,2.7667478e-05,8.461397e-06,1.35891405e-05
1879.0,13.664,0.0,0.0,0.0,0.0,1.0,0.0,1.0,0.0,0.0,0.0,0.0,0.0,0.0,0.0,0.0,0.0
9300.0,616.72,9.128678e-05,4.7132995e-05,6.6202454e-05,0.00016285117,0.9999946,0.0,0.50000006,5.5970263e-06,0.0,1.0000589,2.978583e-05,0.0,7.501457e-07,0.00011131832,2.3038172e-05,3.991588e-05
3313.0,2350.025,2.0811867e-05,0.0,0.0,0.9999788,3.269117e-05,0.0,4.9556507e-05,0.0,0.5,0.0,1.11615755e-05,0.0,2.1642934e-05,9.207706e-05,0.0,5.5920264e-05
1277.9504,1006.0805,0.014120809,0.008111621,0.07137668,0.918025,0.045099337,0.049160674,0.007322914,0.03083759,0.50000006,0.029390417,0.01869299,0.50000006,1.0031973,0.010385376,0.014116601,0.059354365
228.9347,0.73050004,0.07070576,0.011795184,0.030486584,0.8654795,0.16474298,0.025943395,0.1101414,0.0031360537,0.03316144,0.00836314,0.09539065,0.00010252134,0.49999997,0.0031205707,0.04721318,0.50000006
2937.0,2399.579,3.4198274e-05,4.450588e-05,5.1367653e-05,1.0000303,0.0,4.2697666e-05,0.0,0.0,0.5,6.8361594e-05,5.9512506e-05,2.7959615e-05,4.895975e-05,1.2096087e-05,0.0,1.5018579e-05
119.944725,101.58988,0.010031197,1.0231687,0.013991475,0.020125732,0.009854618,0.0072735064,0.50000006,0.0067589586,0.018982092,0.049168777,0.0017353132,0.026683822,0.06382515,0.5,0.04038985,0.02486409
6060.0,1482.499,6.820486e-05,5.3389544e-05,7.454889e-05,1.0000585,6.7422984e-06,3.8718274e-05,0.50000006,5.2855994e-05,3.60454e-05,3.714868e-05,3.9917264e-05,1.0358991e-05,0.9999707,2.5253017e-05,0.0,0.0
774.0,37191.867,0.0,0.0,0.0,1.0,0.0,0.0,0.0,0.0,0.0,0.0,0.0,0.0,1.0,0.0,0.0,0.0
171.99998,31616.137,0.50000006,4.5115103e-05,5.7159767e-05,0.9999797,0.0,1.0193549e-05,1.0000163,0.000103945466,0.0,0.0,2.3038365e-05,0.00012902371,2.5135521e-05,7.016243e-05,0.000121941914,0.0
1278.0,1020.756,0.0,0.0,0.0,1.0,0.0,0.0,0.0,0.0,0.0,0.0,0.0,0.0,1.0,0.0,0.0,0.0
206.02538,53247.773,0.50000006,0.06200837,0.025435688,0.5,0.02735325,0.0324741,0.014928346,0.053704094,0.02395166,0.013873081,0.0032485442,0.011723661,1.0450246,0.022296775,0.028845597,0.0026730062
776.0451,6110.6396,0.50000006,0.022211289,0.03796744,1.0793947,0.016590713,0.0018687545,0.03211942,0.031426366,0.04116342,0.038112227,0.03548997,0.0094838925,1.0290043,0.015073154,0.03195578,0.50000006
807.17377,60001.29,49243.38,29999.748,50321.207,24806.035,28220.045,8280.277,19594.352,11888.922,12132.849,35930.043,41366.113,20273.453,14147.861,23479.652,43128.44,47571.445
774.0,15817.29,0.0,0.0,0.0,1.0,0.0,0.0,0.0,0.0,0.0,0.0,0.0,0.0,1.0,0.0,0.0,0.0
774.50006,1.844576,0.0,0.00019446669,0.0017481631,1.0002375,0.001657682,0.0,0.00057595293,0.0,7.771585e-06,0.0007862658,0.0,0.0021945518,0.99673325,0.0,0.0010805428,0.0
9299.999,755.4878,7.4487645e-05,0.0,2.2052745e-05,0.00049377774,1.0001158,0.00018278685,0.50000006,0.00014610989,7.246568e-05,1.0000027,0.0,0.00025091655,8.6275795e-05,0.00019530387,0.00022129946,0.0
9300.0,591.51794,3.606981e-05,3.5178633e-05,9.8492914e-05,9.113556e-06,0.99990326,0.00010992675,0.50000006,0.0,0.0,1.0000874,4.969425e-05,1.7136088e-05,0.0,3.5295086e-06,7.98707e-05,0.0
707.0,11139.144,0.00022114898,0.0,0.00010818213,0.49999997,0.0,0.0,1.000112,0.00036722125,0.00014661295,0.0,0.00018054988,0.00036936486,0.0,0.0,9.969881e-05,7.403711e-05
817.997,3108.6218,0.013159555,0.0011811884,0.11360654,0.5,0.007784836,0.036110245,0.50000006,0.0011435155,0.047465682,0.123122826,0.0052417247,0.02974782,1.0164689,0.06403388,0.008559246,0.045136612
4108.9824,13059.281,0.004130393,0.052720144,0.008814412,0.99576074,0.50000006,0.054527283,0.50000006,0.03744254,1.0140042,0.054498713,0.061485752,0.013890382,0.0012017462,0.0032678705,0.026378755,0.0086179115
4368.983,64416.723,559.9632,3060.0881,1034.2285,767.7142,618.6233,2788.6917,896.26465,2711.1213,0.0,477.39377,210.8973,1721.7969,263.843,1910.5756,1667.1335,0.27806538
2553.9941,59998.973,1244.9017,206.84602,17.725307,1929.3876,651.8053,302.50558,0.26802796,2203.9297,791.39014,615.01013,1062.1873,0.10864779,204.32521,176.17538,64.25204,1251.3678
2929.0,2161.008,0.0,2.9239089e-05,9.964195e-05,0.9999132,4.2396427e-05,9.643706e-05,3.7761747e-05,3.8498333e-06,0.5,8.710172e-06,8.0285834e-05,1.4169688e-05,8.157006e-05,4.15079e-05,9.00586e-05,5.6910216e-05
228.94089,0.3223416,0.026342718,0.00067596853,0.0024997087,0.5,0.50000006,0.030560136,0.02241838,0.0029160425,0.023320852,0.0058166427,0.0014162386,0.06442555,0.95230687,0.012494714,0.019101432,0.03102262
2311.0,26.716,0.0,0.0,0.0,0.0,1.0,0.0,1.0,0.0,0.0,0.0,0.0,0.0,0.0,0.0,0.0,0.0
768.00006,7045.421,0.0,7.987076e-05,3.295928e-05,0.5,8.104454e-05,5.281193e-05,1.0000006,5.451787e-05,0.00010104039,3.6125704e-05,1.3159646e-05,0.000100235804,0.0,0.0,0.000105761574,0.0
425.0,5.333,0.0,0.0,0.0,1.0,0.0,0.0,0.0,0.0,1.0,0.0,0.0,0.0,0.0,0.0,0.0,0.0
3597.0,58624.043,0.0,0.0,0.0,1.0,0.0,0.0,1.0,0.0,0.0,0.0,0.0,0.0,0.0,0.0,0.0,0.0
9360.001,597.6808,0.0,2.1902992e-05,0.00036936972,0.00014498769,0.99960345,5.772309e-05,0.50000006,3.7731956e-05,0.0,1.0001225,0.0,0.0,0.0,0.0002508371,5.511557e-05,0.0
3983.1455,13311.359,0.07128812,0.035416506,0.039807454,0.5,0.02440375,0.011406579,0.50000006,0.0005800713,0.046926923,0.009589158,0.016317382,0.029768545,0.93889,0.0007379234,0.031691384,0.01306531
9360.0,598.14514,0.0,4.4394066e-05,0.0,0.0,0.99992126,1.1101823e-05,0.50000006,0.0,7.028217e-05,1.0000815,3.2328364e-05,0.0,0.00010835991,5.6302863e-05,9.093423e-05,2.3223385e-05
3313.0,2165.116,9.457084e-05,5.7076173e-05,2.1544021e-05,0.99995875,0.0,0.0,0.0,9.4329065e-05,0.5,9.577917e-05,1.7569084e-05,3.2996984e-05,0.00014444503,3.111533e-05,0.0,0.00010532907
9180.0,652.42,0.0,1.0001101,3.6032015e-05,3.0478664e-05,7.788471e-05,7.023699e-05,0.50000006,0.99998754,0.0,0.0,0.0,0.0,8.05772e-05,0.0,0.0,8.007105e-05
5969.2896,59018.137,2083.9463,1182.5142,4316.143,3851.336,3646.6697,2417.5376,0.00017428433,2940.122,2648.578,7730.912,2973.7422,1729.0447,5843.669,1117.9502,43.538612,513.6941
2869.0393,21810.025,0.048650403,0.0057160393,0.03282083,0.5,0.063728936,0.020209748,0.9971443,0.024934582,0.5000001,0.0068706386,0.015393638,0.00024675904,0.04139576,0.0030156155,0.036833197,0.0020252548
774.0,52184.137,0.0,0.0,0.0,1.0,0.0,0.0,0.0,0.0,0.0,0.0,0.0,0.0,1.0,0.0,0.0,0.0
2897.956,21890.291,0.50000006,0.0035743902,0.08385278,0.5,0.022299314,0.042536624,1.0511898,0.07062622,0.033576373,0.025602631,0.0031606208,0.033376288,0.0075306264,0.0112672625,0.025011016,0.03123966
2187.0,20.716,0.0,0.0,0.0,0.0,1.0,0.0,1.0,0.0,0.0,0.0,0.0,0.0,0.0,0.0,0.0,0.0
3259.0083,64419.004,3342.1143,14551.123,25712.537,11181.023,6920.973,19117.2,36117.586,24987.375,5009.9365,16808.912,2338.0078,0.0,17859.244,3469.9033,7513.2188,20455.951
172.99998,43904.133,0.50000006,3.9403923e-05,0.00015023646,1.0000236,5.147277e-06,9.513809e-05,0.9999017,8.266707e-06,3.4858353e-05,0.0,5.1031962e-05,0.0,4.1899893e-05,0.0,8.366589e-05,2.9766456e-05
6120.063,877.4411,0.00082852127,0.004535213,0.06234747,0.9736458,0.50000006,0.002207688,0.50000006,0.017824594,0.0004182359,0.0006675207,0.045093328,1.5593569e-05,0.93197495,0.0033517433,0.050256163,0.007085136
518.0001,2019.533,0.50000006,9.072973e-07,0.0,1.0000569,0.00011075253,9.242391e-05,2.7689455e-06,4.793376e-05,0.0,9.713787e-05,0.0,0.9999557,7.911772e-05,0.0,0.00010369143,3.6902682e-05
774.0,26110.105,0.0,0.0,0.0,1.0,0.0,0.0,0.0,0.0,0.0,0.0,0.0,0.0,1.0,0.0,0.0,0.0
809.01044,122.069534,0.50000006,0.021005291,0.013058133,0.5,0.040017568,0.0058103367,0.07118713,0.09212991,0.026948325,0.048232302,0.01499701,0.018373467,0.5,0.043993946,0.09538439,0.0035961869
540.0,39978.543,1.0,0.0,0.0,0.0,0.0,0.0,0.0,0.0,0.0,1.0,0.0,0.0,0.0,0.0,0.0,0.0
9000.0,871.033,6.8547066e-05,1.0000978,0.0,0.00016204691,7.524624e-06,4.3096206e-05,0.50000006,0.99999493,0.0,2.188124e-05,9.060461e-05,0.0,6.8160575e-06,8.033248e-05,1.6944956e-05,4.223556e-05
1165.9879,2899.001,0.50000006,0.06620173,0.05575636,0.93606675,0.03873176,0.0048859813,0.04200945,0.058432795,0.011692246,0.035257425,0.0005250375,0.027953632,0.9785873,0.040719245,0.014046263,0.50000006
774.0,43443.44,0.0,0.0,0.0,1.0,0.0,0.0,0.0,0.0,0.0,0.0,0.0,0.0,1.0,0.0,0.0,0.0
707.0,5017.548,0.50000006,6.82967e-05,5.9170598e-05,0.9999514,0.0001069961,1.5311367e-05,4.022023e-05,0.0,7.5546115e-05,1.7401644e-05,1.7080562e-05,0.0,0.9999659,0.000101481026,9.1404576e-07,4.4740038e-05
3750.7422,64416.8,35.82211,1323.4575,987.0254,734.70184,0.0,918.3345,1745.7697,86.1048,2348.7249,154.0577,154.567,260.1662,2379.3125,594.95245,731.89417,2034.8976
60.0,63231.984,1.0,0.0,0.0,0.0,0.0,0.0,1.0,0.0,0.0,0.0,0.0,0.0,0.0,0.0,0.0,0.0
752.0584,245.92598,0.020488074,0.03280545,0.018473413,0.5,0.50000006,0.06959398,0.0077347737,0.025453137,0.037668027,0.01582398,0.061139323,0.021276409,1.0242541,0.051267326,0.033117436,0.019400712
160.0,59012.316,0.0,0.0,0.0,1.0,0.0,0.0,0.0,0.0,0.0,0.0,0.0,0.0,1.0,0.0,0.0,0.0
2887.0388,21641.605,0.50000006,0.033604335,0.014077431,0.9423527,0.0364022,0.023196463,0.5,0.001495646,0.012409428,0.013105181,0.04718007,0.17614162,0.09552258,0.042334396,0.056544837,0.50000006
1281.0107,1004.99335,0.50000006,0.018777061,0.031240243,0.97338414,0.0020079184,0.018080192,0.50000006,0.013537794,0.00680839,0.034343954,0.03392582,0.029661775,0.9668216,0.03268315,0.03790314,0.0067897798
653.00006,7042.83,7.608956e-05,5.6323825e-05,3.204868e-05,1.0000118,5.9952738e-05,1.5163961e-05,0.0,2.9657715e-05,0.50000006,3.6550944e-05,5.818096e-05,6.556403e-05,0.9999642,0.00013293826,6.529668e-05,0.0
6119.9995,890.86304,0.036188457,0.011801298,0.0008459181,0.96202934,0.011336537,0.019955983,0.50000006,0.0071560997,0.077048756,0.0067821634,0.10961666,0.008258696,0.924421,0.010009177,0.05815029,0.50000006
774.0,19147.871,0.0,0.0,0.0,1.0,0.0,0.0,0.0,0.0,0.0,0.0,0.0,0.0,1.0,0.0,0.0,0.0
5667.2964,64809.613,30172.426,1497.5475,43832.684,5940.3057,43062.395,30452.178,28750.201,16219.73,24331.021,29947.28,30372.914,26692.38,36540.51,55741.605,46829.094,16555.9
3379.0,2133.141,6.730906e-05,7.001319e-06,0.0,0.9998829,2.5976278e-05,0.0,3.706081e-05,7.54623e-05,0.5,0.0,0.00010626576,0.0,4.8825026e-05,0.00011106537,2.1086731e-05,6.9439334e-06
6060.0,942.17993,1.6299447e-05,3.7762424e-05,5.161057e-05,0.9999025,0.0,1.5793401e-05,0.50000006,0.0,7.331173e-05,7.574104e-05,0.0,1.2312847e-06,1.0000787,0.0,9.655925e-05,6.427558e-05
3376.1157,59998.973,1025.9827,151.1801,452.72485,1218.1366,0.0,97.21074,964.4668,1444.1035,1156.186,147.81337,577.3679,207.8384,503.712,673.2926,317.39322,45.337048
3980.9854,59152.656,0.023576913,0.13646226,0.0032106638,1.040107,0.12616794,0.009403532,0.5,0.020960804,0.50000006,0.06143235,0.09579745,0.12496953,0.50000006,0.18838939,0.50000006,0.006768041
360.0,6925.629,1.0,0.0,0.0,0.0,0.0,0.0,0.0,0.0,0.0,1.0,0.0,0.0,0.0,0.0,0.0,0.0
6120.0225,875.89923,0.0036447882,0.005299846,0.032964528,1.0095804,0.115725994,0.010786282,0.50000006,0.0041460143,0.06598982,0.028079469,0.024354538,0.014330537,0.97802186,0.0031364358,0.00872978,0.50000006
14947.0,23019.98,0.0,0.0,0.0,1.0,0.0,0.0,1.0,0.0,0.0,0.0,0.0,0.0,0.0,0.0,0.0,0.0
3313.0,2600.406,5.630101e-05,1.899915e-05,1.9916779e-05,0.9999004,8.525553e-05,9.757203e-05,4.7425823e-05,0.0,0.5,6.9158654e-05,6.675169e-05,0.0,0.0,5.2018968e-05,4.6876656e-05,7.49112e-05
11227.0,14004.945,0.0,0.0,0.0,1.0,0.0,0.0,1.0,0.0,0.0,0.0,0.0,0.0,0.0,0.0,0.0,0.0
11248.0,49254.996,0.0,0.0,0.0,1.0,0.0,0.0,1.0,0.0,0.0,0.0,0.0,0.0,0.0,0.0,0.0,0.0
687.99994,11136.343,0.0,4.9600134e-05,1.657142e-05,0.5,0.0,3.5421108e-05,0.9999717,6.475208e-05,1.1503176e-05,1.568878e-05,8.1748716e-05,6.542399e-05,4.8368423e-05,4.563142e-05,1.8487173e-05,7.76269e-05
119.9629,101.61783,0.50000006,0.97043896,0.0388453,0.062381044,0.04256767,0.0055962307,0.50000006,0.03733391,0.02413244,0.050952848,0.017873503,0.014891834,0.048485216,0.98122144,0.08247477,0.08010808
3379.0,2600.29,7.189775e-05,0.0,7.794615e-06,0.99996126,8.328849e-05,0.0,8.584327e-05,2.0845264e-05,0.5,6.436414e-05,0.0,5.397676e-06,3.7111215e-05,4.7986377e-05,0.00015418064,0.0
4931.8613,64416.746,41.653812,197.33356,722.6541,308.12598,489.70435,620.85724,933.5431,1011.77313,230.96353,1060.814,151.4714,154.07019,835.7471,556.0546,492.06094,68.40082
774.0,0.978,0.0,0.0,0.0,1.0,0.0,0.0,0.0,0.0,0.0,0.0,0.0,0.0,1.0,0.0,0.0,0.0
3448.0,20013.205,0.0,0.0,0.0,1.0,0.0,0.0,0.0,0.0,0.0,0.0,0.0,0.0,1.0,0.0,0.0,0.0
7924.0,12969.907,0.0,0.0,0.0,0.0,1.0,0.0,1.0,0.0,0.0,0.0,0.0,0.0,0.0,0.0,0.0,0.0
3313.0,2581.101,0.0,6.832067e-05,3.233444e-05,1.0000503,6.9225316e-05,0.0,2.6157764e-05,0.0,0.5,7.123658e-06,0.0,0.00013776227,2.2020846e-05,0.0,0.0,7.732777e-05
16239.0,43061.92,0.0,0.0,0.0,1.0,0.0,0.0,1.0,0.0,0.0,0.0,0.0,0.0,0.0,0.0,0.0,0.0
3258.0,5035.082,0.0,0.0,0.0,1.0,0.0,0.0,0.0,0.0,0.0,0.0,0.0,0.0,1.0,0.0,0.0,0.0
119.93445,102.295525,0.062672414,0.9409235,0.049861144,0.017780118,0.50000006,0.04963599,0.5000001,0.017100375,0.015585791,0.015786383,0.04633626,0.030679034,0.012140192,0.9761762,0.003607646,0.13135478
425.0,9.69,0.0,0.0,0.0,1.0,0.0,0.0,0.0,0.0,1.0,0.0,0.0,0.0,0.0,0.0,0.0,0.0
2937.0,2245.749,0.0,0.0,2.5365873e-05,1.0000386,1.4733944e-05,4.9451173e-05,7.852012e-05,0.0,0.5,4.4411187e-05,0.0,0.00019628483,0.0,0.0,4.6756628e-05,0.0
774.0,26077.896,0.0,0.0,0.0,1.0,0.0,0.0,0.0,0.0,0.0,0.0,0.0,0.0,1.0,0.0,0.0,0.0
170.9998,44968.883,0.0,3.7672336e-05,0.0005266791,0.4999988,2.0190228e-05,0.0007983523,0.9999678,0.0,0.0,0.0005260883,0.00042780532,0.0,0.00036817737,3.3231034e-05,8.580276e-05,0.0016573583
839.93427,135.863,0.50000006,0.00410982,0.08916286,0.5,0.016884845,0.07213741,0.032489687,0.05004899,1.0093722,0.048626747,0.00877864,0.081628375,0.11114923,0.09081806,0.023728305,0.5000001
707.088,30590.326,0.50000006,0.058528773,0.0015225774,1.0183783,0.011069088,0.0036082221,1.0108702,0.008815424,0.09260886,0.014936708,0.079924054,0.013823603,0.037267335,0.045958593,0.08734721,0.50000006
778.7504,60021.29,17117.672,7038.775,11810.403,1971.1,5610.351,4189.182,8470.685,1563.4366,14177.852,17662.875,3670.9478,12771.624,7917.354,20.623188,10402.053,8503.184
2904.891,23127.568,6.378036e-05,0.041749354,0.052496966,0.49999994,0.033223677,8.3495965e-05,0.96652925,0.0008619087,0.5000001,0.011431828,0.039772063,0.005875004,0.009267593,0.037181247,0.06055034,0.023858309
774.0,9.147,0.0,0.0,0.0,1.0,0.0,0.0,0.0,0.0,0.0,0.0,0.0,0.0,1.0,0.0,0.0,0.0
120.0,49955.87,1.0,0.0,0.0,0.0,0.0,0.0,1.0,0.0,0.0,0.0,0.0,0.0,0.0,0.0,0.0,0.0
774.0,52144.77,0.0,0.0,0.0,1.0,0.0,0.0,0.0,0.0,0.0,0.0,0.0,0.0,1.0,0.0,0.0,0.0
774.0,1.609,0.0,0.0,0.0,1.0,0.0,0.0,0.0,0.0,0.0,0.0,0.0,0.0,1.0,0.0,0.0,0.0
120.0,35584.105,1.0,0.0,0.0,0.0,0.0,0.0,1.0,0.0,0.0,0.0,0.0,0.0,0.0,0.0,0.0,0.0
3097.788,60003.5,13977.6455,281.53482,8300.872,6519.364,7.753718e-05,10140.885,5106.8857,3365.592,8802.237,17417.086,898.6533,1303.0541,12180.623,12412.152,9539.177,6962.06
1276.0,1008.003,0.0,0.0,0.0,1.0,0.0,0.0,0.0,0.0,0.0,0.0,0.0,0.0,1.0,0.0,0.0,0.0
173.00003,52099.504,3.656978e-05,0.0,5.3005522e-05,0.5,7.5085874e-05,4.0117473e-05,1.000072,8.593808e-05,0.000113547525,3.5728233e-05,0.0,0.0,1.6884289e-05,5.3358082e-05,0.0,0.0
1277.0015,1005.73706,0.0057294564,0.061510656,0.007629257,1.0381981,0.05818781,0.07128928,0.11474804,0.032680314,0.50000006,0.041973267,0.005939215,0.5000001,0.96620387,0.021167632,0.016820198,0.03653247
774.0,54306.402,0.0,0.0,0.0,1.0,0.0,0.0,0.0,0.0,0.0,0.0,0.0,0.0,1.0,0.0,0.0,0.0
180.0,29947.977,1.0,0.0,0.0,0.0,0.0,0.0,1.0,0.0,0.0,0.0,0.0,0.0,0.0,0.0,0.0,0.0
856.042,14799.068,0.022687549,0.001212881,0.0021315278,0.5,0.018219385,0.01015473,0.004605416,0.008854735,0.9844797,0.03181962,0.08353669,0.02325601,5.1607465e-05,0.049650002,0.031447202,0.50000006
774.0,27639.367,0.0,0.0,0.0,1.0,0.0,0.0,0.0,0.0,0.0,0.0,0.0,0.0,1.0,0.0,0.0,0.0
3628.9998,5103.1074,0.0,0.0,5.47231e-05,0.99999535,0.0,4.0321072e-05,0.50000006,4.899086e-05,0.0,0.000107733365,5.67546e-05,1.0619179e-05,1.0000632,0.00013925081,0.00013832224,7.281401e-05
807.2551,60014.07,29894.393,4564.1196,19685.393,32157.197,52414.945,30341.828,2641.1892,11871.823,35171.938,28894.22,38393.914,1084.978,27108.77,24366.408,51146.22,14471.282
822.37354,60024.49,33557.375,5781.1064,1642.301,16994.408,23140.943,24469.98,15604.852,7679.1157,12452.963,12297.763,24241.002,22031.99,24890.05,12657.797,20467.887,15427.01
6120.0425,901.4487,0.038877964,0.079819486,0.003507634,1.0145301,0.5000002,0.026711637,0.5000001,0.007915202,0.00013304372,0.01635888,0.07808264,0.00070075976,0.9828954,0.011610751,0.0076517886,0.07706192
11672.0,6946.968,0.0,0.0,0.0,0.0,1.0,0.0,1.0,0.0,0.0,0.0,0.0,0.0,0.0,0.0,0.0,0.0
119.99693,101.62949,0.07040559,0.929463,0.104991265,0.013921296,0.04020215,0.00075928244,0.50000006,0.017033717,0.017839532,0.05659042,0.0013576442,0.019970624,0.0015345596,0.49999997,0.025944699,0.0022325327
6060.0,1436.727,4.3834665e-05,5.204266e-05,0.0,0.9999601,3.2546555e-05,5.457097e-05,0.50000006,2.1732461e-05,4.3104203e-05,4.724797e-06,4.0367613e-05,9.597286e-05,0.9999183,3.9278017e-05,2.4975829e-05,0.0
120.02979,102.25572,0.50000006,0.914747,0.00903675,0.000706307,0.011269396,0.10325898,0.50000006,9.461509e-05,0.05884809,0.03269405,0.05650951,0.0020110803,0.011421302,0.96570265,0.0015374523,1.968003e-05
797.36487,60023.965,176882.4,56282.227,128792.09,116396.69,153850.5,141010.72,50253.062,13627.437,131143.98,75841.63,111125.555,140767.31,155811.73,117614.836,121172.35,150186.81
774.0,54253.27,0.0,0.0,0.0,1.0,0.0,0.0,0.0,0.0,0.0,0.0,0.0,0.0,1.0,0.0,0.0,0.0
120.0,38144.05,1.0,0.0,0.0,0.0,0.0,0.0,1.0,0.0,0.0,0.0,0.0,0.0,0.0,0.0,0.0,0.0
345.0,29568.34,0.00039241364,0.0004577666,0.00025877016,0.4999999,0.00026200403,7.075231e-05,1.000167,0.0006233844,0.00034164047,0.0,3.475269e-06,0.00014864435,8.20841e-05,0.00016551482,4.178348e-05,0.0
1282.0,1006.989,0.0,0.0,0.0,1.0,0.0,0.0,0.0,0.0,0.0,0.0,0.0,0.0,1.0,0.0,0.0,0.0
1283.0116,1005.17957,0.066716455,0.008861924,0.021044448,1.0535101,0.014574069,0.02171105,0.017973267,0.04740938,0.50000006,0.025285747,0.059495773,0.012455129,0.49999997,0.014825919,0.01736635,0.06607653
425.0,5.529,0.0,0.0,0.0,1.0,0.0,0.0,0.0,0.0,1.0,0.0,0.0,0.0,0.0,0.0,0.0,0.0
9060.0,846.332,0.0,0.9999903,1.2299185e-05,0.0,5.509462e-06,9.492189e-05,0.50000006,1.0000323,0.0,7.3040545e-05,5.7240763e-05,6.3883665e-05,5.1045234e-05,3.2299897e-05,0.0,0.0
6060.0,1443.1359,4.3252963e-05,5.863352e-06,1.2385356e-05,0.9999036,5.725356e-06,0.00011100066,0.50000006,0.0,0.0,0.0,5.25185e-06,4.3575477e-05,0.99995077,2.8011744e-05,6.227048e-05,8.292891e-05
120.0,0.425,0.0,0.0,0.0,1.0,0.0,0.0,0.0,0.0,0.0,0.0,0.0,0.0,1.0,0.0,0.0,0.0
6120.042,878.1953,0.051129818,0.009491121,1.9004472e-05,1.021452,0.50000006,0.004263795,0.50000006,0.05044368,0.0070346026,0.019149495,0.0075529777,0.028883545,0.89427394,0.011959361,0.06296908,8.725641e-06
1279.0,1004.081,0.0,0.0,0.0,1.0,0.0,0.0,0.0,0.0,0.0,0.0,0.0,0.0,1.0,0.0,0.0,0.0
1279.0,1007.956,0.0,0.0,0.0,1.0,0.0,0.0,0.0,0.0,0.0,0.0,0.0,0.0,1.0,0.0,0.0,0.0
2929.0,2629.338,8.39316e-05,7.592908e-05,5.7882364e-05,0.99998885,0.00013659391,0.0,2.7037479e-05,0.0,0.5,4.7031426e-05,0.0,9.223536e-06,5.825171e-05,5.5429125e-05,0.0,3.7750385e-07
1282.9891,1006.917,0.019728104,0.027234603,0.018082876,0.93746513,0.007099135,0.020046296,0.039132528,0.08674118,0.055042174,0.03535907,0.015162184,0.50000006,0.5,0.008180933,8.373801e-05,0.0046927547
774.0,54296.68,0.0,0.0,0.0,1.0,0.0,0.0,0.0,0.0,0.0,0.0,0.0,0.0,1.0,0.0,0.0,0.0
19914.0,13187.75,0.0,0.0,0.0,1.0,0.0,0.0,1.0,0.0,0.0,0.0,0.0,0.0,0.0,0.0,0.0,0.0
8734.0,26010.207,0.0,0.0,0.0,1.0,0.0,0.0,1.0,0.0,0.0,0.0,0.0,0.0,0.0,0.0,0.0,0.0
773.50006,7556.105,0.001642532,0.0016851352,0.00036449498,1.0012234,0.00011176085,0.00021172353,0.0,0.0,0.0010307197,0.00014394139,0.00033418345,0.0,0.99995345,0.0,0.0010453165,0.0
3313.0,2625.591,0.0,5.409735e-05,5.9837097e-05,0.9999887,8.892382e-05,6.437834e-05,0.0,7.58351e-05,0.5,4.403183e-05,9.519718e-06,7.445898e-05,4.8236823e-05,0.0,3.0914168e-06,3.320761e-05
774.50006,93169.05,0.029555535,0.010663817,0.040530313,0.893184,0.0023100344,0.049696703,0.50000876,0.014854276,0.02055826,0.00097464205,0.008052726,0.04064003,0.99845445,0.024183892,0.01517773,0.0049262587
3313.0,1993.919,0.0,0.0,0.0,1.0,0.0,0.0,0.0,0.0,1.0,0.0,0.0,0.0,0.0,0.0,0.0,0.0
120.00766,102.61972,0.5000001,1.0248736,0.05427165,0.019741608,0.0035858639,0.038509972,0.50000006,0.02100362,0.010248802,0.033983476,0.049790777,0.014260015,0.022340896,1.0648038,0.030691331,0.007881694
774.0,27686.863,0.0,0.0,0.0,1.0,0.0,0.0,0.0,0.0,0.0,0.0,0.0,0.0,1.0,0.0,0.0,0.0
2871.0,2397.732,4.8020564e-05,0.0,1.1742657e-05,1.0000914,2.2374974e-05,1.7268698e-05,6.89112e-05,4.2577853e-05,0.5,4.8597623e-05,4.73772e-05,0.0,0.000103204606,7.451428e-06,0.00012044522,7.2002105e-05
712.00006,20356.355,0.0,4.8844246e-05,4.7735397e-05,0.5,0.0,0.0,1.0000702,0.00015250916,0.0,6.137804e-05,4.874023e-05,4.058184e-05,0.0,3.3488453e-05,0.0,1.6180618e-05
2722.9854,22703.258,0.002309642,0.0012329161,0.060736448,0.49999997,0.03482011,0.01935632,1.0117657,0.05873997,0.0068804636,0.09830432,0.015044364,0.0013857372,0.009130585,0.013805294,0.04727487,0.50000006
9240.0,636.73206,0.0,1.0000261,0.0,0.0,0.0,2.9471714e-05,0.50000006,1.0000032,5.199858e-05,7.149757e-05,6.338217e-05,5.4800835e-06,0.0001686836,9.545215e-05,2.4987457e-07,6.1713334e-05
4180.0,27136.715,7.106529e-05,0.0,0.0,0.5,0.0,2.1388987e-06,1.00001,7.488074e-05,0.0,5.4314354e-05,7.054474e-05,2.005242e-05,0.0,6.273791e-05,8.4363775e-05,0.0
856.0,5010.664,0.50000006,7.665825e-08,0.0001565878,1.0000193,9.200845e-06,0.0,0.0,0.0,0.99989045,0.0,4.7511996e-05,0.0,5.2952157e-05,3.9991308e-05,5.3303494e-05,0.0
686.9999,13203.671,0.0,7.215618e-05,0.0001149511,0.5,0.0,1.1474736e-05,0.9999649,5.0868402e-05,3.9704523e-06,3.898564e-05,2.7976263e-05,3.7873622e-05,6.658619e-05,0.0,2.7012158e-05,0.0
827.0197,107.88915,0.5000001,0.080150194,0.06815136,0.9914704,0.50000006,0.058007035,0.021177962,0.006924589,0.029848767,0.074970685,0.0013041908,0.26459417,0.86314476,0.0075033987,0.01358547,0.50000006
774.0,58894.723,0.0,0.0,0.0,1.0,0.0,0.0,0.0,0.0,0.0,0.0,0.0,0.0,1.0,0.0,0.0,0.0
1282.0,1007.034,0.0,0.0,0.0,1.0,0.0,0.0,0.0,0.0,0.0,0.0,0.0,0.0,1.0,0.0,0.0,0.0
540.0,39955.695,1.0,0.0,0.0,0.0,0.0,0.0,0.0,0.0,0.0,1.0,0.0,0.0,0.0,0.0,0.0,0.0
2871.0,2383.527,0.00011450287,5.3560598e-05,4.1033094e-05,1.0000471,0.0,2.980188e-05,0.0,5.1841605e-05,0.5,6.1708665e-06,0.0,9.8440345e-05,8.639921e-05,7.150234e-05,0.00010268753,3.4681587e-05
3629.027,3360.8098,0.5000001,0.027389783,0.029209286,0.96269715,0.50000006,0.09119665,0.04482849,0.039947506,0.026897114,0.0033937474,0.03659337,0.018841045,0.95508033,0.052567452,0.0084048705,0.0025899415
6122.0,64416.72,1016.31604,889.08685,610.55554,465.41617,1609.4219,499.078,1190.7684,130.08101,1062.8052,60.45126,1419.9672,657.7687,479.14825,75.2849,114.9163,179.50285
105.77557,60012.223,9544.792,941.8051,1229.9376,10389.771,5980.819,2045.3683,8140.424,9401.632,4135.9155,11545.526,7766.4805,9401.532,3991.7253,845.39465,1479.7185,2235.9949
6242.0,43135.09,0.0,0.0,0.0,1.0,0.0,0.0,1.0,0.0,0.0,0.0,0.0,0.0,0.0,0.0,0.0,0.0
2953.0,2770.058,0.00010586556,9.0519185e-05,0.0,0.9999736,0.0,3.9338072e-05,0.50000006,3.6068992e-05,1.0000155,0.0,0.0,8.567316e-06,0.0,5.9955088e-05,9.590423e-05,7.039095e-05
2825.989,22241.908,0.07606751,0.03701731,0.0013318495,0.5,0.50000006,0.013369722,0.96894956,0.029698975,0.02129473,0.0766575,0.0048332363,0.0008657794,0.010901058,0.02610045,0.03787893,0.040716663
120.074486,102.08898,0.045266088,0.9423112,9.038564e-05,0.048176747,0.00022258985,0.00047443603,0.50000006,0.012832059,0.50000006,0.022056978,0.0042739594,0.06759545,0.062627174,0.96278596,0.056271464,0.02291002
781.0002,11154.435,2.706234e-05,7.0397145e-05,0.00029232772,0.49999997,0.0,6.2799496e-05,1.0000846,0.000120680925,0.00033678635,9.169139e-05,2.8574055e-05,0.0,0.00015673478,0.0003646481,0.00016412897,2.817221e-05
1277.0,1005.44,0.0,0.0,0.0,1.0,0.0,0.0,0.0,0.0,0.0,0.0,0.0,0.0,1.0,0.0,0.0,0.0
774.0,43157.832,0.0,0.0,0.0,1.0,0.0,0.0,0.0,0.0,0.0,0.0,0.0,0.0,1.0,0.0,0.0,0.0
418.99994,17281.225,0.0,6.7411456e-06,5.4771754e-05,0.5,0.0,0.00013711155,1.0000519,0.0,3.1016978e-05,8.201948e-05,1.6758117e-05,0.0,7.524811e-05,7.8241384e-05,0.0,3.559901e-05
3802.0,58663.71,0.0,0.0,0.0,1.0,0.0,0.0,1.0,0.0,0.0,0.0,0.0,0.0,0.0,0.0,0.0,0.0
766.9523,108.01722,0.0080668675,0.017581407,0.0051617376,0.5,0.50000006,0.017280692,0.010999549,0.013336077,0.9707408,0.0148043465,0.06868368,0.017447513,0.005148572,0.026625019,0.033830944,0.018123657
774.0,43126.543,0.0,0.0,0.0,1.0,0.0,0.0,0.0,0.0,0.0,0.0,0.0,0.0,1.0,0.0,0.0,0.0
9120.0,823.31,0.0,1.0000798,0.0,6.54782e-05,0.00013007375,9.886186e-05,0.50000006,0.99991184,6.765519e-05,0.0,0.0,9.028838e-05,4.7131853e-06,5.375085e-06,0.0,9.572733e-05
985.99475,7315.758,0.022817519,0.048496258,0.0605977,0.98822457,0.5000001,0.0026008275,0.0014503046,0.025174476,0.006611305,0.0007170398,0.024512198,0.03448047,0.95630395,0.049845874,0.07942543,0.50000006
4976.332,59999.242,1440.5435,2160.1646,342.88477,3763.202,0.0,145.11578,5386.8003,1127.9276,0.09446565,2231.567,2230.5781,3185.0508,4635.908,27.342365,1751.4976,641.92395
3379.0,2561.884,8.083063e-05,2.9486388e-05,3.784559e-05,0.99999774,6.904818e-06,0.0,0.000107232074,1.3392181e-05,0.5,0.0,9.393838e-05,0.00014389351,0.00010586388,3.4437777e-05,2.3902434e-05,7.707431e-05
442.00006,17055.67,6.176075e-05,5.7155605e-05,0.0,0.5,8.3863364e-05,0.0,0.99999183,9.919125e-05,1.670778e-07,2.7366437e-05,9.7504875e-05,0.0,0.0,3.239142e-05,2.5164425e-06,0.0
6060.0,1435.9279,3.519469e-05,0.0,1.2938514e-05,0.999945,8.414519e-05,0.0,0.50000006,0.0,0.0,2.1831569e-05,4.769318e-05,0.0,0.9998965,9.5202304e-05,5.0506686e-05,9.805953e-05
1457.0127,203.9243,0.5000001,0.054806054,0.057499703,1.09907,0.0062863478,0.040599264,0.014253422,0.0072550266,0.061944358,0.036981925,0.13016197,0.0005350031,1.0176347,0.024037043,0.0700594,0.50000006
9240.0,662.905,4.5305806e-05,1.0000054,2.0473783e-05,1.3859902e-05,1.5362464e-05,4.7440783e-05,0.50000006,0.99990636,5.246904e-05,0.0,9.539336e-05,0.00014557979,8.204051e-05,1.7618015e-05,0.0,9.626986e-05
2937.0,2725.314,0.0,1.510016e-05,9.7526594e-05,0.9999772,1.0030344e-06,0.0001403236,3.939007e-05,5.518217e-05,0.5,0.000103759594,3.8847606e-06,0.0,1.9326848e-05,0.0,0.00011466364,8.8815585e-05
1281.9991,1006.5108,0.04926654,0.026313517,0.043039847,0.98287106,0.03442538,0.050080467,0.50000006,0.04253018,3.733033e-05,0.0016447692,0.033342298,0.50000006,1.0227249,0.0071037477,0.020952191,0.016664641
6475.687,53252.434,2891.2644,5347.2656,1687.4803,124.9489,2629.313,3918.1472,3.449544e-05,1813.1554,3429.6792,4147.6133,1121.2639,0.0,4233.0044,1285.9385,4396.291,3798.0454
820.40204,61194.29,1987.2793,2631.1814,3165.5974,2726.2363,2941.4329,2822.859,1366.7788,2507.2986,2934.0532,1808.362,1387.6665,268.59662,72.439445,1549.3864,247.67618,2892.2668
3379.0,2306.189,6.2215545e-06,7.082756e-05,0.0,1.0001154,9.5505486e-05,3.758968e-05,1.46100565e-05,0.0,0.5,2.583516e-05,0.0,1.1386844e-05,6.873145e-05,3.5905375e-06,7.267066e-05,3.5413435e-05
1280.0,1004.85,0.0,0.0,0.0,1.0,0.0,0.0,0.0,0.0,0.0,0.0,0.0,0.0,1.0,0.0,0.0,0.0
780.9771,145.29025,0.04659271,0.026319938,0.0011388934,0.49999997,0.0009891317,0.04719881,0.50000006,0.009205918,1.0327288,0.07065292,0.0075712577,0.0028804846,0.07034777,0.046242293,0.11544335,0.035421092
823.9456,138.56767,0.035222586,0.007014377,0.0701285,0.5,0.007074474,0.028750082,0.50000006,0.017245924,0.922305,0.0017981059,0.050495904,0.01888295,0.10034618,0.047223963,0.024590256,0.05422598
5187.3413,53252.13,1787.4161,861.6574,4714.1973,3198.5422,0.38764057,833.0932,0.2912422,357.88766,1121.3358,5095.9336,1191.2523,30.084545,6959.261,688.3073,2072.9248,5263.148
254.01463,53247.695,0.068904884,0.0017266963,0.025502183,0.49999985,0.007706956,0.07057567,0.06301868,0.005427547,0.50000006,0.059665002,0.048786327,0.029095618,1.0762063,0.02522979,0.09530535,0.008660092
119.98769,50687.965,0.49999985,0.029128531,0.039171107,0.5000014,0.02660286,0.0005213881,0.9165324,0.003280712,0.027682016,0.04457746,0.0020793013,0.115229115,0.09603877,0.012284073,0.018329222,0.019243993
774.0,2098.427,0.0,0.0,0.0,1.0,0.0,0.0,0.0,0.0,0.0,0.0,0.0,0.0,1.0,0.0,0.0,0.0
2705.0212,22207.127,0.50000006,0.034062427,0.01584063,0.9366146,0.02539777,0.015696988,1.0111011,0.009402358,0.056039814,0.07224397,0.0010764558,0.04661183,0.022395303,0.0082165,0.13037191,0.50000006
3191.1057,60002.43,17051.947,22207.785,9088.39,14773.913,0.0,12652.499,5415.5425,873.8812,21763.123,14540.696,5513.229,4469.17,6324.5483,17635.377,17601.113,22050.484
1276.0,1004.422,0.0,0.0,0.0,1.0,0.0,0.0,0.0,0.0,0.0,0.0,0.0,0.0,1.0,0.0,0.0,0.0
11543.0,18106.848,0.0,0.0,0.0,1.0,0.0,0.0,0.0,0.0,1.0,0.0,0.0,0.0,0.0,0.0,0.0,0.0
3313.0,2943.788,0.0,0.0,0.0,1.0,0.0,0.0,0.0,0.0,1.0,0.0,0.0,0.0,0.0,0.0,0.0,0.0
774.0,1.268,0.0,0.0,0.0,1.0,0.0,0.0,0.0,0.0,0.0,0.0,0.0,0.0,1.0,0.0,0.0,0.0
2929.0,2177.879,5.2913998e-05,7.3944243e-06,0.0,0.9999717,5.028064e-05,0.0,7.106456e-05,7.0820606e-05,0.5,3.8903872e-05,3.1037056e-05,0.00011681897,1.00286115e-05,2.152394e-05,0.0,3.7959657e-05
13023.0,13008.134,0.0,0.0,0.0,0.0,1.0,0.0,1.0,0.0,0.0,0.0,0.0,0.0,0.0,0.0,0.0,0.0
2945.0,2365.061,0.0,1.7904202e-06,6.0249902e-05,0.9999735,7.3203075e-05,4.485648e-05,8.2138475e-05,0.0,0.5,5.4097694e-05,0.00011823304,0.00012906155,3.7869092e-06,2.239337e-05,0.0,4.8913575e-05
261.99994,56201.35,0.50000006,4.2007196e-05,9.506345e-05,1.0000447,0.0,6.172355e-05,1.0000224,6.7966525e-05,9.145162e-05,8.7211076e-05,1.2953762e-05,2.0842797e-05,9.9148194e-05,4.365245e-06,2.8527915e-05,6.3588355e-05
5994.517,59016.754,6886.7183,5644.481,4309.4565,7782.8228,5193.5957,3429.9712,1.023621e-05,4837.1943,5933.684,4871.7964,3817.848,2122.782,4300.105,3040.8633,2614.5476,5303.971
2863.0,2332.391,9.956112e-06,7.646296e-05,0.0,1.0000168,2.7045564e-05,3.222269e-05,0.0,5.0138083e-06,0.5,3.1374946e-06,5.9229267e-05,0.0,8.286737e-05,2.4337907e-05,9.134651e-05,3.833203e-05
540.0,39911.117,1.0,0.0,0.0,0.0,0.0,0.0,0.0,0.0,0.0,1.0,0.0,0.0,0.0,0.0,0.0,0.0
342.0,58376.88,0.0,0.0,0.0,1.0,0.0,0.0,1.0,0.0,0.0,0.0,0.0,0.0,0.0,0.0,0.0,0.0
119.94357,100.22229,0.0056435238,0.99609774,0.0063573285,0.0013254654,0.037789628,0.03002026,0.50000006,0.014481358,0.50000006,0.013509641,0.016569827,0.008476602,0.018014625,0.9579993,0.038224794,0.113450214
16212.0,43060.605,0.0,0.0,0.0,1.0,0.0,0.0,1.0,0.0,0.0,0.0,0.0,0.0,0.0,0.0,0.0,0.0
2945.0,2686.365,3.3179276e-06,8.534555e-05,5.5504115e-05,0.99996203,0.00014632833,0.0,0.50000006,3.2915355e-05,0.9999375,1.8553175e-05,7.40504e-05,0.0,0.0,1.9889345e-05,8.2466395e-05,8.1409395e-05
9299.999,681.4453,0.00021679988,0.0,2.7548554e-05,0.00030169892,0.9999599,0.0,0.5000001,0.0,4.6775942e-05,0.99981415,0.00012050653,0.00024651506,0.00020677448,8.8779656e-05,1.6803851e-05,2.4952064e-05
121.48616,75192.63,58054.92,52161.445,3774.451,11402.047,59489.188,5427.081,16411.09,48147.83,58611.49,66974.64,61347.066,4657.799,61577.527,45423.008,43470.89,1275.913
2812.949,22961.75,0.014893103,0.054739073,0.01851888,0.5,0.07159241,0.06608799,0.9697789,0.03173355,0.012268806,0.0113117015,0.0070513343,0.036575224,0.038100936,0.052968964,0.012989131,0.5000001
180.0,37375.977,1.0,0.0,0.0,0.0,0.0,0.0,1.0,0.0,0.0,0.0,0.0,0.0,0.0,0.0,0.0,0.0
486.0,59014.875,0.0,0.0,0.0,1.0,0.0,0.0,0.0,0.0,0.0,0.0,0.0,0.0,1.0,0.0,0.0,0.0
552.0,59130.56,0.0,0.0,0.0,1.0,0.0,0.0,0.0,0.0,0.0,0.0,0.0,0.0,1.0,0.0,0.0,0.0
2970.0835,23090.227,0.50000006,0.0070077544,0.007872411,0.5,0.012163557,0.00015395046,0.9739152,0.06137845,0.009786456,0.0038166998,0.00016571493,0.007978289,0.02679391,0.0415731,0.0019795592,0.019562092
3312.9624,2219.1895,0.0,0.0,0.0,0.40239304,0.10987911,0.0,0.50002414,0.17175198,1.2382691,0.0,0.22031794,0.0,0.3791586,0.60654193,0.34729168,0.0
2826.8547,60000.402,7866.6865,7916.4463,4458.6714,309.4112,4296.4194,2917.9695,0.44639918,4818.27,328.3796,6134.71,2155.6091,9942.3125,3558.548,2613.6682,5400.944,5731.1743
1018.00006,13181.017,0.00013050178,1.9932173e-05,0.0,0.5,2.7841764e-07,0.0,0.99999297,3.7365146e-05,0.0,0.0,1.8532692e-05,0.0,0.0,0.0001090085,6.0495113e-05,0.0
9120.001,850.23315,1.7892798e-05,0.99998593,0.00015388834,0.0,3.213631e-05,3.7933292e-05,0.50000006,1.0002853,0.000109265675,5.9411163e-05,0.0,4.8595506e-05,3.339276e-05,0.00021248157,7.053032e-05,0.00015785865
6121.948,64416.723,19.23629,932.91895,261.92828,594.8468,502.86798,34.13207,902.4232,1342.0502,1.5971206,643.6763,659.3098,192.34517,379.77252,97.720535,225.93327,820.5368
8727.0,15805.182,0.0,0.0,0.0,1.0,0.0,0.0,1.0,0.0,0.0,0.0,0.0,0.0,0.0,0.0,0.0,0.0
120.0056,101.607605,0.50000006,0.94964427,0.06882568,0.0784178,0.06409653,0.031200366,0.5000001,0.027401224,0.072239414,0.08231026,0.014467367,0.053434182,0.028342403,1.0066549,0.02097938,0.03626812
3618.0,58508.598,0.0,0.0,0.0,1.0,0.0,0.0,1.0,0.0,0.0,0.0,0.0,0.0,0.0,0.0,0.0,0.0
11248.0,49234.637,0.0,0.0,0.0,1.0,0.0,0.0,1.0,0.0,0.0,0.0,0.0,0.0,0.0,0.0,0.0,0.0
167.99995,59264.246,2.461475e-06,5.1981737e-05,1.248102e-05,0.99994963,8.960691e-05,7.3652496e-05,0.99999887,1.8258568e-05,1.8363064e-05,0.0,2.2368828e-05,0.0,0.50000006,0.0,0.0,0.000177944
732.9779,23523.22,0.50000006,0.034359746,0.001451089,0.971061,0.00078014896,0.038825206,0.024342481,0.008617767,0.011368075,0.032957796,0.0031624949,0.019691974,0.98365134,0.0056772577,0.094534844,0.50000006
3429.0,58645.203,0.0,0.0,0.0,1.0,0.0,0.0,1.0,0.0,0.0,0.0,0.0,0.0,0.0,0.0,0.0,0.0
715.9791,108.58779,0.50000006,0.033934046,0.004514194,0.5,0.027853873,0.03625305,0.00408431,0.0057939445,0.97811633,0.008115967,0.038255222,0.011388716,0.009584503,0.026131772,0.036129594,0.032862402
120.01304,100.472145,0.079047,0.9987919,0.0077073765,0.027828544,0.030569637,0.048905335,0.5000001,0.0174125,0.50000006,0.047807343,0.04080942,0.0039283433,0.08154445,0.9865442,0.030407337,0.013776969
180.0,27600.04,1.0,0.0,0.0,0.0,0.0,0.0,1.0,0.0,0.0,0.0,0.0,0.0,0.0,0.0,0.0,0.0
120.0,38400.105,1.0,0.0,0.0,0.0,0.0,0.0,1.0,0.0,0.0,0.0,0.0,0.0,0.0,0.0,0.0,0.0
9180.0,993.57196,2.7193275e-05,0.9999803,0.0,0.0,3.701675e-05,0.0,0.50000006,1.0000675,1.21327585e-05,2.6727386e-05,8.418188e-05,0.0,0.000100386045,0.0,0.0,0.000112364716
6121.9995,64416.72,717.1761,28.153568,1042.3232,516.82214,519.2709,390.08032,1352.5736,2.7957344,947.75323,979.422,1647.1517,267.5115,1006.06256,699.267,315.57278,254.91325
2877.977,21905.545,0.016743068,0.037753306,0.055239387,0.49999988,0.05811261,0.0036589988,0.8709598,0.1070291,0.50000006,0.04420017,0.0003516619,0.017447935,0.053053632,0.03058671,0.060374938,0.012482286
132.0,0.496,0.0,0.0,0.0,0.0,1.0,0.0,1.0,0.0,0.0,0.0,0.0,0.0,0.0,0.0,0.0,0.0
774.0,52174.047,0.0,0.0,0.0,1.0,0.0,0.0,0.0,0.0,0.0,0.0,0.0,0.0,1.0,0.0,0.0,0.0
1278.0,1004.368,0.0,0.0,0.0,1.0,0.0,0.0,0.0,0.0,0.0,0.0,0.0,0.0,1.0,0.0,0.0,0.0
119.91291,100.27657,0.50000006,0.95048755,0.019435782,0.015690735,0.013738193,0.020607557,0.50000006,0.007884984,0.02300854,0.00081346056,0.035368364,0.022617504,0.036587037,0.9121953,0.02283088,0.009110071
9360.0,658.981,0.0,0.0,0.0,6.368251e-05,0.99994034,6.0569822e-05,0.50000006,5.5046952e-05,6.5508316e-06,1.0000148,1.7478898e-05,0.0,1.8056217e-06,0.0,2.1953714e-05,2.6442083e-05
3448.0,20019.396,0.0,0.0,0.0,1.0,0.0,0.0,0.0,0.0,0.0,0.0,0.0,0.0,1.0,0.0,0.0,0.0
3313.0,2413.302,3.5410805e-05,8.37739e-05,1.5941054e-05,0.9999272,8.1824255e-06,2.8627383e-05,0.0,6.703494e-05,0.5,1.1588613e-05,0.00012829533,0.0,9.244434e-05,2.1560221e-05,1.3096066e-05,0.0
6120.0,910.48505,1.6534337e-05,4.366414e-05,0.00012686552,1.0000077,0.0,2.2647434e-06,0.50000006,6.40483e-05,8.372441e-06,1.4599779e-05,5.104285e-05,0.0,0.9998984,2.3316703e-05,1.0144032e-05,2.908184e-05
1646.031,12141.285,0.034559626,0.04323998,0.0067897025,0.5,0.50000006,0.041978642,0.03657805,0.00067565637,0.0007982134,0.010744622,0.004815329,0.028551333,0.98269373,0.02789017,0.069893144,0.03714251
2147.991,32610.88,0.00081127597,0.002208133,0.03850788,0.5,0.00913288,0.051994726,0.050008602,0.004258593,0.50000006,0.018801086,0.04828485,0.034011193,0.9977252,0.03493113,0.0091153765,0.051607598
853.04254,248.10625,0.028010895,0.04561853,0.00056160905,0.5,0.03679305,0.020990359,0.50000006,0.016894026,1.0161844,0.03327183,0.038637616,0.029634396,0.00091561046,0.00045973997,0.0014943685,0.02530688
525.99994,15234.983,2.7443018e-06,7.959678e-06,2.0402642e-05,0.5,3.9746676e-05,5.0606035e-05,0.99994856,0.0,3.1237512e-05,0.0,6.0262173e-05,7.938023e-05,1.404136e-05,0.0,9.369039e-05,7.652099e-05
2863.0,2476.002,4.008292e-05,0.0,0.0,0.9999429,0.0,0.000105027815,0.00015546715,0.0,0.5,6.241127e-05,3.7467937e-05,0.0,8.02192e-05,9.946649e-05,0.0001331046,9.520706e-06
7106.0,679.744,0.0,0.0,0.0,0.0,1.0,0.0,1.0,0.0,0.0,0.0,0.0,0.0,0.0,0.0,0.0,0.0
3607.9685,13037.932,0.50000006,0.05164737,0.0012834594,0.49999997,0.07205897,0.014213268,0.048489485,0.020375757,0.019140147,0.0049789674,0.028771183,0.04704606,0.99027014,0.00067803107,0.021977201,0.017175736
849.0,9100.54,0.0,7.4476855e-05,6.3867797e-06,0.5,0.0,4.5734712e-05,0.9999012,0.000118424374,0.0,5.514245e-05,3.250221e-06,7.284399e-05,3.5861845e-05,0.0,3.5081935e-05,5.5711083e-05
9300.001,644.231,0.0,1.2255561e-05,3.7456568e-05,0.0,1.0000104,0.00012653736,0.5000001,0.00016520293,0.0,1.0000271,0.00021975959,0.0,8.5551055e-06,0.00013008696,0.00017181858,2.8788141e-05
120.09331,101.55174,0.00078315707,1.0476363,0.041595872,0.052620202,0.043976996,0.0024863824,0.50000006,0.000178486,0.5000001,0.0026417177,0.02019664,0.006346944,0.065174565,0.9288799,0.01887097,0.0079783145
1285.0,1007.118,0.0,0.0,0.0,1.0,0.0,0.0,0.0,0.0,0.0,0.0,0.0,0.0,1.0,0.0,0.0,0.0
172.00008,74588.73,0.0,0.0,5.025754e-05,0.5,0.0,0.0,0.9998571,4.3962234e-05,0.0,0.0,0.0,1.4272086e-05,1.8200439e-05,5.226546e-05,7.640307e-05,0.0
806.0111,106.516174,0.001342064,0.14827642,0.074772485,0.49999997,0.028687006,0.113771334,0.50000006,0.0055859443,0.20296955,0.036372375,0.011092698,0.06392765,0.9209528,0.0118710995,0.025313213,0.5000001
9119.999,1155.103,0.0,0.99977446,8.210092e-06,0.0,3.3652792e-05,0.0001694538,0.50000006,0.9999129,0.00014085221,0.0,0.00013432442,0.00015004352,0.00021000166,6.747121e-05,9.476003e-05,0.0
926.7947,103.89637,0.50000006,0.03858494,0.02733433,0.9662019,0.5000001,0.091892056,0.055222504,0.057117876,0.056401484,0.08872147,0.0046879672,0.0014076504,0.5,0.085961625,0.022962725,0.178033
9060.0,909.891,0.00010331373,0.99991566,4.2298005e-05,4.0382572e-05,3.1455093e-05,4.7314727e-05,0.50000006,1.0000591,0.0,0.0,3.5482873e-05,0.0,3.4087483e-05,0.0,8.8111046e-05,5.9159356e-05
774.0,0.997,0.0,0.0,0.0,1.0,0.0,0.0,0.0,0.0,0.0,0.0,0.0,0.0,1.0,0.0,0.0,0.0
3415.0,58339.38,0.0,0.0,0.0,1.0,0.0,0.0,1.0,0.0,0.0,0.0,0.0,0.0,0.0,0.0,0.0,0.0
740.0065,17204.89,0.5000001,0.045687195,0.014243079,0.91031355,0.0438679,0.01197528,0.07764552,0.024158783,0.006904836,0.04715357,0.02649351,1.0076618,0.03553349,0.0023318809,0.029864145,0.50000006
2945.0,2702.101,0.0,1.9804314e-05,1.7147479e-05,1.0000045,3.899702e-05,0.00014327807,0.50000006,0.0,0.99995905,0.0,8.1847706e-05,4.5232136e-05,3.0280464e-06,7.6417935e-05,7.222812e-05,4.5419492e-05
794.93585,1173.0697,0.50000006,0.024939427,0.009125493,0.5,0.009095352,0.0294293,0.0018596434,0.03986599,0.9659269,5.4831595e-05,0.025825232,0.058596656,0.009716672,0.010094489,0.006829323,0.043530654
774.0,1.181,0.0,0.0,0.0,1.0,0.0,0.0,0.0,0.0,0.0,0.0,0.0,0.0,1.0,0.0,0.0,0.0
2929.0,2309.751,5.0432205e-05,4.3949553e-06,7.688658e-05,1.0001507,1.4481956e-06,1.625243e-05,7.511392e-05,6.776128e-05,0.5,0.0,0.0,3.1049043e-05,4.264224e-06,0.0,3.9796298e-05,7.1394184e-06
120.0,90080.25,1.0,0.0,0.0,0.0,0.0,0.0,1.0,0.0,0.0,0.0,0.0,0.0,0.0,0.0,0.0,0.0
6242.0,43063.266,0.0,0.0,0.0,1.0,0.0,0.0,1.0,0.0,0.0,0.0,0.0,0.0,0.0,0.0,0.0,0.0
6060.0,942.2069,6.3269e-05,0.0,4.4599496e-05,0.99996954,0.0,0.0,0.50000006,0.0,1.8313063e-05,0.0,0.0,1.324602e-05,0.9999588,6.698784e-05,0.0,0.0
774.0,1.895,0.0,0.0,0.0,1.0,0.0,0.0,0.0,0.0,0.0,0.0,0.0,0.0,1.0,0.0,0.0,0.0
774.0,7778.072,0.0,0.0,0.0,1.0,0.0,0.0,0.0,0.0,0.0,0.0,0.0,0.0,1.0,0.0,0.0,0.0
1282.0,1004.78,0.0,0.0,0.0,1.0,0.0,0.0,0.0,0.0,0.0,0.0,0.0,0.0,1.0,0.0,0.0,0.0
774.0,43156.367,0.0,0.0,0.0,1.0,0.0,0.0,0.0,0.0,0.0,0.0,0.0,0.0,1.0,0.0,0.0,0.0
774.0,18959.574,0.0,0.0,0.0,1.0,0.0,0.0,0.0,0.0,0.0,0.0,0.0,0.0,1.0,0.0,0.0,0.0
3379.0,2505.815,8.3101266e-05,0.0,0.0,0.9999915,7.282066e-05,0.0,1.8261408e-05,0.0,0.5,9.81944e-05,7.598897e-06,1.738484e-05,8.02667e-06,1.9438483e-05,7.00284e-05,3.9197286e-05
12468.0,14006.877,0.0,0.0,0.0,1.0,0.0,0.0,1.0,0.0,0.0,0.0,0.0,0.0,0.0,0.0,0.0,0.0
498.0,59050.816,0.0,0.0,0.0,1.0,0.0,0.0,0.0,0.0,1.0,0.0,0.0,0.0,0.0,0.0,0.0,0.0
774.0,1.501,0.0,0.0,0.0,1.0,0.0,0.0,0.0,0.0,0.0,0.0,0.0,0.0,1.0,0.0,0.0,0.0
595.00006,12160.33,8.304289e-05,0.0,0.000105876985,0.49999997,0.00015444511,7.361011e-06,0.99956197,0.00018399153,0.0004984206,0.0001630583,4.038533e-06,0.0,0.00027131577,0.0003225269,0.0,0.00016364334
2961.0674,22431.477,0.025571797,0.014742254,0.0012420956,0.5,0.50000006,0.00699203,0.9407209,0.0035353347,0.015035123,0.037673317,0.012891597,0.0054044873,0.013885156,0.064933605,0.029141676,0.0053254375
5435.0,8984.732,0.0,0.0,0.0,0.0,1.0,0.0,1.0,0.0,0.0,0.0,0.0,0.0,0.0,0.0,0.0,0.0
6120.0303,902.30786,0.021823214,0.110024236,0.01791155,0.9460737,0.02304858,0.017895404,0.50000006,0.044371493,0.50000006,0.035086438,0.043558195,0.011671396,0.96731895,0.014661141,0.073212825,0.025332814
6060.0,1436.3289,9.49863e-06,0.0,3.9808445e-05,0.99998003,2.2598024e-05,1.0540699e-05,0.50000006,0.0,0.0,0.00015072028,0.0,1.4293705e-05,1.0000148,0.0,2.4167332e-05,8.322512e-05
2896.0051,21699.768,0.50000006,0.04574856,0.018531233,0.5,0.02760991,0.01199531,1.0416111,0.020723946,0.044371933,0.046041172,0.018590681,0.033107765,0.021512583,0.00083823496,0.021159178,0.012744263
9360.0,596.67,2.5474017e-05,0.00011697256,3.5526875e-05,0.0,1.0000057,0.0,0.50000006,5.4291566e-05,0.0,0.9998831,3.479845e-05,3.0479641e-05,7.5967044e-05,5.3494616e-05,9.704555e-06,7.881382e-05
6120.0,816.41693,0.00014946774,0.0,1.3162649e-05,0.99997145,1.3709863e-05,9.72316e-06,0.50000006,0.0,2.3390072e-05,8.188614e-06,0.00010570496,0.0,1.0000007,2.3105653e-05,7.039098e-05,3.817535e-06
9299.999,682.52216,0.00029389167,0.0,5.0227114e-05,0.00020976033,0.99986064,0.0,0.50000006,0.0,3.0311998e-05,0.999814,0.00013590339,0.0001180342,0.0,0.00018628566,0.000110840425,5.4180375e-05
3186.0625,59999.426,314.3169,284.81226,0.0,619.5868,775.227,553.24884,0.0,208.78535,74.21292,274.7186,1068.8093,103.416245,211.66049,613.69354,845.0121,374.1503
886.97064,134.50865,0.5000002,0.07569234,0.0062447763,1.1402614,0.0048742103,0.013137558,0.50000006,0.0034423608,1.0248969,0.064694695,0.1332349,0.12776905,0.08334596,0.01284558,0.08147858,0.50000006
6119.9346,873.1039,0.0096653,0.013821926,0.09531431,0.926924,0.019125033,0.0745064,0.5000001,0.0102787865,0.028304705,0.05580552,0.0152593395,0.0006290089,0.999528,0.50000006,0.00031186806,0.0017279777
210.00134,53247.99,0.50000006,0.07166453,0.08463488,0.9954724,0.50000006,0.0054376456,0.0047876695,0.0013515643,0.03532802,0.100339174,0.007160403,0.01636005,0.9619643,0.06856383,0.0023660492,0.006634671
775.03516,650.5199,0.50000006,0.0038992704,0.038928807,0.5,0.0032124217,0.020496987,0.014281285,0.046495374,0.008985728,0.066334635,0.07255204,0.02712614,0.94329274,0.10580501,0.0884871,0.0020038602
774.0,15793.68,0.0,0.0,0.0,1.0,0.0,0.0,0.0,0.0,0.0,0.0,0.0,0.0,1.0,0.0,0.0,0.0
3527.0,58527.457,0.0,0.0,0.0,1.0,0.0,0.0,1.0,0.0,0.0,0.0,0.0,0.0,0.0,0.0,0.0,0.0
120.0,36096.16,1.0,0.0,0.0,0.0,0.0,0.0,1.0,0.0,0.0,0.0,0.0,0.0,0.0,0.0,0.0,0.0
4598.9966,13311.337,0.0130633535,0.06509706,0.00030980224,0.5,0.043871537,0.0071842126,0.50000006,0.040549885,0.031090893,0.010090947,0.0084326165,0.0121678,0.99738294,0.06992225,0.010501908,0.008791829
7320.488,53252.06,0.0127272,3.1514444,260.88486,1.3513516e-06,0.0056136474,277.6572,1.3513516e-06,712.0924,361.834,179.97499,117.567665,365.43704,386.53116,935.75806,135.80241,47.28668
6120.0,908.7869,8.3393665e-05,6.3064275e-05,3.7224276e-05,1.0000824,0.0,4.717427e-05,0.50000006,0.0,4.692493e-05,6.666606e-05,0.0,5.4336462e-05,0.9999646,0.0,9.105965e-05,0.0
1281.0,1006.327,0.0,0.0,0.0,1.0,0.0,0.0,0.0,0.0,0.0,0.0,0.0,0.0,1.0,0.0,0.0,0.0
1278.0,1004.849,0.0,0.0,0.0,1.0,0.0,0.0,0.0,0.0,0.0,0.0,0.0,0.0,1.0,0.0,0.0,0.0
540.0,39890.746,1.0,0.0,0.0,0.0,0.0,0.0,0.0,0.0,0.0,1.0,0.0,0.0,0.0,0.0,0.0,0.0
574.0,784.683,0.0,0.0,0.0,0.0,1.0,0.0,0.0,0.0,0.0,1.0,0.0,0.0,0.0,0.0,0.0,0.0
823.0489,1524.5532,0.0016640356,0.004472753,0.00033695652,0.5,0.0043154634,0.016375087,0.026977638,0.0050251028,0.025044879,0.010647836,0.030437643,0.0036996226,1.0009521,0.021442013,0.011143064,0.50000006
1053.9999,11139.15,0.0,7.637462e-05,8.178064e-06,0.5,1.6138383e-05,5.768907e-05,1.000011,4.038264e-05,9.7900636e-05,0.0,7.549196e-05,5.6166024e-05,6.7988326e-06,0.0,0.000109166875,6.500016e-05
1279.0,1004.555,0.0,0.0,0.0,1.0,0.0,0.0,0.0,0.0,0.0,0.0,0.0,0.0,1.0,0.0,0.0,0.0
9986.0,49223.285,0.0,0.0,0.0,1.0,0.0,0.0,1.0,0.0,0.0,0.0,0.0,0.0,0.0,0.0,0.0,0.0
98.45927,5118.784,965.1317,2239.6511,1536.3116,4456.4873,0.0013201679,2564.434,2099.5107,927.0303,2727.5054,971.4552,4254.8276,2272.5647,2204.7405,1906.1691,1711.5151,5081.7104
774.0,1.252,0.0,0.0,0.0,1.0,0.0,0.0,0.0,0.0,0.0,0.0,0.0,0.0,1.0,0.0,0.0,0.0
745.97095,2459.3787,0.012596946,0.015451161,0.03882781,0.5,0.046620652,0.018129298,0.00423831,0.023672959,1.004983,0.07100729,0.030315312,0.06374065,0.036103867,0.50000006,0.013087052,0.019019615
3313.0,2516.468,9.301275e-06,4.6953714e-06,8.384311e-06,0.99996364,6.796386e-05,0.0,0.0,0.0,0.5,0.0,1.7537005e-06,3.3664983e-06,0.000161812,4.341242e-05,4.5455803e-05,0.00010059792
774.0,1.179,0.0,0.0,0.0,1.0,0.0,0.0,0.0,0.0,0.0,0.0,0.0,0.0,1.0,0.0,0.0,0.0
540.0,39903.21,1.0,0.0,0.0,0.0,0.0,0.0,0.0,0.0,0.0,1.0,0.0,0.0,0.0,0.0,0.0,0.0
2793.0,3360.994,0.50000006,0.00010570474,0.0,1.0000609,4.9835875e-05,0.0,3.2061376e-05,7.225194e-05,5.8342684e-05,0.0,0.0,0.0,1.0000712,8.673994e-05,5.2099822e-05,8.361439e-06
1629.7867,59999.03,2366.7969,6.544074,1362.7131,3435.048,0.0,2393.3003,343.78134,3274.9534,0.0,64.84996,318.93283,2008.7004,2049.6091,1543.2015,1023.65326,644.9926
774.0,38791.26,0.0,0.0,0.0,1.0,0.0,0.0,0.0,0.0,0.0,0.0,0.0,0.0,1.0,0.0,0.0,0.0
9300.001,765.3572,0.0002723705,6.400551e-05,1.4603998e-05,0.00011961969,1.0000082,1.3725217e-05,0.50000006,4.269164e-05,0.00017313474,1.0000513,0.00023375906,0.00012524423,0.0,0.00016187795,0.00010339358,2.8873146e-05
6120.0103,873.8357,0.010338333,0.04753306,0.0042302865,1.0192671,0.032577492,0.06287613,0.50000006,0.009688542,0.5000001,0.06039743,0.059660893,0.03461166,1.0356092,0.062060118,0.04086564,0.011374701
1022.0,7047.471,0.0,0.0,6.326826e-05,0.5,0.0,0.0,0.99997836,0.0,3.4261015e-05,0.0,0.0,0.0,6.9563444e-05,4.006577e-05,0.0,4.223392e-05
6060.0,1483.32,9.262856e-05,0.000104003644,0.0,1.0000337,0.0,8.193707e-06,0.50000006,3.186856e-05,0.000120723875,0.0,0.0,5.3375636e-05,0.9999651,0.0,2.0385642e-05,5.2128125e-05
9120.0,829.22186,0.0,0.9999049,0.0,1.5305091e-05,0.0,2.094027e-05,0.50000006,1.0000676,1.996516e-05,6.51323e-06,9.075657e-05,0.0,2.3853506e-06,4.471643e-05,3.9948292e-05,0.00010293543
592.10016,17872.328,0.021493267,0.000958941,0.0005509807,0.5,0.050138243,0.021952195,0.027402122,0.0048497627,0.037682187,0.04417751,0.11463594,0.49999994,0.008238742,0.0012938273,0.01061074,0.06367587
12474.0,14005.393,0.0,0.0,0.0,1.0,0.0,0.0,1.0,0.0,0.0,0.0,0.0,0.0,0.0,0.0,0.0,0.0
246.92969,91818.4,10003.408,40404.03,21855.121,19784.416,96501.695,66864.78,104385.22,5879.8853,125699.03,124142.96,7358.0825,9312.155,151697.25,143254.08,112570.54,113955.12
1280.9769,1007.36896,0.004903999,0.0266203,0.048713617,0.99905205,0.10577905,0.09018606,0.5000001,0.00043953283,0.50000006,0.0070547415,0.016284462,0.04257402,0.94485784,0.056607194,0.010105042,0.07803251
9300.0,591.07007,9.0149784e-05,3.41618e-05,0.0,8.4280924e-05,1.0000685,0.0,0.50000006,0.0,0.0,0.99998397,1.8256012e-05,7.777654e-05,9.039654e-05,2.7123739e-05,0.0,0.0
3643.995,56576.188,802.2605,310.0019,4502.1714,674.2305,0.0,14.749109,0.017044127,3167.8696,6763.1685,792.8743,2874.721,143.9569,7217.269,2752.503,2348.0137,774.8253
86.65904,59999.926,1233.6572,43567.16,53713.207,44434.19,17138.232,23698.79,31680.268,46900.008,30004.873,25393.982,14154.361,19122.586,7523.164,12565.4795,30988.94,732.0405
2929.0,2112.357,9.8429664e-05,3.0786243e-05,0.0,1.0000564,9.85991e-05,4.2869742e-05,1.093091e-05,3.196311e-05,0.5,2.5537507e-05,8.023016e-05,8.552653e-05,0.0,0.0,4.2822296e-05,0.0
6241.0,46244.992,0.0,0.0,0.0,1.0,0.0,0.0,1.0,0.0,0.0,0.0,0.0,0.0,0.0,0.0,0.0,0.0
774.0,6984.729,0.0,0.0,0.0,1.0,0.0,0.0,0.0,0.0,0.0,0.0,0.0,0.0,1.0,0.0,0.0,0.0
686.0001,11136.346,0.5000001,0.00030173533,0.00012388316,1.0001489,0.0,0.00015356035,1.0001371,9.83342e-05,9.495054e-05,0.00024378886,0.0,6.210939e-05,0.00010554072,2.0598725e-05,0.00010362937,0.0
6120.0005,812.4,0.0,2.4446996e-05,0.00019508007,0.9998138,2.1500737e-05,0.0,0.50000006,0.0,9.458656e-05,5.2989594e-06,0.0,0.000100718564,0.9999445,0.0,2.1309506e-05,0.00011553209
120.018745,101.88331,0.0035950884,0.9623843,0.02809706,0.024484247,0.009859096,0.051396783,0.50000006,0.055877175,0.015400856,0.013353789,0.00015189544,0.0035713136,0.02220462,0.5,0.027601494,0.044400636
612.0,59008.707,0.0,0.0,0.0,1.0,0.0,0.0,0.0,0.0,0.0,0.0,0.0,0.0,1.0,0.0,0.0,0.0
1276.0,1006.972,0.0,0.0,0.0,1.0,0.0,0.0,0.0,0.0,0.0,0.0,0.0,0.0,1.0,0.0,0.0,0.0
494.0,2216.114,0.0,0.0,0.0,0.0,1.0,0.0,0.0,0.0,0.0,1.0,0.0,0.0,0.0,0.0,0.0,0.0
3313.0,2407.59,3.6719706e-05,7.965592e-05,7.426732e-05,0.99994916,2.9097368e-05,5.3402323e-06,5.9269027e-05,5.4366225e-05,0.5,4.237706e-05,0.0,2.2807651e-05,9.6975775e-05,8.452249e-05,5.5823217e-05,2.5736479e-05
3379.0,2866.984,0.0,0.0,4.895085e-05,1.000063,9.468366e-05,0.000117792726,3.816122e-05,3.0102152e-05,0.5,8.246727e-06,2.504887e-05,0.0,0.0,5.7784808e-05,3.1093514e-05,6.85027e-05
819.0057,2425.0989,0.019532302,0.04435846,0.028306045,0.4999999,0.058645103,0.006287545,0.11109264,0.050469186,1.0072706,0.08446378,0.01929699,0.06042134,0.012832147,0.03341542,0.03760581,0.50000006
854.0,7063.835,1.8451998e-06,0.0,0.000119456796,0.5,6.7570545e-05,1.298503e-05,1.0001249,8.841859e-06,0.0,0.000110943634,0.0,0.0,1.6487527e-05,8.971138e-05,0.0,1.1288311e-05
2760.987,23556.418,0.039284613,0.0033189473,0.00010829331,0.49999997,0.0026703302,0.07324171,0.9789243,0.047999013,0.50000006,0.020735957,0.0067131002,0.008920044,0.105866246,0.04579337,0.0002972815,0.017619524
8738.0,22095.705,0.0,0.0,0.0,1.0,0.0,0.0,1.0,0.0,0.0,0.0,0.0,0.0,0.0,0.0,0.0,0.0
774.0,11223.462,0.0,0.0,0.0,1.0,0.0,0.0,0.0,0.0,0.0,0.0,0.0,0.0,1.0,0.0,0.0,0.0
948.0,9087.388,0.0,5.541583e-05,9.10358e-05,0.5,0.0001254661,3.063944e-05,1.0000904,9.493727e-06,8.220414e-06,8.655542e-07,0.0,4.3154294e-05,0.00010912549,0.0,8.050591e-05,2.3803232e-05
119.939926,101.90517,0.00039761624,1.0003731,0.014994975,0.028320191,0.059497144,0.059265114,0.50000006,0.04167769,0.50000006,0.041086696,0.017657422,0.0058002784,0.036001038,1.0293607,0.07406895,0.010520685
360.0,6939.097,1.0,0.0,0.0,0.0,0.0,0.0,0.0,0.0,0.0,1.0,0.0,0.0,0.0,0.0,0.0,0.0
841.10706,95.6145,0.5000001,0.037317898,0.09792272,1.0119487,0.090604864,0.022577807,0.50000006,0.017077737,0.026144367,0.030160714,0.007827549,0.035006598,0.9935628,0.008605543,0.0017251355,0.011111759
2871.0,2493.919,0.0,0.0,0.0,1.0000287,0.0,0.0,0.0,5.2391104e-05,0.5,4.6349496e-06,0.0,0.000118343734,2.0143836e-05,9.3243994e-05,7.7956814e-05,4.0226948e-07
1041.9999,9088.384,3.890257e-05,0.0,0.0,0.5,0.0,5.726801e-05,1.0000672,0.0,0.0,0.000121665136,9.049549e-05,2.7099019e-05,6.728188e-05,0.0,6.671365e-05,0.0
120.05324,100.13684,0.50000006,1.0479292,0.03538681,0.026878739,0.03885709,0.05560863,0.5000001,0.04999934,0.050791185,0.06810255,0.0051021064,0.01520857,0.060962148,1.0182872,0.040733773,0.016328584
2569.0,1980.199,0.50000006,5.8378882e-05,5.56249e-05,1.0000478,0.0,1.0817838e-05,3.5619605e-06,6.39183e-05,1.0000567,2.3519458e-05,7.175365e-05,9.454446e-05,0.0,5.8823138e-05,3.7678503e-05,6.417477e-05
794.0462,246.02376,0.08027511,0.08167355,0.0010592359,0.5,0.028627131,0.015320111,0.50000006,0.005600125,0.97199196,0.0075483792,0.013166598,0.00752162,0.028855236,0.098297745,0.009288802,0.0067164465
1278.9309,1004.59607,0.03629347,0.0011011978,0.021251138,1.0393034,0.01411229,0.02253507,0.5000001,0.057902683,0.003550716,0.048712455,0.046518236,0.50000006,1.0346,0.032842625,0.03285154,0.054794077
9990.0,15810.866,0.0,0.0,0.0,1.0,0.0,0.0,1.0,0.0,0.0,0.0,0.0,0.0,0.0,0.0,0.0,0.0
229.02118,0.3236712,0.024990896,0.021301929,0.035057038,0.5,0.0023279442,0.030919785,0.03402893,0.08523031,0.50000006,0.012960428,0.037692342,0.002334793,1.0590708,0.034667067,0.008210911,0.011482255
119.95672,100.33654,0.50000006,1.0211732,0.025661586,1.6570627e-06,0.00777972,0.036093805,0.50000006,0.013232571,0.0591852,5.8698934e-05,0.0046503805,0.06944492,0.057272926,0.97242504,0.033431776,0.0021620921
7474.0,26011.035,0.0,0.0,0.0,1.0,0.0,0.0,1.0,0.0,0.0,0.0,0.0,0.0,0.0,0.0,0.0,0.0
9986.0,49274.113,0.0,0.0,0.0,1.0,0.0,0.0,1.0,0.0,0.0,0.0,0.0,0.0,0.0,0.0,0.0,0.0
9119.999,860.05505,6.0892085e-05,1.000022,0.00012604815,0.00016937352,0.00020617893,7.36864e-05,0.50000006,0.99972093,1.2845399e-05,0.0,0.0,0.00025500514,5.557899e-05,4.822212e-05,6.4059845e-05,0.0
3907.1602,60001.367,26491.38,24088.56,21766.393,17967.809,6489.3516,15297.042,0.00058732816,23160.08,19371.076,860.00244,13117.512,5012.596,3352.7444,7233.4316,23165.55,22337.242
774.0,58901.64,0.0,0.0,0.0,1.0,0.0,0.0,0.0,0.0,0.0,0.0,0.0,0.0,1.0,0.0,0.0,0.0
1488.0,31054.377,1.184313e-05,2.5279787e-05,9.498372e-05,0.5,0.0,6.224873e-05,0.0,2.6917214e-05,0.99993587,0.0,0.0,3.9476166e-05,0.0,4.3651584e-05,9.4359304e-05,9.4667535e-05
2686.9956,22352.938,0.0031520308,0.08429621,0.048417967,0.49999994,0.03302333,0.0004652724,0.9581005,0.02516902,0.00073527923,0.0012941251,0.04971876,0.0009826316,0.017102867,0.024465198,0.05430074,0.50000006
774.0,15486.262,0.0,0.0,0.0,1.0,0.0,0.0,0.0,0.0,0.0,0.0,0.0,0.0,1.0,0.0,0.0,0.0
1279.0,1005.201,0.0,0.0,0.0,1.0,0.0,0.0,0.0,0.0,0.0,0.0,0.0,0.0,1.0,0.0,0.0,0.0
591.9999,4097.1855,0.50000006,0.000104157654,0.0,1.000026,0.0,0.0,8.387211e-08,0.0,0.0,6.242209e-05,3.4674427e-05,1.0000651,1.7148557e-05,2.371557e-05,1.8228426e-05,6.4866406e-05
4099.9624,13056.287,0.50000006,0.021099884,0.018496871,0.5,0.052085783,0.003754952,0.055646516,0.03181574,0.0076171057,4.52712e-05,0.004921142,0.04009585,1.0564157,0.057204016,0.09399441,0.023496449
540.0,39970.812,1.0,0.0,0.0,0.0,0.0,0.0,0.0,0.0,0.0,1.0,0.0,0.0,0.0,0.0,0.0,0.0
830.9871,571.3602,0.03162528,0.000463067,0.026358027,0.5,0.00031111628,0.038343728,0.006033702,0.061871722,0.028333222,0.045584913,0.013354576,0.039924007,0.97438514,0.04042395,0.008640656,0.50000006
16239.0,43059.812,0.0,0.0,0.0,1.0,0.0,0.0,1.0,0.0,0.0,0.0,0.0,0.0,0.0,0.0,0.0,0.0
221.99992,21413.104,0.50000006,0.00010349148,3.148857e-05,1.0000378,1.3393171e-05,1.726941e-05,5.0312305e-05,0.0,6.586822e-05,9.719854e-05,2.2311227e-05,1.0000763,2.3558505e-06,3.9006485e-05,0.0,4.084375e-05
2957.0,5523.23,0.0,0.0,0.0,1.0,0.0,0.0,0.0,0.0,1.0,0.0,0.0,0.0,0.0,0.0,0.0,0.0
4070.0,25854.865,0.0,0.0,0.0,0.4999997,0.00062260975,0.00035075302,1.0001124,0.0005458792,0.00039371618,0.0,0.0,0.0004193293,0.0,0.0005038589,0.0004420683,0.0
774.0,18989.035,0.0,0.0,0.0,1.0,0.0,0.0,0.0,0.0,0.0,0.0,0.0,0.0,1.0,0.0,0.0,0.0
831.0529,2839.838,0.00024728494,0.0027353403,0.0328138,0.5,0.0033739386,0.005798378,0.018304856,0.030953903,1.0020065,0.04736262,0.045158517,0.001528822,0.0064589214,0.0035616795,0.006603666,0.50000006
774.0,1.808,0.0,0.0,0.0,1.0,0.0,0.0,0.0,0.0,0.0,0.0,0.0,0.0,1.0,0.0,0.0,0.0
7481.0,34011.996,0.0,0.0,0.0,1.0,0.0,0.0,1.0,0.0,0.0,0.0,0.0,0.0,0.0,0.0,0.0,0.0
3534.9395,59999.793,22539.258,16812.47,9853.797,20554.635,0.23435405,7789.341,10352.928,14079.018,3.0375027e-06,15037.759,16461.84,10969.106,11404.8,4070.8013,17924.113,14964.379
2161.9817,2015.4675,0.50000006,0.013795921,0.021100499,0.4999999,0.05578277,0.0034411806,0.06995252,0.010089814,0.00049779407,0.0051320014,0.029707799,0.11461203,1.0162245,0.041711092,0.043144792,0.03625682
774.0,2.562,0.0,0.0,0.0,1.0,0.0,0.0,0.0,0.0,0.0,0.0,0.0,0.0,1.0,0.0,0.0,0.0
120.0,31840.043,1.0,0.0,0.0,0.0,0.0,0.0,1.0,0.0,0.0,0.0,0.0,0.0,0.0,0.0,0.0,0.0
1279.0,1007.396,0.0,0.0,0.0,1.0,0.0,0.0,0.0,0.0,0.0,0.0,0.0,0.0,1.0,0.0,0.0,0.0
3869.0,58856.254,0.0,0.0,0.0,1.0,0.0,0.0,1.0,0.0,0.0,0.0,0.0,0.0,0.0,0.0,0.0,0.0
3313.0,2407.37,4.609985e-05,6.948686e-05,1.5959673e-05,0.999954,5.6799804e-06,0.0,6.9980684e-05,0.00010711153,0.5,0.00011819261,6.987543e-05,1.0667223e-05,5.0062128e-05,0.0,6.377696e-05,8.678532e-05
6669.3296,53252.07,5033.259,69.037224,523.5096,1404.2478,720.65173,4242.0205,0.055260397,248.71005,6372.41,5184.277,5697.9414,0.32643962,373.9676,5312.484,3244.9636,3247.3706
774.0,2106.809,0.0,0.0,0.0,1.0,0.0,0.0,0.0,0.0,0.0,0.0,0.0,0.0,1.0,0.0,0.0,0.0
9300.001,680.80115,0.0,0.0,0.00015208045,0.0,0.9999899,6.1445964e-05,0.50000006,0.0,8.3627725e-05,0.9998895,2.8513545e-05,0.00010203168,7.914791e-05,4.0691746e-05,0.00015287551,7.878322e-05
9119.999,823.3109,0.00019227216,1.0000778,8.272162e-05,1.1436437e-05,0.00016753744,0.0,0.5000001,1.0000616,7.084197e-05,0.0,0.00041074873,0.00016168672,0.0,0.0,0.000122514,0.0
2345.009,21925.996,0.50000006,0.040279523,0.00016939876,0.5,0.043565612,0.0125740785,0.9704151,0.054183796,0.08508131,0.038810592,0.011340133,0.047624595,0.0024938567,0.0076293265,0.050377596,0.086846784
120.0,32256.14,1.0,0.0,0.0,0.0,0.0,0.0,1.0,0.0,0.0,0.0,0.0,0.0,0.0,0.0,0.0,0.0
540.0,39926.793,1.0,0.0,0.0,0.0,0.0,0.0,0.0,0.0,0.0,1.0,0.0,0.0,0.0,0.0,0.0,0.0
3313.0,2280.537,0.000104638304,3.0805255e-05,8.1768885e-05,0.99999136,9.50036e-05,0.0001504412,2.5725853e-05,5.4951695e-05,0.5,4.0456565e-05,6.030552e-05,2.542028e-05,2.0713527e-05,3.2871696e-05,0.0,4.843016e-05
839.9835,1908.2545,0.50000006,0.01994545,0.04889051,0.5,0.009605758,0.03279073,0.00014153951,0.08041155,1.0324118,0.033167433,0.0010391591,0.0022621287,0.020469757,0.009370597,0.05249588,0.054648917
5606.0,636.33,0.0,0.0,0.0,1.0,0.0,0.0,0.0,0.0,0.0,0.0,0.0,0.0,1.0,0.0,0.0,0.0
3721.9832,6655.6255,0.50000006,0.0008573055,0.0007754245,0.9738249,0.50000006,0.012727258,0.07882084,0.025260141,0.0011486533,0.0081246765,0.02686331,0.013668487,1.0020959,0.007241716,0.02594901,0.030207718
952.0,9087.196,0.0,5.9007787e-05,1.6026874e-05,0.5,2.3825094e-05,0.0,0.99995106,0.0,1.40525e-05,0.0001396946,3.3601857e-05,1.7779238e-06,0.0,0.0,1.5962854e-05,5.068899e-05
2895.0,2759.887,0.0,0.0,2.7017852e-05,1.0000559,4.1065217e-05,1.749513e-06,0.0,7.264491e-06,0.5,0.0,0.000100952246,6.7448986e-05,3.4835546e-05,0.0,4.6830424e-05,6.3940315e-05
774.0,36154.137,0.0,0.0,0.0,1.0,0.0,0.0,0.0,0.0,0.0,0.0,0.0,0.0,1.0,0.0,0.0,0.0
498.0,59015.79,0.0,0.0,0.0,1.0,0.0,0.0,0.0,0.0,1.0,0.0,0.0,0.0,0.0,0.0,0.0,0.0
2929.0,2247.82,2.5591993e-05,5.9823575e-05,2.4320198e-05,0.99987894,0.0,0.00010332029,1.2377844e-05,7.6435965e-05,0.5,6.537684e-06,4.6605215e-05,1.3528796e-05,0.0,3.1835883e-05,0.0,1.4321656e-05
5200.99,59016.676,261.73923,2.398214,111.965935,34.52448,181.5031,283.75565,3.449544e-05,267.38727,97.089676,58.406666,183.1053,55.479286,272.5977,83.56487,417.62537,29.200394
2758.8625,23038.04,0.059342258,0.038726628,0.077388115,0.49999997,0.50000006,0.014125053,1.0033991,0.05621984,0.011804452,0.0048577925,0.039882366,0.0016102815,0.015144564,0.01809162,0.037084416,0.00053203444
6059.9995,1483.464,0.0,0.00010796661,0.0,1.0000453,0.0001165622,0.00016022807,0.50000006,3.3092598e-05,0.00012772171,6.287509e-05,0.0,8.6063505e-05,1.0000764,0.0,1.2888066e-05,2.851363e-05
784.0451,2174.687,0.027766347,0.0075006215,0.059903063,0.49999997,0.50000006,0.018733816,0.07331307,0.03133417,0.030579416,0.037958983,0.0080967685,0.0059531936,1.0419596,0.0053425007,0.06066402,0.03450707
2937.0,2851.919,0.0,0.0,0.0,1.0000174,1.9738805e-05,9.433168e-05,0.50000006,0.0,0.9999805,0.0,1.6302178e-06,6.319367e-05,3.5312016e-05,0.0,4.016343e-05,0.000118221964
1280.0,1004.828,0.0,0.0,0.0,1.0,0.0,0.0,0.0,0.0,0.0,0.0,0.0,0.0,1.0,0.0,0.0,0.0
694.0,9091.886,7.817303e-05,0.0,1.7128721e-05,0.5,2.9088129e-05,5.0284626e-07,0.99998987,6.8886955e-05,3.89414e-05,1.7368673e-05,1.5635509e-05,4.9174254e-05,0.0,9.055667e-05,9.227392e-05,0.0001429077
1279.0,1005.374,0.0,0.0,0.0,1.0,0.0,0.0,0.0,0.0,0.0,0.0,0.0,0.0,1.0,0.0,0.0,0.0
1280.0327,1007.71893,0.032111965,0.022703705,0.0026784006,0.9906267,0.022493405,0.039541822,0.50000006,0.11050922,0.50000006,0.020525401,0.029319283,0.02164109,0.9762685,0.04579002,0.06766159,0.062837295
855.03143,1686.0848,0.50000006,0.0046738395,0.032026667,0.9964435,0.018759945,0.0495509,0.06674164,0.047955055,0.97932225,0.021970792,0.07467752,0.00013486625,0.059890583,0.05144748,0.06297484,0.5000001
120.0,37888.07,1.0,0.0,0.0,0.0,0.0,0.0,1.0,0.0,0.0,0.0,0.0,0.0,0.0,0.0,0.0,0.0
120.0,35328.145,1.0,0.0,0.0,0.0,0.0,0.0,1.0,0.0,0.0,0.0,0.0,0.0,0.0,0.0,0.0,0.0
119.93904,100.75064,0.052320234,1.0441183,0.028934816,0.04444387,0.019026704,0.0028199907,0.50000006,0.08560341,0.020536125,0.061708357,0.019147785,0.0118642505,0.05376656,0.5,0.036619734,0.066874035
16239.0,43061.65,0.0,0.0,0.0,1.0,0.0,0.0,1.0,0.0,0.0,0.0,0.0,0.0,0.0,0.0,0.0,0.0
774.50006,1.3460536,0.003836398,0.001038274,0.00064516073,1.0055987,0.0005074494,0.0021289263,0.0019720646,0.0003260596,0.0011427933,0.0013604456,0.0025352226,0.001671892,0.99862087,0.00088689255,9.6433236e-05,0.0034107352
60.0,60640.207,1.0,0.0,0.0,0.0,0.0,0.0,1.0,0.0,0.0,0.0,0.0,0.0,0.0,0.0,0.0,0.0
11211.0,18006.064,0.0,0.0,0.0,1.0,0.0,0.0,1.0,0.0,0.0,0.0,0.0,0.0,0.0,0.0,0.0,0.0
1282.0162,1004.0331,0.046481706,0.021275459,0.065841176,0.91685665,0.054699786,0.011870574,0.50000006,0.08947331,0.50000006,0.014291512,0.06462331,0.028012954,1.1340047,0.019455746,0.028342515,0.02310585
3313.0,2529.971,0.0,0.0,4.8437632e-05,1.000013,1.5225206e-05,0.00010012952,1.3153766e-06,0.0,0.5,0.0,0.0,3.874458e-05,9.9709425e-05,4.457465e-05,7.289683e-05,0.0
3268.9675,3360.43,0.0016191103,0.034823034,0.035715804,1.0146075,0.5000001,0.015253179,0.50000006,0.0054121963,0.07740687,0.06572517,0.08267009,0.010199037,1.022627,0.03720585,0.0305293,0.02292672
1280.0,1006.723,0.0,0.0,0.0,1.0,0.0,0.0,0.0,0.0,0.0,0.0,0.0,0.0,1.0,0.0,0.0,0.0
8736.0,32647.012,0.0,0.0,0.0,1.0,0.0,0.0,1.0,0.0,0.0,0.0,0.0,0.0,0.0,0.0,0.0,0.0
85.000114,30361.057,0.50000006,1.4946402e-05,5.670178e-05,0.99995095,0.0,0.0,0.99995303,5.5112767e-05,0.0,0.0,6.0599064e-05,5.1759413e-05,1.964897e-05,4.642399e-05,0.0,0.0
119.92742,101.525024,0.00074468256,1.020987,0.000118508535,0.04484495,0.020706156,0.008305469,0.5000001,0.002439251,0.047818713,7.448495e-06,0.028446132,0.000477196,0.0089505175,0.5,0.035542533,0.063921496
9300.0,592.0519,8.255131e-05,2.2822562e-05,9.77023e-05,8.367036e-05,1.0000411,0.0,0.50000006,5.9183818e-05,4.4047542e-06,0.99992347,3.1851803e-05,9.113371e-05,0.0,1.6529184e-05,6.07223e-05,0.00014273869
3313.0,2140.598,4.940002e-06,0.00014796795,0.0,0.9999644,1.4399492e-05,0.0,6.3052736e-05,0.0,0.5,7.957771e-05,2.1721327e-05,0.0,2.2022841e-05,8.45341e-05,0.000108828324,0.0
6119.992,902.61835,0.026396133,0.05543169,0.024964131,0.5,0.0148419505,0.06215036,0.50000006,0.06496181,0.024693111,0.022155799,0.08754528,0.09308557,0.99619514,0.056135796,0.047307346,0.017900867
3236.0,1667.517,0.50000006,9.5997224e-05,0.0,1.0001078,7.623951e-05,0.0,8.923191e-05,4.8495633e-05,0.0,2.9086414e-05,0.00013657434,0.0,0.99995613,0.0,0.0,0.0
3060.0,56.131,0.0,0.0,0.0,1.0,0.0,0.0,0.0,0.0,0.0,0.0,0.0,0.0,1.0,0.0,0.0,0.0
6669.4604,17346.8,0.39292675,86.5374,608.822,1000.50525,662.39545,113.58535,0.00011624765,419.21194,0.0,432.69788,868.09283,1125.4946,762.32245,793.8902,319.50916,405.5226
552.0,755.291,0.0,0.0,0.0,0.0,1.0,0.0,0.0,0.0,0.0,1.0,0.0,0.0,0.0,0.0,0.0,0.0
1115.0001,9500.06,0.50000006,4.104338e-05,0.0,1.0000187,3.1454363e-06,0.0,5.543968e-05,4.189377e-05,1.0001165,1.0443396e-05,0.0,7.699891e-05,7.794817e-05,4.5348464e-05,0.0,0.0
4283.9336,26367.5,0.5000001,0.014154831,0.12808697,1.0224981,0.5000001,0.0008609699,0.007994808,0.0011894748,0.50000006,0.05698056,0.1430183,0.050219737,1.1129154,0.027578235,0.12754688,0.09029209
119.951485,100.2422,0.05039874,0.9337085,0.020367803,0.008880416,0.50000006,0.029842163,0.50000006,6.004381e-05,0.0036463225,0.022738807,0.090387434,0.040290035,0.0031886534,1.011039,0.025239326,0.027348988
9180.0,647.11597,5.3756612e-05,0.99998826,3.44988e-05,0.0,0.0,0.0,0.50000006,1.0000654,5.8061714e-06,7.869251e-05,3.4205685e-05,6.2907515e-05,4.7332465e-05,0.0,3.783421e-05,4.6268244e-05
612.0,59018.723,0.0,0.0,0.0,1.0,0.0,0.0,0.0,0.0,0.0,0.0,0.0,0.0,1.0,0.0,0.0,0.0
1279.9988,1005.7493,0.50000006,0.00019109747,0.03933481,0.91657716,0.033499077,0.012088101,0.50000006,0.0003409076,0.05415445,0.039173793,0.008863972,0.023830317,1.0033844,0.051261075,3.9020424e-06,0.008214089
9240.0,680.69006,2.2329541e-05,1.0000132,0.0,0.0,6.155679e-05,0.0,0.50000006,0.9999373,0.0,6.8117435e-05,0.00011711898,7.394338e-05,0.0,0.00013468323,0.0,0.0
6120.0,828.689,0.0,0.0,0.000110094494,0.99997836,5.60464e-06,3.5338624e-05,0.50000006,9.875607e-05,1.33688045e-05,3.8907583e-05,0.0,0.0,1.0000443,0.0,0.000116431365,5.5503857e-05
9300.0,594.04895,0.0,0.0,3.995515e-05,9.288552e-06,0.99993736,1.43865245e-05,0.50000006,0.0,0.0,0.9999831,2.5920634e-05,2.9293436e-05,0.00016327546,0.0,1.7670018e-05,0.0
120.0,38400.156,1.0,0.0,0.0,0.0,0.0,0.0,1.0,0.0,0.0,0.0,0.0,0.0,0.0,0.0,0.0,0.0
540.0,39958.89,1.0,0.0,0.0,0.0,0.0,0.0,0.0,0.0,0.0,1.0,0.0,0.0,0.0,0.0,0.0,0.0
774.50006,1.3460159,0.00059168437,0.0,0.0008106124,0.99890083,0.0013137113,0.0022458436,0.0015281732,0.0015626611,0.001630607,0.0,0.0001302045,0.0012161265,0.99890715,0.00024350382,0.0012985861,0.00083198847
3313.0,2324.041,2.7220214e-05,0.0,2.4787229e-05,0.99991775,8.29384e-05,4.79e-05,0.0,6.518617e-05,0.5,8.79493e-05,0.00011795438,0.0,0.0,9.370017e-05,0.0,4.646751e-05
6120.0464,878.58856,0.0017857584,0.00047327165,0.019828137,1.0242612,0.009890177,0.00474135,0.50000006,0.013790029,0.054091685,0.020654934,0.0015215725,0.024386652,0.5,0.01112329,0.009875117,0.025450934
6120.0,923.74,0.0,0.0,0.0,1.000012,9.1390095e-05,0.0,0.50000006,0.00010453878,0.00016534452,0.0,0.0,0.0,1.0000166,1.93888e-06,7.309492e-05,5.5135024e-05
120.0,35328.266,1.0,0.0,0.0,0.0,0.0,0.0,1.0,0.0,0.0,0.0,0.0,0.0,0.0,0.0,0.0,0.0
120.0,38400.098,1.0,0.0,0.0,0.0,0.0,0.0,1.0,0.0,0.0,0.0,0.0,0.0,0.0,0.0,0.0,0.0
3073.06,3265.7974,0.50000006,0.034388855,0.019042866,0.96423227,0.0031777057,0.00300296,0.010837525,0.007130325,0.032027144,0.0014764225,0.01960413,0.051985312,0.94884574,0.000110684145,0.029806055,0.50000006
846.99963,9106.883,2.759493e-06,0.00020341812,0.0,0.5,0.00016722406,0.0,0.99997884,0.00012646479,0.0,6.700901e-05,7.429892e-05,0.00021920602,0.0,9.652181e-05,0.0,0.0
120.0,50944.344,1.0,0.0,0.0,0.0,0.0,0.0,1.0,0.0,0.0,0.0,0.0,0.0,0.0,0.0,0.0,0.0
1281.0,1003.471,0.0,0.0,0.0,1.0,0.0,0.0,0.0,0.0,0.0,0.0,0.0,0.0,1.0,0.0,0.0,0.0
119.9777,101.272354,0.015280435,0.9831162,0.0009478649,0.016433308,0.023378571,0.088500865,0.5000001,0.025721231,0.024628276,0.05881185,0.012812497,0.001522017,0.0021995313,0.49999994,0.00021858295,0.10745273
9180.0,706.3611,9.208942e-05,1.0000132,4.89436e-05,0.00012977404,0.0,1.2217274e-05,0.50000006,1.0000278,4.2419706e-05,5.231568e-05,0.0,5.0718027e-05,6.5168846e-05,0.0,8.655718e-06,0.0
9300.001,593.2528,8.50286e-05,0.00045308535,1.10966075e-05,9.697471e-05,0.9998437,0.0,0.50000006,0.0,0.0,1.0000376,0.0,2.2177761e-05,0.00029618287,1.0547655e-05,0.0,0.00010648019
6060.057,873.75464,0.06660057,0.06301258,0.066415705,0.9715074,0.00439911,0.0030573325,0.50000006,0.019650348,0.013671386,0.038460325,0.009786207,0.024984283,1.0295871,0.0334162,0.009203321,0.50000006
3625.0,58751.56,0.0,0.0,0.0,1.0,0.0,0.0,1.0,0.0,0.0,0.0,0.0,0.0,0.0,0.0,0.0,0.0
9360.0,590.2791,0.0,2.7080849e-05,9.164923e-06,6.702539e-05,1.0000688,0.0,0.50000006,0.0,3.5601258e-07,1.0000442,0.0,1.0554381e-05,8.477321e-05,0.0,0.0,0.0
831.9947,6636.0664,0.028191805,0.0002883808,0.0017364467,0.5,0.015320912,0.03827994,0.070723735,0.084332444,1.0622809,0.0027434055,0.015781062,0.0065871556,0.0023866289,0.50000006,0.047964983,0.013601686
540.0,39965.977,1.0,0.0,0.0,0.0,0.0,0.0,0.0,0.0,0.0,1.0,0.0,0.0,0.0,0.0,0.0,0.0
174.00003,78687.41,0.0,0.0,3.251577e-05,0.5,0.0,2.3076643e-06,1.0001104,0.0,4.500932e-05,6.894144e-05,0.0,3.0065019e-05,0.0,9.847417e-05,0.000105909356,1.5208657e-05
2938.0,46.276,0.0,0.0,0.0,0.0,1.0,0.0,1.0,0.0,0.0,0.0,0.0,0.0,0.0,0.0,0.0,0.0
6120.0,829.5429,0.00016582654,3.84447e-05,6.2542254e-05,0.99999297,0.00012208146,2.483108e-05,0.50000006,0.0,0.0001329813,0.0,0.0,0.0,0.9999708,0.000111035864,0.0,8.181189e-05
498.0,58009.06,0.0,0.0,0.0,1.0,0.0,0.0,0.0,0.0,1.0,0.0,0.0,0.0,0.0,0.0,0.0,0.0
5668.4526,53252.285,2823.6848,2837.7573,4985.383,7046.328,3893.4158,4637.43,0.0,837.5292,2248.6028,9197.78,1782.8132,0.0,7239.0347,5918.782,9977.656,577.98456
82.95048,7038.4023,0.50000006,0.04066175,0.061011758,1.0196792,0.014065008,0.029660875,0.008570474,0.047067888,0.01871443,0.011864493,0.034543175,0.0634917,0.5,0.06527951,0.013916071,0.013661091
120.0,46079.793,1.0,0.0,0.0,0.0,0.0,0.0,1.0,0.0,0.0,0.0,0.0,0.0,0.0,0.0,0.0,0.0
9180.0,865.2541,5.612344e-05,0.9999867,0.00014726205,0.0,2.0601765e-06,7.422836e-05,0.50000006,0.9999514,6.7327725e-05,0.0,0.0,7.901786e-05,4.4199537e-06,7.445592e-05,6.057389e-05,9.0054855e-05
784.0,5391.319,9.8522265e-05,4.4565906e-05,5.5940338e-05,0.5,0.0,0.0,5.7663066e-05,1.5556605e-05,1.0001417,4.580361e-05,0.0,0.0,5.6044064e-05,0.0,0.0,9.83077e-05
6120.0005,855.858,9.2584145e-05,9.3956216e-05,0.00010283891,0.9999687,0.0,3.64913e-06,0.50000006,3.941012e-05,0.0,0.00019560017,2.897337e-05,0.0,1.0000504,2.6246633e-05,5.0939318e-05,5.0689596e-05
1023.0,7030.081,0.0,5.2060986e-05,5.3681524e-06,0.5,9.182316e-05,0.0,1.0000291,0.0,0.0,8.8782166e-05,2.198325e-05,0.0,0.0,0.0,3.347315e-05,0.0
2953.0,2427.846,7.64065e-05,8.961054e-06,0.0,1.0001315,1.4015954e-05,9.4642346e-05,0.0,9.0397436e-05,0.5,0.0,2.5352565e-05,8.587729e-06,7.035696e-05,1.3131669e-05,5.5122095e-05,1.0111435e-06
3313.0,2563.398,0.0001375774,0.0,0.0,0.99994016,2.6174586e-05,8.482922e-05,0.0,4.7880825e-05,0.5,2.284545e-06,3.334944e-05,8.585465e-05,0.0,8.905902e-05,2.6680207e-06,7.0498776e-05
9360.001,658.3822,0.00011578095,0.00019198126,4.5698504e-05,3.8867976e-05,1.0000043,0.00016764381,0.5000001,0.00019350869,3.3031807e-05,0.99989986,3.799601e-05,9.1468326e-05,6.485778e-05,0.00016627251,0.00010392934,1.966027e-05
9240.0,684.12695,0.0,0.9998985,6.4330925e-05,8.2554936e-05,0.0,0.0,0.50000006,1.0000659,2.2501234e-05,2.800657e-05,0.0,0.0,0.0,0.0,9.4683564e-05,8.307309e-05
132.0,0.621,0.0,0.0,0.0,0.0,1.0,0.0,1.0,0.0,0.0,0.0,0.0,0.0,0.0,0.0,0.0,0.0
92.145584,60010.414,29377.678,809.92474,17781.7,18508.145,20071.412,47434.03,49350.83,59863.09,28845.998,18954.916,19325.627,29305.459,53399.11,43986.62,38310.33,53158.164
222.00002,1023.939,0.50000006,0.0,0.0,0.9999387,0.0,1.8959003e-05,2.1607995e-05,1.2428244e-05,9.3753544e-05,0.0,0.0,0.9999131,7.9022946e-05,0.0,0.0,6.0484115e-05
1279.0485,1006.8599,0.021557124,0.03713243,0.063944824,0.9848793,0.07365362,0.024846552,0.028477712,0.014468728,0.50000006,0.023301775,0.026513904,0.048452534,0.5,0.0043093283,0.016281048,0.025618661
517.99994,15235.574,1.4819506e-05,0.0,5.499552e-05,0.5,6.714475e-06,0.0,1.000055,4.0219482e-05,0.0,4.002276e-05,0.0,1.5623127e-05,0.0,0.0,3.1319963e-05,1.3871878e-05
2929.0,2452.719,0.0,1.8026729e-05,4.7791077e-06,1.0000811,4.439102e-05,7.831306e-05,0.0,0.0,0.5,0.00011471169,4.79835e-05,3.769404e-05,0.00011671522,7.997831e-05,0.0,8.885174e-05
7501.0,35149.977,0.0,0.0,0.0,1.0,0.0,0.0,1.0,0.0,0.0,0.0,0.0,0.0,0.0,0.0,0.0,0.0
5132.2515,59999.11,3358.3115,4524.5977,1782.9001,4048.5776,0.08538954,1059.7717,2869.6938,2409.9578,0.0,3255.8875,342.23846,106.31831,2361.2427,3015.8635,561.4308,180.46915
1023.9611,7035.1694,0.030324949,0.09994738,0.04738852,0.9730902,0.5000001,0.039356302,1.0778335,0.014272067,0.035566926,0.022222094,0.017772548,0.0050175977,0.024293605,0.09011303,0.0081541855,0.50000006
774.0,52333.996,0.0,0.0,0.0,1.0,0.0,0.0,0.0,0.0,0.0,0.0,0.0,0.0,1.0,0.0,0.0,0.0
3313.0,2553.5,3.9926468e-05,0.0,9.8079385e-05,0.99999636,0.0,9.464083e-06,0.0,0.0,0.5,2.2994014e-05,0.00011781449,2.4965886e-05,4.4293436e-05,7.7400255e-05,0.0,4.4849443e-05
916.9917,13203.781,0.03245024,0.0033620652,0.0626175,0.5,0.031163475,0.035484456,0.50000006,0.011785459,0.99731386,0.06225048,0.024911057,0.015805354,0.04936083,0.023218885,0.057003826,0.001957491
6120.0293,891.81836,0.041997623,0.0053901044,0.023645448,0.5,0.060855426,0.04138303,0.50000006,0.01866673,0.004219619,0.011619624,0.0058292765,0.0025521615,1.0582545,0.012870317,0.008962788,0.035103444
6119.978,892.29144,0.0030822782,0.020547567,0.034842372,1.0450557,0.50000006,0.02899203,0.50000006,0.15702264,0.0063184923,0.01661198,0.0016447976,0.048217848,0.92058563,0.068908215,0.0047653876,0.03937168
2871.0,2543.855,5.236685e-05,5.9434493e-05,5.311939e-05,1.0000321,0.0,0.00016346671,1.8677592e-05,0.0,0.5,0.0,3.6527632e-05,0.0,2.5167928e-05,3.1210442e-05,6.484461e-05,1.41392875e-05
425.0,8.884,0.0,0.0,0.0,1.0,0.0,0.0,0.0,0.0,1.0,0.0,0.0,0.0,0.0,0.0,0.0,0.0
120.0,36095.95,1.0,0.0,0.0,0.0,0.0,0.0,1.0,0.0,0.0,0.0,0.0,0.0,0.0,0.0,0.0,0.0
9300.001,847.37787,0.0002638098,0.00010274223,2.6876232e-05,0.00022209168,1.0002381,4.6452435e-05,0.5000001,0.0,8.547213e-05,0.9998466,0.00021128288,0.0,0.00019597972,2.9323192e-07,1.207933e-05,6.6273606e-05
9120.01,832.0202,0.013605697,1.0089164,0.008110746,0.5000001,0.0035474177,0.00057788077,0.024673115,0.95832676,0.0069342786,0.0076729055,0.012160587,0.031947613,0.50000006,0.0055616074,0.022430157,0.0012876354
9360.0,607.972,0.0,0.0,0.0,0.00011664108,1.0001028,0.0,0.50000006,0.00010720825,4.498652e-05,0.99996173,0.0,0.00011955009,7.661079e-05,0.0,8.08737e-05,6.755654e-05
887.9581,23297.348,0.009433762,0.01964482,0.0027071715,0.5,0.50000006,0.040871125,0.0019789112,0.037057318,0.0183594,0.07396664,0.032541987,0.97672874,0.007185249,0.038819633,0.0040668,0.055794153
6120.0,850.4859,7.37953e-05,0.0,0.00016293787,1.0000025,5.2797266e-05,7.1795907e-06,0.50000006,9.6102965e-05,4.2047322e-06,2.0109284e-05,4.701827e-05,0.0,1.0000331,0.0,0.0,0.0
862.99963,9090.945,0.00030459164,9.7216885e-05,3.7901336e-05,0.49999985,0.00032156258,5.262748e-05,0.9996912,1.3342429e-05,0.00010484943,4.1398886e-05,0.0,0.0,0.0001975283,0.0,0.0001797837,0.0
2874.806,45108.68,1737.4988,667.8153,924.5032,1830.3037,0.0,1742.5524,105.36555,1163.8231,1029.6323,398.06952,581.0481,1141.9655,610.5969,3320.9084,627.4269,725.39246
2627.9734,22910.676,0.084844224,0.008388837,0.03760794,0.5,0.052812345,0.045992192,0.97810596,0.047324456,0.0038592464,0.025189256,0.002628448,0.05483422,0.03563243,0.006163494,0.023152612,0.5000002
5355.0,58418.133,0.0,0.0,0.0,1.0,0.0,0.0,1.0,0.0,0.0,0.0,0.0,0.0,0.0,0.0,0.0,0.0
119.95301,101.57609,0.015498237,0.9585981,0.08956569,0.087962836,0.50000006,0.0048974287,0.5000001,0.07523993,0.02345805,0.02657427,0.0852297,0.03157984,0.028907567,1.0357575,0.031393073,0.008189823
3313.0,2411.413,5.124584e-05,0.0,7.034725e-05,1.0001022,5.6818655e-05,2.9797655e-05,0.0,3.345955e-05,0.5,7.133169e-05,1.5872629e-05,0.0,7.183836e-05,0.0,0.00011720214,7.788539e-05
120.00881,100.105865,0.025220709,1.0036588,0.023810342,0.0105648525,0.013136177,0.05704063,0.50000006,0.017827546,0.005606055,0.0022750336,0.04579577,0.017406859,0.0022106904,0.5,0.013648209,0.014251181
851.0,5005.703,0.50000006,5.5341607e-05,2.3878436e-05,0.999957,0.0,0.0,6.814531e-05,9.2166396e-05,1.0000083,5.9603917e-05,7.873256e-05,4.9440558e-05,9.2423295e-05,1.9305093e-05,0.0,0.00011611089
168.0,3433.369,0.0,0.0,0.0,0.0,1.0,0.0,1.0,0.0,0.0,0.0,0.0,0.0,0.0,0.0,0.0,0.0
6120.0,811.62195,0.0,6.8333116e-05,0.0,1.000021,4.2538635e-05,7.536845e-05,0.50000006,2.167618e-06,0.0,0.0,4.5271776e-05,4.3039097e-05,0.99992144,7.886003e-06,8.555532e-05,7.69672e-05
12450.0,26107.986,0.0,0.0,0.0,1.0,0.0,0.0,1.0,0.0,0.0,0.0,0.0,0.0,0.0,0.0,0.0,0.0
229.03479,0.94804245,0.09582349,0.073490314,0.027056862,0.49999997,0.50000006,0.0038261176,0.024363775,0.036766414,0.013302085,0.013347998,0.026549578,0.044206336,0.9488111,0.024460236,0.014448324,0.01588276
2953.0,2226.925,6.330307e-05,9.043772e-05,8.080397e-05,0.99989885,5.0736213e-05,0.0,5.7474368e-05,2.3525263e-05,0.5,7.957387e-05,6.555557e-05,4.434897e-05,0.0,0.0,8.0448524e-05,6.0397393e-05
120.01682,102.20232,0.0010938597,1.0037411,0.015361069,0.026160281,0.05356667,0.0028574355,0.50000006,0.031732835,0.50000006,0.05979301,0.0019626578,0.05752885,0.049622275,1.0736922,0.0036735944,0.008841087
2851.0105,23230.668,0.50000006,0.03784544,0.008050091,0.5,0.04282798,0.058442328,1.056536,0.012052294,0.034820877,0.020858545,0.003262849,0.03818403,0.00882664,0.01767933,0.00013325587,0.0041625053
119.99359,101.16486,0.50000006,1.0430344,0.04262281,3.4436318e-06,0.004985051,0.031792995,0.50000006,0.0072632954,0.015352685,0.054812774,0.014104526,0.018294686,0.0047689443,1.0175854,0.012214911,0.0023964713
164.0,44701.34,0.50000006,2.4544237e-05,7.759136e-06,0.9999683,3.2176936e-06,4.311636e-05,0.99996746,0.0,0.0,0.0,0.0,7.328283e-05,0.0,0.0,0.00015676845,0.0
3063.5837,60000.19,1049.7711,23329.46,1758.6641,14654.403,7.753718e-05,4958.8735,21854.672,10256.45,6030.2817,5768.582,2614.5564,11915.721,14332.96,12053.687,20088.703,6649.316
60.0,61184.45,1.0,0.0,0.0,0.0,0.0,0.0,1.0,0.0,0.0,0.0,0.0,0.0,0.0,0.0,0.0,0.0
9990.0,15815.34,0.0,0.0,0.0,1.0,0.0,0.0,1.0,0.0,0.0,0.0,0.0,0.0,0.0,0.0,0.0,0.0
2871.0,2524.657,5.1036688e-05,2.3630394e-06,3.9765273e-05,1.0001012,6.242022e-05,5.7646425e-06,0.0,9.713793e-05,0.5,6.841749e-05,8.0442325e-05,3.794667e-05,0.000111597685,6.2654195e-05,0.000106541214,1.3179315e-05
791.9966,401.2478,0.50000006,0.0021635315,0.0139028495,0.5,0.00010510693,0.0028823423,0.027102338,0.029278152,0.005684014,0.000553716,0.01678522,0.011463988,1.1031554,0.012408404,0.06498466,0.02162832
7501.0,40449.32,0.0,0.0,0.0,1.0,0.0,0.0,1.0,0.0,0.0,0.0,0.0,0.0,0.0,0.0,0.0,0.0
3072.9875,3233.7551,0.0061441925,0.0122550605,0.0070792767,1.0203795,0.50000006,0.0747569,0.048716784,0.03322301,0.041546375,0.041004892,0.043919478,0.06653777,1.0236781,0.083596885,0.0066888994,0.5000002
369.9998,18425.186,0.50000006,1.5189917e-05,0.00070405635,0.9999947,0.0,0.00017240357,0.0,0.00048879784,3.8914168e-05,8.7253495e-05,0.0002766476,1.0003041,0.0,0.00036774273,0.00010627944,0.0
119.91501,100.36546,0.5000001,1.0818626,0.054115012,0.028010735,0.07477533,0.007069048,0.5000001,0.0032550103,0.0007656666,0.012750632,0.06590832,0.04922712,0.0028787043,1.0493279,0.057928476,0.032313127
132.0,0.478,0.0,0.0,0.0,0.0,1.0,0.0,1.0,0.0,0.0,0.0,0.0,0.0,0.0,0.0,0.0,0.0
6119.9443,898.7868,0.50000006,0.044684574,0.017752135,0.9700073,0.03759089,0.03932758,0.50000006,0.014511431,0.025716942,0.04601226,0.010745237,0.0007376776,1.0868196,0.06771239,0.016581187,0.0326649
120.0,37120.09,1.0,0.0,0.0,0.0,0.0,0.0,1.0,0.0,0.0,0.0,0.0,0.0,0.0,0.0,0.0,0.0
3313.0,2318.574,0.0,3.794419e-06,1.9557123e-05,0.99995816,0.0,0.0,1.0787168e-05,8.20724e-05,0.5,0.00019792333,0.0,5.4473432e-05,6.527301e-05,5.3818352e-05,5.4497763e-05,1.820304e-05
867.0502,120.59928,0.50000006,0.07805928,0.010842316,1.0464368,0.0154544,0.004678763,0.02859836,0.028841529,0.053508498,0.02698307,0.057183616,0.02810363,0.97995603,0.05229936,0.010868576,0.5000001
3379.0,2326.159,0.0,6.382626e-06,2.0058855e-05,0.9999836,9.7978904e-05,0.00015037296,0.0,6.909726e-05,0.5,2.4268096e-05,2.8554282e-06,6.0609e-05,5.1957697e-05,5.5970126e-05,8.182738e-05,0.0
774.0,2.331,0.0,0.0,0.0,1.0,0.0,0.0,0.0,0.0,0.0,0.0,0.0,0.0,1.0,0.0,0.0,0.0
88.96548,88957.11,0.052941892,0.014417255,0.052658528,0.5,0.50000006,0.016895726,1.028961,0.0011807235,0.01625244,0.0068427515,0.0024666707,0.07091863,0.032079626,0.009653807,0.06299888,0.025816746
9240.0,677.955,0.0,0.9999778,0.0,0.0,4.3976546e-05,0.0,0.50000006,0.9999964,2.0381292e-05,1.13711385e-05,0.00012621077,5.3625492e-05,0.0,0.0,7.664402e-05,5.9489965e-05
9240.0,781.929,9.689571e-05,3.56233e-05,0.0,0.0,0.99997944,3.8449478e-05,0.50000006,8.889817e-05,4.3357566e-05,0.9998778,0.0,4.272506e-06,0.0,4.284583e-05,0.0,1.5097943e-05
6120.037,902.7302,0.00096249057,0.020083502,0.0022428024,1.004324,0.032393184,0.037270736,0.50000006,0.06681225,0.00035216642,0.031679947,0.03429891,0.0006777038,0.5,0.07464939,0.0012021504,0.023535727
881.00006,16245.553,6.0773164e-05,4.852412e-05,2.1405427e-05,0.5,0.0,0.0,0.9999892,1.3071093e-05,6.521618e-05,2.4381492e-05,5.6620862e-05,0.000119420445,8.685901e-05,0.0,5.143545e-06,5.8794914e-05
1279.0,1004.702,0.0,0.0,0.0,1.0,0.0,0.0,0.0,0.0,0.0,0.0,0.0,0.0,1.0,0.0,0.0,0.0
840.013,10763.619,0.5000001,0.0004741926,0.014973039,0.93562686,0.50000006,0.022593347,0.016733425,0.0029535294,1.0747976,0.018042704,0.0011176965,0.029634856,0.008623125,0.0034047393,0.019451307,0.008786148
774.0,27659.545,0.0,0.0,0.0,1.0,0.0,0.0,0.0,0.0,0.0,0.0,0.0,0.0,1.0,0.0,0.0,0.0
2871.0,2321.682,0.00011632529,0.0,5.2024086e-05,0.9999412,0.0,0.0,4.9498958e-05,8.4224666e-05,0.5,0.0,6.3715044e-05,9.113153e-05,1.5874764e-05,1.7894701e-05,0.0,0.0
11681.0,14067.964,0.0,0.0,0.0,0.0,1.0,0.0,1.0,0.0,0.0,0.0,0.0,0.0,0.0,0.0,0.0,0.0
120.00707,102.13512,0.029087348,0.9905032,0.03447109,0.057768688,0.034847934,0.022080846,0.5000001,0.00058532896,0.50000006,0.124533184,0.049082916,0.036839608,0.012748015,0.986911,0.016635828,0.032697175
868.00006,7062.196,4.4755252e-05,1.5862273e-05,8.4421066e-05,0.5,6.884367e-05,2.3297785e-06,1.000053,5.822193e-05,0.0,0.0,1.7823271e-05,0.0,8.933528e-05,0.00010029636,5.3763222e-05,2.1721055e-05
3268.0483,35515.72,0.50000006,0.028797876,0.04095841,1.0369725,0.017405659,0.080726825,0.03567616,0.05574406,0.004522365,0.030544452,0.027722832,0.03460552,0.99727476,0.0019574037,0.099619135,0.5000001
81.00006,30361.094,0.00010154882,0.0,3.2476317e-05,0.5,0.0,2.4139701e-05,1.0000495,0.0,0.0,7.743654e-05,4.2806616e-05,5.4907654e-05,6.4757674e-05,8.801616e-05,8.049279e-06,4.788825e-05
877.878,120.26077,0.5000001,0.062360223,0.05717425,0.9864191,0.50000006,0.015672248,0.0034465985,0.090994135,0.030449491,0.015603525,0.00027741955,0.00091487623,0.5,0.1037668,0.07585456,0.06490168
774.50006,1.3466464,0.0017367853,0.0008666496,0.0007129162,1.0016142,0.0,0.0019331101,0.0012941125,0.0004213322,0.0003458104,0.0006544767,0.0,0.0,0.99962604,0.00036432737,0.0,0.00039453703
5515.0864,53252.137,4121.675,3296.8271,2512.4553,1183.8107,0.44431552,2650.6367,1.534664e-05,3653.5156,3096.0056,188.68666,212.26091,1373.3458,799.4029,1498.7216,570.25024,3845.9868
618.0,10240.176,0.0,0.0,0.0,1.0,0.0,0.0,0.0,0.0,1.0,0.0,0.0,0.0,0.0,0.0,0.0,0.0
3041.9167,3328.0442,0.50000006,0.026274038,0.035434507,0.988993,0.025904099,0.01717949,0.054023873,0.0054618977,0.017063938,0.02977657,0.015028747,0.06651567,1.0145693,0.060100943,0.043999687,0.50000006
1197.952,9871.699,0.014594142,0.017476546,0.015212101,0.5,0.50000006,0.12720084,0.013668554,0.055142704,0.07002121,0.0010955785,0.035434287,0.012689111,1.002084,0.024206197,0.015689922,0.007251497
9120.003,820.6217,0.042957503,1.0356123,0.010400452,0.50000006,0.005038889,0.012922261,0.0008603682,0.9746599,0.050111875,0.09732496,0.0013695379,0.019896917,0.50000006,0.04964057,0.036290072,0.010565057
89.04112,7085.212,0.5000001,0.12981603,0.028570324,0.93379813,0.5000001,0.003527689,0.029701278,0.09339893,0.006946892,0.0591158,0.008100359,0.02746804,0.9818651,0.004457686,0.038123846,0.0251418
2929.0,2725.4,2.6493432e-05,2.7444707e-07,1.2287764e-05,0.9999938,0.0,8.3852676e-05,5.8195237e-06,3.3498745e-05,0.5,9.638227e-05,2.5701895e-05,0.00016771659,0.0,1.652143e-05,0.0,7.621559e-05
774.0,36778.66,0.0,0.0,0.0,1.0,0.0,0.0,0.0,0.0,0.0,0.0,0.0,0.0,1.0,0.0,0.0,0.0
1283.0,1006.762,0.0,0.0,0.0,1.0,0.0,0.0,0.0,0.0,0.0,0.0,0.0,0.0,1.0,0.0,0.0,0.0
120.0,51440.168,1.0,0.0,0.0,0.0,0.0,0.0,1.0,0.0,0.0,0.0,0.0,0.0,0.0,0.0,0.0,0.0
120.0,51840.23,1.0,0.0,0.0,0.0,0.0,0.0,1.0,0.0,0.0,0.0,0.0,0.0,0.0,0.0,0.0,0.0
9120.001,822.97284,0.00012206348,1.0002671,0.0,2.4880912e-05,0.00035174214,0.0,0.50000006,0.99980277,0.00016195062,0.00014690966,0.00027806984,0.00011905943,0.0,0.00020538,5.292023e-05,0.0
1448.0854,10792.836,0.50000006,0.048405237,0.10079836,0.9731457,0.50000006,0.018618522,0.011252221,0.02667396,0.042093538,0.0081793135,0.0055948645,0.03827826,0.9619411,0.017906994,0.02405943,0.019252604
11211.0,18006.008,0.0,0.0,0.0,1.0,0.0,0.0,1.0,0.0,0.0,0.0,0.0,0.0,0.0,0.0,0.0,0.0
395.00003,9087.63,1.5079039e-05,8.7661225e-05,0.00010540842,0.9999858,0.0,0.000102209255,5.8966947e-05,0.0,0.50000006,5.7352863e-05,6.2961226e-05,2.762839e-05,1.0000056,0.0,2.7772616e-05,2.9133793e-05
690.5557,59998.953,70.31413,137.69618,72.6221,24.349394,0.0345397,39.635937,43.092167,33.12398,22.458956,157.29033,101.30668,70.77982,0.09637795,9.68692,37.762646,15.656594
788.9971,7205.515,0.50000006,0.019202257,0.12940177,1.012495,0.5000001,0.018085055,0.015318559,0.0982667,1.0635551,0.023791395,0.028094701,0.005118167,0.04895442,0.011179927,0.007101298,0.07663271
774.0,38843.242,0.0,0.0,0.0,1.0,0.0,0.0,0.0,0.0,0.0,0.0,0.0,0.0,1.0,0.0,0.0,0.0
774.0,11232.893,0.0,0.0,0.0,1.0,0.0,0.0,0.0,0.0,0.0,0.0,0.0,0.0,1.0,0.0,0.0,0.0
774.0,11225.019,0.0,0.0,0.0,1.0,0.0,0.0,0.0,0.0,0.0,0.0,0.0,0.0,1.0,0.0,0.0,0.0
180.0,27648.11,1.0,0.0,0.0,0.0,0.0,0.0,1.0,0.0,0.0,0.0,0.0,0.0,0.0,0.0,0.0,0.0
984.0,17333.287,0.0,0.0,0.0,0.0,1.0,0.0,0.0,0.0,0.0,1.0,0.0,0.0,0.0,0.0,0.0,0.0
2824.8052,59999.566,3097.9492,5362.947,3860.3699,549.1521,2576.6777,313.51025,5.17173e-05,3291.5522,2990.3857,2797.8005,4151.5513,3293.953,2260.6663,3022.2612,1522.2288,1476.9532
2945.0,2555.506,2.005109e-05,3.3075394e-05,0.000112548885,1.0000272,2.9467521e-05,3.617242e-08,0.0,2.2883381e-05,0.5,0.00010900381,0.0,0.0,5.4680062e-05,4.174408e-05,4.1510004e-05,5.252234e-05
14945.0,23008.184,0.0,0.0,0.0,1.0,0.0,0.0,1.0,0.0,0.0,0.0,0.0,0.0,0.0,0.0,0.0,0.0
1280.0,1005.06,0.0,0.0,0.0,1.0,0.0,0.0,0.0,0.0,0.0,0.0,0.0,0.0,1.0,0.0,0.0,0.0
6060.0,959.8679,7.680062e-05,6.0985643e-05,0.0,1.000095,0.00015859885,0.0,0.50000006,1.5412894e-05,7.565912e-05,4.526746e-05,4.8399772e-05,0.0,0.9999008,0.00010633832,8.719059e-05,2.3774367e-06
120.02936,100.25085,0.002389103,1.0173019,0.047588278,0.017443137,0.0033818781,0.05533148,0.50000006,0.0004748586,0.5000001,0.06257128,0.018778328,0.06793942,0.0036364885,0.9399559,0.05265897,0.00029792477
6060.0,1436.6669,4.8549726e-05,5.5067743e-05,1.9201514e-05,1.0000563,8.6181426e-05,0.0,0.50000006,7.458251e-05,4.436201e-05,4.2852225e-06,0.0,3.8233713e-05,0.9999791,1.1741075e-06,0.0,6.825088e-06
3198.9856,3231.6333,0.50000006,0.0043840334,0.12919286,1.0888438,0.04661996,0.010105987,0.50000006,0.07377253,0.0373449,7.3877345e-05,0.0036918377,0.0011404704,1.00986,0.03355846,0.02107024,0.0065733874
839.0,5737.79,0.00013029296,0.0,6.193017e-05,0.5,0.0,0.0,0.0,2.4325687e-05,0.99993974,8.633575e-05,6.681093e-05,0.0,9.111207e-05,5.139126e-05,0.0,3.8078702e-05
984.0,17276.365,0.0,0.0,0.0,0.0,1.0,0.0,0.0,0.0,0.0,1.0,0.0,0.0,0.0,0.0,0.0,0.0
713.93945,27520.705,0.5000001,0.00060042,0.044459548,1.0077001,0.50000006,0.002149999,1.0525957,0.06497999,0.06273615,0.005073349,0.035261896,0.016743574,0.01584984,0.0119168535,0.009802348,0.0074670003
774.0,6994.23,0.0,0.0,0.0,1.0,0.0,0.0,0.0,0.0,0.0,0.0,0.0,0.0,1.0,0.0,0.0,0.0
119.939766,102.02306,0.50000006,1.0327097,0.019011073,5.370953e-05,0.014592119,0.06637005,0.50000006,0.022767043,0.01376466,0.032847818,0.059387524,0.0015380649,0.009876997,0.9253051,0.0050430694,0.014330435
119.96388,102.25063,0.064056285,0.97479457,0.012014265,0.008846317,0.5000001,0.04942475,0.50000006,0.0016354519,0.001050537,0.0031986537,0.00024096547,0.045593224,0.025284315,0.968833,0.053506233,0.03098252
90.0003,42879.305,0.0007357572,0.0008306206,3.9794617e-05,0.49999976,0.0016633718,0.0003185625,0.9997775,0.0011262357,0.0,0.0,0.00067893864,0.00044150205,0.00037892387,0.00036536282,0.0004649314,0.00081134046
1423.0027,21003.541,0.50000006,0.0029596584,0.034072284,1.0495809,0.50000006,0.0028432584,0.054033995,0.040597063,0.0017777528,0.025291616,0.023735704,0.039437946,0.9483213,0.0028486284,0.024816427,0.0029331215
5004.0,46311.62,0.0,0.0,0.0,1.0,0.0,0.0,1.0,0.0,0.0,0.0,0.0,0.0,0.0,0.0,0.0,0.0
6120.0,799.85297,2.4817715e-05,0.0,0.0,1.0000062,0.0,1.6228041e-05,0.50000006,0.0,1.8191015e-05,0.0,2.3308412e-05,3.4453053e-05,1.0000057,7.242699e-05,0.00018410684,5.4076118e-05
6119.9946,875.077,0.03479067,0.01144662,0.03548113,0.9716943,0.06917243,0.03472568,0.50000006,0.0023377032,0.010681546,0.022522293,0.07791887,0.08380932,0.9655519,0.50000006,0.0048732273,0.0151499
120.00002,0.7305,2.0051662e-06,1.217082e-05,2.2321152e-05,0.9999796,1.9415382e-05,0.0,1.5290884e-06,4.8149464e-06,2.1080054e-05,5.7855427e-06,1.7779683e-05,0.0,1.0000331,1.0670094e-05,1.4732678e-05,2.5638648e-05
838.0666,16463.383,0.030288087,0.0239131,0.07196255,0.5,0.0071441834,0.082894534,0.019625777,0.024986437,0.010004525,0.043730967,0.058637463,0.009213558,1.0801495,0.09942802,0.0046883994,0.5000001
688.99994,11136.94,1.2710251e-05,0.0,0.0,0.5,0.0,0.0,0.999924,6.514092e-05,2.3465038e-05,3.9588445e-05,3.493648e-05,4.5327044e-05,2.7071499e-05,4.4620353e-07,6.5855915e-05,0.00010156501
6120.0,807.6871,4.4708562e-05,0.0,3.8753176e-05,1.0000671,0.00017135953,1.5311197e-06,0.50000006,7.46452e-05,0.0,5.4690485e-05,7.6076816e-05,0.0,1.0000812,4.961465e-05,0.0,0.0
6120.0005,808.9849,2.1248508e-05,9.880054e-05,0.0,1.0002049,0.0,0.00012002476,0.50000006,4.2192696e-05,6.8549925e-05,0.0,4.999538e-05,6.715651e-05,1.0000039,7.60067e-05,5.9390237e-05,0.0
119.9429,100.136116,0.001261362,1.0048382,0.0046099424,0.011370986,0.045705296,0.0912635,0.50000006,0.069285,0.0101319,0.12564899,0.005547687,0.07612264,0.04853739,0.5,0.0094031785,0.0009088737
774.0,11203.247,0.0,0.0,0.0,1.0,0.0,0.0,0.0,0.0,0.0,0.0,0.0,0.0,1.0,0.0,0.0,0.0
2861.9648,22060.176,0.50000006,0.03281242,0.06378502,0.5,0.049645383,0.020865671,1.0469927,0.006027738,0.015641883,0.019192472,0.027442548,0.039861616,0.047704935,0.047803227,0.0023967386,0.05865328
9300.0,770.5791,0.0,7.363751e-05,4.619549e-05,0.0,1.000034,3.0778443e-05,0.50000006,0.00014037978,7.6952354e-05,1.0000018,0.0,0.0,9.334669e-05,6.181195e-05,9.5952906e-05,0.00013473467
3313.0,2318.638,0.0,0.0,7.6204324e-06,1.0000882,0.0,7.961321e-05,3.801869e-05,6.384954e-05,0.5,0.0,0.0,0.0,0.0,0.0,0.0,0.00013873095
170.99997,31615.154,0.5000001,0.00047655974,4.794875e-05,0.9998951,0.0,0.0,0.9999693,0.00022699246,0.0005060938,0.0003252579,0.00014410008,7.720263e-05,0.0,0.000109108296,5.232498e-05,0.00022277671
3313.0,2346.737,0.0,9.737764e-05,2.3819428e-05,1.0000396,1.7407985e-05,1.2702024e-05,0.00014667618,0.0,0.5,1.8622559e-05,3.644371e-05,0.0,2.5215122e-05,0.0,0.0001159332,2.477083e-05
3313.0,2294.272,0.00011500758,0.0,0.0,1.0000689,0.0,3.591564e-05,7.4340924e-06,5.2391737e-05,0.5,5.257296e-05,0.0,4.0472998e-05,8.390026e-05,3.0604617e-05,8.743758e-05,2.0239855e-05
552.0,59035.016,0.0,0.0,0.0,1.0,0.0,0.0,0.0,0.0,0.0,0.0,0.0,0.0,1.0,0.0,0.0,0.0
592.0443,26111.559,0.061269134,0.036757015,0.027058888,0.5,0.50000006,0.047331672,0.046733115,0.012820085,0.035121307,0.001438507,0.0009479384,1.0139203,0.035291176,0.03846654,0.013118043,0.012121192
5186.994,59998.95,2263.9744,310.80096,7106.4976,2207.5938,0.49301884,5282.9224,1925.5518,377.11035,0.16181405,9726.451,154.40341,2252.8142,300.79242,4818.2334,1975.9414,1721.7273
868.9511,111.850174,0.50000006,0.06228882,0.0036758834,0.9366755,0.024963012,0.043658007,0.024674457,0.029412296,0.04168138,0.029682094,0.011846687,0.037256822,1.0330938,0.036434673,0.019628832,0.50000006
9180.0,853.31494,0.0,0.9999983,9.346018e-05,0.0,1.8196195e-05,4.992335e-05,0.50000006,1.0000641,3.5575955e-05,8.9362984e-05,6.0346047e-05,0.0,0.00017016674,0.0,8.0337144e-05,8.690441e-05
1718.962,17277.201,0.50000006,0.0011336901,0.022146571,0.96785355,0.50000006,0.05933671,1.1004431,0.011180722,0.0032060556,0.0004458091,0.05939919,2.9996183e-05,0.0016097337,0.073156625,0.036110017,0.011531605
774.0,43096.586,0.0,0.0,0.0,1.0,0.0,0.0,0.0,0.0,0.0,0.0,0.0,0.0,1.0,0.0,0.0,0.0
3998.0146,6652.325,0.013170193,0.0667382,0.040821664,0.49999997,0.046696033,0.00010994165,0.50000006,0.020448882,0.028358934,0.043680213,0.06487405,0.0108692,0.9719297,0.04494903,0.004276223,0.030458264
835.0144,12881.889,0.50000006,0.012088138,0.027986022,0.95809776,0.023146676,0.03278865,0.031669892,0.00782847,0.006576034,0.047578312,0.025437858,0.008675564,0.9953975,0.05122025,0.01304763,0.50000006
3593.0,59255.715,0.0,0.0,0.0,1.0,0.0,0.0,1.0,0.0,0.0,0.0,0.0,0.0,0.0,0.0,0.0,0.0
120.0,0.68,0.0,0.0,0.0,1.0,0.0,0.0,0.0,0.0,0.0,0.0,0.0,0.0,1.0,0.0,0.0,0.0
9360.0,578.7839,0.0,5.1717016e-05,5.1935833e-05,5.0307845e-05,0.99999726,6.3457487e-06,0.50000006,0.0,4.8764676e-05,1.0000201,4.697483e-05,3.805829e-05,6.4584085e-05,0.0,1.2277153e-05,7.168677e-05
2937.0337,2463.995,0.03822894,0.019962331,0.052392688,0.94777143,0.04959385,0.027162664,0.50000006,0.00035268153,1.0556552,0.043304473,0.008793003,0.033979814,0.5000001,0.039534703,0.019846223,0.06352251
1020.98926,26494.021,0.0031913738,0.008743906,0.00057927956,0.5,0.025696939,0.06115694,0.9371442,0.02961579,0.038465958,0.0096970275,0.019420367,0.0073241103,0.0004820492,0.50000006,0.023200413,0.007369949
1279.0,1007.452,0.0,0.0,0.0,1.0,0.0,0.0,0.0,0.0,0.0,0.0,0.0,0.0,1.0,0.0,0.0,0.0
3674.0393,25425.752,0.50000006,0.007763391,0.050072864,1.0194526,0.025519533,0.022565974,0.010302752,0.0024928905,0.027902737,0.017670354,0.011275156,0.0007691367,0.9346398,0.028141463,0.015643448,0.50000006
2821.9685,23158.887,0.020559605,0.08101674,0.0011877207,0.5,7.2084134e-05,0.031781096,0.9979511,0.015082739,0.50000006,0.0052399477,0.04804736,0.015023517,0.04916914,0.013803573,0.009597116,0.0076757674
774.0,1.201,0.0,0.0,0.0,1.0,0.0,0.0,0.0,0.0,0.0,0.0,0.0,0.0,1.0,0.0,0.0,0.0
774.0,59005.375,0.0,0.0,0.0,1.0,0.0,0.0,0.0,0.0,0.0,0.0,0.0,0.0,1.0,0.0,0.0,0.0
9299.999,619.361,3.9194805e-05,0.0,1.1184579e-05,7.446575e-05,1.0001224,0.00013187788,0.50000006,0.0,0.00013921509,0.9998385,3.7148377e-05,0.0,9.9921795e-05,4.6894595e-05,1.8367124e-05,0.0
9120.0,943.67993,6.7397494e-05,1.0001307,0.00013067831,0.0,0.0,8.815038e-05,0.50000006,1.000083,1.6585129e-05,6.635347e-05,0.0,1.05974095e-05,0.0,6.099199e-05,7.245669e-05,1.7102446e-05
1229.9764,1150.8754,0.5000001,0.08019269,0.017665487,0.9274924,0.50000006,0.001918527,0.04584035,0.059054524,1.007303,0.09684125,0.033666,0.00019469151,0.0016226274,0.009995417,0.017282456,2.3301222e-05
1278.0,1005.728,0.0,0.0,0.0,1.0,0.0,0.0,0.0,0.0,0.0,0.0,0.0,0.0,1.0,0.0,0.0,0.0
2871.062,2257.4016,0.010037814,0.024092428,0.0045734346,1.0046486,0.005868262,0.0040320633,0.50000006,0.021650594,1.0722339,0.06753367,0.049247976,0.020759648,0.50000006,0.037923012,0.0026719514,0.022803707
774.0,7013.309,0.0,0.0,0.0,1.0,0.0,0.0,0.0,0.0,0.0,0.0,0.0,0.0,1.0,0.0,0.0,0.0
2779.0,5713.314,0.0,0.0,0.0,1.0,0.0,0.0,0.0,0.0,0.0,0.0,0.0,0.0,1.0,0.0,0.0,0.0
9179.977,684.7966,0.50000006,1.0286281,0.0026482043,0.50000006,0.047440924,0.012920382,0.0041192006,1.0164242,0.01288395,0.0014552095,0.04178008,0.06108276,0.0151641015,0.0066895555,0.043795247,0.027392061
9360.001,596.80817,0.0001447129,0.0,0.0,0.0002398566,0.9998908,0.0,0.50000006,0.00018731291,6.949363e-05,0.999908,4.76043e-05,0.0,1.3406057e-05,6.15593e-05,0.0,0.0
774.0,11253.465,0.0,0.0,0.0,1.0,0.0,0.0,0.0,0.0,0.0,0.0,0.0,0.0,1.0,0.0,0.0,0.0
3313.0,2282.449,1.6144768e-05,4.7237445e-05,0.00012151095,1.0000597,0.0,0.0,0.00010353148,3.506525e-05,0.5,3.0366637e-05,2.611066e-05,8.17193e-05,0.00011322223,0.0,4.0093953e-05,7.1484195e-05
773.5,137.15045,0.059501316,0.010188977,0.011053566,0.49999043,0.003429177,0.018024271,0.5000005,0.0074278326,0.8530594,0.07697152,0.0039251945,0.044186454,0.033454888,0.0953222,0.03039286,0.07038674
592.0,13186.67,9.913335e-06,0.00012456212,2.146493e-05,0.5,0.0,0.0,0.99999094,0.0,3.4955592e-05,9.030129e-05,8.704351e-06,0.0,1.7084136e-05,2.7893933e-05,0.0,3.7247668e-05
6120.0,911.35394,0.0,4.673399e-05,0.0,0.99996793,1.3107418e-05,5.444604e-05,0.50000006,1.2676813e-05,0.0,5.871859e-05,3.615717e-05,8.334635e-05,0.9998942,3.0146324e-05,4.646579e-05,4.7094432e-05
435.00003,27515.781,6.7056295e-05,5.0035454e-05,7.659223e-06,0.5,0.0,8.908587e-06,1.0000488,5.8599103e-06,0.00011864538,9.537549e-07,3.2254086e-06,6.473239e-05,8.837831e-05,1.751165e-05,0.0,1.3779491e-05
4932.76,64416.957,869.1568,1169.9642,539.042,350.05255,164.599,236.32875,1157.6134,259.04532,1325.3567,193.77419,1058.9458,405.06464,287.51865,309.13098,154.36424,788.52594
6120.0,849.27795,0.0,4.093113e-05,0.0,1.0001634,9.358179e-05,1.6024987e-05,0.50000006,4.5789624e-05,1.39325975e-05,0.0,6.366376e-05,0.0,0.9999919,0.0,3.2316464e-05,0.0
6120.0,853.186,5.5451113e-05,0.0,0.000116796415,1.0000272,0.0,0.0,0.50000006,2.5455863e-06,0.0,0.0,7.082298e-05,5.5227876e-05,1.0000268,6.362737e-05,4.4530472e-05,5.0166414e-06
119.96286,100.44239,0.0004949275,0.9701367,0.016245853,0.004506766,0.50000006,0.021568872,0.50000006,0.020477938,0.03783203,0.008043293,0.028742084,0.021772549,0.045180164,1.0147799,0.01848199,0.00012126505
1490.0493,1027.9795,0.004436739,1.4197368e-05,0.021346584,1.0548218,0.50000006,0.15276799,0.037908487,0.00018770696,0.0070364685,0.042039674,0.0018227348,0.01604701,0.9765814,0.0020663713,0.017409341,0.50000024
6120.0,823.48193,4.209343e-05,8.2806866e-05,0.0,1.0000571,0.0,0.0,0.50000006,0.0,1.7795017e-05,0.0001010372,0.0,5.5657543e-05,1.0000002,2.0733205e-06,3.7862726e-05,0.0
9300.001,592.72095,2.9744474e-06,0.0,4.9432176e-05,0.00017163427,1.0000155,0.00012656201,0.5000001,4.790598e-05,0.0,1.0000112,3.330187e-05,5.113433e-05,1.8495628e-05,0.00023605778,0.0,9.902619e-05
780.00006,9088.259,2.2214579e-05,3.153634e-05,0.0,0.5,0.0,2.7832939e-05,0.99985784,1.7383032e-05,2.0212497e-05,0.0,0.0,1.1252296e-05,3.1798394e-05,0.0,7.487846e-05,8.847347e-05
903.99347,100.20138,0.50000006,0.0722732,0.02918171,0.93354106,0.00018718388,0.044320237,0.051861607,0.017070668,0.031688455,0.007840331,0.017680474,0.03847228,0.9635042,0.022558993,0.018039053,0.50000006
120.0,0.7305,0.0,1.8082874e-05,5.898075e-05,0.99993676,1.3416775e-05,0.0,9.779449e-05,4.5827226e-05,1.4998526e-05,0.00011057475,0.0,8.7015964e-05,1.000068,3.6391668e-06,5.1079383e-06,1.9231447e-05
4714.9727,59999.543,940.55096,625.85834,704.98236,58.263233,0.0,25.321432,766.3131,341.32532,0.0,402.19812,176.66402,459.79645,662.4209,12.606507,32.678345,283.2536
3588.7822,59999.24,6.655199,11.018133,45.7354,26.51231,30.844795,11.22585,0.00058732816,9.579458,21.659697,47.123165,9.217838,22.730684,35.466896,16.557737,9.061893,5.009735
6120.0,815.03503,0.0001495184,0.0,2.2797494e-05,1.0000086,7.249266e-05,5.3445103e-05,0.50000006,8.921993e-05,0.00010958972,7.545092e-05,1.0136908e-05,3.1571915e-05,0.9999785,0.0,6.017592e-05,8.185143e-05
406.0,0.022,0.0,0.0,0.0,0.0,1.0,0.0,0.0,0.0,0.0,1.0,0.0,0.0,0.0,0.0,0.0,0.0
866.0,11167.322,0.0,0.0,0.0,0.5,5.1799077e-05,6.9658105e-05,1.0000429,0.0,2.2348872e-06,0.0,0.0,0.0,0.00012758154,0.0,0.0,3.0270892e-05
6508.9814,53252.113,227.79623,733.56055,1710.4326,1170.3738,2031.1941,876.6095,1.023621e-05,1602.0789,1238.4843,59.946693,1051.3843,0.24724182,4038.2688,839.6675,3241.1245,2030.6859
846.0264,132.20949,0.06325866,0.019591969,0.026633406,0.5,0.025361894,0.031972222,0.5000001,0.0013192825,1.0113465,0.02061233,0.09027188,0.006265207,0.038434345,0.0031107145,0.019878931,0.097689874
247.57431,60001.934,20834.553,12822.514,9069.688,19799.652,0.0,27306.033,3499.165,28011.62,23265.672,10593.089,7592.0776,7416.1733,19314.193,16776.355,14973.104,9235.233
826.029,114.9912,0.50000006,0.038825776,0.10138753,1.064136,0.5000001,0.006275877,0.030488072,0.0030655225,0.99306244,0.16525319,0.06587852,0.009816765,0.003799663,0.013871664,0.026619708,0.50000006
592.00006,4193.338,0.50000006,0.00015594458,3.02268e-05,1.0000212,0.0,0.0,1.5081798e-06,2.5128373e-05,0.0,0.0,0.0,0.9999526,8.758506e-05,2.4976533e-05,0.00010229302,0.0
711.0527,29569.24,0.50000006,0.011543524,0.025198031,0.9947826,0.003278504,0.057078276,1.0050477,0.022940762,0.014264159,0.04524663,0.001189815,0.009595227,0.06638125,0.04052244,0.08249716,0.50000006
2830.9934,23347.32,0.0016102535,0.0016816835,0.0014830267,0.5,0.016821876,0.06542826,1.0562545,0.004133945,0.5000001,0.011376957,0.036678154,0.00064809975,0.0049583293,0.02916498,0.028836222,0.008941729
6119.947,882.22034,0.50000006,0.025682889,0.022351235,1.0575048,0.0011053111,0.0034113564,0.50000006,0.037728656,0.14524446,0.0009562732,0.012500367,0.0944228,0.9841133,0.006399814,0.0045747445,0.015022812
6120.0,910.9911,0.0,6.228592e-05,3.9815492e-07,0.9999946,6.726383e-05,3.165083e-05,0.50000006,7.455587e-05,8.714493e-05,0.0,4.980147e-06,0.0,1.0000402,1.9704812e-05,4.4238677e-05,3.477002e-05
773.53094,59688.895,18.155865,19.909483,10.550749,53.74399,0.0,0.0,0.0,0.0,1.9926821,60.143314,1.738858,17.146082,24.876068,40.06776,23.78354,52.60494
9180.0,704.8821,4.5426033e-05,0.99998116,3.4282773e-05,1.376297e-05,0.0,0.00010612865,0.50000006,0.9999837,0.0,1.3722128e-05,5.5951106e-05,0.00016882087,0.0,0.0,0.0,1.35108485e-05
806.65643,60907.547,22295.914,51702.164,28668.07,26107.408,50893.758,33328.02,13204.689,36034.09,36407.84,64139.836,59065.492,16534.521,57731.21,34206.684,10910.06,5363.0186
9299.999,681.0479,8.649247e-05,0.00012421353,0.00019575008,0.00013500103,1.0000554,0.0,0.50000006,6.245376e-05,0.0,1.0002316,0.00014701586,0.00017638631,0.00019258475,5.5878838e-05,0.0,0.0
712.98627,143.06844,0.50000006,0.028237699,0.01757869,0.9432444,5.44601e-05,0.03295186,0.03600393,0.090220675,0.03966347,0.024380231,0.014255022,0.038820274,0.98322606,0.017351517,0.040877245,0.50000006
6120.0,831.68,0.0,6.24868e-05,0.0,1.0000288,6.563948e-05,0.0,0.50000006,4.623488e-05,2.195349e-05,0.0,0.0,2.024421e-05,0.9999713,5.5727043e-05,0.0,0.0
2863.0,2622.903,8.997858e-05,4.6419747e-05,0.0,1.0000637,0.0,8.092382e-05,0.0,9.632746e-07,0.5,4.262169e-05,7.363575e-05,6.2375507e-06,2.9211951e-05,3.9792294e-06,0.0,1.0156e-06
869.99805,16868.17,0.50000006,0.03242263,0.0840674,0.9608425,0.50000006,0.007968522,0.0052154027,0.021536792,0.0069051343,0.005392809,0.0125717325,0.013331959,0.9509022,0.0038535562,0.0035381487,0.056785334
2454.9578,22129.756,0.5000001,0.016904658,0.014249624,1.0860447,0.022618253,0.005743487,1.015504,0.07823347,0.0069705145,0.01305428,0.008840923,0.02953538,0.01597738,0.06887289,0.06744217,0.50000006
14219.0,440.143,0.0,0.0,0.0,0.0,1.0,0.0,1.0,0.0,0.0,0.0,0.0,0.0,0.0,0.0,0.0,0.0
774.0,37222.883,0.0,0.0,0.0,1.0,0.0,0.0,0.0,0.0,0.0,0.0,0.0,0.0,1.0,0.0,0.0,0.0
119.970345,101.629715,0.50000006,0.9899529,0.17763802,0.036324807,0.009223533,0.050212003,0.50000024,0.009464972,0.021438174,0.04223454,0.03297925,0.0020731771,0.008579155,1.0187678,0.046776626,0.006870819
1280.0,1004.889,0.0,0.0,0.0,1.0,0.0,0.0,0.0,0.0,0.0,0.0,0.0,0.0,1.0,0.0,0.0,0.0
119.992355,100.19266,0.0061475057,1.003231,0.003330421,0.019456036,0.006962949,0.045449764,0.50000006,0.023447786,0.50000006,0.02197943,0.01640328,0.008283911,0.07670105,0.9861453,0.010329677,0.06701286
2870.9714,2548.2544,0.50000006,0.009355747,0.0052988837,0.9987721,0.05453038,0.113388665,0.50000006,0.020117927,1.0396855,0.041447874,0.018483462,0.011818484,0.042574577,0.03839953,0.033901833,0.023939734
3903.0,21.94,0.0,0.0,0.0,0.0,1.0,0.0,1.0,0.0,0.0,0.0,0.0,0.0,0.0,0.0,0.0,0.0
5933.0,515.769,0.0,0.0,0.0,0.0,1.0,0.0,1.0,0.0,0.0,0.0,0.0,0.0,0.0,0.0,0.0,0.0
120.001114,101.212585,0.018735833,1.0702131,0.06612642,0.022922456,0.019971564,0.06777284,0.50000006,0.06589724,0.50000006,0.056054823,0.024548758,0.011672698,0.0005165286,0.94819474,0.010140083,0.054642644
6120.0005,853.281,0.0,0.00017759284,4.512454e-06,0.9999795,0.0,8.064481e-06,0.50000006,0.00017779286,4.334313e-05,0.0,0.0,5.1554405e-05,1.000067,0.00015846165,2.0137626e-05,0.0
591.9582,20927.576,0.50000006,0.0201571,0.04570999,0.97263926,0.027044142,0.023031907,0.0058090105,0.0021192457,0.017640885,0.017905582,0.024592316,0.9816307,7.783967e-06,0.020987934,0.04766021,0.50000006
82.00009,110463.266,0.50000006,4.3734675e-05,0.0,1.0000653,6.159224e-05,0.0,1.0001054,4.1992243e-05,5.5377852e-05,5.0441145e-06,3.6736514e-05,0.0,2.672964e-05,3.8980725e-05,8.807106e-05,2.7431171e-05
400.0001,27904.523,0.50000006,0.0,8.683612e-05,1.0000124,2.8602226e-05,0.00010694219,0.0,1.37401985e-05,9.494913e-06,0.000100206875,4.5623146e-05,2.2923221e-05,0.99989027,2.129019e-05,2.2163345e-05,5.2478263e-05
2875.9854,22789.615,0.50000006,0.06014688,0.061920196,0.5,0.019935254,0.025913993,1.0048331,0.021465704,0.016596435,0.044742927,0.0020700041,0.05085923,0.01498467,0.009426708,0.00026141497,0.0063714823
9240.0,635.227,0.0,0.99991244,2.7244896e-05,9.5188276e-05,0.0,0.0,0.50000006,0.99996257,0.0,7.7119e-05,3.2701955e-05,0.0,1.5196048e-05,4.9508653e-05,4.5957797e-05,9.064281e-05
2767.961,22744.201,0.07070007,0.12188097,0.0033193363,0.5,0.0018321193,0.0003751258,1.0905068,0.011365333,0.50000006,0.012732995,0.060781594,0.020794576,0.077767335,0.0016576278,0.008706878,0.041239858
11244.0,13005.459,0.0,0.0,0.0,0.0,1.0,0.0,1.0,0.0,0.0,0.0,0.0,0.0,0.0,0.0,0.0,0.0
2776.9666,23232.295,0.50000006,0.04311041,0.021583036,0.97550964,0.50000006,0.03824846,1.0587949,0.011129307,0.036223426,0.01656458,0.0022429745,0.045562763,0.0013040341,0.04614204,0.01910451,0.0479557
3145.0,9563.209,0.50000006,4.2527874e-05,0.00010417487,1.0000162,0.0,0.0,0.0,0.0,0.0,0.0,1.3278296e-05,0.0,1.0000948,0.0,7.8364355e-05,6.151958e-05
3033.0972,23356.758,0.50000006,0.0010935682,0.06526105,0.49999997,0.020212447,0.043300837,0.97580934,0.0074154204,0.011882912,0.021664163,0.038589448,0.025560562,0.10382619,0.070903875,0.010581011,0.00787077
774.0,54232.254,0.0,0.0,0.0,1.0,0.0,0.0,0.0,0.0,0.0,0.0,0.0,0.0,1.0,0.0,0.0,0.0
821.0351,8313.904,0.50000006,0.041965086,0.07771412,0.5,0.010656054,0.039300837,0.009464097,0.02939579,1.0167542,0.014695281,0.091219224,0.0016474302,0.037361044,0.010381364,0.028791368,0.055977564
4992.0,49251.51,0.0,0.0,0.0,1.0,0.0,0.0,1.0,0.0,0.0,0.0,0.0,0.0,0.0,0.0,0.0,0.0
552.0,764.378,0.0,0.0,0.0,0.0,1.0,0.0,0.0,0.0,0.0,1.0,0.0,0.0,0.0,0.0,0.0,0.0
120.00001,0.7305,7.660099e-06,1.8233855e-05,0.0,0.99999875,2.2358463e-05,3.4808e-05,6.0982265e-06,1.5297723e-05,0.0,3.5506095e-05,1.1236235e-05,1.0089767e-05,1.0000159,2.1296799e-05,0.0,1.5853091e-05
694.99475,6523.031,0.50000006,0.013610282,0.045521434,0.5,0.03991113,0.014235358,0.04774114,0.0017269228,0.014060046,0.024470098,0.08126041,0.011023216,1.0218273,0.053040367,0.0017542937,0.041573312
5967.0,383.22,0.0,0.0,0.0,1.0,0.0,0.0,0.0,0.0,0.0,0.0,0.0,0.0,1.0,0.0,0.0,0.0
5490.088,59016.758,3146.37,6792.701,5532.8394,3943.8672,5966.176,6694.882,0.00017428433,7566.465,2611.234,34.351585,7993.2744,8287.531,13117.428,974.5466,3611.9736,3914.5056
16212.0,43057.473,0.0,0.0,0.0,1.0,0.0,0.0,1.0,0.0,0.0,0.0,0.0,0.0,0.0,0.0,0.0,0.0
692.0009,13203.851,0.50000006,0.0024020022,0.07245539,1.0086558,0.50000006,0.027874896,0.9801358,0.01852999,0.00487432,0.00017767135,0.0012399311,0.03452918,0.11730658,0.06183481,0.008160394,0.09237341
4931.554,53252.184,858.48724,1745.0552,11.416552,1768.4219,1046.4407,802.95917,0.35217997,923.43677,2978.844,1876.9824,584.6549,0.11416061,1070.5472,754.9034,160.50671,3364.8867
774.0,0.949,0.0,0.0,0.0,1.0,0.0,0.0,0.0,0.0,0.0,0.0,0.0,0.0,1.0,0.0,0.0,0.0
119.98042,101.8106,0.0490475,0.9942557,0.012175712,0.0616745,0.0015835152,0.0016281334,0.50000006,0.04480493,0.50000006,0.012402024,0.016010417,0.02850173,0.010820348,1.0792464,0.028146613,0.0003954915
3313.0,2550.82,0.0,9.398029e-05,0.0,0.9999931,4.034791e-05,2.8184118e-05,0.0,0.00012439677,0.5,2.232898e-05,0.0,1.6169464e-05,1.0333932e-05,0.00010977596,0.0,3.112946e-05
1281.0333,1005.3944,0.50000006,0.014918975,0.036847863,0.9698301,0.06933704,0.01214518,0.50000006,0.007760291,0.026009515,0.018324167,0.00087690045,0.048852537,1.0161829,0.0060985982,0.0018954646,0.08856278
773.5,81980.45,0.041574676,0.036627248,0.050501313,0.49994716,0.09386238,0.066501044,0.05201334,0.048602127,0.050976206,0.021783013,0.031196777,0.08932111,0.9736126,0.0042187097,0.06818902,0.040890094
853.99963,20356.613,0.0,0.00022661689,0.0003346685,0.4999997,0.0,0.00025840785,0.9998165,0.00031996044,0.0,5.168746e-05,0.00011136266,0.000121191646,0.00023134988,0.00020217813,5.8857193e-05,0.00068892236
2863.0,2422.78,3.8339007e-05,0.00011616553,0.0,0.9999939,6.6864305e-07,0.0,2.183284e-05,3.464376e-05,0.5,0.0,0.00012689996,2.9209737e-05,0.0,2.5437326e-05,9.0381574e-05,0.0
174.00002,54143.88,0.0,0.0,5.7937203e-05,0.5,4.9009777e-05,4.228741e-05,0.9999307,0.0,0.0,4.9024482e-05,1.6762266e-05,2.569295e-05,6.048875e-05,0.0,0.0,4.347026e-05
1282.0,1012.774,0.0,0.0,0.0,1.0,0.0,0.0,0.0,0.0,0.0,0.0,0.0,0.0,1.0,0.0,0.0,0.0
3374.393,16017.52,9220.009,5692.733,6908.8706,4702.2437,5388.6875,11050.158,1655.3766,12257.764,318.44244,11350.945,1368.4097,5583.041,3898.8706,12571.823,4809.5615,0.0
5190.894,59018.31,8.083168,3301.6638,4799.1167,8129.072,8445.525,3409.2761,0.00017428433,77.42668,2562.8115,3850.1226,283.5882,5160.4277,1710.1361,5027.0693,6707.9463,7210.0728
1283.0175,1006.9494,0.038903058,0.0791008,0.009621364,1.0390657,0.035642475,0.0106009375,0.009087161,0.029609542,0.50000006,0.009790309,0.0018967203,0.50000006,1.0427554,0.05830615,0.03639838,0.0027767888
872.0001,9086.43,0.0,7.666328e-05,0.0,0.5,6.180985e-05,2.2980943e-05,0.99999785,3.168933e-05,4.301131e-05,0.0,7.0032016e-05,8.859405e-05,7.420629e-05,0.0,0.0,9.510937e-05
11223.0,14005.953,0.0,0.0,0.0,1.0,0.0,0.0,1.0,0.0,0.0,0.0,0.0,0.0,0.0,0.0,0.0,0.0
240.9486,53248.01,0.020575402,0.028486915,0.03377239,0.5,0.03155282,0.043385472,0.058583803,0.022448149,0.0012583898,0.039011046,0.0076004807,0.037053093,0.5,0.041482624,0.010469132,0.0015824594
2841.9792,21753.791,0.0120649,0.0056951493,0.010644679,0.49999988,0.50000006,0.013282473,1.0053108,0.0025270968,0.06716934,0.014493542,0.0053122765,0.07003796,0.020139009,0.07616206,0.06548711,0.03489056
6060.037,900.99084,0.00035670312,0.033723526,0.0065447493,0.9815065,0.012471723,0.0018528786,0.50000006,0.011361885,0.50000006,0.011369918,0.030097332,0.023929903,0.96156526,0.042840105,0.036687993,0.026501615
2704.9707,23296.654,0.50000006,0.016590944,0.024402391,1.0389699,0.004339029,0.020786544,1.05944,0.10869277,0.028364018,0.0022680191,0.015936911,0.049279224,0.003891456,0.056014616,0.015219589,0.50000006
7826.0,26052.553,0.0,0.0,0.0,0.0,1.0,0.0,1.0,0.0,0.0,0.0,0.0,0.0,0.0,0.0,0.0,0.0
6120.0,836.48706,0.0,4.4304237e-05,3.5892586e-05,0.99994004,7.20155e-05,2.1512888e-05,0.50000006,0.0,0.0,6.528504e-05,8.434663e-05,0.0,1.0000343,2.0207217e-05,6.0040515e-05,0.0
342.0,58771.457,0.0,0.0,0.0,1.0,0.0,0.0,1.0,0.0,0.0,0.0,0.0,0.0,0.0,0.0,0.0,0.0
6164.0,675.809,0.0,0.0,0.0,0.0,1.0,0.0,1.0,0.0,0.0,0.0,0.0,0.0,0.0,0.0,0.0,0.0
13724.0,23207.545,0.0,0.0,0.0,1.0,0.0,0.0,1.0,0.0,0.0,0.0,0.0,0.0,0.0,0.0,0.0,0.0
2879.0,2334.202,6.6958295e-05,0.00015721422,6.921985e-05,0.9999973,0.0,6.8780486e-05,0.0,1.5279178e-05,0.5,7.803565e-05,3.203383e-05,4.8030855e-05,0.0,6.5096347e-06,0.0,0.0
774.0,58890.863,0.0,0.0,0.0,1.0,0.0,0.0,0.0,0.0,0.0,0.0,0.0,0.0,1.0,0.0,0.0,0.0
14644.0,1172.302,0.0,0.0,0.0,0.0,1.0,0.0,1.0,0.0,0.0,0.0,0.0,0.0,0.0,0.0,0.0,0.0
120.03335,101.342834,0.023298385,1.0021785,0.097736664,0.05741276,0.09197936,0.00042208144,0.5000002,0.062450327,0.50000006,0.029662916,0.06372144,0.046778176,0.0034089435,1.0169017,0.0016138118,0.010624634
8727.0,15815.463,0.0,0.0,0.0,1.0,0.0,0.0,1.0,0.0,0.0,0.0,0.0,0.0,0.0,0.0,0.0,0.0
59.999985,4.9588543e-05,2.1657409e-06,0.9999471,0.00010710178,0.0,0.0,0.0,3.331501e-05,0.9999537,0.0,0.0,2.8251761e-05,8.709159e-05,5.0606155e-05,1.1142846e-06,0.50000006,0.0
120.0,111200.14,1.0,0.0,0.0,0.0,0.0,0.0,1.0,0.0,0.0,0.0,0.0,0.0,0.0,0.0,0.0,0.0
2722.9954,23374.832,0.031532213,0.0014779225,0.0297566,0.49999997,0.0008448017,0.0058032875,1.0213627,0.008217982,0.004533898,0.056961827,0.0034176041,0.0074794255,0.017004142,0.0631634,0.008890346,0.50000006
774.0,6975.224,0.0,0.0,0.0,1.0,0.0,0.0,0.0,0.0,0.0,0.0,0.0,0.0,1.0,0.0,0.0,0.0
175.00005,51071.414,3.009412e-05,0.0,0.0,0.5,5.557503e-05,2.6882688e-05,0.9999732,3.8271086e-05,0.0,5.296693e-05,7.7959245e-05,0.0,0.00010954157,5.6842535e-05,0.0,4.9973398e-05
779.8964,98.45181,0.50000024,0.04889606,0.13133991,1.0159136,0.004756516,0.043210316,0.0017646,0.162144,0.5,0.010742494,0.018798811,0.07032772,0.16932869,0.19896139,0.020652544,0.50000006
6120.0,852.9181,0.0,0.000116324,0.0,1.0000838,5.1095907e-05,2.2678954e-05,0.50000006,0.0,1.987678e-05,2.3998691e-05,0.0,1.9978047e-06,1.0000705,7.286498e-05,4.9342412e-05,7.286965e-05
774.0,2055.78,0.0,0.0,0.0,1.0,0.0,0.0,0.0,0.0,0.0,0.0,0.0,0.0,1.0,0.0,0.0,0.0
855.00006,9086.93,2.6349786e-05,3.3046508e-05,0.0,0.5,0.0,2.5116002e-05,1.0000194,2.844143e-05,7.6560646e-05,0.0,2.2950913e-05,0.0,8.1272e-05,8.154107e-05,5.8556256e-05,0.0
3313.0,2548.223,6.0025603e-05,2.0908525e-05,0.000104396604,1.0000813,0.0,0.0,0.0,2.5342662e-05,0.5,5.6185632e-05,4.8087044e-05,4.6354486e-05,0.0,2.0422307e-05,0.00010711762,0.0
772.9999,9103.851,1.8607201e-05,1.01433025e-05,8.550109e-05,0.5,5.1808285e-05,1.1644968e-05,0.9998886,0.00012961765,0.0,4.7202916e-06,7.61339e-05,7.625348e-05,0.0,5.7190515e-05,0.0,0.0
2879.0,2257.081,0.0,0.0,9.259646e-06,1.0000377,8.337676e-05,2.0540874e-05,0.0,0.0,0.5,2.1684158e-05,1.0606671e-05,1.1523721e-05,8.6628215e-06,9.7497956e-05,2.1094469e-05,3.4625213e-05
774.50006,1.3460032,0.017951014,0.017603507,0.013554116,1.0031364,0.0018214438,0.0016021396,0.004476347,0.029483141,0.008185565,0.018614953,0.009642908,0.00042630866,0.95793444,0.0009189784,0.016484672,0.005363371
2915.9817,22683.117,0.03088849,0.018522194,0.023706723,0.5,0.5000001,0.034589585,1.0357846,0.029204583,0.08927703,0.035611495,0.030120503,0.12511945,0.04912591,0.013748437,0.0370347,0.022444984
4072.0552,6660.4937,0.12544529,0.087435424,0.044707708,0.5,0.5000001,0.026133003,0.2098351,0.1519901,0.50000006,0.25062022,0.052959602,0.15582547,0.9314203,0.051499348,0.012571036,0.0724083
792.25024,60043.496,72601.734,143515.12,84098.04,111511.66,249.58589,12876.048,55362.305,40134.48,87785.72,58814.83,35536.85,130456.88,77678.84,80699.69,116380.78,51570.66
2937.0,2252.972,0.0,0.0,9.622622e-05,1.0000446,0.0,0.0,0.0,9.119136e-05,0.5,0.0,0.0,4.217393e-05,4.46867e-05,0.0,4.736276e-05,1.1810762e-05
6668.868,54903.63,2113.1401,52.01519,239.17778,1627.4612,1755.5598,2572.9883,0.00017428433,3657.7332,2550.9243,510.40164,2005.5176,0.0,1253.7805,1327.4808,135.64822,561.8128
2801.0,19.963,0.0,0.0,0.0,0.0,1.0,0.0,1.0,0.0,0.0,0.0,0.0,0.0,0.0,0.0,0.0,0.0
2796.9863,23364.06,0.060732007,0.04372406,0.013912382,0.5,0.013389771,0.0476739,1.0532033,0.030277452,0.50000006,0.00822071,0.016722932,0.03793647,0.0011688224,0.012862202,0.0174882,0.029296214
775.01294,94.91843,0.50000006,0.006304576,0.034187254,0.8774123,0.029445676,0.0047841934,0.0005384663,0.0045686197,0.042362288,0.0025466708,1.4053163e-05,0.024592368,0.9663232,0.034787554,0.0010902209,0.50000006
773.5,81931.85,0.01069806,0.031605333,0.020357482,1.072982,0.024979599,0.01683999,0.5000201,0.0071049095,0.016895829,0.04726765,0.019859409,0.047099464,0.9615035,0.029351383,0.008609987,0.011232348
200.00917,53247.824,0.50000006,0.023842039,0.010570176,0.49999997,0.010416747,0.0012894183,9.881673e-06,0.012203391,0.03867174,0.0541041,0.018359091,0.0770405,0.9988512,0.012663171,0.07939012,0.04693651
2879.0,2291.326,0.00010182711,2.3483024e-05,0.0,1.0000577,5.2921103e-05,5.991352e-05,0.0,7.6924494e-05,0.5,0.0,0.0,8.690831e-05,0.0,0.00011353011,0.0,4.9054473e-05
774.0,11254.597,0.0,0.0,0.0,1.0,0.0,0.0,0.0,0.0,0.0,0.0,0.0,0.0,1.0,0.0,0.0,0.0
120.000015,0.73050004,1.7465232e-05,0.0,2.4190495e-05,1.0000252,4.4108867e-05,0.0,2.9050867e-05,2.8203656e-05,0.0,2.7823296e-05,0.0,2.4340176e-05,0.9999574,0.0,5.7672914e-05,3.5206598e-05
3374.049,14942.197,920.42065,53.18665,5576.3823,334.6467,3241.6375,4342.0645,2345.037,2630.475,1377.8712,2913.6506,3949.4314,2606.1016,901.13965,1145.0583,2961.9666,0.0
9300.0,619.504,1.0647354e-05,0.0,3.7253834e-05,1.916652e-06,1.0000296,9.466511e-05,0.50000006,2.2042932e-06,1.330881e-05,0.9998843,0.00010495755,3.13788e-05,4.0982133e-05,0.0,0.0,1.6871081e-05
2871.0,2548.167,3.1880423e-05,6.365421e-05,1.5379932e-05,0.99990743,0.0,6.677532e-05,0.00017841485,3.0078909e-05,0.5,7.893796e-05,0.0,1.0651295e-05,3.6003363e-05,0.0,5.317535e-05,0.0
136.0,1.393,0.0,0.0,0.0,0.0,1.0,0.0,1.0,0.0,0.0,0.0,0.0,0.0,0.0,0.0,0.0,0.0
6119.9805,892.0113,0.051875003,0.029555809,0.00043244276,0.5,0.061098035,0.027048511,0.50000006,0.016004207,0.019523008,0.019827338,0.011975444,0.037505303,1.056998,0.07622414,0.0016259121,0.016244853
1281.0,7045.302,6.521502e-06,0.0,6.835363e-05,0.5,0.0,0.0,1.0000666,0.0,0.0,4.4913828e-05,1.19769475e-05,4.7792746e-05,0.00010729928,6.353759e-05,3.803631e-05,1.5860303e-05
2123.9707,412.08038,0.50000006,0.0022350363,0.0014791547,0.5,0.04458488,0.05016705,0.07600727,0.014090107,0.0043540453,0.001347219,0.0061541894,0.026718685,1.0662451,0.057885624,0.023269657,0.06682213
120.0,39440.227,1.0,0.0,0.0,0.0,0.0,0.0,1.0,0.0,0.0,0.0,0.0,0.0,0.0,0.0,0.0,0.0
425.0,5.08,0.0,0.0,0.0,1.0,0.0,0.0,0.0,0.0,1.0,0.0,0.0,0.0,0.0,0.0,0.0,0.0
4931.609,64416.918,1308.7946,499.92212,149.44987,1190.6057,1469.0878,161.3874,873.791,1468.1522,910.7445,832.2107,953.58765,859.38324,51.182278,496.40738,519.3979,12.184083
120.03486,100.744644,0.013047316,1.0531094,0.050726637,0.020046096,0.022929551,0.0013292157,0.50000006,0.02433723,0.50000006,0.04308061,0.05641858,0.03898033,0.03939813,0.99100024,0.07835345,0.006030007
666.0748,29782.148,0.023897037,0.049253374,0.0067593087,0.5,0.035208434,0.0011780715,0.012039865,0.058466487,0.06848607,0.10228306,0.001233577,1.064993,0.05392559,0.014681094,0.024703702,0.50000006
1278.0,1004.762,0.0,0.0,0.0,1.0,0.0,0.0,0.0,0.0,0.0,0.0,0.0,0.0,1.0,0.0,0.0,0.0
3313.0,2296.775,1.7202752e-05,2.7495073e-05,4.0701398e-05,1.0000316,6.723915e-05,4.8000435e-05,0.0,3.449563e-05,0.5,5.029901e-05,0.0,0.0,8.076884e-05,2.4058116e-05,6.1016588e-05,0.0
2863.0,2795.304,1.746355e-05,2.1531221e-05,0.0,0.9999872,2.6441787e-05,5.3357202e-05,0.50000006,3.5142537e-05,1.0000829,5.506843e-05,6.625097e-05,2.9224148e-05,0.0,0.0,7.87533e-05,7.8082485e-05
3751.146,64416.816,953.47723,2211.1372,1071.9006,1531.5469,0.0,261.73767,1587.0554,1103.8839,1212.2435,1775.8895,350.7932,354.29727,3437.0613,683.4038,271.00174,1138.86
3313.0,2700.115,0.0,0.0,3.8485497e-05,0.9999866,0.0,3.93957e-05,1.9854522e-05,3.4483324e-05,0.5,4.3868295e-05,9.4515955e-05,2.051845e-05,0.00012891318,7.674055e-05,6.253379e-05,0.0
774.0,1.51,0.0,0.0,0.0,1.0,0.0,0.0,0.0,0.0,0.0,0.0,0.0,0.0,1.0,0.0,0.0,0.0
1028.0001,15232.101,0.0,0.0,0.0,0.5,1.8543718e-05,0.0,1.0000361,1.04869605e-05,0.0,0.0,1.02850345e-05,0.0,1.5002596e-05,0.0,0.000119331635,4.3656288e-05
774.0,12117.743,0.0,0.0,0.0,1.0,0.0,0.0,0.0,0.0,0.0,0.0,0.0,0.0,1.0,0.0,0.0,0.0
120.000046,0.7305,4.1412245e-06,0.0,0.0,0.9999842,4.6805497e-05,0.0,1.7128405e-05,6.1909955e-06,0.0,0.0,7.782599e-05,2.2341703e-05,0.9999579,0.0,0.0,0.0
16212.0,43048.938,0.0,0.0,0.0,1.0,0.0,0.0,1.0,0.0,0.0,0.0,0.0,0.0,0.0,0.0,0.0,0.0
498.0,58708.44,0.0,0.0,0.0,1.0,0.0,0.0,0.0,0.0,1.0,0.0,0.0,0.0,0.0,0.0,0.0,0.0
1281.9271,1004.83875,0.50000006,0.026104787,0.036871873,0.98917055,0.025981296,0.0101381885,0.50000006,0.02919768,0.026753813,0.08188924,0.00083616085,0.0030633789,0.9976899,0.03703499,0.012100043,0.024861014
2788.057,22897.967,0.05712919,0.05973701,0.013264088,0.5,0.50000006,0.016476301,1.0179825,0.018929617,0.02363645,0.026279157,0.04520222,0.07715069,0.040355816,0.016256923,0.009376606,0.018530026
774.50006,1.0554839,0.0071485965,0.032845963,0.029161118,0.996555,0.016667048,0.024855226,0.028149541,0.0003939322,0.046250485,0.0072971834,0.0004552535,0.0043771965,0.49999547,0.014376366,0.00087722775,0.004480494
3313.0,2213.471,8.106742e-05,0.0,0.0,1.0000634,2.4323486e-05,4.2849762e-05,3.4951045e-05,0.0,0.5,1.9027992e-05,1.2879014e-05,0.00010255275,2.3069071e-05,5.8326723e-06,5.7123285e-05,0.0
3487.0,44.429,0.0,0.0,0.0,0.0,1.0,0.0,1.0,0.0,0.0,0.0,0.0,0.0,0.0,0.0,0.0,0.0
6060.0005,1434.3391,2.464213e-05,0.0,7.150294e-05,1.0000368,4.6003366e-05,0.0,0.50000006,0.0,0.0,0.00011643726,1.7264165e-05,3.6380847e-05,1.0001217,6.636789e-05,0.0,0.0
916.99994,4681.7017,0.50000006,8.100505e-06,4.8393307e-05,0.9999478,8.566381e-06,0.000113602495,0.0,0.00012985093,2.2191089e-05,3.9175724e-05,8.663897e-05,0.00013649379,0.99995583,4.3192722e-05,3.7278773e-05,0.0
171.00005,63328.992,0.0,4.2554057e-05,2.2215601e-05,0.5,0.0,0.0,1.0000505,6.5137276e-05,6.9376e-05,3.8496422e-05,0.0,0.0,0.00013257044,0.0,6.413188e-05,0.000118871736
370.0,26533.28,0.50000006,7.101375e-05,0.0,0.99996436,0.0,0.00011045162,2.9702818e-05,0.0,0.0,6.807738e-05,0.0,0.99997294,7.462076e-05,8.743022e-05,1.5743639e-05,7.198537e-05
2879.0,2147.95,2.8479035e-05,2.5309726e-05,6.1288315e-06,1.0000371,4.0409708e-05,0.0,2.8840228e-05,2.8116294e-05,0.5,2.3194703e-05,2.3622359e-05,0.0,2.426503e-05,0.0,8.684735e-05,9.043263e-06
120.0,35840.055,1.0,0.0,0.0,0.0,0.0,0.0,1.0,0.0,0.0,0.0,0.0,0.0,0.0,0.0,0.0,0.0
508.00034,19327.58,0.00014327934,0.0005925884,0.00067436293,0.49999988,0.0,7.8421464e-05,0.99948883,1.3909777e-05,6.715706e-05,0.0,6.500115e-05,9.189205e-05,0.0,0.00011548957,0.00033627215,0.00015442484
3313.0,2654.409,4.032374e-05,1.8120256e-05,5.2037944e-05,1.0000542,0.0,0.0,2.1545724e-05,1.2976215e-05,0.5,0.000105598665,4.1400683e-05,0.0,4.925273e-05,1.29044965e-05,0.00010895095,6.863859e-05
10007.0,23164.719,0.0,0.0,0.0,1.0,0.0,0.0,1.0,0.0,0.0,0.0,0.0,0.0,0.0,0.0,0.0,0.0
869.9772,134.31502,0.5000001,0.043702684,0.015253203,1.021559,0.049148384,0.014168351,0.004286261,0.008541099,0.10853141,0.048674475,0.019176753,0.0013808361,0.9851907,0.034199998,0.010778395,0.50000006
824.9675,161.81613,0.0027696576,0.033071734,0.03208642,0.5,0.021633042,0.032451857,0.5000001,0.0008566227,0.016334463,0.050220657,0.0009921578,0.03454009,1.0157411,0.012656425,0.00028496282,0.028365495
478.00018,11135.223,0.50000006,0.0,1.29435875e-05,0.99994665,6.9124976e-06,5.5480625e-05,0.0,0.0,0.0,8.911664e-05,0.0,6.414076e-05,0.99995446,0.0,0.0,5.001881e-06
772.0177,5255.645,0.50000006,0.008499724,0.003740869,1.0802569,0.50000006,0.0029465035,0.0023990138,0.02642907,0.02169248,0.004686786,0.026258493,0.02466908,0.9993832,0.0860376,0.023190288,0.044215042
4931.5015,64416.72,7.3258486,22.499247,582.0577,594.5163,652.8138,354.5998,320.54227,406.80594,73.82782,11.097893,106.354385,465.78,427.8678,312.30124,143.82188,92.10531
120.011215,102.51131,0.0017969375,0.9355916,0.047483943,0.041442197,0.50000006,0.03606241,0.50000006,0.030077197,0.048759904,0.01565022,0.04338916,0.014153212,0.10999201,1.0054929,0.0029358189,0.022983419
1421.9888,11542.255,0.046002395,0.012971983,0.0076210536,0.5,0.50000006,0.05874434,0.0035826056,0.011517109,0.09250004,0.03771664,0.0012680897,0.03830061,1.0797967,0.09413602,0.015687924,0.00867094
1281.0,1005.615,0.0,0.0,0.0,1.0,0.0,0.0,0.0,0.0,0.0,0.0,0.0,0.0,1.0,0.0,0.0,0.0
9360.0,598.35406,0.0,4.150139e-05,0.0,6.364789e-07,1.0000339,0.0,0.50000006,5.7666377e-05,9.896252e-07,1.000046,5.3547505e-05,0.000104465624,3.4477765e-05,2.4003051e-05,7.057167e-05,0.0
2831.0347,21982.908,0.009023584,0.023369703,0.09164964,0.5,0.50000006,0.069930024,0.96037436,0.019852232,0.0065780533,0.034620754,0.027380366,0.015482963,0.0315427,0.045887,0.018105835,0.033144306
540.0,39910.613,1.0,0.0,0.0,0.0,0.0,0.0,0.0,0.0,0.0,1.0,0.0,0.0,0.0,0.0,0.0,0.0
1277.0,1004.515,0.0,0.0,0.0,1.0,0.0,0.0,0.0,0.0,0.0,0.0,0.0,0.0,1.0,0.0,0.0,0.0
6119.9487,899.11163,0.03290223,0.022390924,0.014163109,0.94445026,0.014374539,0.02633341,0.50000006,0.009943347,0.020685911,0.0007918951,0.0069110566,0.007468792,0.5,0.024929218,0.05161099,0.06350657
373.99997,26367.861,0.50000006,5.4885157e-05,3.0316742e-05,1.0000298,0.0,0.0,0.0,0.0,2.0295836e-05,7.177968e-05,2.6862903e-05,0.0,1.0000321,0.0001768577,6.921273e-05,2.1695885e-06
6120.0,928.004,0.0,0.0,5.9755086e-05,0.9999746,1.25910165e-05,1.7164653e-05,0.50000006,1.6116834e-06,5.099468e-05,0.0,4.5001314e-05,1.1869527e-05,1.000073,2.7068976e-05,7.4672105e-05,0.0001341686
1279.0,1004.813,0.0,0.0,0.0,1.0,0.0,0.0,0.0,0.0,0.0,0.0,0.0,0.0,1.0,0.0,0.0,0.0
3761.0,58848.426,0.0,0.0,0.0,1.0,0.0,0.0,1.0,0.0,0.0,0.0,0.0,0.0,0.0,0.0,0.0,0.0
773.5,97634.46,0.058038644,0.0031792459,0.051481802,1.0137532,0.019641923,0.037835993,0.014959461,0.01812783,0.5000106,0.0017952565,0.041332074,0.05888623,1.019128,0.0060370876,0.032836854,0.009826554
774.0,52048.67,0.0,0.0,0.0,1.0,0.0,0.0,0.0,0.0,0.0,0.0,0.0,0.0,1.0,0.0,0.0,0.0
3621.0,59481.664,0.0,0.0,0.0,1.0,0.0,0.0,1.0,0.0,0.0,0.0,0.0,0.0,0.0,0.0,0.0,0.0
1283.0,1010.61,0.0,0.0,0.0,1.0,0.0,0.0,0.0,0.0,0.0,0.0,0.0,0.0,1.0,0.0,0.0,0.0
3776.0342,6652.024,0.50000006,0.057049405,0.00023377746,1.0657678,0.07024747,0.02427981,0.047028296,0.04976696,0.030217737,0.016492255,0.023696376,0.0035842874,1.0436928,0.09219229,0.031581994,0.50000006
10002.0,14206.162,0.0,0.0,0.0,1.0,0.0,0.0,1.0,0.0,0.0,0.0,0.0,0.0,0.0,0.0,0.0,0.0
228.895,0.73050004,0.04855292,0.004227925,0.0597661,1.0887754,0.025702963,0.052792948,0.5000001,0.003276145,0.044099107,0.023203133,0.04594806,0.50000006,1.0606191,0.06710627,0.027209891,0.05828838
1281.0,1003.34,0.0,0.0,0.0,1.0,0.0,0.0,0.0,0.0,0.0,0.0,0.0,0.0,1.0,0.0,0.0,0.0
1278.0,1004.776,0.0,0.0,0.0,1.0,0.0,0.0,0.0,0.0,0.0,0.0,0.0,0.0,1.0,0.0,0.0,0.0
2945.0,2620.622,0.0,3.2204454e-05,0.00012551948,1.0000364,0.0,8.650021e-06,4.320653e-05,2.5871035e-05,0.5,0.0,3.8512826e-06,0.0,0.0,7.979617e-05,0.0,4.108108e-06
774.50006,1.1938581,0.008197934,0.044312257,0.032975413,1.0659746,0.043146353,0.013057408,0.0004328538,0.025493588,0.50002635,0.033503428,0.00020335767,0.024199719,1.0839739,0.0001153187,0.02839699,0.039546423
119.93509,101.733345,0.5000001,1.0169858,0.044365045,0.110765815,0.027775496,0.04334959,0.50000006,0.07745806,0.053812936,0.03942443,0.034839235,0.0039834455,0.008819181,0.99047977,0.028711349,0.033068147
3313.0,2346.224,0.0,4.460698e-05,2.5346437e-05,1.0000476,5.9851777e-06,7.4297127e-06,7.153795e-05,6.1864805e-05,0.5,6.56564e-05,6.273283e-06,2.0667e-05,6.0325983e-05,0.00014809363,8.977454e-06,4.0617964e-05
6060.0,1431.7408,2.3920382e-05,0.0,4.2438445e-05,1.0000015,0.0,0.0,0.50000006,9.0137e-05,6.976012e-05,8.2391685e-05,8.096589e-05,0.00014174121,0.99998415,0.0,3.3905144e-05,3.858798e-05
4992.0,49262.984,0.0,0.0,0.0,1.0,0.0,0.0,1.0,0.0,0.0,0.0,0.0,0.0,0.0,0.0,0.0,0.0
6060.0,1312.7439,4.1944008e-05,0.0,3.198516e-05,0.99999744,1.8702418e-05,8.779771e-05,0.50000006,0.0,7.207466e-05,0.0,2.122264e-05,0.00014198176,0.99997735,1.3559807e-05,1.1274987e-05,2.1208252e-06
706.00006,46094.43,0.50000006,7.0056626e-06,2.5790045e-05,1.0000095,0.0,0.0,1.0000157,0.00012629383,9.472598e-05,0.0,1.0846519e-05,1.1131932e-05,3.6496578e-05,4.425508e-05,9.254841e-05,0.0
6383.519,53252.246,638.1901,2011.6123,2722.6497,843.83606,2967.109,1054.6388,6.8275517e-06,3746.3142,2539.7275,2946.9067,750.3773,0.0,1370.2944,3995.1213,6391.9663,2131.4133
774.0,18167.855,0.0,0.0,0.0,1.0,0.0,0.0,0.0,0.0,0.0,0.0,0.0,0.0,1.0,0.0,0.0,0.0
552.0,59031.086,0.0,0.0,0.0,1.0,0.0,0.0,0.0,0.0,0.0,0.0,0.0,0.0,1.0,0.0,0.0,0.0
3379.0,2524.248,1.6494763e-05,4.3348573e-05,0.0,0.999901,0.0,1.0511262e-05,6.9266796e-05,5.9136105e-06,0.5,5.4417764e-05,0.00012394717,0.0,2.6388652e-05,0.0,4.7181624e-05,0.0
1279.0,1004.939,0.0,0.0,0.0,1.0,0.0,0.0,0.0,0.0,0.0,0.0,0.0,0.0,1.0,0.0,0.0,0.0
13713.0,13952.401,0.0,0.0,0.0,1.0,0.0,0.0,1.0,0.0,0.0,0.0,0.0,0.0,0.0,0.0,0.0,0.0
774.0,1.857,0.0,0.0,0.0,1.0,0.0,0.0,0.0,0.0,0.0,0.0,0.0,0.0,1.0,0.0,0.0,0.0
6659.0,203.543,0.0,0.0,0.0,0.0,1.0,0.0,1.0,0.0,0.0,0.0,0.0,0.0,0.0,0.0,0.0,0.0
6120.0,831.8591,4.9803584e-05,5.3771062e-05,1.194766e-05,0.9999809,0.0,1.6468672e-05,0.50000006,3.1176794e-05,9.38354e-05,0.0,0.0,0.0,0.99991757,0.00011926896,0.0,0.0
3981.0,59089.24,0.0,0.0,0.0,1.0,0.0,0.0,1.0,0.0,0.0,0.0,0.0,0.0,0.0,0.0,0.0,0.0
3343.0933,14081.117,0.50000006,0.010375878,0.005763956,1.0119553,0.0513841,0.03287584,0.03176783,0.008040814,0.007904084,0.022948248,0.02891941,0.0077889655,1.0634311,0.000115693656,0.03226419,0.50000006
491.0,88.195,0.0,0.0,0.0,1.0,0.0,0.0,0.0,0.0,1.0,0.0,0.0,0.0,0.0,0.0,0.0,0.0
15011.0,23022.805,0.0,0.0,0.0,1.0,0.0,0.0,1.0,0.0,0.0,0.0,0.0,0.0,0.0,0.0,0.0,0.0
774.0,38843.152,0.0,0.0,0.0,1.0,0.0,0.0,0.0,0.0,0.0,0.0,0.0,0.0,1.0,0.0,0.0,0.0
1042.9508,9087.103,0.50000006,0.00476501,0.0049096122,1.0301765,0.055290766,0.039062575,0.9369923,0.00014888603,0.0016479961,0.0011584541,0.096062906,0.0015518282,0.004098467,0.064327694,0.076717556,0.50000006
773.5,93116.13,0.040527225,0.07713784,0.0012629557,0.9648272,0.008042343,0.05726651,0.014313873,0.0035418102,0.5000141,0.027291138,0.06251037,0.06675428,0.97654027,0.021478254,0.031435285,0.07358592
10001.0,13403.269,0.0,0.0,0.0,1.0,0.0,0.0,1.0,0.0,0.0,0.0,0.0,0.0,0.0,0.0,0.0,0.0
