SrcBytes,SIntPktMax,Proto_arp,Proto_icmp,Proto_ipv6-icmp,Proto_tcp,Proto_udp,State_CLO,State_CON,State_ECO,State_FIN,State_INT,State_NRS,State_REQ,State_RST,State_TST,State_URH,State_URHPRO
9120.0,908.803,2.0687092e-05,0.9998383,3.6559257e-05,0.0,0.0,4.5297107e-05,0.50000006,1.0000393,2.2994218e-06,0.0,2.2199065e-05,8.8900386e-05,0.0,4.204622e-05,6.853046e-05,5.9265898e-05
6120.0,811.464,9.358211e-05,6.1213905e-05,0.00013925818,1.0000237,2.852037e-05,7.771244e-05,0.50000006,2.5695588e-05,6.926333e-06,2.482885e-05,9.1367016e-05,7.731067e-05,0.99989766,0.0,6.3304295e-05,9.823224e-05
734.9158,30030.807,0.029485071,0.04416243,0.019073553,0.5,0.06262936,0.0018902525,0.012433345,0.011106542,0.06596485,0.024330568,3.713952e-05,0.048301663,0.9667307,0.014992626,0.020039225,0.50000006
6119.9995,808.257,1.1869297e-05,0.0,0.0,0.999893,0.0001287859,1.953334e-05,0.50000006,2.6252246e-05,0.0,6.902644e-05,1.51002e-05,6.300195e-05,0.9999593,2.5394373e-05,6.831121e-05,0.0
773.5,15340.925,0.015389276,0.00016218632,0.003227036,0.4999965,0.024583533,0.00627794,0.019403292,0.0807353,0.017877862,0.023435758,0.014343618,0.04993297,1.0594431,0.019594498,0.041198973,0.50000346
84.99997,2.5188325e-05,5.436883e-05,0.0,5.376618e-05,0.5,0.0,7.750991e-05,0.99989665,9.6780335e-05,3.1792373e-05,3.697962e-05,3.9314476e-05,0.00011677148,0.0,3.4349057e-05,4.691522e-05,4.820477e-05
84.94824,96921.77,0.5000001,0.0048722373,0.044362828,0.99594945,0.023792394,0.001054463,1.0232692,0.048737425,0.0017985934,0.042358514,0.011744718,0.0579466,0.100240335,0.020993782,0.50000006,0.025762664
6120.0,911.84,8.452254e-05,4.9313385e-05,0.0,0.9999166,4.1874267e-05,2.2345494e-05,0.50000006,6.6135966e-05,6.7559566e-05,0.0,0.0,1.5984926e-05,0.9999391,9.649565e-05,8.6232154e-05,5.146785e-05
242.05786,53247.98,0.0009879576,0.035158657,0.025853144,0.5,0.015895808,0.02997605,0.038350422,0.0086393375,0.025400488,0.013132575,0.04977058,0.03733892,0.5,0.048542194,0.0094394535,0.005621942
7735.0,198.338,0.0,0.0,0.0,0.0,1.0,0.0,1.0,0.0,0.0,0.0,0.0,0.0,0.0,0.0,0.0,0.0
2472.9612,22695.496,0.043624844,0.04095865,0.03595388,0.5,0.50000006,0.00706779,0.9816318,0.041879956,0.07782012,0.0672587,0.0012932143,0.03852745,0.007134744,0.027075192,0.009404537,0.0050975764
519.0,9999.394,0.0,0.0,0.0,1.0,0.0,0.0,0.0,0.0,1.0,0.0,0.0,0.0,0.0,0.0,0.0,0.0
1264.0453,203.61765,0.0031828575,0.018688256,0.019561103,0.49999997,0.015734857,0.01483966,0.50000006,0.010149112,0.00013097299,0.04145861,0.029068517,0.00023830688,1.0840411,0.00065564056,0.008731649,0.04834248
665.9432,15234.669,0.076830246,0.036959536,0.0018128485,0.5,0.03408363,0.021932565,0.033728722,0.012750047,0.01130424,0.06859327,0.0049309474,0.99086773,0.049366985,0.026378918,0.013419164,0.50000006
6120.0,802.003,1.8507088e-05,5.2063533e-05,4.5847482e-06,1.0000095,5.0961604e-05,0.00013413902,0.50000006,0.0,6.8116875e-05,1.5254655e-05,7.0347334e-05,0.0,1.0000023,0.0,5.8784604e-05,8.9198526e-05
167.00003,49720.863,0.50000006,1.54438e-05,0.0,1.0000966,0.0,0.0,1.0000426,0.0,4.183263e-05,0.0,0.00010202046,7.722089e-05,1.0559507e-05,0.0,0.0,0.0
774.50006,27596.127,0.01949494,0.12566388,0.0034031922,0.499984,0.13073665,0.031342994,0.070637815,0.13462587,0.07778391,0.05207049,0.008524835,0.066591024,1.0110629,0.0115521485,0.050694954,0.5000034
828.01166,103.29154,0.11872375,0.026780482,0.050940298,0.49999997,0.50000006,6.749166e-05,0.18484159,0.010404324,0.00436504,0.113611214,0.051431622,0.0063720965,1.1687694,0.06913784,0.08949678,0.5000001
119.95939,1.0911297,0.0031814843,0.073334955,0.033174593,0.9583826,0.0047927033,0.020000752,0.021261826,0.0110607175,0.50000006,0.054245863,0.010479909,0.00900055,0.5,0.01455618,0.011621855,0.022418687
1281.9856,1003.8444,0.50000006,0.03222092,0.07761165,1.0293758,0.025760125,0.002947677,0.50000006,0.012446131,0.0022112532,0.063281864,0.0089854365,0.008290379,0.992957,0.08236376,0.09460378,0.0013659282
6119.91,901.2096,0.007844846,0.0048740436,0.000705305,0.97022676,0.50000006,0.023756454,0.50000006,0.07132875,0.009607823,0.013743828,0.049155746,0.027098589,0.9835909,0.0498285,0.012928678,0.017965982
5429.0,2982.445,0.0,0.0,0.0,0.0,1.0,0.0,1.0,0.0,0.0,0.0,0.0,0.0,0.0,0.0,0.0,0.0
2886.9355,2819.9253,0.014632465,0.008853045,0.02643372,0.5,0.04789602,0.0051999073,0.50000006,0.007583191,0.9218642,0.115798146,0.043631718,0.03155648,0.003009181,0.008880903,0.034099665,0.068692155
6119.9995,831.6991,3.673532e-05,0.0,0.00015741926,0.9999912,0.0,0.000119372984,0.50000006,0.0,2.187343e-05,7.400658e-05,6.2444815e-05,0.0,0.99988806,0.0,0.00018782406,2.0665659e-05
18659.0,778.778,0.0,0.0,0.0,1.0,0.0,0.0,1.0,0.0,0.0,0.0,0.0,0.0,0.0,0.0,0.0,0.0
9974.0,17209.502,0.0,0.0,0.0,1.0,0.0,0.0,1.0,0.0,0.0,0.0,0.0,0.0,0.0,0.0,0.0,0.0
7489.0,26181.607,0.0,0.0,0.0,1.0,0.0,0.0,1.0,0.0,0.0,0.0,0.0,0.0,0.0,0.0,0.0,0.0
670.00006,11136.455,0.50000006,0.0,1.1765734e-05,0.9999018,6.058812e-05,9.047463e-06,0.9999784,8.2962315e-06,0.0,0.0,0.000109078865,0.0,0.00016868429,0.0,0.0,1.3840529e-05
1110.0802,13608.253,0.04826008,0.0015523051,0.011809405,0.49999997,0.025128564,0.031210305,0.007873688,0.05310154,0.00071342965,0.026869426,0.037950322,1.0117807,0.026700728,0.05099057,0.014006452,0.50000006
2869.0173,21921.676,0.50000006,0.040307682,0.0018428524,0.5,0.009479494,0.012467224,0.9596205,0.001328448,0.009129982,0.03806322,0.0399409,0.0006368954,5.6399727e-05,0.08608413,0.09249465,0.028152736
2886.9692,2317.1887,0.079698265,0.064510204,0.016747383,0.5,0.0098195635,0.018125102,0.5000002,0.00308313,1.0508001,0.025204709,0.05902218,0.04625109,0.026349887,0.022953251,0.004338639,0.016415963
552.0,59205.258,0.0,0.0,0.0,1.0,0.0,0.0,0.0,0.0,0.0,0.0,0.0,0.0,1.0,0.0,0.0,0.0
2428.0222,22574.674,0.0028932327,0.015112682,0.014023591,0.5,0.053943273,0.014262198,1.0379975,0.0018363731,0.06804993,0.023255164,0.0064123985,0.009478055,0.08453204,8.848127e-05,0.017336097,0.50000006
774.50006,1.133253,0.50000405,0.000930311,0.04391543,0.4999918,0.029607154,0.080592126,0.006409967,0.0028463104,0.08616869,0.08637445,0.0035914977,0.029676424,0.9881421,0.0218314,0.050914157,0.092916355
2929.0332,2569.3015,0.00139422,0.0422536,0.0030974536,0.49999997,0.105735056,0.025461495,0.50000006,0.004868147,0.8657481,0.0036153952,6.670732e-08,0.05562896,0.0044499626,0.0045924787,0.029933585,0.02994204
12128.0,1069.184,0.0,0.0,0.0,0.0,1.0,0.0,1.0,0.0,0.0,0.0,0.0,0.0,0.0,0.0,0.0,0.0
172.00008,23424.451,4.768892e-05,5.8495418e-05,0.0,0.5,2.5799745e-05,7.3208353e-06,0.99998724,0.000113666225,3.698615e-05,4.9453716e-05,0.0,3.2679665e-05,0.0,7.586133e-05,0.00011709444,0.0
3326.0046,34538.67,0.50000006,0.07347626,0.018518947,1.0171788,0.016304044,0.0042387554,0.033484742,0.020640269,0.008631961,0.020521125,0.03311951,0.072369926,1.0905267,0.009470253,0.08313476,0.50000006
260.89435,53248.22,0.50000006,0.0382207,0.0048319036,0.93903834,0.06816038,0.0036431984,0.007820943,0.09316338,0.013188026,0.0057143685,0.003956451,0.04186105,0.9436088,0.036916655,0.00942757,0.50000006
540.0,39970.895,1.0,0.0,0.0,0.0,0.0,0.0,0.0,0.0,0.0,1.0,0.0,0.0,0.0,0.0,0.0,0.0
773.9987,15468.21,0.50000006,0.116467424,0.14415443,1.0715172,0.50000006,0.06840959,0.030227296,0.117212735,0.06603675,0.073357694,0.011568804,0.06798088,0.49999997,0.008574317,0.040860355,0.018602982
7481.0,34014.258,0.0,0.0,0.0,1.0,0.0,0.0,1.0,0.0,0.0,0.0,0.0,0.0,0.0,0.0,0.0,0.0
2928.9272,2220.403,0.009011908,0.007566333,0.068316996,0.5,0.028973773,0.000959203,0.50000006,0.052550238,0.94395816,0.020452566,0.0015345277,0.0073858164,0.037038032,0.024351709,0.045203175,0.03193154
6120.0005,829.40314,0.00010398756,0.0,0.0,1.0000975,0.00012976631,0.00013757349,0.50000006,0.0,0.00010610797,0.0,0.000114766364,0.00020737908,0.999927,9.940103e-06,2.4439323e-05,0.0
773.91077,19107.574,0.50000006,0.074431576,0.0027120216,0.9968026,0.5000001,0.079103775,0.50000006,0.026405055,0.15356614,0.08333267,1.1195863e-05,0.022958297,1.1049265,0.030014966,0.05435005,0.05855922
1274.0106,1005.6821,0.0046399455,0.040671952,0.017555825,0.5,0.05551647,0.014049412,0.50000006,0.0036649085,0.032344718,0.027789524,0.01089154,0.00850358,0.9929197,0.00917317,0.024350984,0.038140316
859.99994,7041.236,0.0,0.0,0.0,0.5,0.0,0.0,1.0000056,1.1968634e-05,0.0,0.0,0.0,5.8172453e-05,3.2002656e-05,0.0,1.0858378e-05,0.00010861098
1517.9874,23925.78,0.50000006,0.0037464998,0.023122387,0.5,0.03413204,0.011599018,0.014372816,0.005077753,1.1262091,0.053846378,0.05245125,0.011611568,0.028671319,0.0094435625,0.028312828,0.0071068183
2871.1157,2612.8525,0.007815114,0.0044024847,0.03003572,1.0168453,0.011096624,0.00059061166,0.021263653,0.008730638,0.5,0.018449238,0.051001113,0.037261166,0.1202296,0.012018468,0.04928729,0.50000006
6060.0,1435.589,0.00010318818,0.0,4.513138e-05,1.0001441,4.231912e-05,4.3255986e-05,0.50000006,0.0,0.0,0.0,3.4464003e-05,2.419901e-05,1.0000796,3.5677054e-05,7.8336285e-05,1.7164548e-05
4133.947,6655.304,0.043957476,0.0014168777,0.047025412,0.98101556,0.50000036,0.00250295,0.50000006,0.028189886,0.012912831,0.058143016,0.01655536,0.012586321,1.0007125,0.005212417,0.06959726,0.039818194
683.0,12158.835,5.9617367e-05,6.2052386e-05,0.00011143118,0.5,4.411085e-05,3.358881e-05,0.9999754,0.00012404067,0.0,0.0,1.0641651e-05,2.739918e-05,5.248662e-05,0.0,7.481066e-05,6.0605464e-05
3313.0037,2414.0847,0.50000006,0.019113118,0.009473138,0.9392819,0.02424634,0.013336122,0.10283814,0.032564107,0.5,0.07789918,0.12923764,0.03095289,0.067042604,0.02050199,0.0020590546,0.0048390795
6119.965,898.083,0.06533291,0.022275569,0.022323072,0.5,0.06758868,0.0018815049,0.50000006,0.005524791,0.015859311,0.013204683,0.035567965,0.01476827,0.99848914,0.0063831136,0.002568286,0.008009632
7489.0,29008.623,0.0,0.0,0.0,1.0,0.0,0.0,1.0,0.0,0.0,0.0,0.0,0.0,0.0,0.0,0.0,0.0
14644.0,994.123,0.0,0.0,0.0,0.0,1.0,0.0,1.0,0.0,0.0,0.0,0.0,0.0,0.0,0.0,0.0,0.0
6060.0,1311.3849,4.2699652e-05,0.0,1.1949232e-05,0.9999139,1.3869571e-05,4.6149147e-05,0.50000006,0.0,6.981609e-05,3.2117834e-05,5.128425e-05,0.000105250605,1.0001198,0.0,6.974972e-05,4.9524988e-05
16239.0,43065.02,0.0,0.0,0.0,1.0,0.0,0.0,1.0,0.0,0.0,0.0,0.0,0.0,0.0,0.0,0.0,0.0
60.0,88960.05,1.0,0.0,0.0,0.0,0.0,0.0,1.0,0.0,0.0,0.0,0.0,0.0,0.0,0.0,0.0,0.0
830.005,132.80287,0.02942269,0.024041608,0.10790096,0.5,0.0047484287,0.009912272,0.50000006,0.043502815,0.01809593,0.21037073,0.013802686,0.07221054,0.5,0.0023943733,0.0029992498,0.118227586
1283.9994,1004.907,0.039999887,0.08820602,0.048552234,1.0005718,0.0051272865,0.019661747,0.50000006,0.03603613,0.04446825,0.044988357,0.036441322,0.0027602524,0.95728934,0.008301095,0.009002233,0.50000006
6232.0,29008.584,0.0,0.0,0.0,1.0,0.0,0.0,1.0,0.0,0.0,0.0,0.0,0.0,0.0,0.0,0.0,0.0
255.05946,53248.22,0.50000006,0.0044710166,9.025848e-05,1.0726409,0.50000006,0.0017631449,0.0638618,0.012587523,0.021393523,0.06208011,0.06342661,0.05088919,0.92595583,0.013135073,0.037516844,0.04970882
120.0,39679.76,1.0,0.0,0.0,0.0,0.0,0.0,1.0,0.0,0.0,0.0,0.0,0.0,0.0,0.0,0.0,0.0
6120.0,811.598,3.9043978e-05,4.3524483e-06,0.0,0.99999696,0.0,1.0763605e-05,0.50000006,9.921052e-06,0.00019983666,2.5539906e-05,5.6271245e-05,4.9102677e-05,1.0000539,1.9962154e-06,9.780343e-05,1.6953294e-05
6120.0,848.29297,4.2612624e-05,0.00015688488,4.9943847e-05,0.99993646,5.6885707e-05,4.7995964e-06,0.50000006,8.510597e-05,0.0,4.3366108e-05,0.0,8.49343e-06,1.0000353,5.6280307e-05,0.0,0.000111451845
517.99994,28928.664,0.50000006,1.9229179e-05,0.0,1.000041,5.4881708e-05,0.0,4.9066507e-06,2.6997155e-05,9.6262236e-05,9.529259e-05,2.0386324e-05,0.99991304,3.6510373e-05,3.856442e-05,7.144773e-05,0.0
221.99988,29006.557,2.4793788e-05,0.0,0.0,0.5,0.0,0.000102184305,0.00011071729,7.712324e-05,7.0309885e-05,0.0,0.0,0.99998355,2.0656991e-05,1.1803508e-05,2.2211812e-05,1.8862129e-05
3626.0,10243.876,0.0,0.0,0.0,1.0,0.0,0.0,1.0,0.0,0.0,0.0,0.0,0.0,0.0,0.0,0.0,0.0
6119.99,898.4093,0.007978323,0.0004361189,0.049324274,0.96255666,0.5000001,0.06575064,0.5000001,0.027679402,0.006963399,0.06468411,0.00095018756,0.033589777,0.9736603,0.02834931,0.02057923,0.012046023
120.0,37120.22,1.0,0.0,0.0,0.0,0.0,0.0,1.0,0.0,0.0,0.0,0.0,0.0,0.0,0.0,0.0,0.0
3313.0237,2678.076,0.50000006,0.031284846,0.026885634,1.0270785,0.018804552,0.0077022375,0.50000006,0.037565526,1.0240042,0.056748822,0.046988104,0.00041941967,0.0071669556,0.074457526,0.038182825,0.028800482
198.98247,53248.027,0.50000006,0.06349931,0.00040065494,0.9625823,0.03974903,0.041562784,0.009065898,0.01121588,0.0009249661,0.007238462,0.0027497788,0.016532121,0.5,0.08490218,0.0012672024,0.019198433
9179.999,847.7211,4.0792092e-05,1.0000706,0.00012996564,3.7764654e-05,0.0001359618,0.0,0.5000002,0.99986637,2.8603521e-05,0.0,5.8304948e-05,0.0,6.3895364e-05,7.1188944e-05,0.0,7.880407e-05
1279.0066,1007.0665,0.50000006,0.028332274,0.006977951,0.99554497,0.0005238853,0.008701043,0.5000001,0.0012776293,0.019667253,0.019931147,0.0078331,0.006894175,0.9572738,0.012511934,0.0252819,0.017693564
3312.965,2301.823,0.50000006,0.030983407,0.010812079,1.0503896,0.0005936798,0.009254739,0.50000006,0.020172223,1.0517964,0.007910614,0.006202124,0.050419044,0.0009780016,0.026169097,0.03856594,0.022851018
854.00006,7061.699,7.816187e-05,0.0,5.7270518e-05,0.5,3.9754825e-05,3.940549e-05,0.99998665,0.0,8.381092e-05,6.4286185e-05,0.0,9.113926e-05,1.2729141e-06,3.046924e-05,6.5727225e-05,4.069027e-05
120.0,37887.85,1.0,0.0,0.0,0.0,0.0,0.0,1.0,0.0,0.0,0.0,0.0,0.0,0.0,0.0,0.0,0.0
2863.0,3361.089,0.50000006,0.0,1.1278319e-05,0.99990225,0.00011454861,0.0,0.000102909784,0.0,3.871504e-05,0.0,8.320313e-06,0.0,0.99998105,7.1156195e-05,1.5397172e-05,9.0516995e-05
2960.972,2574.285,0.0403207,0.030043738,0.006695733,1.0024774,1.6963675e-05,0.058647763,0.022288421,0.0014366789,0.5,0.011704978,0.00026537434,0.004419615,0.033804696,0.03895286,0.015015343,0.50000006
3436.0,6654.811,0.50000006,1.5105622e-05,0.0,0.9999531,0.00014120444,0.0,1.933324e-05,2.2124723e-05,2.2399769e-05,0.0,3.8586866e-05,0.0,1.0000445,6.517321e-05,3.7983827e-05,0.0001042513
120.0,39920.08,1.0,0.0,0.0,0.0,0.0,0.0,1.0,0.0,0.0,0.0,0.0,0.0,0.0,0.0,0.0,0.0
774.50006,43187.67,0.049995545,0.085294396,0.019514605,0.49999696,0.059112344,0.041663587,0.059285466,0.07835943,0.018705029,0.06529775,0.037708614,0.50001335,0.95242804,0.066175975,0.008580654,0.08732904
18965.0,58136.44,0.0,0.0,0.0,1.0,0.0,0.0,1.0,0.0,0.0,0.0,0.0,0.0,0.0,0.0,0.0,0.0
3313.026,2182.4983,0.5000001,0.043453723,0.019128837,1.04457,0.018670093,0.00036828115,0.50000006,0.069169134,0.9558018,0.011854823,0.047714878,0.02131249,3.425518e-05,0.005440207,0.023230508,0.0309784
156.0,50050.77,0.0,3.6007517e-05,7.8084966e-05,0.5,0.0,9.95376e-06,5.9516053e-05,7.102816e-05,0.99991685,3.943647e-06,7.737615e-05,4.4181597e-05,0.0,8.8519235e-05,1.3689089e-05,0.0
10418.0,4935.78,0.0,0.0,0.0,0.0,1.0,0.0,1.0,0.0,0.0,0.0,0.0,0.0,0.0,0.0,0.0,0.0
788.05695,129.18471,0.10542445,0.008385207,0.11382824,0.96621186,0.50000006,0.1704141,0.50000006,0.030576706,0.041472975,0.044934038,0.0013134079,0.0426456,1.0692676,0.036352396,0.0010648783,0.50000006
119.92956,101.32435,0.03314824,1.0305018,0.04361503,0.009962839,0.50000006,0.047311477,0.5000001,0.019204514,0.021788368,0.051065613,0.08993573,0.011748324,0.015215483,1.0022297,0.035934247,0.028779259
773.9759,2055.801,0.5000001,0.0063100033,0.08123897,1.023522,0.0052367444,0.00016604959,0.021189298,0.058960255,0.040057145,0.00920404,0.013668546,0.04252032,0.5,0.057805043,0.0040994524,0.015584839
1279.8892,1007.0482,0.012039085,0.093785144,0.04897356,1.0001616,0.043323178,0.17346217,0.5000001,0.03837099,0.50000006,0.101008385,0.014211403,0.033918623,1.1476911,0.036001585,0.07042949,0.50000006
1277.8806,1006.7795,0.06089849,0.0448737,0.10173767,0.49999997,0.01382236,0.044642046,0.50000006,0.11374624,0.007980414,0.06626357,0.12081326,0.09996484,0.5,0.030757882,0.20858306,0.00043125983
6120.0,910.39703,6.638115e-05,8.413652e-05,8.7041924e-05,1.0000247,7.446402e-05,0.0,0.50000006,7.819963e-05,1.298949e-05,1.2136376e-05,0.0,3.650315e-05,0.99998146,0.0,0.0,3.745014e-05
2957.0,5698.851,0.0,0.0,0.0,1.0,0.0,0.0,0.0,0.0,1.0,0.0,0.0,0.0,0.0,0.0,0.0,0.0
120.05588,100.30771,0.025265336,0.8791972,0.0020286075,0.0029792527,0.010729082,0.016854875,0.50000006,0.0010295584,0.0034060183,9.081131e-05,0.04046991,0.031223517,0.0011493701,0.5,0.0010607046,0.027517997
1279.9735,1003.99677,0.00022583288,0.004737956,0.036609657,1.0163488,0.052774824,0.0032457986,0.049781177,0.06882499,0.50000006,0.05326003,0.041590955,4.8104425e-06,0.5,0.069012456,0.13497825,0.50000006
120.045166,100.23788,0.076155,0.9156055,0.008000862,0.01791555,0.034187656,0.06428137,0.50000006,0.004327669,0.019403666,0.0005142246,0.0073312423,0.052361067,0.0016147494,0.5,0.0023782812,0.041291278
498.0,59012.348,0.0,0.0,0.0,1.0,0.0,0.0,0.0,0.0,1.0,0.0,0.0,0.0,0.0,0.0,0.0,0.0
552.0,59126.848,0.0,0.0,0.0,1.0,0.0,0.0,0.0,0.0,0.0,0.0,0.0,0.0,1.0,0.0,0.0,0.0
147.97134,55179.438,0.036134183,0.05522645,0.011634511,0.5,0.054621276,0.0028474403,0.007402677,0.036786217,0.0013685542,0.019890329,0.0038297346,0.49999997,0.051405527,0.0013142948,0.042446867,0.0058975257
765.02466,133.00632,0.50000006,0.02038707,0.0018366383,0.5,0.015750857,0.00032689958,0.03422633,0.007603113,0.019193066,0.011353001,0.014010485,0.060017932,1.0054519,0.023078015,0.034223218,0.011650366
2937.0432,2222.321,0.50000006,0.022017717,0.0014140201,1.0065303,0.053269416,0.026112491,0.5000001,0.034349915,1.0342402,0.030315377,0.03961489,0.050510265,0.06470837,0.03846221,0.06358789,0.018540375
6120.086,880.7078,0.005668797,0.029004188,0.113209575,0.9781002,0.01186458,0.025791263,0.50000006,0.010640438,0.030942582,0.09093947,0.047662675,0.006364151,0.5,0.008144493,0.0835525,0.028550899
3313.0234,2558.4382,0.0050441744,0.005736185,0.1015711,0.95652366,0.007922618,0.018738652,0.07578796,0.055875983,0.5,0.004018417,0.08427645,0.010164604,0.04101135,0.0023728877,0.043473486,0.50000006
1363.9972,1024.0602,0.0073805302,0.013738688,0.0697644,0.5,0.50000006,0.066603534,0.006418456,0.08778996,0.0011648291,0.023057489,0.09565058,0.0036558432,1.0109211,0.0016794665,0.012042431,0.0014328394
1184.0051,17710.105,0.50000006,0.057626832,0.062542535,1.0207933,0.5000002,0.04313602,0.02612547,0.05229662,0.0004364687,0.038785588,0.02305147,0.99966985,0.036126643,0.04914895,0.16091259,0.021844946
6120.001,868.38654,0.013515495,0.0020502154,0.0057849004,1.0052046,0.0035968397,0.09054117,0.5000001,0.00052545883,0.040348046,0.020557495,0.02495915,0.027441945,0.95442647,0.02111869,0.016458765,0.50000006
6060.0,1481.806,6.788748e-05,7.604574e-05,7.4164136e-06,1.0001036,7.2800125e-05,0.0,0.50000006,2.59106e-05,1.805929e-06,2.8875751e-05,7.508793e-05,8.1764454e-05,0.99994886,6.674831e-05,4.305471e-05,4.3996977e-05
180.0,24063.932,1.0,0.0,0.0,0.0,0.0,0.0,1.0,0.0,0.0,0.0,0.0,0.0,0.0,0.0,0.0,0.0
6120.0,923.8579,0.00013503406,0.0,6.625798e-05,1.0000149,3.919872e-05,3.6484536e-05,0.50000006,1.4314187e-06,0.0,5.8070065e-05,1.3616954e-05,0.0,0.99988806,2.512794e-05,2.3097298e-06,7.4399235e-05
6060.0,941.97107,3.8511185e-05,8.505574e-06,0.0,1.000049,0.0,1.7651522e-05,0.50000006,2.4869403e-06,6.132114e-05,5.0862986e-05,0.0,0.00012845523,0.99994373,5.5914963e-05,0.0,0.0
6120.007,891.6032,0.0076899324,0.0030967246,0.002731058,1.0439281,0.50000006,0.014181001,0.50000006,0.0055833114,0.054702517,0.040580884,0.02586924,0.014062238,0.9438132,0.06111424,0.07941957,0.014454488
6120.0,856.77795,1.4950096e-05,4.208582e-05,5.0205e-05,1.0000336,8.561157e-05,0.0,0.50000006,0.0,0.0,8.383576e-05,0.0,0.0,0.9999522,0.0,0.0,0.00012430278
426.0001,13183.714,0.50000006,0.0,4.8852056e-05,0.99996763,2.6564187e-05,4.376983e-05,1.0000173,4.7633002e-05,2.5488067e-05,0.00012001041,0.00010464995,2.623512e-05,2.8728542e-05,0.0,1.6192333e-05,0.0
540.0,39961.188,1.0,0.0,0.0,0.0,0.0,0.0,0.0,0.0,0.0,1.0,0.0,0.0,0.0,0.0,0.0,0.0
2944.9343,2114.389,0.50000006,0.010801915,0.0034298312,0.98071736,0.012819651,0.050874524,0.5000002,0.00042207525,1.0940635,0.007898782,0.039397195,0.00016762152,4.763382e-05,0.060010992,0.011065859,0.04924595
327.0,51661.957,0.0,0.0,0.0,1.0,0.0,0.0,0.0,0.0,1.0,0.0,0.0,0.0,0.0,0.0,0.0,0.0
867.0,7045.357,9.683502e-05,0.0,6.5424314e-07,0.5,2.7603626e-06,0.0,1.0000296,0.0,4.905325e-05,7.365116e-05,1.4874245e-05,4.8584254e-05,5.342247e-05,0.0,8.386863e-05,0.0
6120.0,804.44995,6.1878935e-05,0.0,3.5617508e-05,0.99990714,0.0,4.176416e-05,0.50000006,4.413644e-05,0.0,5.9380556e-05,5.4368626e-05,0.00011346122,0.9999504,0.00010107395,0.0,2.0085272e-05
773.94653,4581.285,0.025972055,0.004079971,0.056019258,0.5,0.50000006,0.03925844,0.037324183,0.08353087,0.041041,0.0017958849,0.06597127,0.035569765,1.0397139,0.028769568,0.07771401,0.04589383
2353.9822,23078.404,0.03400782,0.026102036,0.043684237,0.5,0.0007098892,0.01231207,1.0362226,0.04788973,0.015528211,0.0023473713,0.0118546225,0.009487169,0.033705976,0.058664124,0.0017322876,0.50000006
1277.9717,1007.8033,0.50000006,0.05114278,0.08240171,1.0080377,0.007448082,0.05128321,0.50000006,0.013473788,0.06813924,0.03322567,0.059982926,0.0357153,0.89806265,0.053244885,0.018058619,0.04914013
9299.999,755.9648,0.00020053014,0.00012419166,6.2624764e-05,0.000106600986,1.0000346,0.00014441868,0.50000024,3.043157e-05,6.9158225e-05,0.99998784,9.69405e-05,0.0,0.00014343206,0.00012514631,0.0,3.6842313e-05
3379.0576,2396.894,0.50000006,0.033979814,0.032688234,1.0814217,0.024227556,0.016413683,0.08065359,0.058048733,0.49999997,0.06610663,0.0010708467,0.04566074,0.017154928,0.015049037,0.004510809,0.034642443
120.0,29696.133,1.0,0.0,0.0,0.0,0.0,0.0,1.0,0.0,0.0,0.0,0.0,0.0,0.0,0.0,0.0,0.0
6120.0,841.84607,0.0,1.8764933e-05,6.648687e-05,1.0000432,4.9850903e-05,1.1218434e-05,0.50000006,0.0,5.2516585e-05,0.0,4.0304236e-05,4.185836e-05,0.99998015,0.0,0.0,0.00014995945
724.008,109.25229,0.50000006,0.047952462,2.3845492e-05,0.9468869,0.0317539,0.08293306,3.7750116e-05,0.012337787,0.014610101,0.023064947,0.03133988,0.015259412,1.0459784,0.07455711,2.0049774e-05,0.50000006
774.0165,2186.6448,0.006704084,0.02723795,0.03696155,0.49999997,0.50000006,0.026157862,0.014788026,0.02885776,0.0021435763,0.04159744,0.021452475,0.023918552,0.88454956,0.0011567752,0.026766058,0.059831996
6119.9707,900.14984,0.02528715,0.03320412,0.016130012,0.5,0.0069195405,0.00569207,0.50000006,0.050487984,0.0027028695,0.022240069,0.06583728,0.10995925,0.96483374,0.0063511133,0.0030038224,0.0040433262
119.994026,102.08871,0.009796517,0.932694,0.028981522,0.021822015,6.0639373e-05,0.037723187,0.50000006,5.7068864e-06,0.50000006,0.025623145,0.012249879,0.0053485613,0.0038170442,1.0229833,0.007764562,0.010432872
614.99994,5006.189,7.565096e-05,0.0,2.4166242e-05,0.5,9.609449e-06,5.5379485e-05,2.4036783e-05,1.9099838e-05,2.1974174e-05,3.5218276e-05,9.293283e-05,0.00014775943,1.0000485,0.0,4.2462965e-05,1.6340493e-05
200.06964,53248.04,0.0004331407,0.039332885,0.010433409,0.5,0.013961058,0.04415901,0.011549884,0.080816135,0.021819107,0.030407853,0.046569593,0.0018394617,0.49999997,0.032054532,0.0016455092,0.027071519
1283.0177,1004.5988,0.50000006,0.01697776,0.04574212,1.0522517,0.0008907482,0.0005118628,0.50000006,0.081258655,0.0077705393,0.0029292468,0.0013473688,0.01233094,1.0651051,0.029425168,0.017675253,0.014681203
4170.0137,25670.994,0.50000006,0.016248634,0.022574069,0.9195314,0.50000006,0.026832376,0.12152761,0.05138232,0.5000001,0.021700844,0.005077973,0.05214337,1.273692,0.044953384,0.0922517,0.05600139
2353.9412,22749.88,0.05519577,0.03658434,0.003595386,0.5,0.5000001,0.057650596,0.94706476,0.06379589,0.013894464,0.03805443,0.044448063,0.023272026,0.0094128745,0.018297384,0.0003907652,0.0147624975
17445.0,34051.8,0.0,0.0,0.0,1.0,0.0,0.0,1.0,0.0,0.0,0.0,0.0,0.0,0.0,0.0,0.0,0.0
540.0,39917.695,1.0,0.0,0.0,0.0,0.0,0.0,0.0,0.0,0.0,1.0,0.0,0.0,0.0,0.0,0.0,0.0
9990.0,15803.18,0.0,0.0,0.0,1.0,0.0,0.0,1.0,0.0,0.0,0.0,0.0,0.0,0.0,0.0,0.0,0.0
6232.0,28987.932,0.0,0.0,0.0,1.0,0.0,0.0,1.0,0.0,0.0,0.0,0.0,0.0,0.0,0.0,0.0,0.0
120.0,50688.156,1.0,0.0,0.0,0.0,0.0,0.0,1.0,0.0,0.0,0.0,0.0,0.0,0.0,0.0,0.0,0.0
3736.0,58943.312,0.0,0.0,0.0,1.0,0.0,0.0,1.0,0.0,0.0,0.0,0.0,0.0,0.0,0.0,0.0,0.0
7501.0,33449.547,0.0,0.0,0.0,1.0,0.0,0.0,1.0,0.0,0.0,0.0,0.0,0.0,0.0,0.0,0.0,0.0
6120.0,829.28595,9.839789e-05,0.0,9.5732124e-05,0.9999838,0.0,6.487101e-05,0.50000006,0.0,0.0,0.0,3.6730275e-05,9.7013755e-05,0.9999929,0.00014138741,2.0331934e-05,7.5580894e-05
3312.8916,1987.0038,0.01561142,0.012123033,0.027432974,1.0061396,0.50000006,6.2289895e-05,0.50000006,0.005615255,1.0226002,0.0010294974,0.053452265,0.0027269807,0.04201914,0.025960376,0.003174808,0.065462515
613.99994,15228.499,0.50000006,6.8320034e-05,7.994826e-06,1.0000322,0.0,0.0,0.9999424,5.925214e-05,7.807367e-05,6.976783e-05,5.613525e-05,0.0,4.783409e-05,0.0,6.2468665e-05,4.9079044e-05
748.00006,3.8239071,7.671986e-05,8.126147e-05,1.0909897e-05,0.5,0.0,3.424213e-05,4.0411873e-05,0.00012464478,0.9999671,0.0,0.0,9.720983e-05,1.1494899e-05,0.0,0.00010030664,4.848099e-05
206.98431,53247.87,0.50000006,0.025474705,0.0030503548,0.99982,0.0581769,0.046554532,0.008114222,0.00058925274,0.0034359393,3.5885528e-06,0.03694258,0.011066792,0.5,0.0012928499,0.0045456933,0.11323647
14364.0,2102.81,0.0,0.0,0.0,0.0,1.0,0.0,1.0,0.0,0.0,0.0,0.0,0.0,0.0,0.0,0.0,0.0
6060.024,901.79974,0.00063064613,0.031697992,0.07085963,1.0419301,0.05044832,0.01737254,0.50000006,0.08094466,0.0042675016,0.009152468,0.0681811,0.018821824,0.49999997,0.0665776,0.04749914,0.033368476
3312.9678,2388.3108,0.08539809,0.012186563,0.0120139215,0.5,0.0020409054,0.0008868471,0.50000006,0.022340817,1.0169637,0.05620105,0.00561052,0.008725781,0.10211658,0.006289963,1.0259985e-05,0.019689642
9300.0,681.891,3.9006136e-06,5.787358e-06,2.4434632e-05,2.4288001e-05,0.999932,3.959214e-05,0.50000006,6.3690854e-06,0.0,1.0000551,2.0215519e-05,6.3505315e-05,1.516145e-05,0.0,5.996626e-06,4.4106255e-05
120.0,45360.297,1.0,0.0,0.0,0.0,0.0,0.0,1.0,0.0,0.0,0.0,0.0,0.0,0.0,0.0,0.0,0.0
9180.0,643.3049,0.0,1.0000061,0.0,0.0,0.0,7.4238137e-06,0.50000006,1.0001037,6.963198e-06,2.9433626e-05,6.155289e-06,0.0,0.0,0.0,7.688153e-05,5.5724548e-05
2862.9421,2146.9302,0.5000002,0.0021123055,0.09513287,0.9826849,0.0006459731,0.0061520073,0.5000002,0.00035900838,1.0628483,0.01946759,0.042250205,0.04211349,0.11659941,0.0003301414,0.0011549697,0.09554041
875.00006,7045.116,0.000107641245,7.977413e-05,3.1307845e-05,0.5,0.0,6.3857704e-05,0.99999654,8.585733e-05,8.323829e-06,7.073613e-05,0.0,2.374887e-06,6.612796e-05,3.4632863e-05,1.5796482e-05,0.0
1279.0059,1005.4457,0.50000006,0.04507523,0.00012332395,0.9579012,0.034611404,0.044497162,0.5000001,0.036352236,0.03134036,0.052202214,0.0013411561,0.00013350017,0.9582406,0.0025495107,0.00012294164,0.007862125
3313.016,2098.949,0.04298862,0.051935036,0.04530783,0.5,0.013759233,0.0015301352,0.50000006,0.0036693246,0.95279163,0.00025256706,0.04895735,0.017691962,0.014986256,0.04856975,0.06595968,0.020710371
850.0605,3551.8513,0.00034844564,0.026054667,0.0101708835,0.5,0.50000006,0.043635618,0.012183165,0.0062170546,1.0485553,0.0005392479,0.053986307,0.018348696,0.010011225,0.001159808,0.04014123,0.031931274
5552.0,660.543,0.0,0.0,0.0,0.0,1.0,0.0,1.0,0.0,0.0,0.0,0.0,0.0,0.0,0.0,0.0,0.0
508.9999,15235.664,0.50000006,5.2396852e-05,1.6515585e-05,1.00005,7.191063e-05,2.0075197e-06,1.000011,7.6362325e-05,2.8723594e-05,0.0,0.0,0.0,4.2127005e-05,0.0,0.0,3.9248003e-05
591.9817,26623.746,0.50000006,0.017987367,0.02914374,1.0120461,0.032668732,0.0075673414,0.028451098,0.026577337,0.008034608,0.0710166,0.025444485,1.0119253,0.0051822453,0.0028432244,0.50000006,0.02813048
120.05643,0.6185793,0.030452482,0.051435985,0.025705485,1.0368813,0.50000006,0.015009548,0.0012557376,0.041164927,0.03054381,0.070564434,0.00909029,0.050743643,0.5,0.026268173,0.089013845,0.0017168514
760.0,9089.073,2.1101956e-05,9.186167e-05,0.0,0.5,0.0,8.5494314e-05,0.9999105,0.0,0.00012581034,9.787805e-05,0.0,5.549311e-05,2.6376676e-05,0.0,3.3475753e-05,6.052075e-05
2904.957,23526.379,0.016820377,0.0010036414,0.0321504,0.5,0.05282921,0.030233743,1.0212518,0.014728687,0.018443195,0.083112374,0.00014946,0.05789766,0.07359541,0.0147958705,7.2123913e-07,0.5000001
784.9986,106.00616,0.50000024,0.0006011085,0.07068559,1.0401692,0.1222274,0.040171996,0.50000006,0.077196814,0.26208878,0.04472706,0.095177546,0.0427641,0.9715378,0.03290647,0.029372914,0.5000001
795.0751,100.3087,0.50000006,0.0578007,0.0006051325,0.49999997,0.08112916,0.075470045,0.037903458,0.040549375,0.05853367,0.018615179,0.03346842,0.07070079,1.0519512,0.044236105,0.045060836,0.50000006
3313.067,2150.9312,0.09205666,0.008075457,0.020330254,0.5,0.03372254,0.007826884,0.50000006,0.026397215,0.9874631,0.019261358,0.009201911,0.040012658,0.04856752,0.019196585,0.007494002,0.0834761
6120.0,836.4811,0.0,8.2851206e-05,0.0,0.9999948,8.2985476e-05,0.0,0.50000006,3.0257934e-05,5.073255e-05,6.994137e-05,0.0,0.0,1.0000685,1.9223242e-05,0.0,2.8182521e-05
773.5,1.0536046,0.13175347,0.047328707,0.04516567,0.4999971,0.04730504,0.06224414,0.50000733,0.041685805,0.06663618,0.040454265,0.055893816,0.0017511895,0.8952695,0.04303091,0.0773184,0.010961857
2944.9731,2571.1824,0.50000006,0.017110504,0.03850945,0.91822773,0.035593156,0.0021454357,0.50000006,0.038816527,0.9984631,0.028553735,0.007786459,0.000621627,0.09115415,0.0050792913,0.022227585,0.0027725608
774.0445,6999.226,0.007887835,0.03262873,0.004404087,0.5,0.00019570882,0.00032880597,0.50000006,0.042437296,0.08150773,0.0030783543,0.027034674,0.009005848,1.0605443,0.014759642,0.036381047,0.059865534
2879.0024,2273.8271,0.50000006,0.034974568,0.030435361,0.9188342,0.026163839,0.0020433639,0.50000006,0.03132017,1.00979,0.026552925,0.057394106,0.07984801,0.015440367,0.0058817198,0.022352103,0.016953068
1879.0,13.664,0.0,0.0,0.0,0.0,1.0,0.0,1.0,0.0,0.0,0.0,0.0,0.0,0.0,0.0,0.0,0.0
9300.0,616.72003,0.0,2.6579726e-05,4.9403046e-05,4.5061184e-05,1.000043,0.00012705445,0.50000006,0.0,0.0,0.9998983,2.0995822e-05,1.4082458e-05,0.0,8.977904e-05,6.2935665e-05,0.0
3312.924,2350.0466,0.50000006,0.04287922,0.0062580705,1.0403775,0.040006768,0.0134928785,0.50000006,1.488953e-05,0.9913348,0.0017237439,0.024228174,0.05220039,0.040046796,0.0011218097,0.0758905,0.07209377
1277.9889,1006.22253,0.0061473376,0.08633865,0.003074956,0.5,0.11593569,0.029325563,0.029973496,0.0721373,0.12921411,0.00043775103,0.0038956553,0.0002790187,0.49999997,0.09520789,0.009568212,0.50000006
229.00092,0.33847266,0.03362307,0.013567119,0.01063043,0.49999997,0.50000006,0.01931554,0.012217354,0.002942046,0.016524158,0.0150461905,0.001146168,0.06781674,1.0834285,0.07027726,0.0065877815,0.041054368
2936.9622,2399.5476,0.016119475,0.008352185,0.003863802,1.0622501,0.038312957,0.047195476,0.05030206,0.004778081,0.49999997,0.0010175647,0.016523162,0.047157966,0.024746077,0.0013165368,0.08455522,0.50000006
120.01967,101.618385,0.50000006,0.98479277,0.08891177,0.035469506,0.045169976,0.05118825,0.50000006,0.011893009,0.022405062,0.0073830825,0.060137507,0.023460615,0.030966744,0.9863285,0.010714137,0.010144346
6060.0,1482.499,0.0,9.04901e-05,0.0,0.9999982,2.2241507e-05,0.0,0.50000006,4.395119e-05,6.8919326e-05,0.0,3.8026756e-05,0.0,1.0000553,0.000103896535,0.00011860774,6.313123e-05
773.9271,37191.82,0.5000001,0.12807226,0.12213376,0.9675691,0.09656808,0.003425625,0.50000006,0.11851575,0.063828364,0.09645921,0.023312565,0.03449253,1.0388011,0.043576792,0.13745838,0.50000006
172.00003,31616.137,0.50000006,9.771726e-05,0.0,1.0000422,0.0,0.0,1.0000765,0.0,9.573037e-05,1.4184202e-05,0.0,5.0322717e-07,0.0,0.000107306296,3.8849314e-05,3.2119617e-05
1277.9343,1020.7433,0.020207524,0.010025775,0.027170751,1.0725445,0.012046196,0.02497719,0.50000006,0.0043827244,4.7359797e-05,0.04380739,0.00246622,0.01904554,1.0191711,0.06916996,0.061698034,0.50000006
206.03499,53247.7,0.50000006,0.015216946,0.03618037,0.5,0.020272868,0.028068423,0.006027469,0.023112461,0.056685142,0.02516695,0.0009911892,0.010578253,0.97290444,0.0024710093,0.0692233,0.008457732
775.98566,6110.5615,0.50000006,0.024833191,0.0010537454,0.49999997,0.0046940516,0.04647963,0.03976974,0.033687547,0.002667291,0.03020086,0.034559194,0.006854019,0.96726876,0.025213083,0.041820697,0.0055508567
425.0,9.832,0.0,0.0,0.0,1.0,0.0,0.0,0.0,0.0,1.0,0.0,0.0,0.0,0.0,0.0,0.0,0.0
773.9246,15817.355,0.50000006,0.023356449,0.04560656,1.1242878,0.07462062,0.013303506,0.5000001,0.00221045,0.037940223,0.0021820832,0.040238775,0.10346981,1.0147713,0.08661467,0.09677111,0.50000006
773.99316,1.8406929,0.006901662,0.0025386496,0.01957709,0.97430164,0.5000001,0.054864082,0.50000006,0.004683054,0.051595576,7.35245e-05,0.107549936,0.022856861,0.9692724,0.00556601,0.05280153,0.50000006
9300.0,755.488,0.0,0.00010764441,3.5192235e-05,0.0,1.0000486,0.000101676655,0.50000006,1.4841301e-05,3.3586395e-05,1.000013,6.5039545e-05,0.0,3.5599445e-05,6.393712e-05,5.308095e-05,7.635439e-05
9300.0,591.518,7.738552e-05,0.0,0.00010186995,7.999566e-06,1.0000228,0.0,0.50000006,0.0,2.6805274e-05,0.99994963,0.00011372122,7.728083e-05,3.384733e-05,3.7140675e-05,6.022839e-05,0.0
707.0,11139.142,0.00015812149,5.7494966e-05,0.00013775358,0.49999994,0.0,0.0,0.9999199,8.381209e-05,0.00010944306,0.0,4.1963885e-05,0.00022888687,1.5482865e-05,5.3987114e-05,0.00030074333,4.4649827e-05
817.98663,3108.5908,0.0024033797,0.0034594943,0.05639195,0.5,0.020928938,0.0032198802,0.50000006,0.044811077,0.0056623737,0.035346325,0.013929203,0.0038144016,0.9503992,0.0105793355,0.036064178,0.022530064
4108.9277,13059.263,0.50000006,0.010857916,0.010784479,0.5,0.028684817,0.0400062,0.00010528891,0.0020661962,0.9801028,0.016024679,0.050121903,0.0008067136,0.10240883,0.026555503,0.04157642,0.026754674
2913.0,20.879,0.0,0.0,0.0,0.0,1.0,0.0,1.0,0.0,0.0,0.0,0.0,0.0,0.0,0.0,0.0,0.0
120.0,38656.04,1.0,0.0,0.0,0.0,0.0,0.0,1.0,0.0,0.0,0.0,0.0,0.0,0.0,0.0,0.0,0.0
2928.9866,2161.0278,0.011237048,0.0004943449,0.01967012,1.0206134,0.003786981,0.01708239,0.011196478,0.0023315179,0.5,0.004676164,0.0005339781,0.018406605,0.033044193,1.5992514e-06,0.020913854,0.50000006
228.99303,0.4029281,0.062017456,6.88869e-06,0.02723125,0.5,0.031609602,0.04441035,0.0072578345,0.042145032,0.0035208433,0.0007055892,0.022127211,0.12378246,0.4999999,0.012752054,0.057913385,0.0038208528
2311.0,26.716,0.0,0.0,0.0,0.0,1.0,0.0,1.0,0.0,0.0,0.0,0.0,0.0,0.0,0.0,0.0,0.0
768.0,7045.4204,7.152296e-05,0.00012887274,4.413974e-06,0.49999997,0.0,6.229408e-05,1.0001415,0.0,0.0,2.019797e-05,8.301659e-05,7.000123e-05,4.9084665e-05,3.899334e-05,0.00015444022,2.4218258e-05
425.0,5.333,0.0,0.0,0.0,1.0,0.0,0.0,0.0,0.0,1.0,0.0,0.0,0.0,0.0,0.0,0.0,0.0
3597.0,58624.043,0.0,0.0,0.0,1.0,0.0,0.0,1.0,0.0,0.0,0.0,0.0,0.0,0.0,0.0,0.0,0.0
9359.999,597.68097,0.00014827696,4.8245354e-05,0.00014883735,0.0,1.000337,5.2519197e-05,0.50000024,9.648026e-05,6.644464e-05,0.9999489,0.00022997103,0.00034362832,1.9763254e-05,2.8780025e-05,4.783652e-05,0.0
3982.9714,13311.319,0.003038379,0.012880494,0.057247728,0.5,0.02346156,0.02476957,0.5000001,0.055691145,0.04282761,0.035496373,0.07371436,0.0037112448,0.9995483,0.03219624,0.00867687,0.00203335
9359.999,598.1449,0.0001678233,0.0,7.658609e-05,0.00012169015,0.99985975,0.00028840834,0.5000001,0.00016039245,0.0,0.99969727,0.00044917627,0.0003398157,0.00018003586,0.0,0.00012337678,0.00020143793
3312.978,2165.0984,0.50000006,0.014555356,0.015912274,0.98055774,0.0036927925,0.0073444326,0.50000006,0.012902478,0.9665498,0.0030072792,0.030727146,0.015518786,0.016942494,0.070368364,0.09304943,0.011924016
9180.0,652.42004,0.0,1.000067,3.851491e-05,0.000113101014,5.3752457e-05,4.2605097e-05,0.50000006,0.99992424,0.0,2.528957e-05,0.0,0.0,0.0,5.3646145e-05,0.0,0.0
7501.0,46316.12,0.0,0.0,0.0,1.0,0.0,0.0,1.0,0.0,0.0,0.0,0.0,0.0,0.0,0.0,0.0,0.0
2869.0396,21810.021,0.0009417322,0.040396072,0.027473634,0.5,0.003996344,0.04599799,1.0054499,0.042740807,0.50000006,0.009988064,0.00033630859,0.03828396,0.0045965672,0.018776707,0.051119354,0.0908904
774.0735,52184.06,0.50000006,0.010827153,0.020734098,1.0728986,0.013732011,0.017382016,0.50000006,0.048784364,0.0063920585,0.038634766,0.002067989,0.09572557,0.9912745,0.015648367,0.013354973,0.04568796
2898.0454,21890.271,0.023779232,0.011483447,0.06670455,0.5,0.006089001,0.033281315,0.9580289,0.00094418065,0.50000006,0.011427321,0.020586425,0.010431407,0.019335955,0.060787443,0.025932826,0.00057405635
2187.0,20.716,0.0,0.0,0.0,0.0,1.0,0.0,1.0,0.0,0.0,0.0,0.0,0.0,0.0,0.0,0.0,0.0
84.0,0.0,0.0,0.0,0.0,0.0,1.0,0.0,1.0,0.0,0.0,0.0,0.0,0.0,0.0,0.0,0.0,0.0
173.00009,43904.133,0.0,0.0,7.863015e-05,0.5,1.5083827e-05,2.2772125e-05,1.0000042,9.360905e-05,0.0,2.6410851e-05,5.8602585e-05,4.072162e-05,5.8084015e-06,0.0,0.0,3.7887206e-05
6119.926,877.4612,0.01174228,0.01931406,0.11387959,1.0540065,0.008673263,0.026504828,0.50000006,0.0082885455,0.00022343417,0.030555524,0.030702544,0.050678346,1.0549234,0.023701383,0.02482127,0.50000006
517.99994,2019.533,0.50000006,0.0,0.0,0.99998486,0.0,7.3539e-05,4.623201e-06,3.8711056e-05,3.7336362e-05,0.0,0.00012164004,0.99998784,0.00014909137,0.0,0.0,1.2080683e-05
774.50006,26110.113,0.047182284,0.11186114,0.024150692,0.4999998,0.5000025,0.026412098,0.06475701,0.0058779386,0.059272118,0.021297578,0.1263048,3.0479965e-05,0.96898085,0.0061809896,0.010326443,0.037578348
808.99744,122.07999,0.50000006,0.012590941,0.011938595,1.1002582,0.50000006,0.039198056,0.019590352,0.08573126,0.06827075,0.013737443,0.045626573,0.001207329,1.0427907,0.04475173,0.04788295,0.50000006
540.0,39978.543,1.0,0.0,0.0,0.0,0.0,0.0,0.0,0.0,0.0,1.0,0.0,0.0,0.0,0.0,0.0,0.0
9000.0,871.0331,6.874606e-05,1.0000117,0.0,7.27461e-05,0.0,0.0,0.50000006,0.9999695,0.0,0.0,8.021165e-07,0.00014840813,7.5439406e-05,2.2424572e-06,0.00017004239,7.3024516e-05
1165.9745,2898.9937,0.50000006,0.019421449,0.038988758,0.49999997,0.11328137,0.061609045,0.00086943846,0.03872008,0.00017331612,0.043507613,0.03992636,0.035961315,0.98616636,0.030389478,0.011227447,0.0049398304
773.5,43443.44,0.036402754,0.06972346,0.016409123,0.49999994,0.5000018,0.00023006377,0.03151247,0.07841304,0.02036359,0.025448246,0.05892696,0.14727245,0.9955616,0.06543333,0.049839053,0.007052588
707.0,5017.548,0.50000006,5.4891693e-06,7.789827e-05,1.0001421,6.496084e-05,0.0,5.4587163e-05,5.4238935e-05,9.901475e-05,6.766178e-05,6.756604e-05,0.0,0.99998325,2.5986159e-05,0.000116932366,3.2567106e-05
618.0,10240.103,0.0,0.0,0.0,1.0,0.0,0.0,0.0,0.0,1.0,0.0,0.0,0.0,0.0,0.0,0.0,0.0
60.0,63231.984,1.0,0.0,0.0,0.0,0.0,0.0,1.0,0.0,0.0,0.0,0.0,0.0,0.0,0.0,0.0,0.0
751.99493,245.92546,0.02196349,0.032197658,0.012972559,0.49999997,0.06853909,0.009652845,0.0068903533,0.008795168,0.04161253,0.021010196,0.0022385952,0.0027123692,0.99065816,0.026156964,0.029217072,0.50000006
160.0,59012.316,0.0,0.0,0.0,1.0,0.0,0.0,0.0,0.0,0.0,0.0,0.0,0.0,1.0,0.0,0.0,0.0
2887.0002,21641.752,0.5000001,0.03284511,0.006175411,0.49999997,0.06308393,0.05623138,1.0261393,0.008046577,0.007133111,0.08325869,0.011824917,0.04766395,0.03405982,1.4935863e-05,0.036144458,0.108548954
1281.0073,1005.09656,0.50000006,0.096137136,0.008834683,0.96345454,0.026442477,0.06576049,0.50000006,0.036059815,0.021160305,0.012786971,0.020300403,0.006393544,0.9902682,0.04612899,0.029458936,0.00962231
653.0,7042.83,0.0,1.479225e-05,0.0,0.9999288,9.24602e-06,4.908953e-05,3.9523406e-05,0.0,0.50000006,2.0787847e-06,0.00015615072,0.0,1.0001748,2.7057931e-05,8.548594e-05,0.0
6120.029,890.9768,0.03580606,0.037060082,0.00028500496,0.97578436,0.50000006,0.00021372679,0.50000006,0.0009667797,0.057444163,0.05662836,0.008204426,0.06363326,0.95659035,0.018318541,0.030658456,0.010206456
773.9844,19147.916,0.50000006,0.012344552,0.08566787,1.0789618,0.50000006,0.07040174,0.010714415,0.020937815,0.021588987,0.05236411,0.023429148,0.0014994266,0.49999997,0.0075175953,0.08341032,0.004615338
247739.0,1711.891,0.0,0.0,0.0,1.0,0.0,0.0,0.0,0.0,1.0,0.0,0.0,0.0,0.0,0.0,0.0,0.0
3379.5002,2133.1426,0.0008895897,0.020627659,0.007189524,0.99419636,0.010486181,0.0054920847,0.5000245,0.0042694514,0.9919807,0.00020644812,0.0070736236,0.018111093,0.017049748,0.009207499,0.011745477,0.0017985574
6060.0,942.18,0.000119421755,0.00012196684,0.0,1.0000132,0.0,0.0,0.50000006,4.7445104e-05,3.7437876e-05,2.9136403e-05,8.8086505e-05,4.811882e-07,1.0000641,0.0,1.5475784e-05,9.111726e-05
4992.0,49262.89,0.0,0.0,0.0,1.0,0.0,0.0,1.0,0.0,0.0,0.0,0.0,0.0,0.0,0.0,0.0,0.0
3981.0,59152.29,0.0,0.0,0.0,1.0,0.0,0.0,1.0,0.0,0.0,0.0,0.0,0.0,0.0,0.0,0.0,0.0
360.0,6925.629,1.0,0.0,0.0,0.0,0.0,0.0,0.0,0.0,0.0,1.0,0.0,0.0,0.0,0.0,0.0,0.0
6119.9346,875.9498,0.057080824,0.022348307,0.030806605,0.99859786,0.057512503,0.025374377,0.5000001,0.0061109625,0.0031183206,0.008828961,0.018375317,0.046959784,1.0134727,0.50000006,0.030143438,0.039746176
14947.0,23019.98,0.0,0.0,0.0,1.0,0.0,0.0,1.0,0.0,0.0,0.0,0.0,0.0,0.0,0.0,0.0,0.0
3312.9893,2600.4175,0.037051465,0.009385992,0.0037319765,0.9230753,0.50000006,0.000386061,0.50000006,0.053139076,0.9640841,0.01052457,0.03131954,0.0023674902,0.09948743,0.0028464275,0.03319209,0.06853001
11227.0,14004.945,0.0,0.0,0.0,1.0,0.0,0.0,1.0,0.0,0.0,0.0,0.0,0.0,0.0,0.0,0.0,0.0
11248.0,49254.996,0.0,0.0,0.0,1.0,0.0,0.0,1.0,0.0,0.0,0.0,0.0,0.0,0.0,0.0,0.0,0.0
688.00006,11136.343,3.2955017e-05,4.248066e-05,3.685433e-05,0.5,3.2718493e-05,0.0,0.99998426,0.0,4.1958847e-06,3.2059503e-05,0.0,4.6588902e-05,3.71979e-05,9.500284e-05,0.0,5.391493e-05
119.96759,101.61663,0.50000006,1.0211338,0.008098006,0.021471964,0.0006954616,0.048727427,0.50000006,0.017380487,0.024823574,0.007770951,0.021469753,0.007824527,0.014217052,0.96307397,0.008530609,0.035837095
3378.9832,2600.1887,0.5000001,0.021097213,0.034013104,1.0415184,0.08522924,0.029022807,0.09063975,0.06650818,0.49999997,0.091291934,0.017671274,0.0836656,0.03352967,0.013815199,0.035097852,0.045979828
360.0,6971.411,1.0,0.0,0.0,0.0,0.0,0.0,0.0,0.0,0.0,1.0,0.0,0.0,0.0,0.0,0.0,0.0
773.5,0.9021033,0.10150891,0.0961251,0.016936962,1.0584408,0.07189256,0.03012063,0.12673777,0.016387345,0.030483415,0.04418126,0.03895825,0.046354026,0.49999136,0.01619367,0.0025609504,0.500001
3448.0,20013.205,0.0,0.0,0.0,1.0,0.0,0.0,0.0,0.0,0.0,0.0,0.0,0.0,1.0,0.0,0.0,0.0
7924.0,12969.907,0.0,0.0,0.0,0.0,1.0,0.0,1.0,0.0,0.0,0.0,0.0,0.0,0.0,0.0,0.0,0.0
3313.0032,2581.046,0.50000006,0.006417442,0.034945365,1.0536054,0.033308964,0.0013629637,0.50000006,0.08765076,0.94488233,0.062104132,0.011036786,0.012553901,0.00042639943,0.06082504,0.036186446,0.067457125
16239.0,43061.92,0.0,0.0,0.0,1.0,0.0,0.0,1.0,0.0,0.0,0.0,0.0,0.0,0.0,0.0,0.0,0.0
3258.0,5035.082,0.50000006,0.0,2.1919954e-05,1.0000592,3.834381e-05,0.00015312222,0.0,0.0,0.00010971273,0.0,4.9685543e-05,6.517073e-06,1.0000373,4.0146548e-05,1.8338342e-05,0.0
120.00512,102.26899,0.02094982,0.98879397,0.063401125,0.07990845,0.10138233,0.02577888,0.50000006,0.01778565,0.02529323,0.038290616,0.026319815,0.022669572,0.00813826,0.49999997,0.013459779,0.003553346
425.0,9.69,0.0,0.0,0.0,1.0,0.0,0.0,0.0,0.0,1.0,0.0,0.0,0.0,0.0,0.0,0.0,0.0
2937.0386,2245.7563,0.005346404,0.0044696047,0.020855766,0.5,0.043396745,0.016349854,0.50000006,0.013327703,1.0083781,0.022633199,0.064475335,0.05117568,0.04160657,0.0023765815,0.009893306,0.017589798
773.5,26077.697,0.001999545,0.005396403,0.14097573,0.49999928,0.0025583503,0.14971574,0.026578382,0.09918491,0.019437918,0.061926477,0.008013002,0.13855746,1.0078483,0.09112613,0.090979375,0.5000026
170.99994,44968.88,6.1687955e-05,0.0,4.2669704e-05,0.5,0.0,2.3421608e-05,1.000051,1.9052843e-05,2.4921112e-05,0.00012437596,0.0,0.0,0.0,0.0,4.053218e-05,0.00010100878
840.06415,135.9006,0.10592063,0.001676691,0.05248514,0.49999997,0.037219375,0.026381651,0.50000006,0.009633899,0.94169754,0.00063429005,0.0016247735,0.008618479,0.0031113613,0.030382913,0.020835277,0.048014835
706.9506,30590.24,0.013071217,0.023851007,0.010224418,0.5,0.50000006,0.028267255,1.0111972,0.00525054,0.022775197,0.012889274,0.06343918,0.072583355,0.00044456794,0.009605081,0.039317712,0.015224723
120.0,42080.145,1.0,0.0,0.0,0.0,0.0,0.0,1.0,0.0,0.0,0.0,0.0,0.0,0.0,0.0,0.0,0.0
2905.0198,23127.527,0.057039727,0.026123106,0.0044298256,0.49999997,0.50000006,0.021917935,0.91693443,0.048078734,0.00017336952,0.030339431,0.056424353,0.012245088,0.04057898,0.06742722,0.006722653,0.010160635
774.00635,9.145517,0.055580683,0.08703116,0.08789904,0.941103,0.5000001,0.0073756957,0.50000006,0.036661677,0.015332087,0.002307965,7.201194e-05,0.0019156084,0.9831842,0.0048977467,0.055099986,0.006611943
120.0,49955.87,1.0,0.0,0.0,0.0,0.0,0.0,1.0,0.0,0.0,0.0,0.0,0.0,0.0,0.0,0.0,0.0
773.95593,52144.77,0.5000001,0.08302456,0.053194165,1.0458223,0.061131,0.021724308,0.5000001,0.047045562,0.008794471,0.036319755,0.033434063,0.06335231,1.0200901,0.014302417,0.04733297,0.03419621
773.5,1.7089748,0.07646539,0.187414,0.062694035,1.1365354,0.50000006,0.2457388,0.5000001,0.0072418866,0.05077741,0.07932289,0.047420252,0.054106742,1.1465553,0.09428123,0.50000006,0.014785895
120.0,35584.105,1.0,0.0,0.0,0.0,0.0,0.0,1.0,0.0,0.0,0.0,0.0,0.0,0.0,0.0,0.0,0.0
73.0,0.0,0.0,0.0,0.0,0.0,1.0,0.0,1.0,0.0,0.0,0.0,0.0,0.0,0.0,0.0,0.0,0.0
1276.0044,1007.93646,0.50000006,0.033053976,0.0008983304,0.9819954,0.012975576,0.037715454,0.50000006,0.040379338,0.071833655,0.02654514,0.012136104,0.057814363,0.9657288,0.009877378,0.08448249,0.010068438
172.9998,52099.508,0.00014743808,0.00041101675,0.00016173672,0.49999973,5.764555e-05,0.0,0.9994797,0.000225319,0.00021565748,0.00019772876,0.0,0.0005675069,0.00037762403,0.00013330972,0.0,0.00012817018
1277.014,1005.69104,0.50000006,0.0024622763,0.0125235,0.9969623,0.048124354,0.013929253,0.50000006,0.047741618,0.00015297218,0.00097307446,0.019762058,0.0007455919,0.967535,0.0034000783,0.031811267,0.03888465
773.9585,54306.52,0.50000006,0.0135925785,0.0005975626,1.0427662,0.008635692,0.07144365,0.50000006,0.0032428924,0.0031373147,0.06433745,0.03236745,0.07065965,1.052902,0.052752137,0.0375541,0.01097806
180.0,29947.977,1.0,0.0,0.0,0.0,0.0,0.0,1.0,0.0,0.0,0.0,0.0,0.0,0.0,0.0,0.0,0.0
855.9275,14799.049,0.50000006,0.057740133,0.017272938,0.5,0.0038505732,0.0017608544,0.050117526,0.035246674,1.0749037,0.015032029,0.0015886514,0.0018010301,0.03265696,0.010328548,0.020045424,0.015529662
774.0904,27639.371,0.50000006,0.06030314,0.052777447,1.0133632,0.50000006,0.004551287,0.15888542,0.013488051,0.5000001,0.12603772,0.036595494,0.016922122,1.0589103,0.04102932,0.0034056755,0.07710563
3629.0,5103.107,7.171496e-05,0.0,4.052811e-05,0.9999864,1.6915514e-05,0.0,0.50000006,0.0,0.0,2.4448349e-05,0.0,5.3217864e-05,0.99999946,0.0,4.0571176e-05,2.7992914e-05
552.0,756.612,0.0,0.0,0.0,0.0,1.0,0.0,0.0,0.0,0.0,1.0,0.0,0.0,0.0,0.0,0.0,0.0
6232.0,29009.98,0.0,0.0,0.0,1.0,0.0,0.0,1.0,0.0,0.0,0.0,0.0,0.0,0.0,0.0,0.0,0.0
6119.996,901.485,0.022142563,0.043633282,0.029410716,1.0016319,0.0021903221,0.008133115,0.50000006,0.039573338,0.0018614648,0.044088867,0.007950889,0.04119747,0.98811334,0.054734223,0.0003739284,0.50000006
11672.0,6946.968,0.0,0.0,0.0,0.0,1.0,0.0,1.0,0.0,0.0,0.0,0.0,0.0,0.0,0.0,0.0,0.0
120.03915,101.57271,0.50000006,1.0577083,0.017651979,0.023888528,0.009304829,0.0020267905,0.50000006,0.08082686,0.048798196,0.0014841572,0.0031318676,0.04758782,0.03265944,0.9842007,0.0314554,0.087654874
6060.0,1436.727,0.0,6.239835e-05,0.0,0.99999774,2.5290568e-05,0.00014988917,0.50000006,2.2567901e-05,9.457332e-05,2.4401881e-05,1.0373121e-05,3.751478e-05,0.9999647,2.9176288e-05,0.0,0.0
119.92669,102.235725,0.50000006,1.0447357,0.009692574,0.10690543,0.030519858,5.5175573e-05,0.50000006,0.031844344,0.0030207783,0.05430439,0.0122323595,0.003423826,0.0013514325,1.0925949,0.008322281,0.014812898
5427.0,2982.851,0.0,0.0,0.0,0.0,1.0,0.0,1.0,0.0,0.0,0.0,0.0,0.0,0.0,0.0,0.0,0.0
773.99756,54253.277,0.50000006,0.03241476,0.017393645,1.0431453,0.032645255,0.0013616107,0.50000006,0.012643669,0.021276442,0.023248924,0.013239091,0.0044865566,1.0194124,0.01580401,0.03425393,0.065493055
120.0,38144.05,1.0,0.0,0.0,0.0,0.0,0.0,1.0,0.0,0.0,0.0,0.0,0.0,0.0,0.0,0.0,0.0
344.99997,29568.342,0.50000006,0.0,3.6904254e-05,1.0000253,3.603989e-05,6.651529e-05,0.99994093,0.0,0.0,9.8909895e-06,5.6887526e-05,1.0123796e-05,0.0,0.0,0.00018430573,4.2699805e-05
1282.023,1006.9841,0.50000167,0.00042064415,0.064283855,1.0438286,0.2118566,0.05867961,0.5000003,0.0071535506,0.0055499757,0.02970355,0.041031327,0.0009489995,1.0506608,0.031803727,0.02102437,0.0040653357
1282.9781,1005.0406,0.50000006,0.086833,0.15403727,0.5,0.08857805,0.01695556,0.06164957,0.013099161,0.12908174,0.050385345,3.336193e-05,0.06818981,0.49999994,0.034177523,0.019240947,0.09283221
425.0,5.529,0.0,0.0,0.0,1.0,0.0,0.0,0.0,0.0,1.0,0.0,0.0,0.0,0.0,0.0,0.0,0.0
9060.0,846.332,2.0183727e-05,0.99997634,4.408727e-05,4.2808937e-05,1.4912882e-05,0.0,0.50000006,1.0000247,2.01707e-06,4.2095755e-05,0.0,1.45345575e-05,0.0,0.0,0.0,0.0
6059.9995,1443.136,0.0,0.0,3.6248555e-05,0.99988997,4.390822e-06,7.10481e-05,0.50000006,8.377019e-05,0.00011563702,3.8143746e-05,4.5403878e-05,0.00010990844,1.0001975,0.0,0.0,4.8950576e-05
120.00097,0.42689005,0.018008653,0.048321355,0.0013804398,0.5,0.003852005,0.03211976,0.04385263,0.0014660448,0.50000006,0.033866122,0.030948393,0.045120474,0.9251465,0.063622676,0.016703112,0.037336282
6119.9766,878.11554,0.50000006,0.0125985,0.0013103334,1.0869277,0.044126995,0.015784677,0.50000006,0.051153883,0.032449774,0.0027595898,0.011592557,0.010935005,0.9433241,0.028618129,0.032556076,0.03275166
1279.0051,1004.04144,0.50000006,0.012113384,0.0047394875,1.0421531,0.021761272,0.03454186,0.50000006,0.0055705733,0.011298764,0.052424476,0.013107776,0.010722551,0.9969348,0.01259771,0.045793936,0.036292486
1278.9606,1007.91376,0.07395342,0.030060675,0.06459099,0.9853477,0.007964016,0.0474999,0.50000006,0.05624427,0.12471476,0.057287656,0.12903076,0.054872185,0.5,0.022170534,0.06998072,0.50000006
2928.9885,2629.3215,0.014357025,0.019050956,0.0680441,0.5,0.043966863,0.010075014,0.5000001,0.0026554377,1.03023,0.011911593,0.025143554,0.020556618,0.09344007,0.018119154,0.0025072468,0.00078890193
1282.9055,1006.832,0.05093292,0.043294583,0.085942164,0.8726484,0.50000006,0.027867032,0.50000006,0.039019976,0.50000006,0.05534352,0.110545695,0.05799075,0.99576116,0.03520706,0.019393746,0.11118947
773.5,54296.727,0.007973463,0.03205742,0.012261222,0.4999922,0.008430039,0.01570697,0.006333868,0.017877208,0.041614812,0.0012105978,0.017121838,0.02523014,0.95092523,6.1616585e-05,0.004185432,0.05261866
19914.0,13187.75,0.0,0.0,0.0,1.0,0.0,0.0,1.0,0.0,0.0,0.0,0.0,0.0,0.0,0.0,0.0,0.0
8734.0,26010.207,0.0,0.0,0.0,1.0,0.0,0.0,1.0,0.0,0.0,0.0,0.0,0.0,0.0,0.0,0.0,0.0
772.9756,7556.103,0.50000006,0.0282997,0.00045562378,1.0132258,0.50000006,0.07270546,0.052292544,8.954718e-05,0.0211456,0.0901504,0.053387254,0.0707904,0.9332521,0.08822172,0.0019217868,0.009941223
3312.5,2625.4592,0.06813713,0.019594105,0.016816841,1.0767187,0.06165431,0.10352515,0.50004506,0.15924326,1.0146748,0.022392197,0.0014097644,0.019428322,0.0024112756,0.002197751,0.036390048,0.5000027
773.5,93169.27,0.016092047,0.0021083152,0.0006828073,0.86833596,0.50001526,0.01600593,0.04980893,0.11074257,0.5000051,0.0036389166,0.05291757,0.11384396,0.88448524,0.0016295183,0.0037992767,0.0015723899
3313.0134,1993.9031,0.50000006,0.0046702223,0.030540766,1.0150564,0.01581012,0.0058386135,0.004352052,0.04508465,0.5,0.0063461554,0.1030456,0.022142444,0.045454785,0.07213345,0.02471228,0.0023087002
120.01697,102.612045,0.008804018,1.0354836,0.025323657,0.010677487,0.034302767,0.02061304,0.50000006,0.011049001,0.50000006,0.0037314927,0.010932868,0.005516841,0.016601609,0.9546402,0.047012374,0.03358749
774.02997,27686.943,0.20348224,0.0227735,0.037538853,0.5,0.11201668,0.030660298,0.5000001,0.057905048,0.50000006,0.01481392,0.0041360413,0.014032848,1.1198597,0.0013225864,0.0020472116,0.014920702
2871.081,2397.7122,0.50000006,0.0044393144,0.035766833,1.079993,0.019540893,0.015242858,0.50000006,0.01677812,0.8647987,0.034124494,0.033319887,9.3677205e-05,0.021975175,0.0030500086,0.011133663,0.015400172
712.11053,20356.31,0.50000006,0.06037506,0.009046707,0.96648735,0.50000006,0.012180573,1.0996585,0.022098443,0.019630874,0.009282985,0.034359217,0.032750364,0.05808204,0.04529922,0.025917204,0.011119439
2723.005,22703.309,0.50000006,0.030803505,0.02979858,1.0562176,0.047806077,0.0037545655,1.0013826,0.0005780158,0.04569604,0.0023210058,0.008596041,0.05062619,0.00063742965,0.015344151,0.029355982,0.50000006
9240.0,636.73206,0.0,0.99991727,0.00015623707,6.248529e-05,2.3525577e-05,0.0,0.50000006,0.9999987,1.0092766e-05,0.0,0.0,0.0,5.588081e-05,0.0,0.0,1.0144694e-05
4180.0005,27136.717,0.0001093034,0.0,0.0,0.4999994,4.059296e-05,0.00022738664,0.99996144,0.00021723397,0.0,0.00018846153,0.00012741741,1.8667632e-05,0.00026259312,5.9950013e-05,0.00017085655,0.0
856.0,5010.664,7.647803e-06,4.915878e-05,0.0,0.5,5.070821e-05,4.0353984e-06,0.00015412344,8.7903696e-05,0.999932,3.7811074e-05,3.5069537e-05,9.8962955e-05,3.815847e-05,7.709108e-05,4.878034e-05,0.0
687.00006,13203.672,6.816394e-05,1.6405826e-07,9.8813034e-05,0.49999997,5.129567e-05,0.0002369173,0.9999492,0.0,9.60673e-05,0.0,2.9825662e-05,0.0,0.00018237582,0.0002897245,7.843618e-05,1.1319122e-05
826.8694,107.78399,0.50000006,0.108578995,0.15804549,1.1547985,0.06440583,0.0026881453,0.068398,7.144445e-05,0.0223684,0.06028095,0.18177755,0.081687,0.5,0.07465887,0.045634102,0.50000006
247739.0,,0.0,0.0,0.0,247739.0,0.0,0.0,0.0,0.0,0.0,0.0,0.0,0.0,0.0,0.0,0.0,0.0
1281.9989,1007.06824,0.50000006,0.0632453,0.012864895,0.9599162,0.033182874,0.0021537964,0.50000006,0.00083140493,0.012948565,0.016931884,0.044193376,0.052681975,0.96032065,0.018743146,0.016463222,0.00045239987
540.0,39955.695,1.0,0.0,0.0,0.0,0.0,0.0,0.0,0.0,0.0,1.0,0.0,0.0,0.0,0.0,0.0,0.0
2871.0283,2383.558,0.50000006,0.029780935,0.04340414,0.9889562,0.08265788,5.960343e-05,0.06567708,0.008796456,0.5,0.009310782,0.08751655,0.04439674,0.033749785,0.0001916185,0.018556438,0.0012116968
3629.0425,3360.723,0.50000006,0.006429951,0.00585243,0.98615974,0.5000001,0.017345373,0.0135074165,0.04893001,0.037729528,0.024715934,0.0086471075,0.024740081,1.0006617,0.000896193,0.006909367,0.055927947
16239.0,43064.098,0.0,0.0,0.0,1.0,0.0,0.0,1.0,0.0,0.0,0.0,0.0,0.0,0.0,0.0,0.0,0.0
540.0,39945.85,1.0,0.0,0.0,0.0,0.0,0.0,0.0,0.0,0.0,1.0,0.0,0.0,0.0,0.0,0.0,0.0
6242.0,43135.09,0.0,0.0,0.0,1.0,0.0,0.0,1.0,0.0,0.0,0.0,0.0,0.0,0.0,0.0,0.0,0.0
2952.9624,2770.0176,0.03528611,0.092048,0.032904893,0.92714834,0.50000006,0.019037295,0.50000006,0.024022484,0.99331766,0.06916313,0.0296901,0.087442875,0.048198685,0.035164304,0.0066012354,0.00019152045
2825.9976,22241.979,0.50000006,0.03763495,0.028409107,1.0197197,0.025569163,0.08071286,0.9830338,0.05962104,0.002646063,0.044540744,0.041798543,0.046153966,0.008634249,0.07632281,0.055302497,0.50000006
120.11259,102.10269,0.00056552154,0.91547704,0.0039193532,0.043525264,0.037855513,0.0031979335,0.50000006,0.0015613624,0.50000006,0.04554713,0.059275266,0.086755514,0.028579956,0.9923993,0.007284815,0.03751769
781.0,11154.434,5.8445665e-05,0.00012046958,1.4671991e-05,0.5,3.108982e-05,0.0,0.9999975,4.819661e-05,8.505544e-05,3.543115e-05,3.4703582e-05,3.257425e-05,0.0,0.0,7.886797e-05,2.388997e-05
1276.8981,1005.4174,0.50000006,0.07340864,0.0077328053,0.95037556,0.022365114,0.050185073,0.50000006,0.01451066,0.046368174,0.07820964,0.015945433,0.019622805,0.9821057,0.0285865,0.008433427,0.006993185
773.5,43157.85,0.012726674,0.17849033,0.0137182055,0.5,0.004589347,0.0031933058,0.003069264,0.04619201,0.5000043,0.013664289,0.05561588,0.00737472,0.99137694,0.044397537,0.023579758,0.013388446
418.99966,17281.227,2.9916977e-05,9.207901e-05,0.0,0.49999997,0.0,0.00023727686,0.9999457,0.00020186446,0.00019267069,0.0005562783,0.0,0.0,1.6475029e-05,0.00015641697,0.0,0.0
3802.0,58663.71,0.0,0.0,0.0,1.0,0.0,0.0,1.0,0.0,0.0,0.0,0.0,0.0,0.0,0.0,0.0,0.0
766.9903,108.05181,0.09335882,0.0010497369,0.04740044,0.5,0.50000006,0.023250422,0.0025420056,0.021006303,1.0145333,0.014658003,0.08422255,0.026201772,0.014201078,0.010664509,0.07155322,0.034819104
774.0794,43126.55,0.099728286,0.043397788,0.029586079,0.49999997,0.09833151,0.07762289,0.031081757,0.028320812,0.50000006,0.004383282,0.014726861,0.0028980253,0.8886993,0.08099583,0.038881514,0.50000006
9120.0,823.31006,4.279675e-06,0.999957,4.3067856e-05,4.1808944e-05,0.0,6.297925e-05,0.50000006,0.999988,0.00010310548,3.646239e-05,5.078818e-05,0.0,6.9207366e-05,1.7112156e-05,0.0,2.6303424e-05
986.0618,7315.968,0.50000006,0.05992501,0.015137257,1.0533296,0.50000006,0.01325749,0.038186196,0.026494075,0.07889664,0.038412668,0.07806871,0.030976327,0.9578196,0.06266161,0.06390615,0.01484069
8737.0,17591.654,0.0,0.0,0.0,1.0,0.0,0.0,1.0,0.0,0.0,0.0,0.0,0.0,0.0,0.0,0.0,0.0
3379.0005,2561.8408,0.50000006,0.0010471651,0.003595215,0.9629124,0.013863032,0.048476454,0.50000006,0.04993141,0.99153143,0.012231364,0.0071033635,0.04870839,0.005386659,0.020941792,0.048733596,0.054474235
441.9999,17055.67,0.50000006,7.7420154e-05,0.0,0.9999854,0.0,7.749963e-05,1.0000554,8.6843924e-05,6.507909e-05,4.6388737e-05,4.7646467e-05,4.4566088e-05,0.0,5.1752504e-05,2.744916e-05,0.000110507885
6060.0,1435.9281,5.095411e-05,5.104036e-06,3.906461e-05,1.0000445,7.345869e-05,0.00015058675,0.50000006,0.0,0.0,2.8880286e-05,0.0,6.0936545e-05,1.000074,2.9973182e-05,0.00010254511,3.0725692e-05
1456.8829,204.15244,0.07070265,0.010621005,0.0630958,1.0304933,0.50000006,0.13290583,0.15402746,0.022086475,0.08144914,0.072227396,0.0025828725,0.09664524,1.0844231,0.50000006,0.032046393,0.5000001
9240.0,662.90497,0.0,1.0000284,7.4791555e-05,9.0331036e-05,2.7968688e-05,3.5933786e-05,0.50000006,1.0000188,0.0,0.0,0.0,0.0,2.1637146e-05,7.931548e-05,5.4732027e-05,0.0
2937.0537,2725.3435,0.09694038,0.003296616,0.009470097,0.5,0.02070102,0.0057714335,0.50000006,0.02156372,1.009131,0.0017263114,0.015891803,0.00046510212,0.079021215,0.019147465,0.010009485,0.01450496
1282.0264,1006.4473,0.50000006,0.14486152,0.15376212,0.8517256,0.18470849,0.009766318,0.029202169,0.18916231,0.0024130757,0.040794916,0.082389735,0.19791582,0.5,0.10040327,0.011963279,0.50000006
7481.0,34105.598,0.0,0.0,0.0,1.0,0.0,0.0,1.0,0.0,0.0,0.0,0.0,0.0,0.0,0.0,0.0,0.0
3593.0,59391.457,0.0,0.0,0.0,1.0,0.0,0.0,1.0,0.0,0.0,0.0,0.0,0.0,0.0,0.0,0.0,0.0
3379.5002,2306.2454,0.032975014,0.026961418,0.0064374767,1.0156046,0.040561967,0.0044448324,0.5000082,0.008830269,0.97756267,0.017002545,0.007865872,0.012688964,0.004336675,0.0062530064,0.0039862855,0.008051418
1279.8892,1004.8334,0.0009934631,0.036785044,0.0031848645,1.039476,0.50000006,0.037989914,0.5000001,0.14062406,0.041795567,0.06261078,0.010351273,0.21121489,0.9736484,0.10566809,0.0066996235,0.50000006
781.0113,145.23482,0.0010106119,0.09144169,0.14502718,0.5,0.50000006,0.07759725,0.08541943,0.009854557,0.88944906,0.030359972,0.008343056,0.010275871,0.09746909,0.0013482445,0.0064557786,0.50000006
823.9705,138.61731,0.028675577,0.028497184,0.0006997687,0.5,0.014488206,0.009736475,0.50000006,0.0038275823,1.0093665,0.0022539364,0.0004430408,0.001886538,0.011046245,0.00015773051,0.0003008886,0.010967805
180.0,30719.912,1.0,0.0,0.0,0.0,0.0,0.0,1.0,0.0,0.0,0.0,0.0,0.0,0.0,0.0,0.0,0.0
254.01767,53247.76,0.50000006,0.007934335,0.034742296,1.0075071,0.02363777,0.06582108,0.006660806,0.00092757377,0.012453583,0.021296218,0.0710637,0.025237596,0.96703607,0.0059599024,0.0024625296,0.5000001
120.0,50687.938,1.0,0.0,0.0,0.0,0.0,0.0,1.0,0.0,0.0,0.0,0.0,0.0,0.0,0.0,0.0,0.0
774.0836,2098.489,0.00012721131,0.009461266,0.01973864,0.5,0.50000006,0.035552632,0.00011950908,0.011995162,0.009639519,0.0491935,0.024408136,0.0051322174,0.9891489,0.020310836,0.014683064,0.024542578
2704.9878,22207.027,0.50000006,0.043042015,0.03828104,0.9915207,0.50000006,0.021618582,1.0394487,0.04677607,0.036028843,0.06341038,0.059830483,0.0013329339,0.051696237,0.0017491339,0.02012783,0.046686266
425.0,5.446,0.0,0.0,0.0,1.0,0.0,0.0,0.0,0.0,1.0,0.0,0.0,0.0,0.0,0.0,0.0,0.0
1276.0378,1004.37555,0.010484414,0.022496605,0.0004081946,0.49999997,0.019955244,0.0011425233,0.50000006,0.068777874,0.024711903,0.020185094,0.011273474,4.21068e-05,0.96823823,0.005495274,0.04061756,0.019760579
11543.0,18106.848,0.0,0.0,0.0,1.0,0.0,0.0,0.0,0.0,1.0,0.0,0.0,0.0,0.0,0.0,0.0,0.0
3313.0437,2943.7625,0.0034285572,0.010126372,0.036644716,0.5,0.05350089,0.0075244806,0.50000006,0.040526863,1.0102541,0.046291847,0.0024968467,0.0019732332,0.071248256,0.0009420056,0.020753253,0.00029066528
773.9585,1.1975622,0.055374235,0.010279179,0.13951688,0.49999997,0.50000006,0.04828517,0.00014419894,0.08388639,0.01276958,0.0002625384,0.089618646,0.10093601,0.5,0.03625367,0.11247371,0.09365239
2929.0503,2177.8665,0.50000006,0.0018284218,0.03658416,0.9338359,0.005233445,0.047165994,0.50000006,0.044144295,0.950951,0.03976479,0.02531613,0.00011351982,0.00775671,0.0061069876,0.03521311,0.02674239
13023.0,13008.134,0.0,0.0,0.0,0.0,1.0,0.0,1.0,0.0,0.0,0.0,0.0,0.0,0.0,0.0,0.0,0.0
2945.0046,2365.077,0.50000006,0.049095035,0.00052686804,1.0048738,0.058396403,0.0054246867,0.50000006,0.00016182028,0.98892415,0.04068811,0.03420331,0.0029793696,0.03247877,0.004211589,0.023634186,0.02520996
261.99994,56201.35,0.50000006,9.098504e-05,0.000121339785,0.9999953,1.0998392e-05,0.000102207196,1.0000701,0.0,7.155375e-05,2.7436427e-05,0.0,0.00011036876,0.00010155603,1.7696074e-06,2.1873044e-05,4.8496004e-05
11215.0,14060.041,0.0,0.0,0.0,1.0,0.0,0.0,1.0,0.0,0.0,0.0,0.0,0.0,0.0,0.0,0.0,0.0
2862.9976,2332.294,0.017358651,0.034186948,0.01754258,1.0157721,0.05812883,0.08700986,0.0046934546,0.021312188,0.5,0.015107055,0.035379797,0.069783695,0.023473587,0.028916437,0.07836015,0.50000006
540.0,39911.117,1.0,0.0,0.0,0.0,0.0,0.0,0.0,0.0,0.0,1.0,0.0,0.0,0.0,0.0,0.0,0.0
342.0,58376.88,0.0,0.0,0.0,1.0,0.0,0.0,1.0,0.0,0.0,0.0,0.0,0.0,0.0,0.0,0.0,0.0
119.9671,100.24886,0.03617166,0.95439786,0.00217368,0.047006942,0.50000006,0.03157481,0.50000006,0.0018654336,0.06428709,0.069061756,0.053572707,0.008713442,0.015585076,0.9553757,0.07111345,0.0016252158
16212.0,43060.605,0.0,0.0,0.0,1.0,0.0,0.0,1.0,0.0,0.0,0.0,0.0,0.0,0.0,0.0,0.0,0.0
2944.9907,2686.4177,0.50000006,0.006634589,0.031755976,1.0025283,0.033527993,0.02650005,0.50000006,0.017649347,0.9695379,0.01945492,0.009072094,0.0006211521,0.049398158,0.008705093,0.01141743,0.009190379
9300.0,681.44495,1.7041815e-05,0.0,0.00011748634,9.176916e-06,1.0000495,0.0,0.50000006,6.228862e-05,0.0,0.99999183,0.0,4.8858554e-05,2.9348048e-05,9.028914e-05,4.6308036e-05,4.408243e-05
5428.0,4984.023,0.0,0.0,0.0,0.0,1.0,0.0,1.0,0.0,0.0,0.0,0.0,0.0,0.0,0.0,0.0,0.0
2812.9722,22961.666,0.50000006,0.012677237,0.08847643,0.5,0.005645034,0.013881695,1.0049626,0.03589867,0.0015951016,0.015186481,0.020317212,0.018033266,0.047945563,0.01583502,0.015120889,0.05340819
180.0,37375.977,1.0,0.0,0.0,0.0,0.0,0.0,1.0,0.0,0.0,0.0,0.0,0.0,0.0,0.0,0.0,0.0
486.0,59014.875,0.0,0.0,0.0,1.0,0.0,0.0,0.0,0.0,0.0,0.0,0.0,0.0,1.0,0.0,0.0,0.0
552.0,59130.56,0.0,0.0,0.0,1.0,0.0,0.0,0.0,0.0,0.0,0.0,0.0,0.0,1.0,0.0,0.0,0.0
2970.0115,23090.172,0.056696724,0.05019754,0.008861468,0.49999997,0.03949886,0.020906158,1.0223374,0.035201978,0.016070621,0.0032989432,0.027359476,0.00048103635,0.0050656046,7.791249e-05,0.0032968444,0.50000006
3312.9949,2219.0747,0.50000006,0.041797258,0.05575272,0.95863557,0.024718385,0.025729777,0.0058050724,0.0029218467,0.5,0.04031126,0.039296824,0.04416042,0.005112988,0.040584847,0.0362268,0.064580284
120.0,48895.88,1.0,0.0,0.0,0.0,0.0,0.0,1.0,0.0,0.0,0.0,0.0,0.0,0.0,0.0,0.0,0.0
1018.0,13181.018,0.00028052367,0.0,0.00022166924,0.49999997,0.000115689596,0.0,1.0002148,0.00021314414,0.0,0.00035213705,0.0003599009,0.00023094591,0.0,0.00022354504,0.00027405168,0.0003355966
9120.001,850.23285,0.00021213814,1.0000616,8.7122835e-06,2.1788544e-05,0.0001516622,0.0002646718,0.5000002,0.9998997,0.0,0.0,0.0002591143,0.0,0.00024746443,7.218083e-05,0.0,0.0004499626
10002.0,23219.002,0.0,0.0,0.0,1.0,0.0,0.0,1.0,0.0,0.0,0.0,0.0,0.0,0.0,0.0,0.0,0.0
8727.0,15805.182,0.0,0.0,0.0,1.0,0.0,0.0,1.0,0.0,0.0,0.0,0.0,0.0,0.0,0.0,0.0,0.0
120.05168,101.61537,0.035784084,1.0000354,0.0013583088,0.062702864,0.055205766,0.03669542,0.50000006,0.070236586,0.50000006,0.023559934,0.00035791803,0.00083515426,0.018930601,0.9548109,0.023664394,0.021733683
3618.0,58508.598,0.0,0.0,0.0,1.0,0.0,0.0,1.0,0.0,0.0,0.0,0.0,0.0,0.0,0.0,0.0,0.0
11248.0,49234.637,0.0,0.0,0.0,1.0,0.0,0.0,1.0,0.0,0.0,0.0,0.0,0.0,0.0,0.0,0.0,0.0
168.00002,59264.246,1.6174745e-05,0.0,0.0,0.5,0.00012092958,0.0,1.0000858,6.1963685e-05,0.0,3.3387183e-05,7.7088436e-05,2.3317107e-05,5.573222e-05,0.0,0.00010691673,5.085408e-05
733.0329,23523.201,0.027228994,0.0015596523,0.051622,0.5,0.50000006,0.0003487628,0.045804124,0.063608795,0.08093213,0.032627612,0.032828934,0.0077195643,0.96434873,0.05881788,0.037845764,0.009809405
3429.0,58645.203,0.0,0.0,0.0,1.0,0.0,0.0,1.0,0.0,0.0,0.0,0.0,0.0,0.0,0.0,0.0,0.0
716.0673,108.65236,0.0038809536,0.0042153127,0.0051581813,0.5,0.0003744428,0.0038999405,0.5000001,0.05115423,1.0211763,0.00048441094,0.0077118985,0.017022118,0.03251623,0.0020093769,0.0070225457,0.004176254
120.007576,100.47025,0.00041060138,1.0156431,0.010136162,0.011047631,0.0007584988,0.023617893,0.50000006,0.0068821376,0.50000006,0.05282448,0.038006473,0.001026233,0.016638866,0.99744284,0.069649726,0.010052261
180.0,27600.04,1.0,0.0,0.0,0.0,0.0,0.0,1.0,0.0,0.0,0.0,0.0,0.0,0.0,0.0,0.0,0.0
120.0,38400.105,1.0,0.0,0.0,0.0,0.0,0.0,1.0,0.0,0.0,0.0,0.0,0.0,0.0,0.0,0.0,0.0
9180.0,993.5721,6.23939e-05,0.99990207,0.0,0.0,2.1068483e-05,0.0,0.50000006,1.0000561,1.04569535e-05,2.8402646e-05,0.0,7.3853356e-05,9.3522074e-05,0.00013368961,6.5999324e-05,0.0001123841
11248.0,49260.652,0.0,0.0,0.0,1.0,0.0,0.0,1.0,0.0,0.0,0.0,0.0,0.0,0.0,0.0,0.0,0.0
2878.0427,21905.498,0.004067811,0.046983533,0.0005333906,0.49999997,0.019246243,0.023696711,1.0184953,0.052009106,0.50000006,0.049044672,0.003146755,0.004532996,0.041565333,0.049953256,0.020305356,0.0005595262
132.0,0.496,0.0,0.0,0.0,0.0,1.0,0.0,1.0,0.0,0.0,0.0,0.0,0.0,0.0,0.0,0.0,0.0
774.115,52173.992,0.50000006,0.017825747,0.005618876,0.9827934,0.080250345,0.04020128,0.50000006,0.007797349,0.06116444,0.056285664,0.039457284,0.06068267,1.0281208,0.01232477,0.009286239,0.0029034507
1278.0903,1004.5015,0.5000001,0.25158396,0.25848454,1.0107367,0.50000006,0.040617257,0.008341883,0.019833978,0.50000006,0.016014444,0.1547517,0.043773327,0.9924471,0.040271264,0.17532213,0.50000006
119.99896,100.22823,0.03814367,1.0253687,0.03090195,0.04341868,0.1050968,0.024705164,0.50000006,0.0009585225,0.50000006,0.032693394,0.067348205,0.12975179,0.03595274,1.0762902,0.050986588,0.006002937
9360.0,658.9809,3.3792916e-05,1.4197534e-05,0.00012053719,0.00010287775,1.0000664,0.0,0.50000006,0.0,0.0,0.9999407,4.4559547e-05,4.272801e-05,1.7963317e-05,6.0305676e-05,0.0,9.3711824e-05
3448.0,20019.396,0.0,0.0,0.0,1.0,0.0,0.0,0.0,0.0,0.0,0.0,0.0,0.0,1.0,0.0,0.0,0.0
3312.965,2413.3616,0.038451258,0.045527615,0.0030375237,0.5,0.0039616344,0.008968497,0.50000006,0.01225681,0.9766874,0.025662888,0.08428554,0.02386188,0.009642493,0.07761004,0.040429473,0.0018433832
6120.0,910.48505,1.1068026e-05,3.9365907e-05,3.2261469e-06,0.99998534,0.0,3.7918693e-05,0.50000006,0.0,0.00014615114,0.0,8.555811e-06,2.9195025e-05,0.9999707,0.0,0.0,7.801401e-05
1645.9956,12141.154,0.50000006,0.058087945,0.038095053,0.9938394,0.012886582,0.059209708,0.06336633,0.0026495627,0.082780994,0.0022883324,0.031146707,0.06156141,1.0259194,0.13688295,0.015381598,0.5000002
2148.013,32610.932,0.50000006,0.024526812,0.03452233,1.0070748,0.06840757,0.02600058,0.0028748794,0.018796025,0.00017559335,0.011357912,0.016977973,0.020651337,0.9878944,0.039419238,0.008738462,0.50000006
853.0183,248.12053,0.019420315,0.010433023,0.0012559792,0.5,0.060793996,0.029219536,0.05029915,0.0010049606,0.9867108,0.0264301,0.00537159,0.0009923887,0.007986807,0.0035232017,0.022074621,0.50000006
525.99994,15234.983,0.50000006,8.5902844e-05,0.00011803059,1.0000213,5.603638e-05,2.5256288e-05,0.99996954,0.0,3.92386e-07,0.0,1.6273436e-06,8.082226e-05,0.0,1.4847214e-05,9.7402946e-05,0.0
2862.9224,2476.0874,0.0038154195,0.015476973,0.00037218965,0.49999997,0.006298859,0.016127132,0.50000006,0.04082532,1.0309311,0.09326815,0.02576129,0.014384184,0.024341928,0.09087818,0.027277809,0.0012065767
7106.0,679.744,0.0,0.0,0.0,0.0,1.0,0.0,1.0,0.0,0.0,0.0,0.0,0.0,0.0,0.0,0.0,0.0
3607.8975,13037.95,0.50000006,0.0010461623,0.05777127,0.5,0.07270064,0.03712825,0.014796463,0.009155657,0.001506029,0.030362936,0.03129164,0.041880105,0.9862076,0.029204104,0.0018931172,0.06579596
848.99994,9100.54,2.0094758e-05,2.329023e-06,0.0,0.5,0.0,1.5033177e-06,0.99998856,5.097043e-05,6.7949884e-05,1.0728781e-05,9.7909724e-05,4.4239772e-05,9.078122e-05,0.0,8.179746e-05,3.4141973e-05
9300.0,644.2311,1.4718478e-05,2.7744758e-05,6.860808e-05,0.00011664792,0.9999585,0.00010450361,0.50000006,2.345949e-05,0.0,0.99997854,7.728079e-05,2.850693e-05,3.1224034e-05,1.16716865e-05,6.554486e-05,4.6487767e-05
119.99346,101.61308,0.026945526,0.9886898,0.010752598,0.0060074315,0.012375955,0.02148879,0.50000006,0.012535729,0.50000006,0.067770734,0.0025518928,0.037733663,0.00852263,1.0357198,0.03961416,0.029648118
1284.9762,1007.08136,0.03558989,0.053944267,0.022397336,1.0356163,0.50000006,0.012952574,0.50000006,0.004483226,0.08325502,0.0032795195,0.010296335,0.03514616,0.97697604,0.054121483,0.00016284674,0.0015372939
171.99998,74588.73,2.315131e-05,1.2685673e-05,4.711767e-05,0.5,0.0,1.12214075e-05,0.9998871,0.00010196605,6.46658e-05,0.0,7.3626295e-05,0.0,0.0,0.0,7.232901e-05,3.920386e-05
805.972,106.3782,0.006565387,0.0075753396,0.08391006,0.5,0.5000001,0.038428627,0.1475032,0.04161165,0.274847,0.046629917,0.000827723,0.06000998,0.5,0.0020107187,0.09373156,0.024144368
9120.0,1155.103,9.7175405e-05,1.00004,0.0,0.0,0.0,3.851085e-05,0.50000006,0.99997854,0.0001628752,5.2525425e-05,0.0,3.143974e-05,7.4023934e-05,6.254454e-05,3.481779e-05,7.198433e-05
927.00696,103.57498,0.50000006,0.075507015,0.13916403,0.5,0.06104396,0.13646129,0.017115422,0.038710315,0.044674844,0.07532517,0.07962371,0.008874083,0.5,0.0019308642,0.006730628,0.010577893
9059.999,909.89105,3.1194853e-05,0.9999896,0.00024672342,3.0323981e-05,6.188915e-05,0.00019132662,0.5000001,1.0001183,7.911997e-05,0.00014886835,8.83394e-05,9.137365e-05,0.0005171304,0.0002075432,6.0301718e-05,8.10829e-05
774.03784,1.0112094,0.036357336,0.09028679,0.11054003,0.49999997,0.010881334,0.21544003,0.50000006,0.16722924,0.03651428,0.027224857,0.03730727,0.03354534,1.0081967,0.0271066,0.11877404,0.50000006
3415.0,58339.38,0.0,0.0,0.0,1.0,0.0,0.0,1.0,0.0,0.0,0.0,0.0,0.0,0.0,0.0,0.0,0.0
740.04736,17204.9,0.5000001,0.054059695,0.044205707,0.5,0.06317397,0.034987245,0.071467,0.06647549,0.009580423,0.003851185,0.024506882,0.9991675,0.034691278,0.012793996,0.009113808,0.013211372
2944.9895,2702.0232,0.05390763,0.021292683,0.04640062,1.0541605,0.06724459,0.06841106,0.50000006,0.0061752493,1.0339203,0.0011937546,0.020369772,0.06692556,0.010126832,0.04854425,0.03826168,0.50000006
794.9985,1173.108,6.147503e-05,0.01835603,0.040156983,0.49999997,0.0013671122,0.016562903,0.003874244,0.07875014,1.0754625,0.0015591248,0.047948603,0.002674133,0.027313048,0.014133357,0.0019637484,0.50000006
773.9848,1.3460001,0.0692674,0.010243178,0.026319081,0.49999997,0.0009540738,0.076616645,0.50000006,0.0038060504,0.00083846546,0.032328974,0.03491786,0.013615882,1.1285236,0.005359932,0.0062733716,0.0015955566
2928.9724,2309.7698,0.004899826,0.0045569916,6.093013e-05,1.0540037,0.50000006,0.016155522,0.50000006,0.02901616,1.0523708,0.015132784,0.18227202,0.5000001,0.039013878,0.00049030274,0.18245031,0.04265626
120.0,90080.25,1.0,0.0,0.0,0.0,0.0,0.0,1.0,0.0,0.0,0.0,0.0,0.0,0.0,0.0,0.0,0.0
6242.0,43063.266,0.0,0.0,0.0,1.0,0.0,0.0,1.0,0.0,0.0,0.0,0.0,0.0,0.0,0.0,0.0,0.0
6060.0,942.20685,6.693262e-05,0.0,5.2119078e-05,0.99990153,0.0,3.0023648e-05,0.50000006,0.0,8.975472e-05,7.652234e-06,0.0,0.0,0.99996936,0.0,6.0852795e-05,0.0
773.9762,1.8259386,0.5000002,0.012178693,0.09636028,0.821021,0.14615197,0.035638046,0.50000006,0.076613866,0.15117858,0.21983829,0.08072057,0.0035536364,0.9260946,0.0057002264,0.11956643,0.50000006
773.9651,7778.1064,0.50000006,0.001424382,0.0005111024,0.5,0.00014858921,0.00056395767,0.046197206,0.018241892,0.035705313,0.0804406,0.004776475,0.01569182,0.9654524,0.0050390647,0.02720699,0.020758519
1281.9369,1004.79236,0.50000006,0.073911496,0.010700312,0.97946995,0.022743369,0.0031807704,0.50000006,0.03404338,0.05948498,0.004093897,0.0045355777,0.0012668477,0.98638105,0.015547513,0.02898156,0.015240786
773.5,43156.336,0.5000382,0.001209325,0.053399682,0.99086374,0.50003195,0.020030105,0.17371574,0.020882133,0.086652644,0.05343283,0.031020818,0.016012888,0.9600422,0.060974613,0.010072721,0.03230454
773.9642,18959.678,0.50000006,0.024014665,0.0064878655,0.9645279,0.50000006,0.13291182,0.5000002,0.07403401,0.053977866,0.05322335,0.033050958,0.08862775,0.9230601,0.050932836,0.07697224,0.04646054
3379.026,2505.888,0.50000006,0.031164369,0.008523892,0.9962524,0.024244098,0.07122439,0.051243693,0.07241799,0.5,0.049278565,0.012207703,0.0500797,0.042956132,0.0071545416,0.02809655,0.041316293
12468.0,14006.877,0.0,0.0,0.0,1.0,0.0,0.0,1.0,0.0,0.0,0.0,0.0,0.0,0.0,0.0,0.0,0.0
498.0,59050.816,0.0,0.0,0.0,1.0,0.0,0.0,0.0,0.0,1.0,0.0,0.0,0.0,0.0,0.0,0.0,0.0
773.99554,1.496618,0.019975832,0.025378495,0.08498614,0.5,0.0014599137,0.056222625,0.50000006,0.007757563,0.014106956,0.098170206,0.011836862,0.060083993,0.9407415,0.0043588486,0.026708707,0.031747863
594.99994,12160.329,9.771592e-05,4.5724005e-06,0.0,0.5,0.0,1.2842131e-05,1.0000397,0.0,0.0,7.854631e-05,5.0907987e-05,3.2380067e-05,3.521152e-05,0.0,5.6647114e-05,0.0
2961.047,22431.45,0.0026464774,0.0011948713,0.033561636,0.5,0.05188062,0.0042681172,0.98170555,0.06080149,0.015388701,0.031508904,0.101302564,0.008296127,0.018597737,0.0056469343,0.0027174233,0.50000006
5435.0,8984.732,0.0,0.0,0.0,0.0,1.0,0.0,1.0,0.0,0.0,0.0,0.0,0.0,0.0,0.0,0.0,0.0
6120.0127,902.2691,0.046013832,0.003715704,0.023621053,0.99685663,0.50000006,0.036301233,0.50000006,0.11732758,0.069424406,0.02414281,0.032965206,0.10607431,0.96791744,0.020406954,0.023399157,0.008758311
6060.0,1436.329,0.0,0.0,7.082519e-05,0.9998918,0.0,2.6035319e-05,0.50000006,6.8721485e-05,0.0,0.0,0.0,1.1225732e-05,1.0000323,1.6803333e-05,8.452799e-05,0.00010880636
2895.9307,21699.818,0.50000006,0.025933465,0.00031419113,0.5,0.09051054,0.08241264,0.9976894,0.0777276,0.07226355,0.09635808,0.03050455,0.03176638,0.035120063,0.009021636,0.05106363,0.018960314
9359.999,596.67,0.00024313644,0.0,9.110163e-05,0.0,0.9999879,0.0,0.5000002,1.8022138e-05,0.00014212237,1.000032,0.0,0.00028371194,0.0,0.0,0.0,0.00015818926
6120.0,816.41705,0.0,4.211182e-05,3.377426e-05,0.9999131,7.799893e-05,6.3778345e-05,0.50000006,0.00010987889,0.0,1.51423e-05,2.2603375e-05,0.0,1.0001012,0.000120255856,0.0,0.0
9300.0,682.522,0.0,0.00020366906,0.0,9.120208e-05,0.99991935,5.153652e-05,0.50000006,6.85728e-05,3.015495e-05,1.0000387,0.0,0.0,0.0,0.00011875285,0.0,2.3580067e-06
2880.0,4926.532,0.0,0.0,0.0,1.0,0.0,0.0,0.0,0.0,0.0,0.0,0.0,0.0,1.0,0.0,0.0,0.0
886.9895,134.41595,0.50000024,0.09807313,0.08414922,0.9334454,0.50000006,0.1132606,0.50000006,0.16820069,0.94199884,0.08857974,0.09577458,0.0015809174,0.22244018,0.054114286,0.009086342,0.007744508
6120.0776,873.2126,0.50000006,0.004182134,0.01670248,0.93700236,0.028595218,0.012415974,0.50000006,0.0237438,0.058809806,0.0025016072,0.03961767,0.10322145,0.9634754,0.0099898195,0.031778727,0.021442084
210.03395,53248.2,0.5000001,0.06702465,0.003637501,0.90862936,0.05461961,0.0043372926,0.004696163,0.02887018,0.041584745,0.08901179,0.049141895,0.5000001,1.0824633,0.055017225,0.03819036,0.50000006
774.9146,650.50586,0.50000006,0.05917842,0.033389065,0.8801793,0.5000001,0.018772544,0.00013967746,0.0356262,0.0011996846,0.007749035,0.0027310057,0.031513065,1.0341752,0.06851191,0.0002430579,0.057166334
774.00824,15793.608,0.50000006,0.01838089,0.008303074,1.0104647,0.50000006,0.019415777,0.5000001,0.009053178,0.05077332,0.04867986,0.12737545,0.0019773191,1.0590173,0.0061226306,0.028450858,0.011705703
3527.0,58527.457,0.0,0.0,0.0,1.0,0.0,0.0,1.0,0.0,0.0,0.0,0.0,0.0,0.0,0.0,0.0,0.0
120.0,36096.16,1.0,0.0,0.0,0.0,0.0,0.0,1.0,0.0,0.0,0.0,0.0,0.0,0.0,0.0,0.0,0.0
4598.9478,13311.272,0.0024493523,0.13452032,0.032724693,0.5,0.50000006,0.06955554,0.036925342,0.1727555,0.08265288,0.051966365,0.11566033,0.005801001,0.5,0.07438745,0.10846391,0.018991925
7480.0,34012.812,0.0,0.0,0.0,1.0,0.0,0.0,1.0,0.0,0.0,0.0,0.0,0.0,0.0,0.0,0.0,0.0
6119.9995,908.7869,0.0,5.8609363e-05,0.0001439472,0.99995697,0.00014575022,0.0,0.50000006,0.0,0.00015826136,9.771241e-05,0.0,0.0001609405,0.99988264,2.257569e-05,2.551839e-05,2.5636838e-05
1281.0171,1006.3869,0.5000001,0.0745781,0.044205587,0.93568444,0.05569305,0.05936778,0.50000006,0.007627728,0.028698295,0.049258135,0.0037602498,0.0014948501,0.98396224,0.024405075,0.032275964,0.012149026
1278.0616,1004.8338,0.5000001,0.073869914,0.04117453,1.00884,0.00027236735,0.0472407,0.50000006,0.023921018,0.033261426,0.00012984786,0.009963137,0.013360859,0.9699571,0.00052114757,0.04277366,0.0027021295
540.0,39890.746,1.0,0.0,0.0,0.0,0.0,0.0,0.0,0.0,0.0,1.0,0.0,0.0,0.0,0.0,0.0,0.0
574.0,784.683,0.0,0.0,0.0,0.0,1.0,0.0,0.0,0.0,0.0,1.0,0.0,0.0,0.0,0.0,0.0,0.0
822.93915,1524.417,0.03077471,0.077815294,0.0005037715,0.49999997,0.010578144,0.018687295,0.50000006,0.0060502416,0.02991515,0.0031943903,0.049090963,0.027885191,1.0029924,0.05664587,0.0204457,0.041122645
1053.9998,11139.149,6.736113e-05,0.00036225017,0.00015178608,0.5,2.0358035e-05,0.000118635995,0.9998336,0.0,0.00016613402,0.00017520314,0.00013317823,0.0,0.0,0.0,5.767043e-05,0.00012471038
1279.0426,1004.6591,0.011671482,0.038046714,0.0059899623,0.49999997,0.50000006,0.030474097,0.018619984,0.089410976,0.50000006,0.077571355,0.00079410896,0.009078823,1.1058317,0.058587186,0.07486454,0.098652706
9986.0,49223.285,0.0,0.0,0.0,1.0,0.0,0.0,1.0,0.0,0.0,0.0,0.0,0.0,0.0,0.0,0.0,0.0
276.0,778.565,0.0,0.0,0.0,0.0,1.0,0.0,0.0,0.0,0.0,1.0,0.0,0.0,0.0,0.0,0.0,0.0
773.5,1.3648788,0.5000156,0.10283051,0.038787805,0.88507897,0.11807835,0.042659163,0.0857791,0.011814466,0.08977152,0.09914055,0.06808856,0.05376521,1.0179511,0.0019845585,0.12828521,0.5000055
746.05865,2459.425,0.50000006,0.053216204,0.0023333984,1.0935998,0.5000001,0.0014687007,0.018319309,0.065630645,0.9754908,0.018447941,0.017015092,0.055918872,0.030691175,0.028729971,0.018464563,0.0038509143
3313.0044,2516.5652,0.50000006,0.047715787,0.0051186485,1.028279,0.046071306,0.005670092,0.50000006,0.035984103,1.0240141,0.053773973,0.00897133,0.058447618,0.01124412,0.0033611387,0.004579741,0.03391817
774.08344,1.1949372,0.50000006,0.0844694,0.01890648,0.5,0.048216153,0.02912086,0.50000006,0.0012794512,0.032631338,0.010447162,0.0690977,0.032239374,0.9910546,0.0027327638,0.1163525,0.0277151
540.0,39903.21,1.0,0.0,0.0,0.0,0.0,0.0,0.0,0.0,0.0,1.0,0.0,0.0,0.0,0.0,0.0,0.0
2793.0,3360.994,0.50000006,3.9978702e-05,1.4800588e-05,1.0000304,4.278888e-05,0.0,2.4687411e-05,0.0,0.00010044018,8.041811e-05,0.0,2.5881307e-06,1.0000712,0.0,8.163855e-05,5.9482467e-05
180.0,27392.04,1.0,0.0,0.0,0.0,0.0,0.0,1.0,0.0,0.0,0.0,0.0,0.0,0.0,0.0,0.0,0.0
774.50006,38791.38,0.50000674,0.02491377,0.014104046,0.94265807,0.50000715,0.049225446,0.013431942,0.029765245,0.00026339083,0.01855133,0.12537295,0.08652459,1.0607859,0.055336665,0.14137608,0.04671059
9300.0,765.35706,4.8150116e-05,0.0,0.00010070204,1.1500101e-05,1.0000584,0.0,0.50000006,0.0,8.802591e-06,1.0000494,2.0074749e-05,0.0,0.0,0.0,2.0677535e-05,6.738205e-05
6120.0005,873.8432,0.023942446,0.015537244,0.010711662,1.0047851,0.50000006,0.025289215,0.50000006,0.0031358893,0.013302652,0.00036762437,0.002662761,0.0020642222,1.0057893,0.026212094,0.07852895,0.0015503331
1022.00006,7047.4707,5.3201093e-05,3.3587658e-05,9.9106794e-05,0.5,0.0,0.0,1.0000395,3.6288493e-05,5.64947e-05,1.2718691e-05,9.906816e-05,4.639955e-05,7.8223035e-05,2.558997e-05,5.1736562e-05,5.8604233e-05
6060.0,1483.32,2.1459282e-05,5.7008325e-05,4.4917866e-05,0.99990034,0.0,0.0,0.50000006,4.456038e-05,1.1368604e-05,4.0058745e-05,0.0,0.0,0.9999426,0.0,2.922649e-05,1.6949003e-05
9119.999,829.222,0.0001222219,1.0000197,3.7000766e-05,0.0001384404,0.00016944452,0.0,0.5000003,1.0003736,0.00030200012,0.0,0.0,0.000104550185,1.3319714e-05,9.843943e-05,3.68402e-05,9.475084e-05
591.9814,17872.322,0.50000006,0.025973832,0.011548615,0.5,0.020773359,0.037367105,0.05454217,0.035429753,0.04829943,0.00046968827,0.031247694,1.0459514,6.928922e-05,0.0669478,0.00087189587,0.0630908
12474.0,14005.393,0.0,0.0,0.0,1.0,0.0,0.0,1.0,0.0,0.0,0.0,0.0,0.0,0.0,0.0,0.0,0.0
13717.0,14005.342,0.0,0.0,0.0,1.0,0.0,0.0,1.0,0.0,0.0,0.0,0.0,0.0,0.0,0.0,0.0,0.0
1281.0402,1007.2844,0.50000006,0.0022323576,0.0041415244,0.928921,0.0023585514,0.03838272,0.50000006,0.000261124,0.015171004,0.0054704,0.04905025,0.01343764,0.99943995,0.07024772,0.0031183145,0.012566098
9299.999,591.07007,0.00016987856,6.380852e-05,0.00018860617,0.000103013524,1.0000538,0.00010194532,0.50000006,0.00025477543,0.00015234362,1.000171,0.0,0.00014766239,0.0,0.00029353666,0.00016716128,0.0001622711
180.0,38144.2,1.0,0.0,0.0,0.0,0.0,0.0,1.0,0.0,0.0,0.0,0.0,0.0,0.0,0.0,0.0,0.0
540.0,39924.15,1.0,0.0,0.0,0.0,0.0,0.0,0.0,0.0,0.0,1.0,0.0,0.0,0.0,0.0,0.0,0.0
2928.987,2112.378,0.50000006,0.05100673,0.07621506,0.97865206,0.041249663,0.007690102,0.011362675,0.014824883,0.5,0.051597863,0.06007762,0.017888589,0.011974214,0.009385479,0.0021010584,0.027425582
6241.0,46244.992,0.0,0.0,0.0,1.0,0.0,0.0,1.0,0.0,0.0,0.0,0.0,0.0,0.0,0.0,0.0,0.0
774.02405,6984.7197,0.50000006,0.03671141,0.04293443,1.0423019,0.0042148135,0.011504602,0.50000006,0.07903987,0.06868882,0.05007016,0.008058104,0.005490103,1.0190874,0.027130973,0.052780095,0.022291046
686.0,11136.347,0.50000006,1.1569203e-05,3.8838432e-05,0.9999306,0.0,0.0,1.0001292,3.1380838e-05,0.0,0.0,5.970612e-05,2.4002371e-05,3.0036006e-05,1.918852e-05,0.0,2.4406378e-05
6120.0,812.4,5.8102964e-05,0.0,0.0001237019,1.0000036,2.9943287e-05,9.538307e-05,0.50000006,0.0,5.100381e-05,1.4158556e-05,9.05884e-05,0.0,1.000025,0.0,0.0,2.1378726e-05
120.046394,101.88394,0.50000006,0.9734328,0.03587645,0.00024118276,0.023785794,0.025897121,0.50000006,0.007851111,0.0008434608,0.022281753,0.05627665,0.00013837086,0.002596636,0.9880641,0.071652316,0.05873666
612.0,59008.707,0.0,0.0,0.0,1.0,0.0,0.0,0.0,0.0,0.0,0.0,0.0,0.0,1.0,0.0,0.0,0.0
1275.8854,1006.9931,0.013376767,0.13624765,0.017387377,0.5,0.50000006,0.002486427,0.022670388,0.11290843,0.50000006,0.06436215,0.040505964,0.05410792,0.99372417,0.009226723,0.00014591229,0.0048452253
494.0,2216.114,0.0,0.0,0.0,0.0,1.0,0.0,0.0,0.0,0.0,1.0,0.0,0.0,0.0,0.0,0.0,0.0
3312.9575,2407.5457,0.50000006,0.013267189,0.019964376,1.0185678,0.01448538,0.037898265,0.05467812,0.008528632,0.5,0.00084383204,0.00044210037,0.037196103,0.055786762,0.0118789915,0.023084236,0.021114042
3378.922,2866.962,0.07789261,9.265305e-05,0.0015393776,0.5,0.014000655,0.017537957,0.50000006,0.021217592,0.9936185,0.015990747,0.0032512124,0.088601485,0.0576941,0.011305698,0.00084333454,0.079578616
818.97974,2424.972,0.50000006,0.02737816,0.025797473,0.9681002,0.03815352,0.022255229,0.038707245,0.0037473922,0.96369714,0.04369229,0.03448468,0.04169131,0.013179385,0.04173638,0.004188439,0.50000006
854.0,7063.835,7.691674e-05,2.3792018e-05,5.677631e-05,0.5,0.0,3.8907896e-05,1.0000496,0.0,0.0,0.0,0.00011429971,0.0,3.960442e-05,0.0,6.9079346e-05,5.1263264e-06
2760.9792,23556.38,8.923885e-05,0.02594629,0.006775643,0.5,0.50000006,0.00028935733,0.98400325,0.040687993,0.0048884163,0.04390224,0.035183508,0.00020343626,0.00561256,0.01573254,0.013022532,0.014800935
8738.0,22095.705,0.0,0.0,0.0,1.0,0.0,0.0,1.0,0.0,0.0,0.0,0.0,0.0,0.0,0.0,0.0,0.0
773.99805,11223.456,0.036213707,0.010059796,0.0004653942,0.5,0.023012988,0.031278066,0.014043142,0.04467635,0.50000006,0.025604738,0.0068357782,0.02824638,0.97768015,0.07883994,0.011596756,0.0151661225
948.0,9087.388,1.5645674e-05,0.0,3.6728004e-05,0.5,7.6285076e-05,0.0,0.99999124,1.6258122e-06,0.0,0.0,0.00010371949,6.645088e-05,4.1272924e-05,5.3185602e-05,7.258364e-06,3.630036e-05
120.03746,101.92844,0.008548213,1.0557258,0.015914232,0.021875368,0.5000001,0.04127566,0.50000006,0.049660698,0.0068715652,0.0021827656,0.029510843,0.0031678597,0.0013311281,1.0526127,0.026986927,0.031651154
360.0,6939.097,1.0,0.0,0.0,0.0,0.0,0.0,0.0,0.0,0.0,1.0,0.0,0.0,0.0,0.0,0.0,0.0
841.0756,95.614494,0.50000006,0.027675873,0.015783858,1.0783694,0.50000006,0.016164936,0.069270924,0.042529345,0.035588637,0.013114846,0.00077103154,0.001110274,0.9774516,0.031459015,0.010187006,0.013311332
2871.029,2493.9253,0.50000006,0.04494079,0.014480732,1.0956587,0.089256324,0.07766417,0.008533694,0.032565568,0.5,0.07116389,0.035937343,0.05798109,0.03236431,0.0012669918,0.052923437,0.009153794
1042.0,9088.385,0.00014789139,8.025098e-05,0.000120928074,0.49999997,0.00022440634,0.0001225784,0.99993235,0.0,0.0002573224,0.0,8.84947e-05,0.00011548803,0.0,3.634906e-05,0.00020264891,5.9523907e-05
119.99206,100.249954,0.015472488,0.9190215,0.051344186,0.057412665,0.009641881,0.06267114,0.50000006,0.007910084,0.50000006,0.0014160263,0.009638633,0.022686575,0.00068390573,0.98625237,0.014677073,0.01724688
2569.0046,1980.2682,0.0020073485,0.0359386,0.0008110987,0.9707965,0.5000001,0.056876965,0.50000006,0.05284124,1.0117348,0.01877138,0.061749585,0.01407879,0.018865058,0.000622491,0.0027459164,0.035964906
793.9287,245.90782,0.16116188,0.038756806,0.034037698,0.96261394,0.5000001,0.021395316,0.50000006,0.017264323,1.0709093,0.10906247,0.031228082,0.029660646,0.00465963,0.009291916,0.054409645,0.50000006
1279.0703,1004.7743,0.50000006,0.004055778,0.0007081982,0.98646384,0.0040973816,0.03025316,0.50000006,0.011857691,0.015526791,0.01418274,0.00013146715,0.008872717,1.0268294,0.036931697,0.0041308533,0.007593723
9990.0,15810.866,0.0,0.0,0.0,1.0,0.0,0.0,1.0,0.0,0.0,0.0,0.0,0.0,0.0,0.0,0.0,0.0
229.01352,0.4183322,0.022302235,0.059726775,0.060146894,0.5,0.50000006,0.013702362,0.004477429,0.007059338,0.020231446,0.016915588,0.04471114,0.019947903,0.9591611,0.0022429202,0.031364303,0.059831034
120.00912,100.45208,0.50000006,1.0602342,0.103838146,0.0032197891,0.012457997,0.013156696,0.5000001,0.07501392,0.030130008,0.07700238,0.016903881,0.026935445,0.03623434,0.9332849,0.00068551605,0.09182703
7474.0,26011.035,0.0,0.0,0.0,1.0,0.0,0.0,1.0,0.0,0.0,0.0,0.0,0.0,0.0,0.0,0.0,0.0
9986.0,49274.113,0.0,0.0,0.0,1.0,0.0,0.0,1.0,0.0,0.0,0.0,0.0,0.0,0.0,0.0,0.0,0.0
9119.999,860.055,0.00016390461,1.0001029,0.0,1.842529e-05,0.00010762172,0.0,0.50000024,0.99974835,0.000108204826,0.0,0.0002853428,8.1141385e-05,0.00014254241,0.0,0.00017766283,0.0001938104
180.0,28159.656,1.0,0.0,0.0,0.0,0.0,0.0,1.0,0.0,0.0,0.0,0.0,0.0,0.0,0.0,0.0,0.0
247739.0,0.0,,,,247739.0,,,,,,,,,0.0,,,
1487.94,31054.4,0.00037690796,0.04153911,0.027333599,1.0956131,0.50000006,0.008842578,0.036299713,0.08025829,0.9649882,0.11689345,0.0023825187,0.026215002,0.026627585,0.008661401,0.022453701,0.5000002
2686.9612,22352.896,0.50000006,0.036470875,0.018492946,1.0271602,0.041739997,0.002543145,0.99666214,0.095494665,0.03244356,0.013497951,0.026203962,0.044382785,0.03405494,0.035323173,0.027676312,0.5000001
773.94574,15486.219,0.5000001,0.1346326,0.1610953,0.49999997,0.028820079,0.0033545299,0.20470147,0.07779667,0.012127954,0.1355092,0.15565245,0.070543386,0.49999997,0.05284183,0.024327628,0.08065931
1279.0398,1005.15497,0.50000006,0.002531876,0.06985499,0.9856879,0.050013803,0.00081054267,0.5000001,0.043892667,0.05752372,0.00025280434,0.05757937,0.022993721,1.0084012,0.056582358,0.0037064902,0.11028644
591.99994,4097.185,0.50000006,4.4886197e-06,4.015359e-05,1.0000751,0.0001073928,4.4970056e-05,0.0,0.0,0.0,0.0,0.0,0.99991983,0.0,6.9073445e-05,1.1966621e-05,1.9269786e-05
4099.908,13056.291,0.02935882,0.02046292,0.064437404,0.5,0.0069435923,0.013173768,0.50000006,0.004922646,0.025540374,0.05207467,0.030874394,0.110016525,1.0193346,0.06366091,0.011945508,0.0047485577
540.0,39970.812,1.0,0.0,0.0,0.0,0.0,0.0,0.0,0.0,0.0,1.0,0.0,0.0,0.0,0.0,0.0,0.0
831.01636,571.3246,0.012249461,0.021036744,0.03591561,0.5,0.008533972,0.029109035,0.50000006,0.07170739,0.01499161,0.012785602,0.03003004,0.034643922,0.95672894,0.064878285,0.06127195,0.0121906465
16239.0,43059.812,0.0,0.0,0.0,1.0,0.0,0.0,1.0,0.0,0.0,0.0,0.0,0.0,0.0,0.0,0.0,0.0
222.00006,21413.104,0.50000006,6.8291614e-05,0.000108451226,1.0000311,0.0,2.5552814e-05,6.0243172e-05,6.8391905e-06,0.0,7.202985e-05,0.0,0.9999924,0.0,2.1760594e-05,3.695919e-05,8.019791e-05
2957.0,5523.23,0.0,0.0,0.0,1.0,0.0,0.0,0.0,0.0,1.0,0.0,0.0,0.0,0.0,0.0,0.0,0.0
4070.0,25854.867,5.9407626e-05,0.00010488155,4.6655765e-05,0.5,0.0,9.148189e-05,0.9999603,6.230121e-05,1.0367803e-06,0.0,8.6772045e-05,3.9725623e-05,4.0587114e-05,1.8577117e-05,0.0,0.0
773.9574,18989.027,0.50000006,0.04232977,0.11217514,1.0478759,0.50000006,0.019211506,0.05480089,0.0509463,0.04607567,0.027926905,0.036606856,0.047569003,0.5,0.0075362595,0.015926689,0.0019422331
830.8892,2839.8057,0.50000006,0.01321448,0.05809679,0.5,0.031066956,0.01696672,0.002902064,0.0050633946,0.96671593,0.078961685,0.026127541,0.059486687,0.032743547,0.03824829,0.058267273,0.0025850341
774.0524,1.7821733,0.01310464,0.0018617044,0.0030620736,0.5,0.0023424784,0.0015831885,0.50000006,0.0055668163,0.08708883,0.041525315,0.08088163,0.0018631701,0.9805083,0.008808522,0.011318819,0.025493812
7481.0,34011.996,0.0,0.0,0.0,1.0,0.0,0.0,1.0,0.0,0.0,0.0,0.0,0.0,0.0,0.0,0.0,0.0
335.0,10000.251,0.0,0.0,0.0,1.0,0.0,0.0,0.0,0.0,1.0,0.0,0.0,0.0,0.0,0.0,0.0,0.0
2162.0005,2015.3657,0.5000001,0.037378345,0.004368545,1.0840175,0.50000024,0.029987648,0.018614542,0.086975254,0.03800498,0.036671888,0.009920577,0.051563058,0.9629104,0.0016882794,0.059617244,0.0022706839
773.9199,2.586267,0.0016347754,0.08695253,0.0014692331,1.0892519,0.50000006,0.027555767,0.50000006,0.12770435,0.014952164,0.13735878,0.0050020367,0.07814239,0.5,0.0058058337,0.009005142,0.009345199
120.0,31840.043,1.0,0.0,0.0,0.0,0.0,0.0,1.0,0.0,0.0,0.0,0.0,0.0,0.0,0.0,0.0,0.0
1278.8989,1007.5283,0.024848307,0.07883688,0.031254835,0.9784173,0.014202739,0.11636636,0.50000006,0.075548574,0.015135006,0.00075314415,2.558013e-05,0.007970939,0.5,0.12562759,0.040095106,0.5000001
3869.0,58856.254,0.0,0.0,0.0,1.0,0.0,0.0,1.0,0.0,0.0,0.0,0.0,0.0,0.0,0.0,0.0,0.0
3312.9543,2407.3818,0.50000006,0.031497076,0.020306036,1.0023497,0.039604206,0.045886137,0.50000006,0.06670001,1.0421623,0.00089616183,0.023627618,0.0009916093,0.037131153,0.033627775,0.06404677,0.009775638
14951.0,23021.734,0.0,0.0,0.0,1.0,0.0,0.0,1.0,0.0,0.0,0.0,0.0,0.0,0.0,0.0,0.0,0.0
773.9916,2106.7832,0.50000006,0.005951327,0.046853483,1.0130472,0.071415894,0.017642295,0.5000001,0.0180676,0.095635474,0.041762117,0.036230434,0.04882525,1.0375577,0.025773205,0.008359903,3.353128e-05
9300.0,680.80096,0.00017248142,1.1086384e-05,0.0,2.919289e-05,1.0000213,5.232117e-05,0.50000006,1.4382988e-05,0.0,0.99996245,7.126727e-05,0.0,6.408229e-06,1.4447505e-05,4.838408e-05,7.920554e-05
9120.0,823.311,7.445014e-06,0.9999559,0.0,1.5169283e-05,4.833738e-05,0.00014360053,0.50000006,1.0000861,4.5841512e-05,4.5143974e-05,0.0,0.0,0.0,1.40417005e-05,0.00010753342,8.8378954e-05
2344.9844,21926.098,0.50000006,0.04135216,0.0007586339,1.0770878,0.50000006,0.027414924,0.9829597,0.036099926,0.031766787,0.018863983,0.012949992,0.024629744,0.06770138,0.010001797,0.026620707,0.06400728
120.0,32256.14,1.0,0.0,0.0,0.0,0.0,0.0,1.0,0.0,0.0,0.0,0.0,0.0,0.0,0.0,0.0,0.0
540.0,39926.793,1.0,0.0,0.0,0.0,0.0,0.0,0.0,0.0,0.0,1.0,0.0,0.0,0.0,0.0,0.0,0.0
3312.9976,2280.6055,0.0050159222,0.033627253,0.024985647,0.914893,0.024390694,0.010744805,0.011225241,0.038229506,0.49999997,0.0065861917,0.008102388,0.013861612,0.08868098,0.028878357,0.10631961,0.50000024
840.0261,1908.2413,0.040714152,0.003039448,0.0002915227,0.5,0.03911315,0.013933357,0.005041565,0.076546736,0.98448473,0.07559407,0.0043064584,0.0150019955,0.048520215,0.00852073,0.04627377,0.50000006
5606.0,636.33,0.0,0.0,0.0,1.0,0.0,0.0,0.0,0.0,0.0,0.0,0.0,0.0,1.0,0.0,0.0,0.0
3721.9888,6655.652,0.008978188,0.0014431524,0.015266364,1.0222639,0.50000006,0.021477457,0.5000001,0.0065635075,0.007124543,0.075111896,0.02616734,0.048282463,1.0050197,0.005648543,0.001518051,0.0035624641
951.99994,9087.196,4.7527512e-05,0.00012851098,1.8091903e-05,0.5,3.0400113e-06,3.8427206e-06,0.999964,8.246222e-05,8.47229e-05,0.0,8.526521e-05,0.000110759276,0.0,8.543662e-06,7.260914e-05,8.570206e-05
2894.974,2759.9036,0.0044396077,0.04276929,0.015017522,1.0210946,0.5000001,0.011675382,0.50000006,0.01102283,0.9916924,0.028670063,0.0030353009,0.044527233,0.04519712,0.003245941,0.084800094,0.02263664
773.5,36153.99,0.05101502,0.00423311,0.0025753928,0.49999148,0.5000042,0.016543828,0.058611766,0.044387143,0.020919424,0.091751665,0.20605114,0.07940726,0.94215167,0.0016711173,0.13483272,0.011122186
498.0,59015.79,0.0,0.0,0.0,1.0,0.0,0.0,0.0,0.0,1.0,0.0,0.0,0.0,0.0,0.0,0.0,0.0
2929.0312,2247.8489,0.01562624,0.026611172,0.00020032864,0.5,0.06425198,0.00053377857,0.50000006,0.024552345,1.021201,0.06413862,0.0644054,0.034024786,0.02531517,0.006699571,0.05605322,0.006168781
4992.0,49269.24,0.0,0.0,0.0,1.0,0.0,0.0,1.0,0.0,0.0,0.0,0.0,0.0,0.0,0.0,0.0,0.0
2758.9229,23038.055,0.50000006,0.08574215,0.038704243,0.9766005,0.008474103,0.099334344,0.99155366,0.026059927,0.027348751,0.024857497,0.0070977216,0.0045100115,0.018453084,0.059979144,0.051848035,0.5000001
6060.0,1483.464,0.0,0.000103475046,5.3719956e-05,0.9999905,0.0,3.528767e-05,0.50000006,0.0,4.5086813e-06,0.0,0.0,0.00014991591,0.9999512,0.0,0.000104788065,4.0396477e-05
783.95123,2174.71,0.036384378,0.03721928,0.03444074,0.9936643,0.50000006,0.055457514,0.011882489,0.053555384,0.010590714,0.020662146,0.008079032,0.027286736,1.0738899,0.004639137,0.024899231,0.50000006
2937.1345,2851.9043,0.045210056,0.034290805,0.037163794,1.0236058,0.50000006,0.014050836,0.50000006,0.031853464,1.0082146,0.06038547,0.055224594,0.008054991,0.04031878,0.0014227048,0.08531308,0.018463591
1279.977,1004.76117,0.50000006,0.03950847,0.022079445,0.9814102,0.007024144,0.069395535,0.50000006,0.0016982578,0.051639065,0.069734074,0.046610042,0.09042664,1.0307136,0.04777458,0.013898704,0.039877415
694.0001,9091.886,7.820062e-05,0.0,9.7947384e-05,0.5,0.0,3.163542e-05,1.0000545,7.1250244e-05,0.0,5.856709e-06,0.0,5.720989e-05,0.0,2.6966285e-05,2.8284647e-05,0.000108221626
1279.0247,1005.4218,0.50000006,0.024390554,0.022518277,1.0237341,0.0042476277,0.047502138,0.50000006,0.038088758,0.010648089,0.009962155,0.073881865,0.037958752,1.0346196,0.027961012,0.01801415,0.054509804
1280.0046,1007.78217,0.5000002,0.030270828,0.13356476,0.9947243,0.04079597,0.012263627,0.50000006,0.010591443,0.006870163,0.0008259499,0.013106126,0.043410745,0.9533129,0.0059773102,0.045779034,0.021420324
855.0117,1686.1187,0.50000006,0.0016908251,0.031957243,0.5,0.022765165,0.036521688,0.05045075,0.025925558,1.0319214,0.0047217277,0.013620684,0.03008454,0.018621296,0.072275884,0.054160357,0.0009905729
120.0,37888.07,1.0,0.0,0.0,0.0,0.0,0.0,1.0,0.0,0.0,0.0,0.0,0.0,0.0,0.0,0.0,0.0
120.0,35328.145,1.0,0.0,0.0,0.0,0.0,0.0,1.0,0.0,0.0,0.0,0.0,0.0,0.0,0.0,0.0,0.0
119.99822,100.77906,0.03911441,1.0563337,0.021816937,0.023102129,0.50000006,0.010376412,0.50000006,0.07151413,0.002170288,0.090848446,0.005471101,0.047514983,0.030010007,1.0078558,0.014175679,0.009579204
16239.0,43061.65,0.0,0.0,0.0,1.0,0.0,0.0,1.0,0.0,0.0,0.0,0.0,0.0,0.0,0.0,0.0,0.0
773.97375,1.3576356,0.02333813,0.021671774,0.010963423,0.5,0.0063429857,0.0023755187,0.50000006,0.031326883,0.012148645,0.029437179,0.048472203,0.045870975,0.9959782,0.020634506,0.007861787,3.05733e-05
60.0,60640.207,1.0,0.0,0.0,0.0,0.0,0.0,1.0,0.0,0.0,0.0,0.0,0.0,0.0,0.0,0.0,0.0
11211.0,18006.064,0.0,0.0,0.0,1.0,0.0,0.0,1.0,0.0,0.0,0.0,0.0,0.0,0.0,0.0,0.0,0.0
1281.9484,1003.91504,0.50000006,0.011295405,0.109630026,1.0064361,0.050800953,0.06972704,0.5000001,0.02281522,0.0042613572,0.025209622,0.071717605,0.009018239,0.9028187,0.016926996,0.037211765,0.02751336
3313.0168,2529.9463,0.012246114,0.013424226,0.0036841657,0.87625813,0.07620325,0.012096727,0.056209017,0.06060418,0.5,0.026986085,0.00847416,0.0050788545,0.0607765,0.013876496,0.0027423038,0.50000006
3269.0037,3360.4565,0.5000001,0.0056701177,0.0312962,1.0217679,0.0054758172,0.04719348,0.004208351,0.0044371337,0.012916505,0.04912229,0.11080438,0.02203763,1.0162559,0.0021139046,0.03287752,0.50000006
1279.978,1006.7088,0.50000006,0.01891153,0.0024269337,0.9788647,0.04138011,0.020328324,0.50000006,0.005484495,0.02054276,0.034613382,0.035262186,0.012710678,0.99509627,0.03846826,0.060384344,0.027879255
8736.0,32647.012,0.0,0.0,0.0,1.0,0.0,0.0,1.0,0.0,0.0,0.0,0.0,0.0,0.0,0.0,0.0,0.0
84.999985,30361.057,0.50000006,0.0,8.946817e-05,1.000014,0.0,0.00017108889,0.99995387,0.0,5.353219e-05,9.014088e-06,4.2006715e-05,3.1289615e-05,0.0,0.0,0.0,5.5493165e-05
120.00308,101.528336,0.04395816,1.0395074,0.016124172,0.05959364,0.50000006,0.025565738,0.50000006,0.055176288,0.022910574,0.017940516,0.007146605,0.049009524,0.0014330791,0.98460686,0.080763966,0.07722617
9300.0,592.05194,2.6121812e-05,0.0,3.921134e-05,9.27305e-05,0.99991244,0.0,0.50000006,6.049393e-05,3.9236027e-05,1.0000355,4.5794015e-05,7.84233e-05,0.0,5.0918875e-06,0.0,4.0907616e-06
3312.9412,2140.589,0.50000006,0.01362195,0.062205676,1.0162402,0.041906334,0.00017486092,0.50000006,0.01936512,1.0376586,0.054561608,0.0010721866,0.024127878,0.018331286,0.04669814,0.06339546,0.0035473017
6119.994,902.6161,0.030913899,0.0076073622,0.036240693,0.9998793,0.08739327,0.02278647,0.50000006,0.006319284,0.112912074,0.00059280824,0.02679998,0.06563085,0.99616325,0.50000006,0.0032473842,0.038821712
3236.0,1667.517,0.50000006,0.0,7.3179544e-05,0.99997777,0.00012142747,2.9967765e-05,0.000100853824,0.0,3.2297634e-05,2.5141062e-05,0.00012475168,0.0,1.0000055,5.680479e-05,8.791216e-05,0.0
3060.0,56.131,0.0,0.0,0.0,1.0,0.0,0.0,0.0,0.0,0.0,0.0,0.0,0.0,1.0,0.0,0.0,0.0
9974.0,17201.773,0.0,0.0,0.0,1.0,0.0,0.0,1.0,0.0,0.0,0.0,0.0,0.0,0.0,0.0,0.0,0.0
552.0,755.291,0.0,0.0,0.0,0.0,1.0,0.0,0.0,0.0,0.0,1.0,0.0,0.0,0.0,0.0,0.0,0.0
1114.9999,9500.059,0.50000006,0.00010572099,1.7849412e-05,0.99997574,0.0,0.0,0.0,0.00018898332,0.99980146,0.0,9.8370765e-05,3.1755768e-05,0.0001606099,8.086716e-06,0.0,0.00013766155
4284.0933,26367.553,0.0037962222,0.025197372,0.030817049,0.49999997,0.0033152401,0.044275396,0.50000006,0.013090984,0.060245436,0.020279292,0.061116617,0.00011760979,0.5,0.0035791774,0.005236171,0.018012404
119.95449,100.13837,0.013391464,1.0766355,0.03799328,0.03872972,0.015287364,7.519774e-05,0.50000006,0.025728622,0.021213043,0.0006957827,0.015065421,0.00015353481,0.015025538,0.5,0.02428327,0.03070104
9180.0,647.116,0.00012961517,1.0000842,5.7546218e-05,6.8902277e-06,0.0,1.5005305e-05,0.50000006,0.9999142,8.047902e-06,4.7052785e-05,7.100699e-05,0.0,0.0,2.2464765e-05,0.0,0.0
612.0,59018.723,0.0,0.0,0.0,1.0,0.0,0.0,0.0,0.0,0.0,0.0,0.0,0.0,1.0,0.0,0.0,0.0
1280.0853,1005.80865,0.015629934,0.025506621,0.052858237,0.5,0.006682615,0.13619566,0.50000006,0.037472323,0.14478281,0.08022626,0.05232253,0.009183729,0.8789194,0.082383804,0.10491233,0.50000006
9240.001,680.6903,0.00013869618,0.9999294,0.0001715541,0.00030730685,0.00031861765,0.0,0.5000001,1.000024,0.00010230954,0.0,4.482754e-05,0.000101314596,5.762646e-05,7.9564874e-05,5.944904e-05,0.00013789436
6120.0,828.6891,3.0960604e-05,1.8678613e-05,1.6891034e-05,1.0000057,5.2988685e-06,6.969836e-05,0.50000006,0.00016179653,0.00017832035,4.829072e-05,0.0,7.0246366e-05,1.0000539,1.8333561e-05,3.205261e-05,6.142326e-05
9300.0,594.049,0.0,0.0,5.6048364e-05,1.6168522e-05,1.0000902,0.0,0.50000006,5.4150933e-05,8.8408524e-05,1.0000274,0.0,4.5431956e-05,0.00010680191,3.6643785e-05,4.519248e-06,0.0
120.0,38400.156,1.0,0.0,0.0,0.0,0.0,0.0,1.0,0.0,0.0,0.0,0.0,0.0,0.0,0.0,0.0,0.0
540.0,39958.89,1.0,0.0,0.0,0.0,0.0,0.0,0.0,0.0,0.0,1.0,0.0,0.0,0.0,0.0,0.0,0.0
774.50006,1.2383329,0.053458743,0.060316622,0.020013155,0.4999997,0.02506906,0.0071492475,0.016265023,0.0943868,0.03504216,0.083051205,0.108136296,0.115385674,0.49998388,0.0134296985,0.11461427,0.021062875
3313.0093,2324.0295,0.5000001,0.008458999,0.0132357525,0.99725515,0.0012094635,0.027882831,0.50000006,0.044209234,1.050184,0.008132711,0.0043304856,0.048751265,0.012348434,0.004115355,0.001555824,0.037364893
6119.993,878.59656,0.06882022,0.0082335,0.06370985,0.97238886,0.0166989,0.060226638,0.5000001,0.05025195,0.03170841,0.01778144,0.044570066,0.008268711,0.49999997,0.009000941,0.025712775,0.016850112
6120.0005,923.7401,0.0,0.0,3.248458e-05,0.99995196,9.316217e-05,0.0,0.50000006,3.9335566e-05,0.0,6.121332e-05,0.0,0.00017064161,0.9999945,3.110334e-05,0.0,6.697632e-05
120.0,35328.266,1.0,0.0,0.0,0.0,0.0,0.0,1.0,0.0,0.0,0.0,0.0,0.0,0.0,0.0,0.0,0.0
120.0,38400.098,1.0,0.0,0.0,0.0,0.0,0.0,1.0,0.0,0.0,0.0,0.0,0.0,0.0,0.0,0.0,0.0
3073.014,3265.7466,0.50000006,0.009624431,0.059156407,0.99737775,0.50000006,0.003693129,0.033417482,0.02010844,0.0022348976,0.10639099,0.080799714,0.01272088,1.0715722,0.023460265,0.05223716,0.019174112
847.0,9106.882,4.6303787e-05,0.00011279228,2.3278253e-05,0.5,3.646028e-05,0.0,0.9999702,0.0,0.0,0.0,9.424535e-05,4.122122e-05,2.2789485e-05,8.573889e-05,0.0,2.8279517e-05
120.0,50944.344,1.0,0.0,0.0,0.0,0.0,0.0,1.0,0.0,0.0,0.0,0.0,0.0,0.0,0.0,0.0,0.0
1280.7946,1003.5292,0.007911508,0.008079705,0.107783616,0.49999997,0.2040178,0.04437578,0.5000001,0.13177806,0.50000006,0.0014974336,0.05280904,0.028577313,0.97232527,0.08386876,0.13658172,0.026795931
119.99857,101.30815,0.50000006,0.94430417,0.078021765,0.003990773,0.50000006,0.03906779,0.057757832,0.106380224,0.06391603,0.08242815,0.041198496,0.50000006,0.030439535,0.90109915,0.0015824576,0.19119589
9180.0,706.36096,0.0,0.9999587,4.8396516e-05,7.3242377e-06,0.0,1.4048425e-05,0.50000006,1.0000263,0.000110222325,8.1577564e-05,3.320815e-05,0.0,8.257977e-05,4.6218054e-05,2.4515586e-05,0.0
9300.0,593.253,4.5881767e-05,0.0,6.417154e-06,3.9013958e-05,0.99998236,0.0,0.50000006,5.644941e-05,6.248482e-05,0.99990785,1.1975541e-05,5.278974e-05,8.249782e-05,0.00016217616,6.585774e-05,5.562789e-06
6059.9795,873.71857,0.50000006,0.003639774,0.01333463,1.0147395,0.00020985623,0.0144233145,0.5000002,0.0021098857,0.052659865,0.050345134,0.020922456,0.04192534,0.95729744,0.032218635,0.06063262,0.0031109047
3625.0,58751.56,0.0,0.0,0.0,1.0,0.0,0.0,1.0,0.0,0.0,0.0,0.0,0.0,0.0,0.0,0.0,0.0
9360.0,590.279,0.0,7.007572e-05,0.00013003367,6.1061306e-05,0.99992174,5.143733e-05,0.50000006,0.0,0.0,0.99995565,0.0,3.0217601e-05,0.00011410635,0.0,2.6823025e-05,6.560299e-05
832.02386,6636.032,0.049616855,0.020544356,0.0056372257,0.5,0.0186916,0.013559691,0.07914001,0.0874567,1.0641537,0.05053624,0.055169962,0.034017906,0.027903503,0.5000001,0.029786197,0.05944982
540.0,39965.977,1.0,0.0,0.0,0.0,0.0,0.0,0.0,0.0,0.0,1.0,0.0,0.0,0.0,0.0,0.0,0.0
174.00046,78687.4,0.0,0.0018486643,0.00064361,0.49999824,4.3617125e-05,0.00037896616,0.99905926,0.0,0.0,0.00077950227,6.049767e-05,0.000784854,0.0,0.00016017334,0.001935156,0.0006566672
2938.0,46.276,0.0,0.0,0.0,0.0,1.0,0.0,1.0,0.0,0.0,0.0,0.0,0.0,0.0,0.0,0.0,0.0
6120.0,829.54315,3.260456e-05,7.9401165e-05,0.0,0.99998957,9.553007e-05,2.1971398e-05,0.50000006,2.6566531e-05,7.122407e-05,3.1259133e-05,6.2754654e-05,0.0,0.99998564,0.00010359803,0.0,0.00010946844
498.0,58009.06,0.0,0.0,0.0,1.0,0.0,0.0,0.0,0.0,1.0,0.0,0.0,0.0,0.0,0.0,0.0,0.0
425.0,9.437,0.0,0.0,0.0,1.0,0.0,0.0,0.0,0.0,1.0,0.0,0.0,0.0,0.0,0.0,0.0,0.0
83.006424,7038.3516,0.50000006,0.034878932,0.074880056,0.97278804,0.018304365,0.056270886,0.015007991,0.010028256,0.04842,0.02784298,0.026794374,0.0051956545,0.9364904,0.04075042,0.50000006,0.00044589053
120.0,46079.793,1.0,0.0,0.0,0.0,0.0,0.0,1.0,0.0,0.0,0.0,0.0,0.0,0.0,0.0,0.0,0.0
9180.001,865.254,0.0,0.9998891,6.345221e-05,0.00010781971,0.0,0.0,0.5000003,0.99996895,0.0,0.0,0.00022415906,8.3783656e-05,6.7577115e-05,0.00015595427,0.00031557988,0.0
784.0,5391.319,0.0,0.0,0.00013851713,0.5,0.0,0.0,2.0782432e-05,5.280396e-05,0.9999037,3.7910493e-05,2.9724903e-05,8.001071e-05,0.0,0.0,3.612411e-05,3.0279594e-05
6120.0,855.85803,7.675922e-05,6.447742e-05,0.0,0.99997073,0.00017209243,7.2667e-05,0.50000006,9.4732924e-05,2.8707967e-05,0.0,0.0,4.396515e-05,0.99997467,9.40552e-06,1.3440875e-07,6.923994e-05
1023.0226,7030.06,0.50000006,0.10551205,0.08326064,0.9768674,0.50000006,0.014084661,1.0529393,0.0012757294,0.060315248,0.0047341315,0.014611966,0.00106183,0.017734213,0.012643748,0.019941015,0.009393887
2953.0356,2427.8455,0.026307957,0.05842163,0.021618038,0.49999997,0.0045962827,0.023499714,0.50000006,0.008183105,1.033237,0.00093437405,0.021416709,0.029301846,0.06465039,0.004976735,0.07082835,0.02137015
3312.9795,2563.4275,0.028061353,0.017371735,0.050389357,0.5,0.024437353,0.024547243,0.50000006,0.042792898,1.0515614,0.04501897,0.110956214,0.060816206,0.040275853,0.053433303,0.018302735,0.029798068
9360.001,658.3821,0.00013594773,0.00031316615,0.00018659922,0.0001355182,0.999811,0.00013011179,0.50000024,0.0,9.790112e-05,1.0001405,0.000102053666,0.0,6.465584e-05,4.8441063e-07,0.00014322152,0.0
9240.0,684.1271,4.2739277e-05,0.9999362,0.000102402424,0.0,8.383497e-06,5.189677e-05,0.50000006,1.0000327,0.00010438383,0.0,2.3830036e-05,0.0,0.0,1.3552432e-05,5.7460788e-05,0.000112511945
132.0,0.621,0.0,0.0,0.0,0.0,1.0,0.0,1.0,0.0,0.0,0.0,0.0,0.0,0.0,0.0,0.0,0.0
425.0,23.31,0.0,0.0,0.0,1.0,0.0,0.0,0.0,0.0,1.0,0.0,0.0,0.0,0.0,0.0,0.0,0.0
221.99991,1023.9391,0.50000006,4.1762505e-05,0.0,1.0000683,6.9884605e-05,0.0001208426,2.2040747e-05,0.0,4.275946e-05,7.63451e-05,0.0,0.9999371,8.947181e-05,0.0,0.0,0.0
1279.0096,1006.8243,6.678431e-05,0.036339443,0.07698822,0.5,0.100501195,0.021453992,0.06937458,0.10349974,0.0015514641,0.01690887,0.0011412936,0.041925076,0.5,0.0075127594,0.07067066,0.50000006
518.00006,15235.574,0.50000006,5.4743217e-05,5.224952e-05,0.99993813,0.0,6.9025715e-05,0.9999314,0.0,9.095686e-05,0.0,0.0,7.5352444e-05,9.03349e-05,0.0,7.610124e-05,6.546717e-06
2928.9878,2452.7356,0.50000006,0.0029216686,0.0061667203,1.0044464,0.023451718,0.03746071,0.50000006,3.4674158e-05,1.0287336,0.012778098,0.040484782,0.003186735,0.00069195137,0.011236157,0.04006886,0.054801777
7501.0,35149.977,0.0,0.0,0.0,1.0,0.0,0.0,1.0,0.0,0.0,0.0,0.0,0.0,0.0,0.0,0.0,0.0
7501.0,30228.057,0.0,0.0,0.0,1.0,0.0,0.0,1.0,0.0,0.0,0.0,0.0,0.0,0.0,0.0,0.0,0.0
1023.99994,7035.122,0.0,1.1993831e-05,0.0,0.5,1.2181786e-05,2.8031092e-05,0.99995136,6.5955e-05,5.144329e-06,1.7938844e-05,8.628555e-05,5.7076384e-05,4.2530875e-05,1.9368801e-05,0.00013908446,9.685819e-05
773.982,52334.004,0.03177498,0.011428875,0.06416353,0.5,0.028887294,0.07142454,0.06791422,0.058274418,0.50000006,0.020746661,0.0029315795,0.017241694,0.95545036,0.013119135,0.00026533898,0.0057403753
3313.0317,2553.5112,0.08657759,0.08038888,0.07328804,0.94728225,0.07166608,0.009640059,0.0007129076,0.018963927,0.5,0.023873238,0.009075784,0.13144137,0.011771721,0.04884843,0.0024957354,0.50000006
916.98755,13203.764,0.016950544,0.008164981,0.059195254,0.5,0.04571909,0.029575342,0.016693726,0.05650515,0.94447404,0.00041901373,0.037296217,0.06358061,0.057049487,0.50000006,0.053163406,0.058312476
6119.9688,891.6529,0.030961532,0.006617109,0.07059883,0.5,0.0060716406,0.02168083,0.50000006,0.057540935,0.0008135857,0.011950345,0.045781206,0.008111956,1.0347122,0.020868897,0.062136468,0.0038294392
6120.005,892.20435,0.043242738,0.026920576,0.0043294025,1.0333217,0.008001403,0.025099002,0.50000006,0.0489923,0.033979353,0.0010558994,0.057684783,0.04189846,1.0506002,0.50000006,0.0023251895,0.03316478
2871.035,2543.8347,0.07652222,0.027833235,0.071714245,0.5,0.00082711224,0.047174465,0.50000006,0.047931816,0.90198237,0.0056526703,0.028999835,0.037934806,0.0024830096,0.041149903,0.05544777,0.018581938
425.0,8.884,0.0,0.0,0.0,1.0,0.0,0.0,0.0,0.0,1.0,0.0,0.0,0.0,0.0,0.0,0.0,0.0
120.0,36095.95,1.0,0.0,0.0,0.0,0.0,0.0,1.0,0.0,0.0,0.0,0.0,0.0,0.0,0.0,0.0,0.0
9300.0,847.3779,0.0,9.693599e-05,0.0,2.39193e-05,1.0000437,8.5066305e-05,0.50000006,0.0,3.089042e-05,1.0000273,0.00014177225,8.241717e-05,1.2814588e-05,0.0,0.0,4.7071706e-05
9119.989,832.08954,0.0030249741,0.92816865,0.07164305,0.50000006,0.0014167341,0.011794357,0.06047987,0.9649932,0.047224555,0.013419074,0.026198294,0.04930975,0.073670514,0.020410212,0.008774393,0.50000006
9359.999,607.97205,9.162083e-05,0.0,0.000168719,0.0,1.000114,2.9436724e-05,0.50000006,0.0,1.8790662e-06,0.999924,0.0,0.0,0.0,0.0,0.00020898672,7.240886e-05
888.0176,23297.377,0.50000006,0.00455614,0.03326863,0.9167314,0.042996336,0.047994364,0.058493927,0.050285887,0.008937168,0.053661514,0.00925905,1.0960237,0.017377876,0.031337976,0.005276372,0.50000006
6119.9995,850.48584,1.6018346e-05,0.0,3.190276e-05,1.0000093,5.119745e-07,0.0,0.50000006,0.0,9.1688154e-05,0.0,0.0,6.404835e-06,1.0000415,1.6001506e-05,1.239578e-05,8.377429e-05
862.99994,9090.946,5.0510876e-05,3.407551e-05,0.0,0.5,0.0,2.434117e-05,0.9998538,3.7325538e-06,1.836371e-05,5.0535113e-05,1.3823005e-05,5.6056684e-05,0.0,7.912545e-05,8.887753e-05,2.4565601e-05
120.0,33200.375,1.0,0.0,0.0,0.0,0.0,0.0,1.0,0.0,0.0,0.0,0.0,0.0,0.0,0.0,0.0,0.0
2627.9587,22910.6,0.50000006,0.013741878,0.021420348,0.5,0.030783063,0.0004125545,1.0455954,0.054577682,0.104978725,0.10276946,0.056872066,0.031159798,0.02145752,0.022711862,0.03387658,0.045546744
5355.0,58418.133,0.0,0.0,0.0,1.0,0.0,0.0,1.0,0.0,0.0,0.0,0.0,0.0,0.0,0.0,0.0,0.0
119.97217,101.51605,0.50000006,0.9809667,0.006105215,0.023722935,0.004545592,0.00034575415,0.50000006,0.057338748,0.030048218,0.006181757,0.040115483,0.011736901,0.032177426,0.8976117,0.0053055156,0.067816205
3313.125,2411.4524,0.06958444,0.018229399,0.004913033,0.5,0.02659101,0.04377593,0.50000006,0.029584289,0.972153,0.029831078,0.009979185,0.0020889172,0.0048316494,0.04864183,0.019015267,0.01245022
119.96165,100.17029,0.016244996,0.94883645,0.0054566497,0.11291128,0.50000006,0.013115905,0.50000006,0.0165799,0.031096509,0.00638198,0.04105659,0.0340544,0.0028282723,0.9730267,0.020079998,0.047713295
851.0,5005.703,4.274234e-05,0.0,2.6229856e-05,0.5,4.668832e-05,7.989575e-05,6.7186455e-05,0.0,1.0001281,0.0,0.0,5.381437e-05,2.5738384e-05,0.0,2.8908615e-05,3.9229093e-05
168.0,3433.369,0.0,0.0,0.0,0.0,1.0,0.0,1.0,0.0,0.0,0.0,0.0,0.0,0.0,0.0,0.0,0.0
6120.0,811.6221,1.0354866e-05,0.0,5.5956407e-05,0.99999076,2.844266e-05,5.9539205e-05,0.50000006,0.0,0.0,1.9592308e-05,0.0,1.4559451e-05,0.9999414,0.0,0.0,0.00012194127
12450.0,26107.986,0.0,0.0,0.0,1.0,0.0,0.0,1.0,0.0,0.0,0.0,0.0,0.0,0.0,0.0,0.0,0.0
229.01964,0.9877957,0.50000006,0.020582354,0.0067403754,1.0245985,0.012199229,0.016893905,0.50000006,0.05415062,0.008537476,0.058045708,0.035056148,0.0010986322,0.99800014,0.03672479,0.0010872746,0.004145154
2953.0376,2226.8918,0.0521433,0.023615938,0.08043076,0.5,0.016492967,0.036186054,0.50000006,0.0059763775,1.0137409,0.0009128415,0.008177051,0.009546675,0.018605778,0.05177886,0.0073905713,0.004500431
119.99297,102.20436,0.01181641,1.0194668,0.016456975,0.0018715615,0.026970446,0.033750992,0.50000006,0.007640436,0.50000006,0.011602106,0.04155882,0.010181355,0.01048075,0.9886835,0.014127336,0.0031892068
2851.063,23230.717,0.50000006,0.008568431,0.011017462,1.0284501,0.50000006,0.019269047,0.9712557,0.05799549,0.00059764815,0.0021176026,0.0068269745,0.04491164,0.0050418423,0.0025802003,0.022148006,0.036660206
119.9784,101.12964,0.006909165,1.0002044,0.039345037,0.0092078205,0.003263069,0.018177379,0.50000006,0.0022666676,0.04755069,0.06372557,0.015200398,0.056516226,0.013352894,0.49999997,0.03240847,0.018084785
164.00003,44701.34,9.1110815e-05,6.5896675e-05,4.5049124e-05,0.5,2.554778e-05,0.0,0.99993026,0.0,9.320479e-05,1.2362269e-05,6.830569e-05,4.159258e-05,0.0,1.3178217e-06,0.0,7.6650045e-05
2403.0,22.607,0.0,0.0,0.0,0.0,1.0,0.0,1.0,0.0,0.0,0.0,0.0,0.0,0.0,0.0,0.0,0.0
60.0,61184.45,1.0,0.0,0.0,0.0,0.0,0.0,1.0,0.0,0.0,0.0,0.0,0.0,0.0,0.0,0.0,0.0
9990.0,15815.34,0.0,0.0,0.0,1.0,0.0,0.0,1.0,0.0,0.0,0.0,0.0,0.0,0.0,0.0,0.0,0.0
2871.027,2524.7065,0.50000006,0.0062840926,0.05754683,1.0027931,0.025857918,4.9721264e-05,0.04645026,0.038425844,0.5,0.0047899657,0.060974006,0.018419739,0.010118803,0.012350237,0.08528401,0.010180716
792.046,401.26053,0.50000006,0.112213716,0.032057542,0.9673613,0.0022203105,0.1238675,0.0019421285,0.051251464,0.0001553089,0.007959131,0.10288477,0.023570249,0.9405201,0.00945033,0.021274658,0.50000006
7501.0,40449.32,0.0,0.0,0.0,1.0,0.0,0.0,1.0,0.0,0.0,0.0,0.0,0.0,0.0,0.0,0.0,0.0
3072.9392,3233.824,0.5000001,0.012762739,0.038442783,0.9959226,0.00023125822,0.10233132,0.5000001,0.044865523,0.0018910622,0.02227191,0.013195543,0.0059764073,1.0578911,0.006614555,0.008239461,0.02569552
369.99994,18425.184,0.50000006,5.945025e-05,0.000147489,1.0001317,0.0,2.5453131e-05,2.563389e-05,0.0,4.3338856e-05,9.299905e-05,3.334946e-05,1.0000097,1.3415952e-05,5.5590353e-05,3.6476566e-05,0.0
119.96063,100.36172,0.002656714,0.9955028,0.041441776,0.037316594,0.013624653,0.004316094,0.50000006,0.026789907,0.015416355,0.06077537,0.041185383,0.014109287,0.017047582,0.5,0.00050567323,0.00208582
132.0,0.478,0.0,0.0,0.0,0.0,1.0,0.0,1.0,0.0,0.0,0.0,0.0,0.0,0.0,0.0,0.0,0.0
6119.9854,898.79956,0.01587356,0.095313966,0.060887102,1.0004786,0.0037423098,0.049075466,0.5000001,0.0048374254,0.06310012,0.0034197466,0.04009569,0.050873302,0.5,0.037231892,0.016679237,0.057377897
120.0,37120.09,1.0,0.0,0.0,0.0,0.0,0.0,1.0,0.0,0.0,0.0,0.0,0.0,0.0,0.0,0.0,0.0
3313.0269,2318.5432,0.50000006,0.039210442,0.016591182,0.94546264,0.0054199216,0.011761432,0.025443638,0.052955814,0.49999997,0.047818113,0.07674432,0.048744272,0.07597188,0.020785064,0.009402679,0.062018827
866.9335,120.62471,0.50000006,0.04864185,0.0062359264,1.0680264,0.0045432937,0.03395111,0.040739387,0.029289236,0.042219225,0.006743847,0.020784728,0.05559172,1.02438,0.004162256,0.007853128,0.50000006
3379.0183,2326.1445,0.028662486,0.011161149,0.056757487,1.0265898,0.01276042,0.014136166,0.018873986,0.015843512,0.5,0.01204401,0.0023431487,0.003269108,0.01041073,0.0017791905,0.032513544,0.50000006
773.8478,2.2208552,0.5000001,0.061906766,0.07597722,1.0904033,0.026887637,0.08341441,0.50000006,0.0058452073,0.12319296,0.12670977,0.04946098,0.010291315,1.0827059,0.07945251,0.0098003475,0.50000006
88.97774,88957.12,0.50000006,0.0012027386,0.034006253,0.951521,0.5000001,0.014977365,1.0159036,0.005182322,0.051386353,0.0046723364,0.034268294,0.011510906,0.027242418,0.0072287465,0.03907501,0.039007835
9240.0,677.955,6.0139514e-06,1.000082,0.0,3.2221717e-05,0.0,3.9401e-05,0.50000006,1.0001024,0.0,0.0,1.933497e-05,8.07953e-05,1.3099766e-05,3.4878994e-05,0.0,0.00011560489
9240.001,781.9292,0.0,0.0,0.0001232281,0.0,0.9998742,1.964525e-05,0.50000006,0.00028959374,0.00014644323,1.0000999,8.909274e-06,0.00030315534,7.065749e-05,0.00010114796,0.0,0.0002526877
6120.0317,902.7563,0.50000006,0.028759511,0.06241717,0.9448189,0.02385668,0.034113113,0.50000006,0.014399029,0.033387125,0.041661542,0.003847081,0.0004350929,0.9924114,0.00011941518,0.071775034,0.05172058
880.99994,16245.553,0.0,8.265299e-06,1.736162e-05,0.5,0.0,6.4285065e-05,1.0000275,0.0,0.00011060409,0.0,0.00010542603,0.0,0.0,3.9603943e-05,0.0,7.4655356e-05
1278.9799,1004.72235,0.50000006,0.023664245,0.028322196,1.0213808,0.066612504,0.0028360523,0.50000006,0.0127033,0.000708713,0.016307877,0.03496552,0.0049913027,1.0218409,0.02710543,0.02055595,0.032969106
840.043,10763.727,0.50000006,0.01016457,0.02599114,0.9854923,0.50000006,0.042925812,0.012406975,0.00484331,1.0123942,0.015219313,0.014353486,0.0022092683,0.015202067,0.007719388,0.013541107,0.003332493
774.50006,27659.416,0.50001,0.1526763,0.19180693,0.9095389,0.07920525,0.113777846,0.104843244,0.027939249,0.06463055,0.11346181,1.8616658e-05,0.005503133,1.01465,0.00067059713,0.0009352401,0.500004
2871.0103,2321.6785,0.50000006,0.018947013,0.010090453,0.98007137,0.00510129,0.025031596,0.0045859874,0.012180296,0.5,0.039923884,0.005731982,0.0083196545,0.00088118407,0.044786636,0.033434317,0.051268578
11681.0,14067.964,0.0,0.0,0.0,0.0,1.0,0.0,1.0,0.0,0.0,0.0,0.0,0.0,0.0,0.0,0.0,0.0
119.95987,102.07709,0.014299255,0.93897784,0.022926655,0.052254945,0.50000006,0.040205553,0.5000001,0.03413847,0.0019253758,0.012891858,0.011694156,0.045823015,0.00014925894,0.9732083,0.044045325,0.015599489
868.00006,7062.196,4.9782906e-05,0.00016531532,0.0,0.5,1.6762398e-05,5.1826296e-06,1.000011,0.0,4.96212e-05,0.0,0.0,6.6456116e-05,0.0,8.9220106e-05,0.0,0.0
3267.9663,35515.73,0.032115497,0.011595256,0.0041636145,0.5,0.0016792159,0.02694067,0.049892414,0.060160965,0.006940919,0.013189887,0.019710636,0.095906936,0.49999997,0.03329249,0.030596182,0.03041583
81.00002,30361.094,0.0002045967,2.4618055e-06,5.4579807e-05,1.0000232,0.50000006,2.9606903e-05,0.9999779,5.5452897e-06,6.3507556e-05,1.8433768e-05,5.3673913e-05,0.0,4.523491e-06,0.0,5.5549945e-06,2.5975438e-05
877.9095,120.28518,0.50000006,0.003911533,0.00025489109,0.5,0.08326027,0.0018246031,0.17713174,0.10078829,0.010649284,0.13284908,0.18217383,0.02416324,0.49999997,0.04808703,0.00601736,0.0034000622
774.0351,1.4002383,0.046791144,0.06985091,0.007755572,0.49999997,0.001964221,0.026127283,0.50000006,0.015640656,0.010557559,0.0021854746,0.03724138,0.008600927,1.0129116,0.09250543,0.0029109628,0.085173845
6232.0,29038.771,0.0,0.0,0.0,1.0,0.0,0.0,1.0,0.0,0.0,0.0,0.0,0.0,0.0,0.0,0.0,0.0
618.0,10240.176,0.0,0.0,0.0,1.0,0.0,0.0,0.0,0.0,1.0,0.0,0.0,0.0,0.0,0.0,0.0,0.0
3042.0176,3327.9688,0.50000006,0.026630268,0.019584531,1.01892,0.50000006,0.05291515,0.0006103144,0.0061452496,0.037928525,0.026353974,0.005558492,0.0054740463,0.9764893,0.010020829,0.038445227,0.04725376
1197.9858,9871.691,0.50000006,0.002919642,0.0150836725,0.49999997,0.039440572,0.01679837,0.04403348,0.05236016,0.002134903,0.04095454,0.076956056,0.000716737,0.92635334,0.08353517,0.020534249,0.021269076
9120.0,820.6839,7.730454e-05,1.0000447,0.0,4.1291496e-05,7.464403e-05,0.0,0.50000006,1.0000457,0.0,7.797302e-05,4.822776e-06,6.47166e-05,1.7944743e-05,2.3121465e-05,0.0,3.4305405e-05
89.04777,7085.1685,0.50000006,0.00883568,0.0143850865,1.0622699,0.018393487,0.04730097,0.50000006,0.0042116237,0.01027738,0.017930385,0.027848352,0.028568476,1.1139212,0.053213477,0.05730402,0.0024085373
2928.9768,2725.3464,0.0037610345,0.008180547,0.0015749785,1.010913,0.50000006,0.012819476,0.50000006,0.01892668,0.9206407,0.0013365851,0.012504652,0.0026775687,0.0033972915,0.055277638,0.0284105,0.042270347
773.9807,36778.758,0.024617998,0.04852696,0.1055409,0.5,0.50000006,0.10607636,0.50000006,0.03274869,0.034402497,0.0294091,0.04236887,0.011126205,0.80843854,0.03822351,0.0003841631,0.02011666
1283.0542,1006.7641,0.50000006,0.008896387,0.042252157,0.9928694,0.00022953957,0.04276373,0.50000006,0.047558237,0.0039096456,0.009753926,0.015628785,0.05566361,1.0190105,0.0073143425,0.019772667,0.015183979
120.0,51440.168,1.0,0.0,0.0,0.0,0.0,0.0,1.0,0.0,0.0,0.0,0.0,0.0,0.0,0.0,0.0,0.0
120.0,51840.23,1.0,0.0,0.0,0.0,0.0,0.0,1.0,0.0,0.0,0.0,0.0,0.0,0.0,0.0,0.0,0.0
9119.999,822.973,0.0,0.9999028,0.00040990274,0.0,0.00010577037,1.2944422e-05,0.50000006,1.0000075,0.0005382263,4.713942e-05,0.00018898453,0.00021017889,0.0,0.0002080852,0.0,0.0
1448.0204,10792.87,0.50000006,0.0013237114,0.066900365,1.0077168,0.50000006,0.04031479,0.033552386,0.029834306,0.022445647,0.018692208,0.05089007,0.019933555,0.96351135,0.06048818,0.05149536,0.009833881
11211.0,18006.008,0.0,0.0,0.0,1.0,0.0,0.0,1.0,0.0,0.0,0.0,0.0,0.0,0.0,0.0,0.0,0.0
395.00003,9087.63,0.50000006,5.7305973e-05,2.58776e-05,1.0000758,9.814579e-05,2.9248318e-05,0.0,2.8508248e-05,0.00010309758,5.5981476e-05,1.4263144e-05,3.793834e-05,0.99996144,6.8207287e-06,5.989208e-05,7.509497e-05
552.0,58199.81,0.0,0.0,0.0,1.0,0.0,0.0,0.0,0.0,0.0,0.0,0.0,0.0,1.0,0.0,0.0,0.0
789.0331,7205.399,0.00053426466,0.09851783,0.043202713,0.5,0.0030782297,1.0719996e-06,0.0012250729,0.018096391,0.94469815,0.022456417,0.0076383133,0.042304397,0.008154804,0.50000006,0.0012027549,0.023117406
774.1254,38843.13,0.50000006,0.029792473,0.041133963,0.49999988,0.50000006,0.10222903,0.017136587,0.08255286,0.005539304,0.011793073,0.02922438,0.05016025,1.0310055,0.06987974,0.08404561,0.0049290797
773.5,11233.009,0.50000566,0.09497192,0.017716918,1.0045435,0.0063668806,0.10050361,0.01962005,0.04062184,0.06320228,0.0005619329,0.02275263,0.00043639183,0.94733715,0.12797235,0.028076971,0.50000066
773.9344,11225.031,0.02804197,0.009992331,0.0012737619,0.5,0.026700469,0.0142778,0.0112430435,0.0022249727,0.5000001,0.012179391,0.10882841,0.034816902,0.97075766,0.03593099,0.00028443002,0.07535015
180.0,27648.11,1.0,0.0,0.0,0.0,0.0,0.0,1.0,0.0,0.0,0.0,0.0,0.0,0.0,0.0,0.0,0.0
984.0,17333.287,0.0,0.0,0.0,0.0,1.0,0.0,0.0,0.0,0.0,1.0,0.0,0.0,0.0,0.0,0.0,0.0
180.0,27600.072,1.0,0.0,0.0,0.0,0.0,0.0,1.0,0.0,0.0,0.0,0.0,0.0,0.0,0.0,0.0,0.0
2944.9543,2555.5378,0.50000006,0.0015163837,0.019159582,0.99639344,0.0072241607,0.0020576234,0.50000006,0.09334969,0.9818251,0.02485836,0.019643547,0.012291187,0.04129412,0.009222094,0.0040106773,0.048028067
14945.0,23008.184,0.0,0.0,0.0,1.0,0.0,0.0,1.0,0.0,0.0,0.0,0.0,0.0,0.0,0.0,0.0,0.0
1279.9406,1005.06067,0.50000006,0.026754245,0.0035127332,1.0952934,0.0042076604,0.051894184,0.50000006,0.0028619105,0.03204746,0.031541076,0.013722002,0.026499437,0.9435753,0.007622094,0.07246025,0.03717774
6060.0,959.8679,8.467845e-05,0.0,2.0349982e-05,0.99998283,0.0,1.4163509e-05,0.50000006,1.9681122e-05,0.00011491611,0.0,8.2011844e-05,0.0,0.9999449,0.0,0.0,3.9845672e-05
120.06177,100.22473,0.5000001,0.99062586,0.06719527,0.0061915545,0.043265957,0.06190211,0.50000006,0.07556904,0.00070289936,0.062347315,0.044591628,0.06409822,0.0022758106,1.0200168,0.009174171,0.07319256
6060.0,1436.667,3.378147e-05,5.846097e-06,4.1003987e-06,1.0000407,3.4444747e-05,3.0652685e-05,0.50000006,3.335368e-05,0.000102787606,1.6472937e-05,1.786777e-05,0.00012764597,0.9999756,5.7398513e-05,2.0346537e-05,0.0
3198.9468,3231.697,0.0014902095,0.03979606,0.015561999,0.99075556,0.50000006,0.0482267,0.50000006,0.013020871,0.0010660063,0.021976782,0.028742727,0.00028425414,1.0330764,0.003471053,0.02821105,0.0033088478
839.0001,5737.79,9.959914e-05,0.0,1.562916e-05,0.5,5.646951e-05,0.0,0.0,0.0,0.9999023,2.5782667e-05,0.0,6.9962384e-06,0.0,5.4039618e-05,0.0,0.00010725297
984.0,17276.365,0.0,0.0,0.0,0.0,1.0,0.0,0.0,0.0,0.0,1.0,0.0,0.0,0.0,0.0,0.0,0.0
713.9537,27520.727,0.011160372,0.00068393355,0.018100623,0.49999994,0.0010732192,0.040925127,0.91969717,0.0069611575,0.50000006,0.011594203,0.022900827,0.013309351,0.0400898,0.004300881,0.07473283,0.02448148
773.9662,6994.2437,0.50000006,0.013774475,0.0007026841,0.5,0.0363476,0.0443625,0.03299851,0.014172897,0.019283954,0.051872794,0.024603767,0.016651018,0.92248195,0.013950289,0.007591504,0.0261465
120.0151,101.96436,0.019449405,1.0466022,0.0023485876,0.013367424,0.50000006,0.06513135,0.50000006,0.049407948,0.042761847,0.04615259,0.00017719934,0.051239878,0.0082489345,1.0243769,0.0026322955,0.030296892
120.0493,102.14121,0.069864005,0.997378,0.059115723,0.0072440673,0.50000006,0.0136498185,0.50000006,0.052820645,0.002902919,0.00826448,0.09104083,0.011989103,0.016073944,1.029369,0.03438489,0.010429554
90.00005,42879.31,0.0,0.0,0.00011327387,0.5,1.1288735e-05,7.452164e-05,1.0000134,8.251169e-06,1.6440918e-05,8.702408e-05,6.790284e-05,0.0,3.997857e-05,1.799423e-05,0.0,0.0
1423.0408,21003.555,0.50000006,0.022722231,0.016724434,0.5,0.051323574,0.0036224972,0.007626754,0.02011785,0.0064083417,0.003422163,0.017372783,0.05826429,0.9758233,0.023107698,0.012463922,0.02330117
5004.0,46311.62,0.0,0.0,0.0,1.0,0.0,0.0,1.0,0.0,0.0,0.0,0.0,0.0,0.0,0.0,0.0,0.0
6120.0,799.8529,0.0,8.36005e-05,9.968741e-06,1.0000651,6.503768e-05,8.243073e-05,0.50000006,0.0,1.2093179e-05,0.0,0.0,8.908479e-05,1.0001365,0.000102572376,8.809254e-05,0.0
6120.006,875.12787,0.06265984,0.037360307,0.0058887685,0.95433736,0.0073516094,0.022503711,0.50000006,0.025576534,0.50000006,0.017369108,0.036376283,0.04495807,0.9331351,0.0118520595,0.019140521,0.018353242
119.90923,0.72893554,0.0899669,0.02524214,0.101073295,0.49999994,0.0010508336,0.054296345,0.009711643,0.008469825,0.0582118,0.048696622,0.02930982,0.023019962,0.5,0.05868952,0.059362426,0.011594218
838.0459,16463.422,0.5000001,0.018717201,0.056660876,0.5,0.0034059843,0.017118981,0.0038411582,0.014341254,0.0054045334,0.036413103,0.0003623939,0.022760253,0.98293066,0.011446909,0.05097945,0.00046819175
689.0,11136.939,0.0,9.273695e-05,7.807384e-05,0.5,0.0,0.00014352331,1.0000267,0.00022217364,8.7734596e-05,0.000102371945,0.0,0.000103639286,3.966243e-05,0.00010559395,0.00012974287,0.0003100727
6120.0,807.68695,0.0,6.104332e-05,0.0,1.0000367,5.2078813e-05,0.000103536,0.50000006,0.0,0.0,7.0709204e-05,9.485338e-05,8.260197e-05,1.000021,2.1611258e-05,4.580839e-05,4.811087e-05
6120.0,808.98505,5.567186e-05,0.0,5.523422e-05,0.99989045,0.0,0.0,0.50000006,6.040418e-05,5.1405743e-05,2.66181e-05,0.0,3.7063674e-05,0.999954,3.4477496e-05,0.0,9.377588e-05
120.05776,100.100655,0.50000006,0.9689544,0.07212402,0.05276817,0.00048913615,0.023567375,0.5000001,0.013112044,0.059708245,0.057282504,0.012411686,0.0075869667,0.001298809,1.0061959,0.08975297,0.004816503
773.89374,11203.262,0.043564666,0.0023966795,0.11148714,0.49999997,0.0035351478,0.009377083,0.50000006,0.012642448,0.016235061,0.020107713,0.01796714,0.018133411,0.9921986,0.011461205,0.0044747805,0.040691175
2862.0786,22060.174,0.50000006,0.037658535,0.019865435,0.49999997,0.02501969,0.029745126,1.0831381,0.08449821,0.08773123,0.011442998,0.0027909284,0.012955174,0.03146135,0.08296853,0.0365006,0.011973955
9300.0,770.5789,0.0,6.4027925e-05,4.625921e-05,2.6814983e-05,0.9999295,0.0,0.50000006,0.0,0.0,1.0001116,0.0,0.0,4.5333942e-07,0.0,1.8145967e-05,2.0232019e-05
3313.0464,2318.6726,0.024109807,0.026119726,0.028244583,0.97467476,0.00013202503,0.011516041,0.04353794,0.007714007,0.5,0.04802114,0.0005294091,0.0010425672,0.027370183,0.0019093087,0.012361438,0.50000006
171.0,31615.152,0.0,5.1418378e-05,0.0,0.5,6.755025e-05,2.842737e-05,1.000093,0.00013075031,4.2980777e-05,0.0,0.0,0.00010082292,2.7476093e-05,4.730763e-05,5.1628695e-06,8.61805e-05
3313.0144,2346.805,0.50000006,0.021863673,0.108548805,0.9710854,0.014400978,0.078550115,0.5000002,0.0046687475,1.0651733,0.051422544,0.026557231,0.110912465,0.08408806,0.00026255348,0.009208269,0.011898381
3313.0117,2294.254,0.50000006,0.015741505,0.015628899,0.9918671,0.076687634,0.03199598,0.50000006,0.09295191,1.0525217,0.00028669627,0.021391854,0.09312313,0.008810911,0.008138989,0.024320086,0.0021339746
552.0,59035.016,0.0,0.0,0.0,1.0,0.0,0.0,0.0,0.0,0.0,0.0,0.0,0.0,1.0,0.0,0.0,0.0
591.9954,26111.53,0.046833605,0.0065469607,0.013648204,0.5,0.50000006,0.0032336402,0.047091268,0.021652967,0.054791417,0.012328023,0.013087529,1.0015054,0.01950017,0.0013651911,0.08150666,0.03039041
18691.0,13737.548,0.0,0.0,0.0,1.0,0.0,0.0,1.0,0.0,0.0,0.0,0.0,0.0,0.0,0.0,0.0,0.0
868.8482,111.85206,0.0046044397,0.1101882,0.13437799,0.49999997,0.50000006,0.0032076903,0.50000006,0.055937562,0.02213825,0.015566124,0.016627807,0.027537417,0.80616796,0.007795117,0.00653211,0.0829139
9179.999,853.31476,0.00019766265,0.99989146,0.0,0.00011103267,0.000107556574,2.1290905e-05,0.50000006,1.000174,0.0004664555,0.0,0.00020763876,9.1925365e-05,6.025647e-05,0.0003827165,5.8028774e-05,0.00023757569
1718.9999,17277.188,3.0989326e-05,4.9141672e-05,0.0,0.5,3.3542696e-05,5.6474644e-05,1.0000124,0.0,3.839024e-05,0.000100007885,0.0,5.862916e-05,5.2611296e-05,0.0,0.0,0.0
774.0536,43096.59,0.009790975,0.053983916,0.13882452,0.5,0.50000006,0.0063233343,0.50000006,0.029576946,0.025749907,0.009857518,0.061599813,0.017047381,1.0803492,0.045324396,0.0648015,0.0077008447
3997.9836,6652.2593,0.069822356,0.0050802995,0.0004098142,0.49999997,0.08800751,0.03360306,0.50000006,0.05849217,0.021477528,0.045756813,0.0062201624,0.007284412,1.0131148,0.004279311,0.08086089,0.03268405
835.0094,12881.889,0.50000006,0.026671661,0.028479075,0.95217335,0.50000006,0.028165014,3.3288874e-05,0.020223685,0.0475191,0.07756375,0.008381138,0.032806937,0.97213346,0.0061056465,0.008435399,0.0021413832
3593.0,59255.715,0.0,0.0,0.0,1.0,0.0,0.0,1.0,0.0,0.0,0.0,0.0,0.0,0.0,0.0,0.0,0.0
120.01109,0.7089254,0.042830385,0.0053879656,0.011162864,0.5,0.06686769,0.022148486,0.0776203,0.044885337,0.028105358,0.092358954,0.04029564,0.027376452,0.5,0.06632071,0.037573308,0.015502566
9360.001,578.78394,0.0,0.0,0.0,0.00010850712,0.9999821,0.0003035457,0.5000001,0.00021410806,3.9633884e-05,0.9997462,0.00016935023,0.00016741052,3.794683e-05,6.116753e-05,0.0,9.7278324e-05
2936.9744,2463.941,0.50000006,0.027893838,0.0004792677,1.0631226,0.03507842,0.007038262,0.024635727,0.079663046,0.5,0.0056556785,0.012897351,0.009879151,0.031950094,0.025972608,0.010094422,0.024979016
1020.943,26494.021,0.024304368,0.0021472883,0.05830631,0.5,0.50000006,0.014796125,1.0126688,0.005067654,0.02134556,0.004057226,0.012522627,0.08679164,0.008190329,0.041841704,0.04251164,0.06941262
1279.0519,1007.4182,0.50000006,0.04474477,0.015367973,0.9350301,0.0018674118,0.0011008332,0.50000006,0.008454659,0.0011133283,0.0014580146,0.01916053,0.017145567,0.9544516,0.006715722,0.038497753,0.010856087
3674.0127,25425.768,0.0027252263,0.031835355,0.17970383,0.49999997,0.04876959,0.0486286,0.50000006,0.089072295,0.50000006,0.010802227,0.0324765,0.08217102,1.0182005,0.03039498,0.012221489,0.0721384
2822.0518,23158.77,0.50000006,0.058865596,0.03059609,0.9739231,0.50000006,0.033449005,1.0697013,0.00080651586,0.1313492,0.05604432,0.057159867,0.038430035,0.0077233096,0.05338855,0.019698942,0.024755914
773.5,1.2073112,0.0535995,0.070795916,0.062708355,0.94425786,0.051252082,0.030247405,0.05842227,0.0043223663,0.016201396,0.020704582,0.005522751,0.011879391,0.49998435,0.11968634,0.00065747625,0.5000217
247739.0,0.0,,,,,,,,,,,,,0.0,,,
9300.0,619.361,0.0,6.0853257e-05,0.00013448176,0.0,1.0000277,3.1555377e-05,0.50000006,0.0,0.0,1.0000588,7.498232e-05,5.0985414e-06,0.0,9.4429015e-05,3.145667e-05,0.0
9120.0,943.68005,0.0,1.0000775,0.0,8.4872976e-05,8.5666026e-05,5.2326093e-05,0.50000006,0.99990714,3.2914708e-05,5.2572406e-05,7.341745e-05,9.756102e-05,5.8115864e-05,2.7520132e-06,2.9418496e-05,0.0
1229.9369,1150.9156,0.0063297953,0.009478046,0.07265395,1.0241296,0.50000006,0.050852157,0.0054608593,0.016051598,1.0038048,0.0022240984,0.014776644,0.04544012,0.052415337,0.03383021,0.016820276,0.50000006
1278.009,1005.6346,0.50000006,0.0013254961,0.035904683,1.0006915,0.1198597,0.031137677,0.5000001,0.019530188,0.044928975,0.021832647,0.009663522,0.0090711685,0.96741223,0.02303853,0.024934571,0.005431102
2870.9866,2257.3909,0.053577907,0.0010991076,0.019356767,0.5,0.04694405,0.017485859,0.5000001,0.012350641,0.9984108,0.090957336,0.0018797853,0.07921838,0.07586381,0.014336429,0.04987097,0.0013336797
773.98987,7013.295,0.028952803,0.011363928,0.0067751193,0.49999997,0.017364757,0.048372637,0.009066299,0.054829378,0.50000006,0.0102281645,0.030488994,0.03163938,0.99958503,0.033383563,0.020405598,0.02017398
2779.0,5713.314,0.0,0.0,0.0,1.0,0.0,0.0,0.0,0.0,0.0,0.0,0.0,0.0,1.0,0.0,0.0,0.0
9180.0,684.725,0.0,0.99998075,9.22429e-05,0.00011260283,0.0,0.0,0.50000006,1.0000215,5.6172536e-05,3.1414e-05,0.00011941574,0.00011729815,6.147625e-05,8.183711e-05,0.000104488114,3.779591e-05
9360.0,596.8081,0.0,2.773076e-05,0.0,4.0410163e-05,1.0000712,7.1820235e-05,0.50000006,0.0,3.7445447e-05,0.99999225,4.1074716e-05,0.0,0.0,1.6705191e-05,4.1559208e-05,8.940585e-05
773.98627,11253.425,0.00022603237,0.046167374,0.011973199,0.5,0.009188048,0.0047245338,0.50000006,0.02554415,0.009821971,0.030066958,0.03234874,0.007438833,1.0420728,0.11524369,0.030788954,0.0123255495
3312.9883,2282.5315,0.50000006,0.010069286,0.023066608,0.9999872,0.012045729,0.032581214,0.50000006,1.4674355e-06,0.96158844,0.013141278,0.014898634,0.04694793,0.02510095,0.04982822,0.018833729,0.060389556
773.9782,137.30656,0.50000006,0.0454314,0.05914002,0.9865118,0.50000006,0.038530596,0.0038097345,0.063419946,0.49999997,0.00957746,0.09173715,0.03683603,0.09272227,0.014442281,0.028912127,0.044814974
592.0001,13186.67,2.3184763e-05,0.0,3.055226e-05,0.5,0.00014132523,4.3972068e-05,1.0000974,4.6465222e-05,2.895294e-05,0.00015390539,4.652949e-05,0.0,0.0,3.5488283e-05,7.5263626e-05,5.443046e-05
6120.0,911.354,6.1026032e-05,6.922988e-05,0.0,1.0,7.3482566e-05,0.00014562257,0.50000006,4.8691447e-05,0.0,5.27113e-05,4.371155e-05,2.7408976e-05,1.0000718,0.0,0.0,3.2035317e-05
434.99997,27515.781,0.0,7.120962e-05,2.6862934e-05,0.5,5.8923335e-05,0.00012438447,1.000034,0.0,0.0,3.9146607e-06,3.537039e-05,0.0,8.665386e-05,0.0,9.187023e-05,8.767787e-05
120.0,51199.84,1.0,0.0,0.0,0.0,0.0,0.0,1.0,0.0,0.0,0.0,0.0,0.0,0.0,0.0,0.0,0.0
6120.0,849.2781,8.634791e-06,5.174168e-05,0.00013985195,1.0000951,0.0,6.3898326e-05,0.50000006,0.000100395766,0.0,0.0,0.0,0.0,1.0000664,3.567938e-05,3.1866995e-05,5.4739983e-05
6120.0,853.186,0.0,4.5070236e-05,0.0,0.99992204,7.4073025e-05,6.4464315e-05,0.50000006,5.210947e-05,0.0,9.589323e-05,9.226875e-05,0.0,1.0000921,0.0,0.0,6.7703535e-05
119.9761,100.426414,0.0063923947,0.9902728,0.009473062,0.041380476,0.067808695,0.010894317,0.50000006,0.0051213247,0.50000006,0.005202728,0.037369512,0.0251592,0.004387497,1.0244684,0.022502014,0.014219154
1489.9869,1027.9667,0.50000006,0.020602973,0.0025899874,1.0059633,0.50000006,2.769646e-05,0.02096114,0.003458423,0.0012275291,0.07079318,0.024636338,0.019620692,1.0062727,0.005518413,0.029586654,0.007167158
6120.0,823.48193,4.7676407e-05,0.0,7.970852e-05,1.0000135,6.785558e-05,0.00011519749,0.50000006,1.7982178e-05,0.0,4.8816706e-05,0.0,0.0,1.0001345,0.0,0.0,9.768172e-05
9299.999,592.7207,0.00040186482,3.1532203e-05,0.00029197635,0.00017089532,1.0000173,0.00020651476,0.50000006,0.00019845614,7.428244e-05,0.9999696,0.0,0.0,0.0,0.00016676834,0.00033160395,0.0
780.0,9088.259,3.0079984e-05,3.6403115e-05,0.0,0.5,3.0739789e-06,0.0,0.99999374,1.7005976e-05,8.020886e-06,0.00016466131,4.0503824e-06,2.4123248e-05,1.6836142e-05,1.369155e-05,0.0,2.5795103e-05
904.0545,100.11393,0.50000006,0.02036624,0.0242822,0.95868015,0.0031362572,0.0043363385,0.018316755,0.0004948623,0.02801632,0.052937403,0.0012810656,0.0056052934,0.92548764,0.033812117,0.0008714597,0.50000006
119.82034,1.0938209,0.015298519,0.10144759,0.030401485,0.5,0.50000006,0.07313565,0.5000001,0.032366496,0.016078617,0.02191619,0.019538967,0.051059507,1.047069,0.09458771,0.036946498,0.027667742
4581.0,58438.543,0.0,0.0,0.0,1.0,0.0,0.0,1.0,0.0,0.0,0.0,0.0,0.0,0.0,0.0,0.0,0.0
3618.0,59288.367,0.0,0.0,0.0,1.0,0.0,0.0,1.0,0.0,0.0,0.0,0.0,0.0,0.0,0.0,0.0,0.0
6120.0,815.035,0.00010072976,0.0,0.0,1.0000366,0.0,8.326584e-05,0.50000006,4.5805748e-05,0.0,0.0,0.0,0.0,1.0000558,1.7313312e-05,0.0,5.1126903e-05
406.0,0.022,0.0,0.0,0.0,0.0,1.0,0.0,0.0,0.0,0.0,1.0,0.0,0.0,0.0,0.0,0.0,0.0
866.0,11167.322,1.400612e-05,2.5990292e-05,0.0,0.5,0.00013331005,1.5313311e-05,0.99992824,5.340407e-05,0.0,5.567006e-05,2.4651401e-05,4.522896e-05,7.763978e-05,9.2975795e-05,3.3874745e-05,0.0
8741.0,31442.244,0.0,0.0,0.0,1.0,0.0,0.0,1.0,0.0,0.0,0.0,0.0,0.0,0.0,0.0,0.0,0.0
846.03033,132.34569,0.5000001,0.18044835,0.001797741,0.5,0.054980274,0.12684456,0.049560912,0.14413127,1.1034256,0.06274506,0.00036996158,0.19401436,0.05069386,0.0018555182,0.0028145802,0.50000006
180.0,29439.943,1.0,0.0,0.0,0.0,0.0,0.0,1.0,0.0,0.0,0.0,0.0,0.0,0.0,0.0,0.0,0.0
826.01636,114.813896,0.5000001,0.19620967,0.008192445,0.9654849,0.50000006,0.08887648,0.018641459,0.012798526,0.5,0.05415305,0.18227893,0.012382364,0.14259973,0.0066540865,0.16405785,0.028186731
592.0001,4193.338,0.50000006,5.628215e-05,0.0,1.0001019,0.00012787282,0.0,0.0,0.0,2.8323862e-05,3.2859905e-05,0.00010933472,0.9999732,0.0,5.7671412e-05,7.374361e-05,0.0
710.9447,29569.375,0.00018193512,0.046708256,0.079954706,0.5,0.0027320336,0.0047657304,1.0187025,0.0117024835,0.008727009,0.014918723,0.022818817,0.00958067,0.017151916,0.5000001,4.5617267e-05,0.0049468167
2830.9644,23347.322,0.010017764,0.018859379,0.0011822649,0.49999988,0.038620744,0.10762999,1.0840422,0.054537352,0.038288392,0.059157994,0.06755617,0.028937861,0.03442036,0.021324838,0.025829013,0.50000006
6120.066,882.3194,0.50000006,0.0101801595,0.0049383403,1.0491228,0.08491576,0.0037999493,0.50000006,0.019526593,0.018273354,0.0121954605,0.041170005,0.01756013,1.0465827,0.04998653,0.07540882,0.0750965
6120.0,910.991,0.00011527449,0.00010304342,6.040364e-05,0.9999141,1.2126059e-05,7.470369e-05,0.50000006,2.018193e-05,4.6499255e-05,2.220136e-05,5.781952e-06,4.2603617e-05,0.99996793,4.7391215e-05,0.0,7.189956e-06
498.0,59015.145,0.0,0.0,0.0,1.0,0.0,0.0,0.0,0.0,1.0,0.0,0.0,0.0,0.0,0.0,0.0,0.0
9180.0,704.88196,0.0,0.9998376,5.117257e-06,8.412326e-05,3.3644556e-05,0.0,0.50000006,0.9999797,0.0,5.861012e-05,0.0,2.6893613e-05,2.0672614e-05,0.0,4.147832e-05,1.4764377e-05
11685.0,14077.703,0.0,0.0,0.0,0.0,1.0,0.0,1.0,0.0,0.0,0.0,0.0,0.0,0.0,0.0,0.0,0.0
9299.999,681.0479,1.5662785e-05,0.0,9.506215e-05,0.0,0.99991834,0.0001692274,0.50000006,9.877636e-05,0.000112370915,0.99995816,0.00026564908,7.793306e-05,0.00019752685,7.247851e-05,7.300712e-05,0.00020002293
713.0773,143.12894,0.50000006,0.013590942,0.004697587,0.9894967,0.030975655,0.017365918,0.02380182,0.0039313883,0.057635717,0.01254715,0.012598542,0.07278472,0.94516623,0.09725764,0.06591356,0.50000006
6120.0,831.68,2.3928375e-05,0.0,2.8776672e-05,0.9999635,4.7091573e-05,0.0,0.50000006,1.1953274e-05,0.0,3.863778e-05,2.3762343e-05,6.0564357e-06,0.99992377,0.000156056,6.273047e-05,0.00010026538
2863.0469,2622.9287,0.01872845,0.0039083064,0.030506177,0.9986568,0.023501607,0.01270992,0.038888637,0.009698515,0.5,0.025161121,0.0515154,0.0335985,0.032463443,0.032064863,0.008327984,0.50000006
869.9979,16868.195,0.5000001,0.030193616,0.009180494,0.9837822,0.001960704,0.047408942,0.00835637,0.010321967,0.017622236,0.017595097,0.014188781,0.004067106,1.0091246,0.04282263,0.11465331,0.50000006
2454.928,22129.79,0.50000006,0.044471912,0.00057993,1.0374935,0.50000006,0.027472897,1.0163726,0.017513795,0.006294444,0.10322884,0.017411249,0.017736409,0.0062448275,0.0017604345,0.0065289503,0.025800543
14219.0,440.143,0.0,0.0,0.0,0.0,1.0,0.0,1.0,0.0,0.0,0.0,0.0,0.0,0.0,0.0,0.0,0.0
774.0384,37222.78,0.50000006,0.0923724,0.03795349,0.49999994,0.10780824,0.18239097,0.010992789,0.0013328511,0.08403296,0.0014184697,0.027425833,0.50000006,0.93347406,0.006756115,0.026370848,0.0060259965
120.002914,101.53784,0.50000006,0.98855716,0.034826547,0.015115853,0.07295591,0.056338124,0.50000006,0.016567077,0.008115723,0.036614448,0.0076940744,0.08381889,0.004839085,0.99097043,0.010648611,0.018178763
1280.1063,1004.94574,0.08310171,0.009020944,0.064811744,0.5,0.5000001,0.016785778,0.036453508,0.12721118,0.50000006,0.044235244,0.01765694,0.101647116,0.9918094,0.1540894,0.04597915,0.14202745
119.99909,100.09364,0.013157854,1.0013273,0.05699852,0.092543356,0.50000006,0.06007685,0.5000001,0.036682345,0.013448745,0.0004420429,0.012312236,0.03559664,0.02662754,1.0398902,0.064993724,0.021612216
2870.973,2548.282,0.071264096,0.0079148775,0.04374854,1.0281734,0.0046901964,0.052710067,0.0035045373,0.0068662823,0.5,0.01182365,0.021145945,0.011007157,0.057150144,0.05588406,0.0053442363,0.5000001
3903.0,21.94,0.0,0.0,0.0,0.0,1.0,0.0,1.0,0.0,0.0,0.0,0.0,0.0,0.0,0.0,0.0,0.0
5933.0,515.769,0.0,0.0,0.0,0.0,1.0,0.0,1.0,0.0,0.0,0.0,0.0,0.0,0.0,0.0,0.0,0.0
120.00156,101.222885,0.044144563,1.0260766,0.046922296,0.0008476712,0.50000006,0.009883471,0.50000006,0.002253473,0.024368878,0.018036809,0.017290805,0.015706535,0.02375276,1.0773249,0.047554407,0.0044278787
6120.0,853.281,3.1039173e-05,7.357845e-05,9.66297e-05,1.0000242,7.207489e-05,7.8378966e-05,0.50000006,6.4482476e-05,0.0,0.0,9.818309e-06,0.0,1.0001392,0.0,7.682135e-05,0.0
591.9513,20927.535,0.50000006,0.025497295,0.02017402,0.9446742,0.00043891577,0.036449816,0.013281287,0.028789643,0.044546254,0.016477639,0.006668506,0.9724306,0.013254922,0.079775624,0.5000001,0.03934419
82.00001,110463.266,0.0,6.570064e-05,1.8923141e-05,0.5,0.00012928323,2.535531e-05,0.9999937,1.2796035e-06,0.0,7.108827e-05,0.0,2.5039264e-05,0.0,6.168509e-05,2.370813e-05,5.09402e-05
400.0001,27904.523,0.50000006,4.9478298e-05,6.219534e-05,0.99999845,0.0,4.2382435e-05,4.047118e-05,0.0,6.350796e-05,0.0,0.0,9.166075e-06,0.99982846,9.703503e-05,0.0,2.3160537e-05
2876.0454,22789.7,0.50000006,0.02113979,0.046734057,0.5,0.002745391,0.0669973,0.9263523,0.0057792533,0.014758188,0.021347715,0.062339243,0.07672826,0.02093251,0.019258352,0.018369494,0.008951905
9240.0,635.22705,0.0,0.99998397,4.743832e-05,7.9444675e-05,3.398598e-05,1.0736426e-05,0.50000006,1.0000399,9.264036e-06,0.0,0.0,8.43789e-05,0.0,9.914673e-05,6.874723e-05,5.844906e-05
2768.0542,22744.176,0.008233871,0.0330353,0.09129506,0.49999997,0.50000006,0.00441099,1.0489895,0.055571422,0.011829122,0.056579396,0.04295283,0.12580536,0.0028728452,0.0030250615,0.10945304,0.071767084
11244.0,13005.459,0.0,0.0,0.0,0.0,1.0,0.0,1.0,0.0,0.0,0.0,0.0,0.0,0.0,0.0,0.0,0.0
2777.0789,23232.43,0.027977385,0.015941326,0.0014211768,0.5,0.50000006,0.0018702808,1.0315819,0.051444042,0.035222936,0.0008299549,0.030779216,0.0142040085,0.001703645,0.037372354,0.0017038109,0.0005679857
3145.0,9563.209,0.50000006,7.0471666e-05,0.0,1.0000656,4.585704e-05,1.716903e-05,1.690696e-06,0.0,4.418904e-05,5.5095876e-05,0.00013384741,6.0364542e-05,1.0000243,0.0,0.0,6.878374e-05
3033.0679,23356.797,0.019862246,0.036518224,0.0019938075,0.5,0.50000006,0.03980359,1.060235,0.0016558125,0.002226185,0.035324056,0.037483577,0.11173475,0.04256645,0.007786805,0.023659196,0.0005951706
773.5,54232.29,0.5000025,0.018812073,0.005692673,0.98494273,0.003741035,0.02130509,0.010772456,0.0006251704,0.007933787,0.042397447,0.0045529353,0.08442162,1.0613576,0.043639924,0.02040098,0.047825478
820.9775,8313.921,0.50000006,0.01706237,0.014122484,0.9805453,0.50000006,0.08073886,0.017131027,0.060290795,0.9716505,0.034114175,0.03072958,0.004601786,0.009200209,0.011272669,0.05833737,0.0043415097
4992.0,49251.51,0.0,0.0,0.0,1.0,0.0,0.0,1.0,0.0,0.0,0.0,0.0,0.0,0.0,0.0,0.0,0.0
552.0,764.378,0.0,0.0,0.0,0.0,1.0,0.0,0.0,0.0,0.0,1.0,0.0,0.0,0.0,0.0,0.0,0.0
120.066536,0.7293926,0.036880646,0.01101099,0.0024736293,0.49999997,0.50000006,0.05307762,0.017765107,0.042006213,0.07827301,0.0073393313,0.018146297,0.014312298,0.9731998,0.00055712304,0.06493745,0.006398757
695.11566,6522.977,0.5000001,0.083759345,0.0007540942,1.0111121,0.003500429,0.013045193,0.0015320078,0.048355732,0.003278226,0.019381016,0.030176086,0.06170492,0.5,0.059830233,0.05787406,0.024717925
5967.0,383.22,0.0,0.0,0.0,1.0,0.0,0.0,0.0,0.0,0.0,0.0,0.0,0.0,1.0,0.0,0.0,0.0
2188.0,21.96,0.0,0.0,0.0,0.0,1.0,0.0,1.0,0.0,0.0,0.0,0.0,0.0,0.0,0.0,0.0,0.0
16212.0,43057.473,0.0,0.0,0.0,1.0,0.0,0.0,1.0,0.0,0.0,0.0,0.0,0.0,0.0,0.0,0.0,0.0
691.99994,13203.905,2.1260334e-05,0.0,0.0,0.5,6.8302397e-06,3.8441976e-05,1.0000796,0.0,3.396371e-05,4.3037424e-05,9.0434296e-05,4.664889e-05,6.137599e-05,0.00012850083,3.2666907e-05,0.0
120.0,36352.066,1.0,0.0,0.0,0.0,0.0,0.0,1.0,0.0,0.0,0.0,0.0,0.0,0.0,0.0,0.0,0.0
773.5,1.0946939,0.12988959,0.029579997,0.04698771,0.4999822,0.5000028,0.05958049,0.027116334,0.01524777,0.0071677384,0.06978754,0.04048971,0.007413393,1.0511613,0.11698674,0.049767543,0.13522565
120.01129,101.80728,0.50000006,1.0036801,0.006277859,0.032458663,0.06642015,0.0041061915,0.50000006,0.0121837165,0.023171486,0.030798808,0.023410583,0.0007017567,0.036131915,0.9866292,0.049544737,0.013156847
3312.909,2550.8093,0.50000006,0.023286246,0.00019246047,1.0085444,0.035856422,0.0042413757,0.50000006,0.014339782,1.0841988,0.040952533,0.007862275,0.057243314,0.058806717,0.006201104,0.036904216,0.04415108
1280.9849,1005.36035,0.50000006,0.007355447,0.0018278711,1.0331293,0.03139133,0.010951297,0.50000006,0.011435654,0.049631875,0.028338721,0.048477504,0.0060856747,1.0505817,0.060123835,0.12349271,0.007900957
774.50006,81980.55,0.5000022,0.013679031,0.066212505,0.499998,0.008692001,0.056530576,0.0053912126,0.13479456,0.022359312,0.0061457856,0.009896736,0.011606394,1.0037578,0.10877354,0.12930416,0.1295783
853.9231,20356.635,0.5000002,0.0009615731,0.003048082,1.0671194,0.50000006,0.06511358,1.0223416,0.039612617,0.032148015,0.00018778695,0.006219744,0.040240843,0.048124623,0.023458323,0.0013698033,0.0050864746
2863.0156,2422.7573,0.50000006,0.045126878,0.028309325,1.0381378,0.005854722,0.0057320753,0.0044016475,0.001761862,0.5,0.044987123,0.010274955,0.02065237,0.041188184,0.025581248,0.011678193,0.011865047
174.00006,54143.88,7.484591e-05,9.5105315e-05,7.710209e-05,0.5,0.0,9.916246e-05,1.000064,0.00012643418,5.2365092e-05,2.8802526e-05,4.91591e-07,0.0,0.0,1.4831613e-05,5.9204765e-05,4.1670715e-05
1281.9777,1012.67377,0.50000006,0.00012783725,0.021002006,0.921074,0.09569894,0.031762768,0.5000002,0.010325761,0.027585167,0.011450849,0.047409046,0.01071451,1.054434,0.01579837,0.039657764,0.038495626
14976.0,13718.024,0.0,0.0,0.0,1.0,0.0,0.0,1.0,0.0,0.0,0.0,0.0,0.0,0.0,0.0,0.0,0.0
120.0,45312.09,1.0,0.0,0.0,0.0,0.0,0.0,1.0,0.0,0.0,0.0,0.0,0.0,0.0,0.0,0.0,0.0
1282.9047,1006.85693,0.50000006,0.028474657,0.026995407,0.957175,0.0047753328,0.008856088,0.50000006,0.045530677,0.017637229,0.0575929,0.019380884,0.0011739704,0.9807588,0.016771495,0.025098909,0.032223772
872.0001,9086.431,0.000169418,0.00021259238,0.0,0.49999994,0.00021197947,0.0003979075,1.0000525,0.00018662418,0.0,0.0003005979,0.0,0.00016911875,0.0,5.222931e-05,0.0002805317,0.0003133146
11223.0,14005.953,0.0,0.0,0.0,1.0,0.0,0.0,1.0,0.0,0.0,0.0,0.0,0.0,0.0,0.0,0.0,0.0
240.81178,53247.99,0.017906198,0.026770186,0.05756911,0.99903506,0.0005977568,0.03621348,0.02455124,0.15693863,0.5000001,0.004199141,0.0006774854,0.039514415,0.49999997,0.016085912,0.019929653,0.50000006
2842.003,21753.797,0.50000006,0.029459178,0.0011732242,0.49999994,0.042242173,0.07198743,1.1221048,0.06488239,0.018516995,0.021747505,0.03825807,0.049197342,0.023045802,0.018526819,0.013776947,0.037837572
6059.9497,901.0709,0.02758624,0.010322761,0.058825728,0.9925561,0.021463739,0.056344923,0.50000006,0.005373755,0.08437577,0.042520687,0.017631175,0.052996892,0.95347404,0.0044544367,0.13124658,0.5000001
2704.9585,23296.617,0.50000006,0.017333189,0.075065434,0.9415066,0.02310544,0.002614384,1.0331454,0.00019113693,0.0013374947,0.101155005,0.004220068,0.0068954737,0.0023336278,0.025184281,0.09182233,0.50000006
7826.0,26052.553,0.0,0.0,0.0,0.0,1.0,0.0,1.0,0.0,0.0,0.0,0.0,0.0,0.0,0.0,0.0,0.0
6120.0,836.48706,0.0,1.6221738e-05,8.3458086e-05,1.0000373,2.2332382e-05,7.887826e-06,0.50000006,5.6397195e-05,4.961901e-05,0.000107719,5.418765e-05,2.9835324e-05,0.99997354,2.1331092e-05,0.0,1.4623239e-05
342.0,58771.457,0.0,0.0,0.0,1.0,0.0,0.0,1.0,0.0,0.0,0.0,0.0,0.0,0.0,0.0,0.0,0.0
6164.0,675.809,0.0,0.0,0.0,0.0,1.0,0.0,1.0,0.0,0.0,0.0,0.0,0.0,0.0,0.0,0.0,0.0
13724.0,23207.545,0.0,0.0,0.0,1.0,0.0,0.0,1.0,0.0,0.0,0.0,0.0,0.0,0.0,0.0,0.0,0.0
2878.9785,2334.1863,0.008940051,0.08792754,0.015623294,1.0461148,0.026768664,0.10338776,0.056852534,0.019441605,0.49999997,0.03569052,0.008292383,0.0009096468,0.018200755,0.005356471,0.024606172,0.50000006
247739.0,0.0,,,,,,,,,,,,,0.0,,,
14644.0,1172.302,0.0,0.0,0.0,0.0,1.0,0.0,1.0,0.0,0.0,0.0,0.0,0.0,0.0,0.0,0.0,0.0
119.957794,101.3984,0.50000006,1.0322231,0.012985813,0.010718711,0.00672468,0.02816593,0.5000001,0.026754687,0.07701383,0.058282264,0.0914829,0.06921635,0.014008426,0.9907071,0.0020876084,7.646653e-05
8727.0,15815.463,0.0,0.0,0.0,1.0,0.0,0.0,1.0,0.0,0.0,0.0,0.0,0.0,0.0,0.0,0.0,0.0
60.000023,1.375571e-05,3.8618342e-05,1.0000685,3.0481193e-05,0.0,0.50000006,8.399003e-05,0.000111550566,0.9999684,3.614281e-05,0.00014144547,0.0,0.0,9.486815e-06,0.0,5.654186e-06,3.1227937e-05
120.0,111200.14,1.0,0.0,0.0,0.0,0.0,0.0,1.0,0.0,0.0,0.0,0.0,0.0,0.0,0.0,0.0,0.0
2723.0422,23374.809,0.50000006,0.106275626,0.0028218573,0.96265876,0.50000006,0.02104841,1.0465169,0.022363221,0.010883447,0.07656782,0.01340095,0.055489223,0.032822665,0.017182918,0.016684834,0.053979423
774.055,6975.2666,0.50000006,0.064584814,0.041455597,0.98143506,0.03131714,0.011830525,0.0017744192,0.05435151,0.0026811115,0.035012793,0.0702588,0.001993082,0.5,0.026739582,0.037455596,0.0031044192
175.00003,51071.414,6.5808995e-06,7.8883226e-05,5.2646024e-05,0.5,4.3499163e-05,0.0,1.0000237,6.410974e-05,3.779634e-05,0.0,0.0,0.0,0.00018852702,0.0,9.179689e-05,0.0
780.0638,98.54564,0.07952399,0.059459146,0.036236018,0.5,0.06317088,0.009380779,0.50000006,0.001570913,1.0352839,0.029483773,0.089218564,0.020938808,0.009523851,0.006342704,0.0402706,0.01492505
6120.0,852.918,4.5996225e-05,3.6284222e-05,0.0,1.0000784,8.916137e-05,0.0,0.50000006,6.553643e-05,6.698985e-05,7.170895e-05,0.0,6.931953e-05,1.0000837,0.0,0.0,4.9655533e-05
773.99927,2055.8074,0.00025781928,0.03822318,0.045306798,0.5,0.50000006,0.008186702,0.008338508,0.0012627196,0.0030106348,0.010332851,0.03316827,0.019537458,1.0065315,4.024595e-06,0.007825621,0.007051198
854.99994,9086.93,0.0,0.0,7.993083e-05,0.5,5.6562865e-05,1.0269717e-05,0.999971,2.8621724e-05,5.296393e-05,4.2253414e-06,2.2395108e-05,0.0,7.4750285e-05,7.172693e-06,9.8379496e-05,0.00010538399
3313.0386,2548.257,0.0027939468,0.0026767112,0.01432235,1.072586,0.026727814,0.011233082,0.00028457833,0.004690915,0.5,0.041460812,0.009518004,0.016870478,0.0005841937,0.020053096,0.050985668,0.50000006
773.0002,9103.85,0.00018542055,0.00012442711,0.0,0.5,0.0,0.00027898795,0.99999756,0.00022779274,0.00021775585,4.6490464e-07,0.00017342388,1.3986883e-05,0.00018430404,0.000115475705,0.0,0.0
2879.0308,2257.1104,0.50000006,7.9436526e-05,0.01708173,0.98079026,0.021599958,0.014959955,0.004405579,0.0014393936,0.5,0.037866794,0.047754154,0.008251847,0.0141550265,0.064184085,0.027070295,0.0014206875
774.50006,0.92473626,0.01886648,0.007958724,0.042374037,0.9278106,0.5000003,0.06556188,0.5000085,0.029709788,0.071592934,0.06908238,0.08406135,0.0016789011,1.1487789,0.026700148,0.0011510268,0.03625741
2916.0464,22683.143,0.035531577,0.002781553,0.012909765,0.5,0.50000006,0.0031900485,1.0115236,0.00962874,0.015019018,0.027639844,0.049997397,0.03988379,0.024894655,0.06581132,0.05185142,0.045500733
4072.0361,6660.523,0.5000002,0.050079998,0.009328278,0.9746905,0.05506687,0.043126646,0.02866643,0.03701006,0.09102907,0.0070158066,0.045461614,0.0014428762,1.0282038,0.016687742,0.01385498,0.50000006
3348.0,5604.572,0.0,0.0,0.0,1.0,0.0,0.0,0.0,0.0,0.0,0.0,0.0,0.0,1.0,0.0,0.0,0.0
2936.963,2252.9136,0.013163987,0.062459514,0.10622385,0.49999997,0.026519487,0.01577386,0.50000006,0.054823052,1.0412564,0.02232936,0.03113932,0.0010987454,0.070635006,0.039610192,0.022157645,0.031052705
11248.0,49265.285,0.0,0.0,0.0,1.0,0.0,0.0,1.0,0.0,0.0,0.0,0.0,0.0,0.0,0.0,0.0,0.0
2801.0,19.963,0.0,0.0,0.0,0.0,1.0,0.0,1.0,0.0,0.0,0.0,0.0,0.0,0.0,0.0,0.0,0.0
2796.944,23364.037,0.50000006,0.03411531,0.05880268,0.49999997,0.006703805,0.017667307,1.1029747,0.057153214,0.011394215,0.013427774,0.062221516,0.014947991,0.019062417,0.047321226,0.030766001,0.04973447
775.0141,95.12013,0.08260586,0.0064001414,0.030662078,0.49999997,0.08311593,0.025782257,0.5000001,0.017117092,0.022925692,0.00068470725,0.011922066,0.065957144,0.97774804,0.017611066,0.032882176,0.017802885
773.5,81931.82,0.00787583,0.03907672,0.026568975,0.4999968,0.0018920115,0.002867589,0.017740728,0.044075295,0.058981024,0.013230942,0.07294128,0.016439142,1.0157771,0.034497492,0.054492,0.009137639
200.00444,53247.86,0.50000006,0.03013555,0.06526218,1.057087,0.00060488994,0.026653726,0.025640892,0.0021429427,0.0070422096,0.03711144,0.013631839,0.0061892676,0.5,0.07624179,0.040321834,0.008790556
2878.988,2291.315,0.018430147,0.05356753,0.02327865,0.5,0.008488356,0.0032225337,0.50000006,0.00046920494,1.0065615,0.005618424,0.03909335,0.03766081,0.0063506993,0.011906097,0.017297642,0.00876467
773.92694,11254.673,0.50000006,0.008620346,0.0006882868,1.1031882,0.04494253,0.012163473,0.50000006,0.048925716,0.0013329352,0.11158378,0.012600877,0.24639434,0.9598243,0.085237265,0.16965142,0.50000006
119.987335,0.47775093,0.029682571,0.037680447,0.05547568,0.49999994,0.038871016,8.691634e-05,0.05274536,0.025307246,0.034414932,0.043529313,0.01387419,0.008816998,0.5,0.022088805,0.06944233,0.052080873
11666.0,13942.989,0.0,0.0,0.0,0.0,1.0,0.0,1.0,0.0,0.0,0.0,0.0,0.0,0.0,0.0,0.0,0.0
9300.001,619.50415,0.000116118434,3.6659112e-05,0.0,4.8945956e-05,1.0004824,0.00016204722,0.50000006,1.7019109e-05,8.555101e-05,1.0001026,6.2093236e-06,0.0,0.0,7.714389e-05,0.00026504585,0.00035848914
2870.981,2548.1255,0.011261154,0.09356333,0.071906835,0.84218764,0.50000006,0.0144527685,0.50000006,0.043151703,1.0184442,0.019018663,0.22670336,0.07568579,0.021322975,0.09065506,0.07535417,0.50000006
136.0,1.393,0.0,0.0,0.0,0.0,1.0,0.0,1.0,0.0,0.0,0.0,0.0,0.0,0.0,0.0,0.0,0.0
6119.9917,892.08777,0.035419196,0.036191538,0.02427239,0.9904928,0.50000006,0.014604831,0.50000006,0.043902177,0.019306824,0.037669156,0.053664524,0.05304833,0.9840417,0.056046143,0.06967872,0.00121206
1281.0,7045.302,0.0,6.0946495e-05,7.564849e-05,0.5,8.667253e-05,6.363235e-05,1.000013,0.0,2.522542e-05,6.971583e-05,0.0,1.9031668e-05,4.483647e-05,6.2918734e-05,8.501214e-05,6.887237e-05
2123.978,412.19336,0.50000006,0.053927775,0.00200028,1.017982,0.013675339,0.004656254,0.50000006,0.043562483,0.02847053,0.04952774,0.041466758,0.069736466,1.0283183,0.0077249366,0.00078283175,0.022721201
120.0,39440.227,1.0,0.0,0.0,0.0,0.0,0.0,1.0,0.0,0.0,0.0,0.0,0.0,0.0,0.0,0.0,0.0
425.0,5.08,0.0,0.0,0.0,1.0,0.0,0.0,0.0,0.0,1.0,0.0,0.0,0.0,0.0,0.0,0.0,0.0
120.0,36096.062,1.0,0.0,0.0,0.0,0.0,0.0,1.0,0.0,0.0,0.0,0.0,0.0,0.0,0.0,0.0,0.0
120.04435,100.75542,0.50000006,1.0443786,0.0016131517,0.0012223398,0.062535144,0.0029012656,0.50000006,0.0009653483,0.037943747,0.002704395,0.046044488,0.004601529,0.0016891777,1.0282934,0.0077105714,0.014363402
665.9681,29782.084,0.50000006,0.04084667,0.044832926,0.9469345,0.04721667,0.012251232,0.014307931,0.06432423,0.50000006,0.0128081525,0.018617025,1.0659525,0.008269775,0.004090335,0.008017456,0.020085316
1278.0243,1004.7215,0.50000006,0.0964379,0.008401687,0.5,0.031528868,0.001612561,0.08233254,0.13183555,0.50000006,0.027986163,0.04169144,0.048230395,1.0100044,0.005911516,0.005028375,0.035798695
3313.0212,2296.8167,0.50000006,0.013221417,0.017444499,1.0063539,0.05661068,0.008491047,0.50000006,0.02334789,0.93681246,0.021915752,0.028759407,0.00067292975,0.034757838,0.022619287,0.021861577,0.015035609
2862.9253,2795.2776,0.50000006,0.0018975433,0.04930771,0.49999997,0.50000006,0.0468152,0.10002774,0.20730238,0.8777161,0.191422,0.03980184,0.059330724,0.03756643,0.0046611046,0.086500816,0.0815527
120.0,57343.7,1.0,0.0,0.0,0.0,0.0,0.0,1.0,0.0,0.0,0.0,0.0,0.0,0.0,0.0,0.0,0.0
3312.9714,2700.1367,0.025092524,0.015551549,0.0478582,0.96739703,0.50000006,0.00116524,0.50000006,0.062006194,0.9838278,0.11285915,0.019890789,0.01708767,0.06258853,0.020223139,0.0008239349,0.0047593974
773.9095,1.5881649,0.031425476,0.0029363658,0.06143629,0.49999997,0.012286179,0.0011602201,0.50000006,0.048451986,0.016625142,0.014766515,0.07463499,0.028890599,0.97616035,0.014027706,0.0006966706,0.0030665272
1028.0,15232.101,0.00016468104,8.539553e-05,9.937904e-05,0.5,1.1514628e-05,0.0,0.999936,5.660466e-05,2.1199272e-05,0.0,0.0,0.0,6.328828e-05,0.0,2.2236482e-05,5.0200022e-05
774.50006,12117.796,0.50000525,0.037836395,0.07662776,1.0373645,0.5000029,0.027467825,0.10174542,0.047902256,0.10570616,0.085241765,0.007907791,0.0483517,0.89370775,0.0087094465,0.0716254,0.016575828
119.97039,0.9794512,0.098544225,0.01684018,0.038521606,1.0865715,0.011698713,0.0033959558,0.010746287,0.04066018,0.50000006,0.061035946,0.086139,0.00014764401,0.5,0.07071631,0.02093106,0.002465141
16212.0,43048.938,0.0,0.0,0.0,1.0,0.0,0.0,1.0,0.0,0.0,0.0,0.0,0.0,0.0,0.0,0.0,0.0
498.0,58708.44,0.0,0.0,0.0,1.0,0.0,0.0,0.0,0.0,1.0,0.0,0.0,0.0,0.0,0.0,0.0,0.0
1282.1768,1004.9164,0.049334455,0.008461414,0.0115810055,0.5,0.50000006,0.050468042,0.5000001,0.07233581,0.010967407,0.053372983,0.05761996,0.17085893,0.9579131,0.008475293,0.012962175,0.03945587
2788.0576,22898.059,0.0334169,0.015337469,0.019330775,0.49999997,0.50000006,0.013917014,0.92950535,0.006512553,0.012120504,0.016565518,0.011973708,0.043391638,0.013779599,0.075501405,0.041952692,0.017856548
774.50006,0.9770928,0.5000017,0.029041467,0.021404834,0.49999338,0.001677837,0.00044327718,0.06208682,0.09542793,0.0065436913,0.010414882,0.058134865,0.06989439,1.0851042,0.09796704,0.13875048,0.0015255723
3312.983,2213.4492,0.033466104,0.01434487,0.029556643,1.0707204,0.021762917,0.0795282,0.043095026,0.008776167,0.49999994,0.065616705,0.031574123,0.005496946,0.00094444916,0.07347502,0.029491385,0.50000006
3487.0,44.429,0.0,0.0,0.0,0.0,1.0,0.0,1.0,0.0,0.0,0.0,0.0,0.0,0.0,0.0,0.0,0.0
6060.0,1434.339,0.0,3.7284364e-05,4.6131245e-06,1.0000147,0.00011090893,4.0207437e-05,0.50000006,5.758202e-05,7.278904e-05,7.1214825e-05,0.0,8.4215535e-05,0.9999937,0.0,7.924645e-07,0.00010630525
916.9999,4681.702,0.50000006,8.325834e-05,0.0,0.9999405,0.00010070144,3.2596716e-05,0.0,0.0,6.8835914e-05,0.0,0.0,2.3619887e-05,1.0000294,0.00010627733,8.053176e-05,8.045604e-05
171.00032,63328.99,0.00010939762,5.5699533e-05,0.0,0.49999893,0.0,0.0,0.9995347,0.0,0.0,0.00024081652,0.00012375273,0.0006837022,5.2916635e-06,0.00018401892,0.00086119067,0.0002985364
370.00003,26533.28,0.50000006,5.7657973e-05,1.2795898e-05,1.0000321,9.916186e-05,9.678681e-05,0.0,3.8501235e-05,7.351535e-05,7.210553e-05,1.0593255e-05,1.0001212,7.8209385e-05,4.541137e-05,4.9030583e-05,0.0
2878.9973,2148.0042,0.50000006,6.9018846e-05,0.0019463552,0.994888,0.047623266,0.0027314888,0.028862286,0.101068474,0.5,0.036862664,0.00474011,0.006530796,0.025214888,0.018454192,0.021511866,0.008323853
120.0,35840.055,1.0,0.0,0.0,0.0,0.0,0.0,1.0,0.0,0.0,0.0,0.0,0.0,0.0,0.0,0.0,0.0
508.00006,19327.582,0.0,6.9110625e-05,7.756725e-05,0.5,8.693252e-05,4.3354135e-05,1.0000234,6.3579387e-06,0.0,2.5255931e-06,1.5168055e-05,0.0,2.484203e-05,0.0,8.096535e-05,5.7093977e-05
3312.984,2654.4246,0.058848616,0.00050310075,0.065709114,1.1107234,0.07749288,0.022829574,5.8132784e-05,0.08023999,0.5,0.019355392,0.02468521,0.033373173,0.05280919,0.026488883,0.0022587164,0.50000006
10007.0,23164.719,0.0,0.0,0.0,1.0,0.0,0.0,1.0,0.0,0.0,0.0,0.0,0.0,0.0,0.0,0.0,0.0
869.9624,134.39803,0.50000006,0.07325312,0.0768285,0.5,0.033045676,0.017180992,0.50000006,0.0076726614,0.0065964796,0.08042169,0.0039562564,0.06348403,0.98119354,0.009007496,0.0035979422,0.10790681
825.05084,161.83498,0.0556202,0.076113544,0.025990585,0.5,0.014061946,0.020905377,0.026902027,0.008846222,0.02701801,0.011801497,0.0032451365,0.008080917,0.9659686,0.06012863,0.012807879,0.50000006
477.99994,11135.223,0.50000006,6.345482e-05,0.0,0.99997604,1.5044942e-05,0.0,1.0984849e-05,4.653157e-05,0.000105408464,0.0,6.236949e-05,8.5219035e-05,1.000021,0.0,0.00012596064,0.0
771.95514,5255.595,0.50000006,0.0042953645,0.013710334,1.0141143,0.50000006,0.020956986,0.0042855237,0.009355142,0.0021999038,0.008423548,0.010477906,0.002571649,0.84729075,0.008457297,0.049152296,0.01585428
498.0,59016.32,0.0,0.0,0.0,1.0,0.0,0.0,0.0,0.0,1.0,0.0,0.0,0.0,0.0,0.0,0.0,0.0
120.00943,102.481636,9.288707e-06,1.0555403,0.016641382,0.042252675,0.072050676,0.003945269,0.50000006,0.032735348,0.5000001,0.08023723,0.075673334,0.018353624,0.016396714,0.9705173,0.0019806917,0.026637604
1422.0155,11542.249,0.025428215,0.010600754,0.028022153,0.5,0.50000006,0.045084145,0.05449076,0.0018500821,0.009416757,0.018026842,0.037510432,0.08018485,1.001194,0.026732184,0.009239809,0.034993436
1280.9629,1005.7329,0.0575246,0.05568984,0.089466006,1.220597,0.0037643944,0.0025745616,0.053766783,0.033518042,0.50000006,0.07982942,0.01670264,0.19953105,0.5,0.07663465,0.099710174,0.50000006
9360.0,598.354,4.6953617e-05,8.3159546e-05,0.0,8.307455e-05,1.0000417,5.1959276e-05,0.50000006,6.167635e-05,0.0,1.0000705,8.245238e-05,1.5603942e-05,2.9882072e-05,9.9187964e-05,5.2191094e-06,1.8247745e-05
2831.057,21982.906,0.0023265814,0.023530496,0.015129035,0.5,1.3774225e-05,0.050741605,1.0015336,0.051510382,0.50000006,0.005313694,0.018383594,7.000539e-05,0.008496416,0.099166095,0.020192442,0.03135016
540.0,39910.613,1.0,0.0,0.0,0.0,0.0,0.0,0.0,0.0,0.0,1.0,0.0,0.0,0.0,0.0,0.0,0.0
1277.0575,1004.5074,0.07763116,0.13632706,0.05351011,0.5,0.020154877,0.0070415884,0.50000006,0.02571656,0.06782557,0.027838806,0.0071099247,0.041957192,1.020137,0.0132899145,0.0336041,0.50000006
6120.049,899.0983,0.013147298,0.07735223,0.021884918,1.0131605,0.012506122,0.013778666,0.50000006,0.06911072,0.50000006,0.12942047,0.050531596,0.012883152,0.96403784,0.0031235171,0.08493646,0.0028025394
373.99997,26367.861,0.50000006,5.942467e-05,6.880681e-05,0.999887,3.347498e-05,0.0,0.0,2.2082417e-05,3.5426237e-05,2.7579808e-05,8.014397e-05,0.0,1.0000101,0.00011407874,6.966356e-05,2.2481872e-05
6120.0,928.004,0.0,2.7832728e-05,0.0,0.9998905,3.2756576e-05,0.000105087696,0.50000006,5.602149e-05,0.0,7.754036e-05,3.4963712e-05,0.0,0.99993175,0.00010204565,0.0,4.983563e-05
1279.0044,1004.8524,0.50000006,0.0275019,0.07198009,0.982173,0.0054677255,0.007403469,0.50000006,0.026548507,0.011044253,0.019021137,0.055778753,0.017725725,0.96408445,0.011230444,0.033771228,0.039173994
3761.0,58848.426,0.0,0.0,0.0,1.0,0.0,0.0,1.0,0.0,0.0,0.0,0.0,0.0,0.0,0.0,0.0,0.0
773.88666,97634.41,0.013961633,0.020979507,0.07376536,0.49999997,0.011456102,0.14386879,0.50000006,0.023397855,0.50000006,0.085106865,0.1281259,0.07920057,1.0370948,0.032451537,0.011856343,0.026886923
774.0943,52048.695,0.028036524,0.0009969362,0.0018602442,0.5,0.0046593645,0.010581451,0.000508167,0.018367225,0.50000006,0.00054705277,0.03916315,0.005128614,0.9926967,0.047033645,0.027168147,0.023243535
3621.0,59481.664,0.0,0.0,0.0,1.0,0.0,0.0,1.0,0.0,0.0,0.0,0.0,0.0,0.0,0.0,0.0,0.0
1283.0077,1010.70416,0.03889408,0.0043469253,0.00028591443,0.9879502,0.50000006,0.08089132,0.50000006,0.006164977,0.50000006,0.03499625,0.00059443625,0.018438557,1.0627607,0.0028843745,0.01505196,0.042982616
3775.9514,6651.9287,0.50000006,0.016534809,0.040947635,0.94389844,0.08333542,0.0037462031,0.055354472,0.09469204,0.021063305,0.039919745,0.017035231,0.010187717,1.019846,0.034289386,0.039644774,0.5000001
10002.0,14206.162,0.0,0.0,0.0,1.0,0.0,0.0,1.0,0.0,0.0,0.0,0.0,0.0,0.0,0.0,0.0,0.0
228.98286,0.49335942,0.009002217,0.018188346,0.011212969,0.5,0.50000006,0.0060693035,0.021603556,0.015111373,0.015197985,0.038286664,0.045584463,0.001613447,0.96665686,0.002599391,0.016359331,0.022269605
1280.998,1003.2839,0.50000006,0.068034776,0.0064775203,1.047652,0.01192892,0.033041675,0.50000006,0.08611185,0.045946922,0.054114442,0.021036286,0.040476527,1.0978811,0.02784295,0.014639604,0.0070668785
1277.9427,1004.81757,0.5000001,0.12414634,0.0011421511,1.0067482,0.0043309135,0.04853358,0.50000006,0.062047005,0.008644558,0.014087367,0.03823978,0.028942725,1.0620642,0.018561257,0.0091326125,0.057226602
2945.0698,2620.5876,0.007814114,0.05467577,0.020069785,0.5,0.0031128435,0.027197944,0.50000006,0.03305927,1.0031687,0.021512927,0.059273124,0.010712174,0.0011043308,0.014629556,0.03887797,0.017481979
774.50006,1.0484133,0.50000006,0.11817042,0.062720455,1.3110282,0.5000003,0.27874315,0.04310815,0.05019129,0.06321705,0.10576536,0.03375738,0.01248884,0.5,0.042626757,2.2085866e-05,0.01267143
120.029175,101.66389,0.0070020943,0.9939872,0.020215372,0.038541876,0.058928993,0.010628686,0.50000006,0.06541514,0.025328098,0.020184873,0.048976593,0.02851448,0.012847638,0.49999997,0.03235228,0.0121698715
3312.9907,2346.244,0.50000006,0.038300034,0.03571197,1.0121372,0.024809733,0.023699619,0.0061982903,0.038974993,0.5,0.015571688,0.044850312,0.0068190084,0.036875423,0.0015787213,0.0017717158,0.092890345
6060.0,1431.741,0.0,7.012114e-05,0.000119685275,1.0000027,0.0,0.0,0.50000006,6.917187e-05,2.81303e-05,2.946937e-05,4.728965e-05,0.0,0.9999949,7.705774e-05,7.53311e-05,1.0739282e-06
4992.0,49262.984,0.0,0.0,0.0,1.0,0.0,0.0,1.0,0.0,0.0,0.0,0.0,0.0,0.0,0.0,0.0,0.0
6060.0,1312.744,6.268934e-05,1.7382516e-05,4.754353e-05,1.0000956,1.09001685e-05,6.251676e-05,0.50000006,0.0,4.558074e-05,7.467132e-05,1.8268012e-05,0.0,0.99998593,4.715209e-05,8.279665e-05,0.0
706.0,46094.43,0.50000006,4.8219776e-05,0.0,1.0000268,4.538643e-05,0.0,0.9999224,1.2943979e-06,7.414576e-05,7.424314e-07,0.0,0.0,2.9136983e-05,0.0001839404,4.6543366e-05,1.730557e-05
8739.0,23180.068,0.0,0.0,0.0,1.0,0.0,0.0,1.0,0.0,0.0,0.0,0.0,0.0,0.0,0.0,0.0,0.0
774.0917,18167.832,0.50000006,0.09619431,0.11105183,0.5,0.15741354,0.0040470525,0.50000006,0.011967834,0.11460233,0.07757652,0.055170983,0.09790757,0.8758129,0.053298637,0.08795022,0.063616924
552.0,59031.086,0.0,0.0,0.0,1.0,0.0,0.0,0.0,0.0,0.0,0.0,0.0,0.0,1.0,0.0,0.0,0.0
3379.037,2524.214,0.031370975,0.09761992,0.019889873,1.0334964,0.5000002,0.004916303,0.50000006,0.0025965616,1.0207171,0.052961174,0.024825314,0.0020147753,0.024326833,0.010219561,0.02654079,0.0040291063
1278.8314,1004.93427,0.50000006,0.008448984,0.015304049,0.9772413,0.022628374,0.0050207293,0.50000006,0.0042241565,0.018268095,0.0012937426,0.012276822,0.053790204,1.004425,0.0781155,0.06224899,0.023111574
13713.0,13952.401,0.0,0.0,0.0,1.0,0.0,0.0,1.0,0.0,0.0,0.0,0.0,0.0,0.0,0.0,0.0,0.0
774.50006,1.6463087,0.017706832,0.016744845,0.043082897,0.9464832,0.0062736995,0.009131757,0.10043094,4.8796206e-05,0.05445225,0.07796051,0.0052239583,0.039992202,0.49998102,0.11082312,0.011536976,0.5000237
6659.0,203.543,0.0,0.0,0.0,0.0,1.0,0.0,1.0,0.0,0.0,0.0,0.0,0.0,0.0,0.0,0.0,0.0
6120.0,831.859,8.094043e-05,2.1879734e-05,6.379089e-05,0.9999604,1.4118456e-05,1.5096651e-05,0.50000006,7.947202e-05,5.016122e-05,0.0,0.00012283886,9.922948e-05,0.99992126,5.519985e-06,0.0,1.1996478e-05
3981.0,59089.24,0.0,0.0,0.0,1.0,0.0,0.0,1.0,0.0,0.0,0.0,0.0,0.0,0.0,0.0,0.0,0.0
3342.9766,14081.138,0.035237484,0.019038243,0.026896887,0.5,0.009104441,0.0017205386,0.50000006,0.041127127,0.0016120429,0.021966813,0.053262617,0.047294218,1.0339831,0.06581009,0.0010280595,0.008436373
491.0,88.195,0.0,0.0,0.0,1.0,0.0,0.0,0.0,0.0,1.0,0.0,0.0,0.0,0.0,0.0,0.0,0.0
15011.0,23022.805,0.0,0.0,0.0,1.0,0.0,0.0,1.0,0.0,0.0,0.0,0.0,0.0,0.0,0.0,0.0,0.0
773.5,38843.25,0.053890947,0.013865722,0.14866436,0.49999645,0.50000226,0.001307076,0.0001388664,0.061264046,0.030697782,0.072336175,0.11737922,0.021689553,0.94122267,0.13967842,0.014953209,0.07655303
1042.9883,9087.142,0.50000006,0.0016184064,0.010951733,1.0277097,0.5000001,0.040131453,0.9954134,0.051747993,0.058690436,0.002897697,0.01039298,0.04995288,0.028082842,0.003516211,0.018129613,0.003870533
774.50006,93116.02,0.04633562,0.21207406,0.059917253,0.49999228,0.036948875,0.07609612,0.084600054,0.017497443,0.50001377,0.031325094,0.0012215615,0.026671035,0.9707939,0.12025639,0.058517784,0.08606633
10001.0,13403.269,0.0,0.0,0.0,1.0,0.0,0.0,1.0,0.0,0.0,0.0,0.0,0.0,0.0,0.0,0.0,0.0
