SrcBytes,SIntPktMax,Proto_arp,Proto_icmp,Proto_ipv6-icmp,Proto_tcp,Proto_udp,State_CLO,State_CON,State_ECO,State_FIN,State_INT,State_NRS,State_REQ,State_RST,State_TST,State_URH,State_URHPRO
9120.293,909.21906,0.16807161,1.0032436,0.34554,0.53915733,0.21286319,0.47510147,0.5709685,1.0180888,0.35356247,0.2386687,0.2196181,0.14443488,0.47636038,0.5709685,0.25390345,0.17379357
6120.2305,811.84296,0.49790263,0.06923448,0.057613693,1.1016155,0.49790263,0.14622551,0.50232303,0.04815522,0.11131581,0.0022102073,0.2626591,0.49921077,1.3463708,0.08552789,0.0,0.2762326
734.79224,30030.418,0.570944,0.21438283,0.21899295,0.42905596,0.570944,0.08071513,0.15782766,0.19864947,0.570944,0.0,0.07290364,0.0,0.42905596,0.071467265,0.0,0.36811718
6120.3433,808.6522,0.0007180497,0.0029489174,0.24360402,1.1969743,0.0,0.24252771,0.5708312,0.18491921,0.5708312,0.19901432,0.567719,0.4993875,1.1691442,0.14942029,0.0,0.4183088
774.5708,15341.308,0.4155676,0.49933612,0.41686663,1.2610023,0.02771601,0.34478924,0.5707743,0.14288905,0.5707743,0.21436062,0.20191464,0.3547472,0.50495493,0.2326389,0.3165318,0.40704718
84.538864,0.0,0.071461596,0.0007181242,0.4978788,0.42910135,0.009424873,0.49944657,0.5777288,0.30450046,0.42943072,0.20509002,0.22350153,0.4271779,0.20632178,0.26354086,0.072897844,0.49944657
84.790184,96922.29,0.5708369,0.20007321,0.3676096,0.42916313,0.5708369,0.07378753,1.2642208,0.00071805716,0.045131996,0.0,0.42938426,0.22136822,0.5708369,0.17014411,0.5708369,0.42338088
6119.937,912.1972,0.11218148,0.3447461,0.070719995,1.4696782,0.21196836,0.42934588,0.5707859,0.18951693,0.14215797,0.11339664,0.15717706,0.0014535859,1.284869,0.14442922,0.088430256,0.37724894
242.4293,53247.92,0.5707271,0.28727457,0.15952519,0.42927292,0.5707271,0.35787055,0.14684561,0.14214358,0.5707271,0.07147994,0.086015016,0.23428953,0.42927292,0.5707271,0.15309107,0.020696364
7735.0,198.338,0.0,0.0,0.0,0.0,1.0,0.0,1.0,0.0,0.0,0.0,0.0,0.0,0.0,0.0,0.0,0.0
2473.0745,22695.322,0.5709341,0.042252004,0.22662105,0.42906588,0.5709341,0.06458148,0.6582368,0.03846155,0.42945737,0.019429967,0.24280375,0.42490828,0.11641449,0.29016948,0.2654922,0.5709341
519.0,9999.394,0.0,0.0,0.0,1.0,0.0,0.0,0.0,0.0,1.0,0.0,0.0,0.0,0.0,0.0,0.0,0.0
1264.2188,203.34459,0.5709068,0.5709068,0.07073498,0.8838323,0.5709068,0.28571406,0.5709068,0.037392125,0.28732553,0.14681125,0.45901,0.14296402,0.6793948,0.07668811,0.4222771,0.5709068
666.11884,15235.035,0.5708098,0.07072296,0.35564545,0.4291902,0.5708098,0.03337007,0.0714908,0.26671353,0.5708098,0.2104136,0.17496535,0.4291902,0.42571315,0.10289309,0.34498146,0.0
6120.414,802.1284,0.5281201,0.07523166,0.49720854,0.6609357,0.57089776,0.42113745,0.57089776,0.21283685,0.0007181242,0.24610363,0.29272002,0.30801296,1.1314268,0.02018901,0.0,0.44683087
166.72382,49721.06,0.5178744,0.45109755,0.23020376,1.443064,0.017684387,0.068746775,1.4358146,0.3509695,0.48080266,0.10452996,0.48250562,0.0,0.41756696,0.48894256,0.47359076,0.28735524
774.5709,27596.746,0.12734812,0.006383702,0.31094694,1.2160974,0.13894981,0.14220002,0.57091016,0.42106974,0.57091016,0.5589783,0.34754634,0.14822985,0.42908984,0.0,0.22701378,0.26215783
827.9394,103.07793,0.5707147,0.42727938,0.3116639,1.1123687,0.5707147,0.14291634,0.5707147,0.41944155,0.4868888,0.36106512,0.30495688,0.07071117,1.0753455,0.22017732,0.5668044,0.5707147
119.60029,0.68089396,0.20139365,0.10578664,0.40010604,1.1988223,0.2627536,0.18629797,0.051118117,0.34843257,0.051118117,0.34950992,0.2973569,0.3052569,1.1687155,0.40010604,0.060591172,0.10860191
1282.273,1003.59186,0.57090414,0.42787415,0.0,1.2017069,0.2795564,0.37108418,0.57090414,0.31242907,0.57090414,0.2989376,0.3399371,0.57090414,0.42909583,0.57090414,0.1099475,0.57090414
6120.497,901.30505,0.57084024,0.41906056,0.42938676,0.70615095,0.10924908,0.52104294,0.57084024,0.22625905,0.57084024,0.14294733,0.2237185,0.20331171,0.4291598,0.0014938712,0.07072673,0.57084024
5429.0,2982.445,0.0,0.0,0.0,0.0,1.0,0.0,1.0,0.0,0.0,0.0,0.0,0.0,0.0,0.0,0.0,0.0
2886.4292,2819.5437,0.44393545,0.025076784,0.5246926,0.80036104,0.22474942,0.31695879,0.57074034,0.4248805,1.307156,0.0007490963,0.371755,0.016076095,0.57074034,0.0,0.0007490963,0.34312037
6119.6484,831.9145,0.15319967,0.0,0.27399057,1.266612,0.13512158,0.0737732,0.5707189,0.13574088,0.21433863,0.57014173,0.070711695,0.20385456,0.7193674,0.070711695,0.49626768,0.21411422
18659.0,778.778,0.0,0.0,0.0,1.0,0.0,0.0,1.0,0.0,0.0,0.0,0.0,0.0,0.0,0.0,0.0,0.0
9974.0,17209.502,0.0,0.0,0.0,1.0,0.0,0.0,1.0,0.0,0.0,0.0,0.0,0.0,0.0,0.0,0.0,0.0
7489.0,26181.607,0.0,0.0,0.0,1.0,0.0,0.0,1.0,0.0,0.0,0.0,0.0,0.0,0.0,0.0,0.0,0.0
670.49475,11136.613,0.5707118,0.001493983,0.47071487,0.42928824,0.5707118,0.28111082,1.176713,0.16655916,0.5707118,0.34802997,0.34625036,0.2761519,0.0,0.00071789324,0.42344522,0.070710815
1110.5702,13608.198,0.57097787,0.18047234,0.07074378,0.42902216,0.57097787,0.29130554,0.0,0.20896414,0.30070388,0.44892198,0.5678648,0.711358,0.4246007,0.3087214,0.27237198,0.57097787
2869.277,21921.945,0.5709717,0.27535766,0.5709717,0.42902827,0.5709717,0.34051943,0.42902827,0.0,0.5709717,0.168039,0.0,0.5638443,0.070743024,0.16463086,0.3790272,0.5709717
2887.3577,2316.926,0.57083327,0.57083327,0.37986538,1.355744,0.5677884,0.16872716,0.57083327,0.0,1.2885293,0.37107986,0.22719279,0.15470684,0.57083327,0.4964064,0.57083327,0.42137077
552.0,59205.258,0.0,0.0,0.0,1.0,0.0,0.0,0.0,0.0,0.0,0.0,0.0,0.0,1.0,0.0,0.0,0.0
2428.0857,22574.787,0.5710124,0.427263,0.15253696,0.4289876,0.5710124,0.32794878,1.5701957,0.14221439,0.36949724,0.3154041,0.3909082,0.1811595,0.0,0.22519574,0.1114334,0.5710124
774.57074,1.1210167,0.15790068,0.42929006,0.2708714,0.93934643,0.4272737,0.42929006,0.5707116,0.07071079,0.5707116,0.048281178,0.081371784,0.5707116,0.4292884,0.15905114,0.28585207,0.56537235
2929.423,2569.4805,0.5709947,0.26409903,0.07074586,1.381479,0.0,0.40541634,0.5709947,0.5678817,1.1923876,0.28575802,0.0,0.42950293,0.5709947,0.42552105,0.570178,0.49953052
12128.0,1069.184,0.0,0.0,0.0,0.0,1.0,0.0,1.0,0.0,0.0,0.0,0.0,0.0,0.0,0.0,0.0,0.0
172.28496,23424.957,0.5709189,0.2151564,0.09252243,0.42908108,0.5709189,0.000718154,1.1713426,0.5709189,0.34975886,0.24620672,0.49722695,0.15125863,0.35799134,0.07827287,0.35799134,0.5709189
3326.2537,34538.64,0.5709897,0.047835574,0.38579342,1.008676,0.5709897,0.1255901,0.34019685,0.24281979,0.5709897,0.2572705,0.19036055,0.51541865,0.42901024,0.5709897,0.1984458,0.5709897
260.69208,53248.29,0.5708353,0.07145366,0.071249284,0.42916468,0.5708353,0.42638633,0.13377601,0.4100891,0.5708353,0.20745692,0.0,0.07072612,0.42916468,0.22636786,0.37606683,0.35793892
540.0,39970.895,1.0,0.0,0.0,0.0,0.0,0.0,0.0,0.0,0.0,1.0,0.0,0.0,0.0,0.0,0.0,0.0
774.5708,15468.323,0.4248443,0.32084343,0.4650593,1.395458,0.00071799755,0.0,0.5707942,0.034124106,0.5707942,0.57021695,0.07072103,0.21181725,1.3475435,0.523398,0.25069138,0.34548256
7481.0,34014.258,0.0,0.0,0.0,1.0,0.0,0.0,1.0,0.0,0.0,0.0,0.0,0.0,0.0,0.0,0.0,0.0
2928.6638,2220.659,0.5707162,0.4224139,0.3578642,0.51973766,0.3975857,0.3578642,0.5707162,0.25077212,0.4292838,0.5707162,0.079063326,0.5707162,0.5707162,0.4272805,0.2437888,0.42929345
6120.3076,829.9,0.00071792305,0.0,0.20334926,0.5431486,0.2442638,0.56790274,0.5707354,0.1296196,0.35173735,0.5707354,0.13365477,0.33061332,1.5701581,0.14585206,0.070713736,0.5062727
774.57074,19107.209,0.53970146,0.07291373,0.56103885,0.99396914,0.15552762,0.3400781,0.57071155,0.32389882,0.57071155,0.28056434,0.184358,0.0,0.96427494,0.09309956,0.15232159,0.42870948
1273.646,1005.24365,0.2825798,0.0,0.5708041,1.570804,0.07517889,0.5708041,0.5708041,0.28731412,0.5708041,0.4993638,0.0,0.0022810102,0.4291959,0.36838076,0.15177853,0.14347084
859.9111,7041.4263,0.57089275,0.4271735,0.4994414,1.5700761,0.57089275,0.0,0.42910725,0.3579749,0.42342222,0.07289709,0.16086255,0.42251348,0.0014940351,0.3733232,0.32128513,0.57089275
1517.4292,23925.32,0.57084155,0.49861482,0.57084155,1.2970678,0.57084155,0.56326103,0.23571047,0.35794085,0.8779295,0.49861482,0.3518023,0.25435162,0.3695131,0.012260765,0.21009049,0.57084155
2870.7764,2612.8965,0.07928645,0.07073853,0.42646116,0.42906454,0.11755127,0.30244306,0.5709355,0.15025795,0.9403119,0.2090998,0.19520694,0.21960539,0.5709355,0.13906348,0.21437961,0.45918143
6060.418,1435.1921,0.57077247,0.30918688,0.42933577,0.42922753,0.42933577,0.42933577,0.57077247,0.42933577,0.42732257,0.2795112,0.15379041,0.00071796775,1.0957866,0.051021338,0.4262988,0.57077247
4133.7017,6655.574,0.5707184,0.41758528,0.27291575,1.0932195,0.5707184,0.42929515,0.5707184,0.0007179007,0.3666285,0.0,0.0,0.42411652,0.98013496,0.29699087,0.38126752,0.5707184
682.71423,12159.405,0.57102656,0.32898244,0.096192956,0.42897344,0.57102656,0.32485083,1.3580589,0.57020986,0.0014943779,0.21964043,0.109286964,0.19125503,0.09012911,0.42952693,0.29575536,0.57102656
3313.363,2414.3628,0.5710208,0.32962692,0.07313454,0.7257744,0.27474296,0.0,0.5710208,0.35624874,0.42897922,0.14299257,0.3507982,0.5710208,0.5710208,0.0897628,0.039924644,0.2912886
6119.5728,898.13074,0.5708729,0.48336986,0.5220033,1.3543582,0.0,0.44645128,0.5708729,0.053690918,0.5708729,0.15258777,0.14800468,0.49279103,0.42912713,0.3608066,0.28056118,0.5708729
7489.0,29008.623,0.0,0.0,0.0,1.0,0.0,0.0,1.0,0.0,0.0,0.0,0.0,0.0,0.0,0.0,0.0,0.0
14644.0,994.123,0.0,0.0,0.0,0.0,1.0,0.0,1.0,0.0,0.0,0.0,0.0,0.0,0.0,0.0,0.0,0.0
6060.039,1311.0481,0.57102126,0.07381135,0.23205474,0.68153423,0.30286086,0.07381135,0.57102126,0.072259195,0.35805547,0.35234368,0.37091774,0.0,0.8977795,0.20806825,0.072259195,0.57102126
4796.253,50162.773,1084.8835,7004.154,6937.4204,9739.999,5381.8506,9338.304,0.0,1842.2726,0.0,2523.5322,8370.926,3726.787,8919.162,1730.0228,9376.882,2647.1567
60.068665,88960.484,0.42914113,0.47505572,0.28569004,0.57085884,0.4278402,0.15757197,1.4285843,0.5587288,0.57085884,0.5700424,0.42546108,0.0031935796,0.25497422,0.14217615,0.57085884,0.14217615
830.06476,132.25389,0.5708252,0.14216778,0.2966316,0.42917475,0.5708252,0.49938235,0.5708252,0.070724875,0.3050191,0.22782001,0.21956298,0.33076426,1.3539562,0.070724875,0.28567323,0.5708252
1283.5852,1004.6523,0.5708525,0.0,0.12780601,0.8282311,0.5708525,0.07668083,0.5708525,0.3224919,0.5708525,0.34863633,0.4248476,0.5708525,1.4814215,0.063616805,0.1864063,0.5708525
5373.764,65042.652,25058.965,23898.488,25162.969,27680.203,33427.652,27679.203,36035.066,34459.504,25540.957,35079.082,25878.746,14373.598,16160.436,23203.887,34692.832,32795.363
254.94801,53248.695,0.57077396,0.071486324,0.3838824,0.9902687,0.57077396,0.57077396,0.39500335,0.2725231,0.57077396,0.14525352,0.00071796775,0.0029889345,0.42922604,0.35586986,0.00071796775,0.57077396
120.0,39679.76,1.0,0.0,0.0,0.0,0.0,0.0,1.0,0.0,0.0,0.0,0.0,0.0,0.0,0.0,0.0,0.0
6119.885,812.00867,0.32183778,0.1751489,0.42870617,0.74240524,0.42952293,0.42952293,0.57102126,0.22767273,0.57102126,0.49877167,0.2695802,0.16345125,0.42897874,0.0,0.42870617,0.57102126
6119.768,847.97534,0.5708098,0.33924708,0.111603595,1.4223732,0.24212596,0.19700995,0.5708098,0.5708098,0.5708098,0.5708098,0.124775015,0.21515474,0.4291902,0.42735055,0.49936882,0.5708098
517.7127,28928.896,0.5709844,0.1667831,0.37006667,0.42901555,0.5709844,0.0729088,0.42638218,0.26163298,0.5709844,0.097870536,0.022117093,1.0192513,0.56538814,0.2333343,0.14220743,0.5709844
221.85431,29005.986,0.5709088,0.13419107,0.49399972,0.42909122,0.5709088,0.37078524,0.21670428,0.2236588,0.5709088,0.0,0.0029496923,1.1177919,0.32310975,0.5700946,0.07073522,0.22521067
3626.0,10243.876,0.0,0.0,0.0,1.0,0.0,0.0,1.0,0.0,0.0,0.0,0.0,0.0,0.0,0.0,0.0,0.0
6120.2134,898.50006,0.5708067,0.4993661,0.42878422,1.2267421,0.42936152,0.56525224,0.5708067,0.00071801245,0.5708067,0.5677348,0.48818657,0.14443426,0.42919332,0.2671558,0.17157802,0.5708067
120.0,37120.22,1.0,0.0,0.0,0.0,0.0,0.0,1.0,0.0,0.0,0.0,0.0,0.0,0.0,0.0,0.0,0.0
3313.5708,2678.366,0.27942717,0.27923664,0.28733614,1.4264165,0.40307677,0.24761672,0.57074034,0.15681927,0.42925966,0.5610998,0.15404597,0.57074034,0.4544024,0.28930348,0.22771916,0.57074034
199.10535,53248.01,0.57079315,0.36584365,0.14586681,0.42920685,0.57079315,0.57079315,0.57079315,0.0,0.57079315,0.15547949,0.4906569,0.27337733,0.42920685,0.14586681,0.022193432,0.14289518
9180.27,847.7589,0.5708424,1.0265154,0.3557063,0.5708424,0.4293884,0.34941497,0.5708424,1.2009194,0.22597295,0.5700259,0.49939734,0.3563756,0.5708424,0.5700259,0.3542702,0.5708424
1279.4962,1006.9429,0.5708271,0.17656747,0.2833785,1.0325606,0.5708271,0.22264585,0.5708271,0.3389029,0.0014938638,0.5109543,0.24869385,0.5708271,0.42917284,0.07145263,0.28567418,0.5708271
3313.5708,2302.0588,0.57083327,0.0007180497,0.040969677,0.42916673,0.57083327,0.045963652,0.57083327,0.1824317,1.1920013,0.0,0.3285764,0.16855168,0.17445356,0.42938155,0.23781085,0.26780212
854.17755,7061.515,0.57076675,0.42352718,0.0007179603,0.8601616,0.57076675,0.21035618,0.5567009,0.12027527,0.21665052,0.2709269,0.0,0.35561848,0.24433094,0.29727268,0.57076675,0.57076675
154.80525,37879.164,6.9645934,34.262394,29.204985,20.16552,0.30494252,7.4604783,16.817862,27.223652,19.846594,11.772429,2.1443448,18.284111,12.187695,34.805252,12.382384,23.53854
2862.5005,3361.1377,0.5709956,0.5367491,0.42950365,1.2779882,0.5709956,0.0032625198,0.5709956,0.14785631,0.34808218,0.38205928,0.09783139,0.22747171,1.1898034,0.35580182,0.00071825087,0.26181394
2960.7185,2574.1978,0.57086724,0.2873056,0.2628038,1.2128254,0.57086724,0.0,0.57086724,0.0,1.1092365,0.0,0.3579589,0.00071808696,0.57086724,0.3930146,0.28195742,0.57086724
3435.6658,6655.0215,0.5708183,0.23908326,0.17474803,0.4291817,0.5708183,0.42937028,0.5708183,0.42937028,0.13930312,0.42937028,0.07072401,0.2521036,0.4291817,0.13903502,0.35155746,0.5708183
120.0,39920.08,1.0,0.0,0.0,0.0,0.0,0.0,1.0,0.0,0.0,0.0,0.0,0.0,0.0,0.0,0.0,0.0
774.5708,43187.824,0.21436691,0.22153041,0.08681145,0.6691071,0.14781561,0.24734356,0.5707942,0.4287749,0.095371574,0.0,0.2804306,0.5707942,0.42920578,0.0,0.4993552,0.13773265
18965.0,58136.44,0.0,0.0,0.0,1.0,0.0,0.0,1.0,0.0,0.0,0.0,0.0,0.0,0.0,0.0,0.0,0.0
3313.2156,2182.7866,0.57102126,0.0,0.3086136,0.42897874,0.57102126,0.07381478,0.57102126,0.4431153,1.4287062,0.5301728,0.31839114,0.22409603,0.57102126,0.15643626,0.57102126,0.4995538
155.77335,50050.773,0.570734,0.08346565,0.42872968,0.42926598,0.570734,0.4907467,0.40143868,0.35713372,0.6892176,0.21817362,0.07618461,0.570734,0.570734,0.49930254,0.37831172,0.0
10418.0,4935.78,0.0,0.0,0.0,0.0,1.0,0.0,1.0,0.0,0.0,0.0,0.0,0.0,0.0,0.0,0.0,0.0
787.947,128.64308,0.57073593,0.2267078,0.34963113,0.42926407,0.57073593,0.13834272,0.57073593,0.35109967,0.15129088,0.56937397,0.33659256,0.3563903,1.4985625,0.57073593,0.4627248,0.57073593
120.37109,101.58526,0.24035558,1.0541754,0.1443983,0.18139052,0.5708238,0.33148584,0.5708238,0.4993811,0.5708238,0.42937443,0.40599215,0.5700073,0.4177709,1.2856725,0.3500355,0.1914751
774.57074,2055.9663,0.21191283,0.20485361,0.113362566,0.9079686,0.07071079,0.26293546,0.5707116,0.49721658,0.15235086,0.07071079,0.08348195,0.5707116,0.4292884,0.21293761,0.0007178858,0.0
1279.6403,1006.6605,0.40500888,0.0,0.0,0.5383669,0.18390438,0.07074521,0.57098395,0.102493994,0.57098395,0.28575143,0.07147293,0.57098395,0.42901608,0.26568386,0.35803083,0.3701708
1277.9756,1006.8361,0.5709193,0.0029493868,0.14632675,1.354318,0.5709193,0.26283115,0.5709193,0.0,0.5709193,0.227101,0.42693907,0.5709193,0.42908072,0.07290048,0.4248972,0.5709193
6120.429,909.8262,0.2648347,0.3678973,0.41546547,0.4352885,0.0007137731,0.4841771,0.5707509,0.5647115,0.1554704,0.4231149,0.19696853,0.36876953,1.2655895,0.1694296,0.35755754,0.14329466
2862.0823,5792.9336,0.0,47.807987,48.306118,59.449036,0.0,81.417656,94.917656,25.114618,82.417656,36.370014,34.59799,36.344925,46.968884,0.41763505,94.08239,81.417656
120.22267,100.30773,0.5708129,0.8709785,0.39141834,0.121141754,0.28788358,0.08469002,0.5708129,0.42936617,0.5708129,0.11128135,0.49383116,0.34967923,0.11504051,0.9100202,0.07072334,0.21954487
1280.1597,1004.1613,0.570939,0.37265876,0.070738964,0.429061,0.570939,0.14219612,0.570939,0.42946106,0.570939,0.29712546,0.16292083,0.570939,0.429061,0.0007181838,0.029606663,0.570939
119.985535,100.33371,0.5710194,0.8208314,0.15812066,0.24261755,0.5710194,0.14534286,0.5710194,0.0022804514,0.5710194,0.42222375,0.26023874,0.5710194,0.56029713,1.2006966,0.16959971,0.35438007
122.00932,60033.832,508.80304,868.68695,526.34485,811.7752,0.0,321.95184,951.71844,1016.90814,523.8376,34.881634,416.38086,175.82472,373.88104,0.0,656.4266,34.881634
552.0,59126.848,0.0,0.0,0.0,1.0,0.0,0.0,0.0,0.0,0.0,0.0,0.0,0.0,1.0,0.0,0.0,0.0
147.64197,55179.605,0.57097757,0.27121794,0.17885393,0.42902243,0.57097757,0.0029496923,0.57097757,0.08920145,0.57097757,0.012351356,0.0,0.9424928,0.57097757,0.4995156,0.18638414,0.4294901
765.0054,133.43495,0.5707821,0.011917651,0.34162244,1.1661532,0.0,0.1642628,0.4479497,0.42934304,0.001453355,0.09248931,0.35790554,0.42653725,0.42921788,0.3242664,0.41360548,0.5707821
2937.4285,2222.2715,0.5708938,0.016723476,0.20005164,0.42910618,0.5708938,0.36354142,0.5708938,0.4294271,0.8450508,0.23757803,0.23214886,0.5708938,0.21436396,0.5708938,0.17670572,0.5708938
6119.555,880.6405,0.5709356,0.4460398,0.0,0.5005211,0.38721696,0.112383105,0.5709356,0.14219527,0.5709356,0.018692538,0.4294585,0.39681888,0.4290644,0.35800177,0.22118822,0.5709356
3312.4292,2557.972,0.57083327,0.2723266,0.42938155,0.42916673,0.57083327,0.02388636,0.57083327,0.196361,1.0317254,0.11297876,0.078860335,0.57083327,0.24217072,0.2858789,0.42551315,0.57083327
1364.5701,1024.6892,0.57091045,0.12908384,0.2233949,1.0961018,0.57091045,0.0,0.57091045,0.45530245,0.14295837,0.57091045,0.32254404,0.357986,0.8214898,0.42943957,0.28733116,0.57091045
1183.6418,17710.61,0.5709399,0.28734654,0.074727304,0.4290601,0.5709399,0.2749338,0.23782863,0.44266748,0.070739076,0.212842,0.27805004,0.4290601,0.26850972,0.14087224,0.346363,0.5709399
6120.2812,867.9232,0.14216098,0.35167775,0.14756748,0.4292021,0.5707979,0.287311,0.5707979,0.51497394,0.5707979,0.31720707,0.20369098,0.30321985,0.9442822,0.30136618,0.0,0.0
6059.8843,1482.1351,0.3129992,0.42716992,0.07949101,0.85360074,0.26307064,0.23211047,0.570888,0.079908766,0.48580253,0.49865523,0.00071811676,0.39774618,1.4294227,0.27645627,0.34959206,0.070732646
180.10452,24064.47,0.4289927,0.5710073,0.338205,0.5710073,0.07291172,0.42869577,1.0653425,0.33089134,0.19197795,0.1541001,0.0007182658,0.5710073,0.5710073,0.18321088,0.33169976,0.07147519
6120.429,923.5915,0.23048238,0.15556909,0.5459393,0.57588995,0.5709734,0.2589141,0.5709734,0.0,0.39846238,0.015132859,0.22897485,0.17943446,1.4949238,0.28574738,0.21755809,0.13058122
6060.324,942.40045,0.5709371,0.14777994,0.2513732,1.0936007,0.22010565,0.15139404,0.5709371,0.36106816,0.5709371,0.45885938,0.21048224,0.35719287,0.4290629,0.07073873,0.07146425,0.5709371
6119.648,891.6376,0.57078755,0.10956373,0.14215839,0.42921245,0.478039,0.44178423,0.57078755,0.49934936,0.57078755,0.4269188,0.3112329,0.153104,1.0472615,0.49707195,0.0707202,0.57078755
6120.2764,857.13513,0.5708413,0.02825144,0.070726864,1.309682,0.295056,0.0,0.5708413,0.23541754,0.5708413,0.42938757,0.071454406,0.2545498,1.2199763,0.0,0.28568125,0.5708413
425.9904,13184.125,0.5708175,0.42936966,0.20356613,0.4291825,0.4545806,0.3331632,1.5708175,0.07927006,0.35569078,0.3518952,0.49859363,0.42855316,0.27010918,0.5708175,0.072233416,0.39590132
540.0,39961.188,1.0,0.0,0.0,0.0,0.0,0.0,0.0,0.0,0.0,1.0,0.0,0.0,0.0,0.0,0.0,0.0
2945.563,2114.0754,0.57083404,0.0,0.4293821,0.42916596,0.57083404,0.4293821,0.57083404,0.4937539,0.42916596,0.4962582,0.14216998,0.07421027,0.04236812,0.4293821,0.4293821,0.57083404
327.0,51661.957,0.0,0.0,0.0,1.0,0.0,0.0,0.0,0.0,1.0,0.0,0.0,0.0,0.0,0.0,0.0,0.0
866.5006,7045.36,0.57078505,0.07071989,0.0014536977,1.4138695,0.57078505,0.31899595,1.035033,0.1993401,0.100129135,0.34511095,0.5328915,0.35637265,0.20343935,0.57078505,0.2083981,0.57078505
6119.5747,804.61115,0.2243475,0.15554881,0.22063842,0.7271297,0.0007181242,0.14218485,0.5708938,0.07073337,0.42861053,0.071460985,0.21815312,0.0,0.8617308,0.29883352,0.29643756,0.083551906
774.57086,4580.896,0.23378168,0.30181015,0.07740892,0.7553695,0.3233356,0.48449677,0.5708761,0.01845055,0.5708761,0.42714006,0.07073118,0.5708761,0.42912388,0.4294138,0.0,0.1429547
2354.354,23078.008,0.5708276,0.08215128,0.4011192,0.42917237,0.5708276,0.20132747,0.71432555,0.050012708,0.5628238,0.4293773,0.0,0.07288877,0.1524137,0.0,0.3830266,0.5708276
1277.929,1008.35614,0.23736295,0.57014525,0.35786816,0.9252427,0.08191643,0.14214219,0.5707225,0.0,0.5707225,0.28586087,0.42872098,0.5707225,1.4123844,0.07071214,0.14214219,0.08969574
9300.318,756.0116,0.47259986,0.00071816146,0.0038861781,0.57092357,1.427641,0.15942127,0.57092357,0.2167092,0.57092357,0.57280344,0.07073706,0.21764275,0.57092357,0.33200645,0.30788556,0.28059262
3379.5708,2397.2722,0.57083327,0.43561733,0.3886339,0.42916673,0.07148742,0.089713834,0.57083327,0.42938155,0.42916673,0.4273306,0.10935315,0.18077606,0.57083327,0.35793763,0.29749936,0.3121459
120.338295,29696.55,0.42910835,0.20001867,0.059351414,0.5708916,0.0707331,0.22751251,0.42910835,0.27969158,0.28731787,0.49944037,0.046488516,0.5708916,0.5708916,0.5708916,0.0,0.23132071
6119.985,842.0979,0.010639794,0.42726356,0.0,0.5704832,0.35400587,0.39413154,0.5710131,0.48665082,0.2695608,0.3259405,0.07944721,0.36814785,1.4295168,0.49730897,0.26902926,0.5710131
724.4295,109.072945,0.5709981,0.096692406,0.28906608,0.42900196,0.5709981,0.57016766,0.17703465,0.178282,0.33375016,0.24663734,0.34927532,0.14826581,1.2105143,0.029680483,0.5709981,0.5709981
774.57074,2186.5193,0.0,0.14754005,0.33379096,1.3515768,0.14588185,0.42929006,0.5707116,0.07071079,0.4992829,0.3222884,0.07147795,0.5707116,0.4292884,0.28585207,0.0030244812,0.07071079
6120.0527,900.0328,0.5710133,0.47067854,0.35080662,0.4289867,0.22207937,0.28415403,0.5710133,0.14221463,0.5710133,0.20806554,0.5710133,0.17140129,1.343396,0.3885921,0.16578317,0.5710133
120.357864,101.69017,0.57073015,1.4105122,0.34993237,0.22373144,0.57073015,0.31267673,0.57073015,0.27343386,0.57073015,0.5701529,0.18371624,0.10438545,0.07071309,0.42926985,0.18557145,0.4077934
614.4607,5006.2153,0.5708753,0.0,0.1294057,0.42912468,0.5708753,0.0,0.0,0.2674195,0.5708753,0.2998126,0.07073107,0.22219542,1.4271604,0.18109933,0.29561374,0.3361183
200.27377,53247.973,0.5708075,0.39483556,0.08208396,1.2035297,0.5708075,0.2818732,0.21437189,0.42936215,0.0,0.19971171,0.34755513,0.42936215,1.1848174,0.010332972,0.24082148,0.07149052
1283.1703,1004.4612,0.07147308,0.22363499,0.20927283,1.0048373,0.14220893,0.39494225,0.57099044,0.3054845,0.57099044,0.14377102,0.0038448274,0.57099044,1.1451135,0.08442337,0.13663587,0.10382841
4169.672,25670.98,0.57095766,0.1333496,0.4263622,0.42904237,0.57095766,0.23504871,0.23243889,0.29334822,0.57095766,0.49871603,0.083606325,0.35043934,1.2078947,0.3417162,0.09647262,0.57095766
2353.6948,22749.56,0.5709034,0.27419674,0.17513856,0.42909658,0.5709034,0.46576482,0.42991316,0.07146219,0.55843735,0.5709034,0.00071813166,0.17615727,0.44254816,0.4923576,0.36229473,0.5709034
17445.0,34051.8,0.0,0.0,0.0,1.0,0.0,0.0,1.0,0.0,0.0,0.0,0.0,0.0,0.0,0.0,0.0,0.0
540.0,39917.695,1.0,0.0,0.0,0.0,0.0,0.0,0.0,0.0,0.0,1.0,0.0,0.0,0.0,0.0,0.0,0.0
9990.0,15803.18,0.0,0.0,0.0,1.0,0.0,0.0,1.0,0.0,0.0,0.0,0.0,0.0,0.0,0.0,0.0,0.0
32621.3,64384.57,26625.398,26625.398,44.52539,26491.438,19734.613,16215.452,0.0,26530.582,26435.848,16878.281,22195.25,35350.73,0.0,23780.023,22540.855,4683.373
120.0,50688.156,1.0,0.0,0.0,0.0,0.0,0.0,1.0,0.0,0.0,0.0,0.0,0.0,0.0,0.0,0.0,0.0
3736.0,58943.312,0.0,0.0,0.0,1.0,0.0,0.0,1.0,0.0,0.0,0.0,0.0,0.0,0.0,0.0,0.0,0.0
7501.0,33449.547,0.0,0.0,0.0,1.0,0.0,0.0,1.0,0.0,0.0,0.0,0.0,0.0,0.0,0.0,0.0,0.0
6119.603,828.938,0.0007181838,0.35800302,0.19075873,0.92337024,0.5709376,0.35800302,0.5709376,0.5709376,0.25278395,0.0,0.4031986,0.076125175,1.4994806,0.2708009,0.42674857,0.2654016
3313.427,1986.5334,0.0,0.41549027,0.27707022,1.3632212,0.3571508,0.25015235,0.5708254,0.4174655,0.4291746,0.07492003,0.0,0.5708254,0.13903676,0.29499084,0.1421678,0.1505779
613.57074,15228.093,0.57071155,0.18420137,0.42116803,1.4241112,0.57071155,0.26714277,1.0207773,0.1483431,0.57071155,0.34321958,0.0729131,0.2738098,0.41523135,0.0,0.14444585,0.009370729
748.11554,4.3146243,0.4749276,0.41661438,0.3518636,0.42906216,0.5709379,0.1169405,0.14219582,0.11602111,0.81577957,0.42646304,0.4294602,0.4964575,0.07073882,0.0,0.08685912,0.2143805
207.14223,53248.25,0.570944,0.44954926,0.37551147,1.0137793,0.570944,0.26940084,0.45377523,0.5392939,0.570944,0.0,0.29416588,0.49948627,1.4256783,0.532088,0.570944,0.14219737
14367.123,64279.617,25834.912,54794.96,78.211914,0.0,0.0,78.211914,0.0,40443.727,23799.676,15886.459,30633.94,0.0,46476.055,44610.445,22337.99,15467.357
6060.419,901.92914,0.5710052,0.0034964234,0.07291144,0.8294742,0.49953976,0.2912777,0.5710052,0.25289214,0.5710052,0.3867847,0.42951086,0.0,0.4289948,0.4272576,0.0,0.5710052
3313.2734,2387.8135,0.57086724,0.070730075,0.14217824,0.86618906,0.11121085,0.11635217,0.57086724,0.20942612,0.79498446,0.14295411,0.49378264,0.0029491186,0.57086724,0.0,0.0,0.52207696
9299.787,681.57446,0.0007180497,0.070726365,0.20745769,0.57083726,0.94554603,0.0,0.57083726,0.28338352,0.57083726,0.967453,0.23122054,0.34655198,0.57083726,0.19152164,0.42713198,0.26528838
120.0,45360.297,1.0,0.0,0.0,0.0,0.0,0.0,1.0,0.0,0.0,0.0,0.0,0.0,0.0,0.0,0.0,0.0
9179.993,642.9471,0.5707735,1.4970363,0.4235131,0.5707735,0.000718832,0.35559952,0.5707735,0.5881822,0.5707735,0.22368002,0.07071846,0.19279833,0.26548785,0.47302228,0.0,0.25384295
2863.2634,2146.427,0.5709554,0.0,0.070741,1.4054666,0.20345044,0.4398556,0.5709554,0.40122342,0.43336993,0.002949573,0.4294734,0.5709554,0.5709554,0.30297866,0.20750064,0.208956
874.7552,7044.9683,0.5707125,0.27331752,0.53132385,1.1466564,0.5707125,0.4292907,0.42986476,0.3799681,0.27327985,0.2454235,0.07147862,0.32146955,0.2763646,0.5707125,0.27357477,0.5707125
1279.4293,1005.8516,0.5707365,0.21961042,0.3886617,0.42926347,0.5707365,0.0029887185,0.5707365,0.2768074,0.5707365,0.42930877,0.4179465,0.5707365,0.69449776,0.28728008,0.09052801,0.5707365
3313.3882,2098.752,0.49372286,0.14219241,0.219601,0.91091055,0.5709241,0.0048537552,0.5709241,0.2802986,0.4290759,0.18661651,0.0,0.0014941022,0.5709241,0.35451514,0.0876869,0.5305071
849.4291,3552.1284,0.5709371,0.07073873,0.07073873,0.7888335,0.5709371,0.34677887,0.079819955,0.3894723,0.4290629,0.29416323,0.28571522,0.13057014,0.0,0.081546135,0.42945963,0.5709371
5552.0,660.543,0.0,0.0,0.0,0.0,1.0,0.0,1.0,0.0,0.0,0.0,0.0,0.0,0.0,0.0,0.0,0.0
508.826,15235.237,0.57086027,0.57086027,0.14217651,1.2427747,0.24919218,0.00071808696,0.8612759,0.48942274,0.42535847,0.30960876,0.27344987,0.3462715,0.40026242,0.40113932,0.07072921,0.0
591.8971,26623.275,0.57076484,0.43560398,0.0,0.42923516,0.57076484,0.4039727,0.0,0.07148517,0.57076484,0.41178197,0.30929014,0.9567587,0.3262543,0.289727,0.42562813,0.57076484
120.050606,0.7407801,0.031082962,0.029503591,0.041661505,1.0137688,0.010256403,0.03119637,0.06226732,0.00010412745,0.0,0.010570156,0.022825763,0.08278012,0.9765728,0.010683565,0.058565088,0.024906967
760.1773,9089.377,0.5709193,0.091829464,0.4994646,1.4953785,0.5709193,0.45634288,1.4294462,0.2939817,0.42719334,0.21598557,0.42719334,0.5709193,0.07290048,0.20970833,0.5701027,0.5709193
2904.5005,23526.17,0.5708885,0.4294231,0.42860836,0.42911148,0.5708885,0.4223681,1.4278643,0.0,0.26940584,0.22901142,0.2167066,0.01201497,0.07073271,0.15087362,0.5708885,0.5708885
784.57355,105.85036,0.5709635,0.4016988,0.22730142,0.4290365,0.5709635,0.0,0.5709635,0.103890665,0.050649002,0.33204672,0.25097236,0.23619705,0.6739009,0.41940776,0.16457015,0.5709635
794.57806,100.03055,0.5709256,0.5709256,0.14219278,0.4290744,0.5709256,0.14623287,0.5709256,0.23180649,0.083392374,0.21284723,0.0014941096,0.0,0.4290744,0.13346192,0.16652562,0.5709256
3313.3376,2150.758,0.570812,0.2955158,0.570812,0.9774876,0.13899288,0.20277295,0.570812,0.47513533,1.058172,0.49937075,0.15428004,0.3419481,0.570812,0.42776436,0.15645823,0.347777
6119.7915,836.2871,0.15174547,0.42841274,0.0,1.0291127,0.15353796,0.07290325,0.5709411,0.42864603,0.16833058,0.5701245,0.1122332,0.18518513,0.7699086,0.5709411,0.07146691,0.14294931
774.57074,1.2252868,0.5707116,0.29947764,0.03808751,0.4292884,0.5707116,0.49340612,0.5707116,0.07071079,0.0069186315,0.16511603,0.005266793,0.15329559,0.6370993,0.42929006,0.35388768,0.5707116
2945.0542,2571.5469,0.5707919,0.5702146,0.14215948,0.69380164,0.07148856,0.42733717,0.5707919,0.28042945,0.4292081,0.22063926,0.5707919,0.21275678,0.5707919,0.13347086,0.5707919,0.49533626
774.5708,6999.5396,0.3277251,0.27078524,0.101052895,0.76404643,0.4993552,0.07619341,0.5707942,0.5707942,0.5707942,0.35563567,0.13225874,0.00071799755,1.2673868,0.27866048,0.1829364,0.48803487
2879.2693,2273.8113,0.57085264,0.3056895,0.39051375,1.1872467,0.087182544,0.3059692,0.57085264,0.42939612,1.2811086,0.16133265,0.14217462,0.42857966,0.57085264,0.24559888,0.49862435,0.5642928
1879.0,13.664,0.0,0.0,0.0,0.0,1.0,0.0,1.0,0.0,0.0,0.0,0.0,0.0,0.0,0.0,0.0,0.0
9299.571,616.36584,0.14828265,0.14295788,0.18390486,0.5710261,0.9416826,0.49955803,0.5710261,0.20880264,0.5710261,1.008155,0.19039199,0.26595715,0.5710261,0.42727327,0.024370648,0.42952657
3312.4292,2350.1638,0.57083327,0.4035402,0.17342934,1.3237865,0.0031070858,0.23003417,0.57083327,0.1444239,0.42916673,0.38864338,0.15538713,0.15856797,0.57083327,0.070725866,0.35560346,0.4669698
1277.5583,1005.5366,0.57089204,0.1482437,0.18824488,1.4090171,0.57089204,0.4818269,0.57089204,0.0,0.361055,0.07668615,0.32134277,0.37014425,0.42910793,0.36510625,0.495256,0.57089204
228.50064,0.39522153,0.08640961,0.2195941,0.38797027,1.113723,0.57080156,0.0,0.57080156,0.0,0.57080156,0.42734438,0.4293577,0.2195941,0.42919844,0.28590053,0.57080156,0.49936163
2937.4714,2399.9138,0.57085186,0.21813707,0.57003534,1.059035,0.14834882,0.42857903,0.57085186,0.4293955,1.1248246,0.20951606,0.16430046,0.57085186,0.57085186,0.57085186,0.1054482,0.32737905
120.35727,101.86803,0.5709478,0.42905214,0.39056548,0.3519827,0.5709478,0.13906652,0.5709478,0.0729041,0.5709478,0.40691465,0.37729245,0.39862895,0.32860392,1.1305757,0.0,0.5709478
6059.9883,1482.7781,0.57088023,0.42941684,0.1842587,0.61526257,0.28340483,0.077514395,0.57088023,0.17850153,0.0511752,0.14441255,0.21669273,0.29271102,1.2143508,0.36810392,0.35639918,0.57088023
774.5708,37191.51,0.26286098,0.42935216,0.37406972,1.2743984,0.4287749,0.16466221,0.5707942,0.42330864,0.40601388,0.5707942,0.263658,0.0,1.4208224,0.0,0.42935216,0.39918786
171.87093,31615.566,0.57088166,0.20486034,0.20640476,0.42911834,0.29125655,0.57088166,0.7651342,0.4938907,0.4294179,0.0,0.1596653,0.22311051,0.48087513,0.21762677,0.17883928,0.3512721
1277.9672,1020.705,0.19492412,0.088136554,0.27535695,0.99774456,0.14682761,0.14826405,0.57097036,0.21439269,0.57097036,0.42648727,0.34617752,0.57097036,0.42902964,0.34881455,0.22667629,0.21439269
206.41994,53247.48,0.5709175,0.12611338,0.4468472,1.2809403,0.5709175,0.07146395,0.27057976,0.20632844,0.5709175,0.35720843,0.21049397,0.14219075,0.4290825,0.2939307,0.5709175,0.5709175
776.25696,6110.648,0.5708836,0.07307163,0.42404327,0.86992043,0.5708836,0.23129973,0.0,0.2836956,0.42487067,0.21283159,0.30354127,0.20747453,0.42911646,0.18120447,0.14584962,0.5708836
425.0,9.832,0.0,0.0,0.0,1.0,0.0,0.0,0.0,0.0,1.0,0.0,0.0,0.0,0.0,0.0,0.0,0.0
774.5708,15816.791,0.17585981,0.2512591,0.31229904,1.008366,0.35791314,0.5707942,0.5707942,0.26659644,0.5707942,0.09543349,0.42935216,0.35717133,1.2858968,0.13262257,0.14216006,0.36103335
774.5708,1.98176,0.4993552,0.22882107,0.27550063,0.5092433,0.07292485,0.14586708,0.5707942,0.07072103,0.5707942,0.4215274,0.4889856,0.5707942,0.89507866,0.0,0.22455427,0.28362653
9300.42,755.6197,0.20747757,0.4294256,0.07668611,0.57089186,0.5691957,0.534079,0.57089186,0.04949557,0.57089186,1.3589957,0.33189088,0.27551126,0.14824367,0.14824367,0.3881548,0.30502442
9299.992,591.8003,0.16287003,0.07884046,0.29217297,0.5709685,0.75531447,0.0,0.5709685,0.07074262,0.07772662,0.5705167,0.14220347,0.25082874,0.5709685,0.5709685,0.12663122,0.5709685
706.7266,11139.572,0.5707919,0.14586648,0.07072074,0.4292081,0.5707919,0.34884214,0.8047251,0.3579117,0.00071799755,0.07072074,0.5707919,0.14829278,0.5441064,0.27818587,0.3797981,0.5707919
817.6899,3108.609,0.5707674,0.0,0.21435685,1.2059143,0.5707674,0.35789633,0.5701902,0.15428165,0.121393815,0.49859,0.32485384,0.074574366,1.0985657,0.4936968,0.018371195,0.5707674
4109.039,13059.415,0.5707785,0.39679164,0.37382984,0.5422673,0.5707785,0.34120992,0.5707785,0.35790327,1.0848254,0.5707785,0.3618531,0.0,0.32244268,0.4229758,0.42773923,0.5707785
2913.0,20.879,0.0,0.0,0.0,0.0,1.0,0.0,1.0,0.0,0.0,0.0,0.0,0.0,0.0,0.0,0.0,0.0
817.59045,60022.53,21191.219,6506.955,18938.201,18582.467,12334.147,21267.346,21053.445,21160.63,18525.014,21209.03,19274.014,21205.963,21366.49,21319.33,18981.896,15797.706
2929.278,2160.5793,0.57100195,0.22854389,0.35804337,0.9439573,0.57100195,0.35804337,0.57100195,0.08266692,1.4295083,0.15980454,0.42723268,0.57100195,0.57100195,0.49953693,0.110456154,0.57100195
229.04851,0.12705997,0.36112005,0.30282995,0.119081095,0.63953453,0.5709949,0.56597525,0.5709949,0.09312606,0.5709949,0.49533913,0.5514547,0.5709949,0.4290051,0.04584925,0.5709949,0.0072593093
2311.0,26.716,0.0,0.0,0.0,0.0,1.0,0.0,1.0,0.0,0.0,0.0,0.0,0.0,0.0,0.0,0.0,0.0
767.71436,7045.215,0.5708564,0.49940956,0.14377877,0.4291436,0.5708564,0.30076188,0.5771599,0.082280055,0.42713982,0.2952907,0.13903876,0.0921817,0.46023977,0.0,0.29814273,0.14294769
513.4768,108.38233,77.11111,49.108063,74.57131,52.0363,0.0,59.426132,62.66749,60.462273,86.87469,46.40133,81.193634,50.7426,17.480497,77.51384,25.807257,89.902054
2590.266,59403.734,0.0,509.46127,769.8739,462.45224,0.0,682.9021,1007.7339,979.4601,0.0,170.47314,701.85425,280.98526,453.8798,387.45294,570.2084,389.41608
9359.431,598.17804,0.07071443,0.37691307,0.3517756,0.57074094,1.5707409,0.09108357,0.57074094,0.19045065,0.57074094,0.57760835,0.07548265,0.0068919584,0.57074094,0.31261897,0.4293121,0.0029887632
3983.4292,13310.945,0.57076067,0.49932587,0.07148465,1.1958733,0.57076067,0.07799305,0.57076067,0.49932587,0.57076067,0.57076067,0.15910526,0.38319045,0.42923933,0.35475928,0.282089,0.57076067
9359.791,598.7149,0.086662225,0.07147425,0.34877095,0.29465288,1.4446476,0.07074649,0.5709997,0.57018304,0.10653838,1.0228827,0.24719575,0.3493618,0.015966773,0.22207412,0.03529674,0.07147425
3312.5647,2165.401,0.570953,0.27647862,0.26716253,1.3358446,0.021350116,0.14443098,0.570953,0.524383,1.570953,0.44407216,0.2143862,0.00071819127,0.570953,0.07074071,0.2659565,0.4294716
9180.163,652.917,0.5701675,1.4793704,0.41562614,0.5707447,0.27952883,0.0,0.5707447,0.4292553,0.2568518,0.5707447,0.15516561,0.1483218,0.5707447,0.4287377,0.56851363,0.3876878
7501.0,46316.12,0.0,0.0,0.0,1.0,0.0,0.0,1.0,0.0,0.0,0.0,0.0,0.0,0.0,0.0,0.0,0.0
2869.1733,21809.832,0.5708246,0.21667162,0.0014938414,0.42917538,0.5708246,0.42937505,0.42917538,0.31774795,0.5708246,0.028574191,0.37150747,0.2565148,0.26602852,0.0007180348,0.13903643,0.5708246
774.5708,52183.836,0.00071799755,0.44508597,0.14669669,1.4129936,0.2636248,0.27893662,0.5707942,0.3364377,0.15548727,0.07517758,0.14973137,0.23215848,0.5809177,0.3388629,0.2181553,0.32882366
2898.0256,21889.93,0.57071257,0.42929077,0.0,0.42928743,0.57071257,0.07381311,0.6828609,0.14291582,0.57071257,0.0030294135,0.14213973,0.245438,0.47019368,0.092466086,0.0007179007,0.57071257
2167.4595,0.6419451,9.330635,15.5865965,7.223749,13.084656,14.3246,17.546225,0.0,17.181963,16.655794,13.901777,19.54059,3.4236512,2.605257,16.655794,14.058522,0.44521528
84.0,0.0,0.0,0.0,0.0,0.0,1.0,0.0,1.0,0.0,0.0,0.0,0.0,0.0,0.0,0.0,0.0,0.0
173.2886,43904.16,0.5709224,0.40301666,0.40796784,0.4290776,0.49549016,0.0,0.76648766,0.1796334,0.428632,0.0,0.3440368,0.26021162,0.3535339,0.28497764,0.2955884,0.3543199
6120.571,877.4412,0.57083946,0.42638952,0.20339611,1.0938005,0.14896604,0.3519185,0.57083946,0.57083946,0.57083946,0.28729162,0.07916415,0.07072663,1.078104,0.57083946,0.12919316,0.57083946
518.0865,2019.3685,0.57101566,0.019151747,0.33853638,0.42898434,0.57101566,0.42951876,0.3910985,0.0,0.57101566,0.57101566,0.19532026,0.42898434,0.57101566,0.15124165,0.42409998,0.57101566
774.5709,26110.6,0.29500708,0.3902272,0.36189353,1.0460374,0.5560863,0.47462007,0.5709371,0.12862855,0.5709371,0.0023213848,0.07462091,0.26926506,1.4710298,0.11830685,0.4271911,0.22958231
809.08264,121.996544,0.5709736,0.35435158,0.34212834,1.2834513,0.5709736,0.31842846,0.5709736,0.2857474,0.42948705,0.076290846,0.56703305,0.42948705,1.4272339,0.42948705,0.07451962,0.5709736
540.0,39978.543,1.0,0.0,0.0,0.0,0.0,0.0,0.0,0.0,0.0,1.0,0.0,0.0,0.0,0.0,0.0,0.0
8999.917,870.6768,0.5710123,0.9926471,0.15306404,0.5710123,0.07074805,0.11482874,0.5710123,0.5530817,0.14736202,0.48836294,0.4256496,0.15341565,0.07074805,0.34478965,0.47050372,0.5710123
1166.0402,2899.41,0.57091886,0.30091667,0.57091886,0.42908114,0.57091886,0.09390947,0.57091886,0.29356855,0.2856543,0.47597873,0.35797364,0.36931288,1.1195773,0.26602012,0.15519062,0.57091886
774.57086,43443.477,0.07073118,0.20539163,0.21596074,0.8887815,0.0,0.071457945,0.5708761,0.1495257,0.5708761,0.34608328,0.072887614,0.0,1.4889755,0.49940175,0.21512984,0.39681572
707.2368,5017.19,0.5709708,0.25857413,0.14220403,0.42902923,0.21439287,0.3506217,0.070742905,0.26603314,0.23637784,0.21542883,0.42948496,0.42866826,0.42902923,0.40365362,0.28344977,0.5709708
618.0,10240.103,0.0,0.0,0.0,1.0,0.0,0.0,0.0,0.0,1.0,0.0,0.0,0.0,0.0,0.0,0.0,0.0
60.0,63231.984,1.0,0.0,0.0,0.0,0.0,0.0,1.0,0.0,0.0,0.0,0.0,0.0,0.0,0.0,0.0,0.0
752.2512,245.37526,0.5707507,0.14214921,0.31377447,0.42924932,0.5707507,0.14288455,0.5707507,0.20023754,0.22758225,0.14520621,0.16670692,0.21664444,1.0251453,0.27652544,0.4293194,0.5707507
159.74153,59012.37,0.13939476,0.42932948,0.36482504,1.3912034,0.11602435,0.0,0.246252,0.17862397,0.41067848,0.39290863,0.10644364,0.5351598,0.4292359,0.5320473,0.30559018,0.0
2886.4292,21642.266,0.5707999,0.009567149,0.0,0.4292001,0.5707999,0.49473298,0.71418214,0.44434637,0.5707999,0.47229165,0.35791665,0.2911743,0.1769513,0.4425522,0.14216146,0.5707999
1280.7666,1004.4812,0.5708624,0.0,0.35241497,0.845388,0.5708624,0.12909473,0.5708624,0.2705322,0.5708624,0.0023216307,0.34909993,0.5708624,0.4291376,0.0007180795,0.34892577,0.5708624
652.83936,7042.2896,0.5709379,0.1458635,0.49791285,1.2857296,0.5709379,0.2857296,0.33842877,0.49489316,0.5709379,0.42720723,0.2685416,0.4294602,0.68125165,0.07073882,0.07073882,0.5709379
6120.57,891.31824,0.57074195,0.49317053,0.49930945,1.3224236,0.28728282,0.35274956,0.57074195,0.07521201,0.57074195,0.0,0.48424074,0.36957428,1.570742,0.21199349,0.0,0.57074195
774.5708,19148.035,0.0,0.106455445,0.57021695,1.2126026,0.0786453,0.041310012,0.5707942,0.00071799755,0.5707942,0.33639276,0.14443108,0.4993552,1.4262803,0.28257525,0.0,0.4993552
0.0,0.0,353.875,70065.414,175624.06,116238.34,0.0,184427.5,247739.0,137056.22,177891.94,155390.72,216852.66,106028.59,76743.86,130374.78,93332.64,246113.62
3378.78,2133.0132,0.5708197,0.028989717,0.56327784,0.42918032,0.047568873,0.54657966,0.5708197,0.42855486,0.42918032,0.20697364,0.14216639,0.14216639,0.0,0.45364982,0.3549064,0.5708197
6060.1934,942.7432,0.14930907,0.4273115,0.013928257,0.87944496,0.07937533,0.41360697,0.57088244,0.07073196,0.0,0.3745568,0.0,0.00076865405,0.8442215,0.06667822,0.0,0.57088244
5509.7812,53816.184,64.88464,2824.7424,2831.4006,2086.6584,594.7818,581.95886,0.0,3424.9927,1928.5618,720.3934,3764.1008,0.0,1664.6458,4535.485,592.20233,1675.9465
3981.0,59152.29,0.0,0.0,0.0,1.0,0.0,0.0,1.0,0.0,0.0,0.0,0.0,0.0,0.0,0.0,0.0,0.0
360.0,6925.629,1.0,0.0,0.0,0.0,0.0,0.0,0.0,0.0,0.0,1.0,0.0,0.0,0.0,0.0,0.0,0.0
6119.867,876.36206,0.5709341,0.40832084,0.21516125,0.42906588,0.44597536,0.14669032,0.5709341,0.31498086,0.5709341,0.21960486,0.0053415596,0.14442618,0.42906588,0.006893486,0.03444892,0.5709341
14947.0,23019.98,0.0,0.0,0.0,1.0,0.0,0.0,1.0,0.0,0.0,0.0,0.0,0.0,0.0,0.0,0.0,0.0
3313.0583,2600.2585,0.570901,0.19255838,0.05135539,1.2897973,0.570901,0.00071813166,0.570901,0.36811724,0.7655666,0.18660991,0.23812631,0.570901,0.20943847,0.22610608,0.16229923,0.570901
11227.0,14004.945,0.0,0.0,0.0,1.0,0.0,0.0,1.0,0.0,0.0,0.0,0.0,0.0,0.0,0.0,0.0,0.0
11248.0,49254.996,0.0,0.0,0.0,1.0,0.0,0.0,1.0,0.0,0.0,0.0,0.0,0.0,0.0,0.0,0.0,0.0
687.5006,11136.221,0.5707668,0.42000267,0.3619303,0.4292332,0.16556081,0.5707668,1.209641,0.009292267,0.0,0.0819217,0.21274441,0.0,0.42352793,0.10666102,0.40779266,0.11654809
120.353355,101.399345,0.5709888,0.4290112,0.33565724,0.42711002,0.5709888,0.14220852,0.5709888,0.048600607,0.5709888,0.0,0.36451468,0.5709888,0.07074514,1.0639127,0.3504585,0.07669914
3378.9219,2600.6409,0.0,0.23309113,0.0707282,0.93158776,0.121939674,0.34175205,0.57085204,0.0067437515,0.42914796,0.0029490367,0.23379146,0.57085204,0.57085204,0.27386367,0.088705026,0.0707282
360.0,6971.411,1.0,0.0,0.0,0.0,0.0,0.0,0.0,0.0,0.0,1.0,0.0,0.0,0.0,0.0,0.0,0.0
774.5708,1.1907575,0.23565307,0.0948776,0.27213684,0.9702152,0.14216006,0.11446783,0.5707942,0.05926612,0.5707942,0.07722516,0.22220582,0.5707942,0.98536897,0.16847828,0.18825391,0.15717319
3448.0918,20013.502,0.07964769,0.54006714,0.23354664,0.5756544,0.010418065,0.124193795,0.5707689,0.14064074,0.15263581,0.0,0.16424787,0.38033813,1.4293331,0.13399425,0.5707689,0.0
91.537384,20731.955,7438.955,7404.0884,6416.553,6272.55,5832.2847,7796.556,5713.865,6447.4136,7502.075,6308.6226,7540.6123,7556.1094,4399.104,7314.213,6353.9746,6559.6895
3313.0889,2580.8943,0.07073163,0.0077648535,0.0,1.3507572,0.5708798,0.31864077,0.5708798,0.07073163,0.42912018,0.23935989,0.22609776,0.020735659,0.5708798,0.07073163,0.49067765,0.09276802
16239.0,43061.92,0.0,0.0,0.0,1.0,0.0,0.0,1.0,0.0,0.0,0.0,0.0,0.0,0.0,0.0,0.0,0.0
3258.3481,5034.7007,0.5708067,0.1887506,0.40847346,1.2665437,0.5708067,0.50904346,0.16651508,0.34599057,0.5708067,0.28731543,0.39565954,0.31137002,0.9704249,0.5708067,0.15848967,0.5708067
120.47585,101.8676,0.5708481,1.1339703,0.57003164,0.4442416,0.5708481,0.49862045,0.5708481,0.0,0.5708481,0.027358375,0.37820432,0.08036639,0.14217368,0.8903063,0.49783462,0.5708481
425.0,9.69,0.0,0.0,0.0,1.0,0.0,0.0,0.0,0.0,1.0,0.0,0.0,0.0,0.0,0.0,0.0,0.0
2937.3462,2245.3994,0.5709807,0.42867574,0.37723726,0.7988061,0.42949244,0.42949244,0.5709807,0.2873627,1.3352556,0.2710925,0.15214637,0.22509804,0.5709807,0.2143966,0.0,0.15557104
774.5708,26077.635,0.46585917,0.27187374,0.30449533,0.64580035,0.29275966,0.35717133,0.5707942,0.07072103,0.5707942,0.17355037,0.28340223,0.28730914,0.9100307,0.31569827,0.34333044,0.07292485
170.85887,44968.74,0.5710094,0.33479297,0.42115682,0.4289906,0.14221364,0.42951405,1.0377678,0.29060078,0.0,0.07291199,0.34320575,0.0046034083,0.16725199,0.22375797,0.3122424,0.18948978
840.42737,136.1275,0.57079196,0.00772316,0.21436608,0.80757725,0.57079196,0.49935326,0.07374131,0.35791174,0.9630099,0.15634462,0.1452864,0.05738724,0.0,0.20400295,0.16113001,0.57079196
706.74207,30590.46,0.570879,0.14441225,0.49640626,0.42912102,0.570879,0.070731536,0.42912102,0.33217633,0.088425055,0.44413745,0.4166804,0.011155367,0.160173,0.21917753,0.4214303,0.570879
120.0,42080.145,1.0,0.0,0.0,0.0,0.0,0.0,1.0,0.0,0.0,0.0,0.0,0.0,0.0,0.0,0.0,0.0
2905.4124,23128.1,0.57086724,0.00071808696,0.35038394,0.42913276,0.57086724,0.0,1.4475882,0.23493141,0.57086724,0.00071808696,0.31924602,0.40260828,0.57086724,0.16120769,0.14217824,0.57086724
774.5708,9.00514,0.13049296,0.42548805,0.09409636,1.4273388,0.57021695,0.20335299,0.5707942,0.13193202,0.5707942,0.2957594,0.0,0.3548176,0.89827013,0.37482077,0.10684049,0.4273389
120.0,49955.87,1.0,0.0,0.0,0.0,0.0,0.0,1.0,0.0,0.0,0.0,0.0,0.0,0.0,0.0,0.0,0.0
773.4292,52144.965,0.42073375,0.39818776,0.32528242,1.2429891,0.423725,0.20575774,0.570787,0.28084874,0.5631521,0.48891646,0.0,0.18940505,1.353306,0.123999745,0.2599519,0.2658857
774.5708,1.2750964,0.0,0.27935213,0.16463557,1.2708743,0.14586708,0.5677223,0.5707942,0.36809027,0.5707942,0.0,0.028553396,0.5707942,0.9773245,0.44133693,0.21661964,0.4158624
120.0,35584.105,1.0,0.0,0.0,0.0,0.0,0.0,1.0,0.0,0.0,0.0,0.0,0.0,0.0,0.0,0.0,0.0
72.81382,0.0,0.070719026,0.27490568,0.5599625,0.570778,0.42922196,0.5702008,0.42922196,0.41925043,0.34453726,0.4273268,0.010235518,0.42876273,0.570778,0.570778,0.22478881,0.0038165078
1276.1926,1007.59735,0.24864268,0.21518531,0.002211243,0.62851155,0.17130724,0.053125247,0.5707968,0.07072135,0.5707968,0.28589812,0.31254485,0.5707968,0.42920318,0.22823745,0.3975415,0.26119196
173.11928,52099.285,0.57076454,0.31029245,0.3423315,0.72785324,0.57076454,0.34444496,1.4273165,0.41219196,0.57076454,0.073744304,0.07292106,0.05622109,0.57076454,0.28362647,0.25501087,0.57076454
1276.9856,1005.2487,0.57071155,0.1511671,0.22671705,1.27656,0.57071155,0.34671068,0.57071155,0.31292108,0.57071155,0.1497627,0.34351736,0.57071155,1.3557961,0.28582352,0.42495584,0.57071155
773.42926,54305.832,0.49193725,0.29983208,0.23573503,0.64424264,0.26734892,0.15564677,0.57071966,0.55435026,0.072915316,0.15622216,0.31006345,0.21123567,0.68451804,0.0077240244,0.1270543,0.47935376
180.0,29947.977,1.0,0.0,0.0,0.0,0.0,0.0,1.0,0.0,0.0,0.0,0.0,0.0,0.0,0.0,0.0,0.0
856.0308,14799.323,0.5710142,0.008033179,0.15353942,1.0374289,0.5710142,0.21963564,0.21288022,0.5710142,0.97530717,0.34636292,0.10380132,0.4923037,0.22926566,0.21949258,0.3546795,0.5710142
774.57074,27638.87,0.07071079,0.20997025,0.49241066,1.3573294,0.107890144,0.26022238,0.5707116,0.0,0.5707116,0.5707116,0.5707116,0.3070476,0.4292884,0.26446718,0.29244596,0.28730345
3629.442,5103.31,0.5708132,0.11350769,0.28492314,0.4291868,0.5708132,0.070723385,0.5708132,0.36100513,0.20654655,0.5692527,0.5708132,0.1452232,0.7561046,0.35792503,0.0,0.3517868
552.0,756.612,0.0,0.0,0.0,0.0,1.0,0.0,0.0,0.0,0.0,1.0,0.0,0.0,0.0,0.0,0.0,0.0
6232.0,29009.98,0.0,0.0,0.0,1.0,0.0,0.0,1.0,0.0,0.0,0.0,0.0,0.0,0.0,0.0,0.0,0.0
6119.861,901.77966,0.5710123,0.21287951,0.07524677,1.1335244,0.0,0.32911935,0.5710123,0.35437563,0.5710123,0.3111705,0.2857668,0.0007182732,0.42898765,0.29273692,0.07291236,0.5710123
11672.0,6946.968,0.0,0.0,0.0,0.0,1.0,0.0,1.0,0.0,0.0,0.0,0.0,0.0,0.0,0.0,0.0,0.0
119.50068,101.95189,0.57075256,0.5734775,0.26625723,0.42932084,0.57075256,0.15548357,0.57075256,0.14070722,0.57075256,0.21274182,0.57075256,0.56569296,0.44596198,0.4292474,0.22149414,0.57075256
6060.3574,1436.3196,0.57092905,0.07290174,0.020472698,1.4140211,0.07368387,0.0,0.57092905,0.21816657,0.42021114,0.0,0.4294536,0.0007181689,0.8809386,0.28498095,0.17924243,0.57092905
120.1424,102.29585,0.57089305,0.9244319,0.51777387,0.42942652,0.57089305,0.34602293,0.57089305,0.42631403,0.57089305,0.28814635,0.20953116,0.3557379,0.38542366,1.570893,0.41998544,0.57089305
5427.0,2982.851,0.0,0.0,0.0,0.0,1.0,0.0,1.0,0.0,0.0,0.0,0.0,0.0,0.0,0.0,0.0,0.0
774.57074,54252.7,0.2960264,0.57071966,0.07071179,1.2647529,0.075670294,0.29418233,0.57071966,0.0007179007,0.14214149,0.39022735,0.4002011,0.57071966,0.42928034,0.57071966,0.0500404,0.33033767
120.0,38144.05,1.0,0.0,0.0,0.0,0.0,0.0,1.0,0.0,0.0,0.0,0.0,0.0,0.0,0.0,0.0,0.0
345.42947,29568.602,0.5709718,0.11854177,0.42948574,1.3920971,0.5709718,0.07074303,1.1537911,0.16392039,0.5709718,0.23048177,0.49951053,0.20012054,0.17686611,0.0,0.41986352,0.2805584
1281.7753,1007.0806,0.243317,0.24719761,0.15181895,0.98775184,0.16357695,0.0,0.57085186,0.34970307,0.57085186,0.07072817,0.0,0.57085186,0.42914814,0.43646085,0.39410555,0.36740005
1283.5707,1005.62585,0.57071525,0.2143444,0.42929274,0.42928475,0.57071525,0.57071525,0.57071525,0.23172854,0.57071525,0.42726547,0.07071124,0.57071525,0.42928475,0.07071124,0.28969413,0.0
425.0,5.529,0.0,0.0,0.0,1.0,0.0,0.0,0.0,0.0,1.0,0.0,0.0,0.0,0.0,0.0,0.0,0.0
9059.931,846.7613,0.57079196,1.1471086,0.11034002,0.57079196,0.35716996,0.35791174,0.57079196,1.2843051,0.57079196,0.23960704,0.25527093,0.42935047,0.49626186,0.54957706,0.21815446,0.4782941
6060.3384,1443.2606,0.57092273,0.26245213,0.07290093,1.3531699,0.21206021,0.35432005,0.57092273,0.08983026,0.118858986,0.21284616,0.2597103,0.31297606,0.96893454,0.42633623,0.108077936,0.57092273
120.02718,0.7738079,0.0903553,0.234345,0.0004387647,0.8666674,0.09920962,0.0868729,0.011501752,0.19516794,0.0009128377,0.0018019527,0.18912017,0.04685427,1.1531214,0.34880787,0.051379766,0.0902887
6119.5737,877.70734,0.57084024,0.26732138,0.4820898,0.8609597,0.27310017,0.18341069,0.57084024,0.0,0.57084024,0.2713876,0.24331567,0.4961817,0.4291598,0.0,0.09783717,0.57084024
1279.1652,1004.5105,0.20605683,0.19867486,0.3305625,1.1591014,0.17826638,0.18317506,0.5709981,0.31167492,0.5709981,0.07074628,0.21857646,0.5709981,1.0436054,0.42304477,0.07074628,0.07074628
1279.4993,1008.3549,0.41677105,0.14214039,0.32969868,0.78793263,0.42726547,0.077848025,0.57071525,0.2051181,0.57071525,0.3846932,0.07071124,0.57071525,0.42928475,0.16537087,0.07292192,0.07071124
2928.8682,2629.1675,0.5708374,0.055503152,0.1390396,0.42916265,0.5708374,0.38327035,0.5708374,0.22669682,1.4293846,0.5708374,0.071453914,0.49939287,0.5708374,0.21434274,0.0317059,0.14217079
1283.5707,1007.0491,0.57071525,0.3741485,0.3497653,0.42928475,0.57071525,0.074744664,0.57071525,0.2873125,0.57071525,0.005413376,0.16971165,0.57071525,0.63599503,0.14214039,0.3666228,0.57071525
774.5708,54296.414,0.4993552,0.4287749,0.27406463,0.57064784,0.090444,0.21275762,0.5707942,0.3524562,0.5707942,0.57021695,0.42935216,0.5707942,0.42920578,0.07370682,0.17687047,0.14216006
4171.5166,22935.004,0.0,1950.4834,13670.659,1621.3052,0.0,9850.165,15152.837,9619.28,0.0,2607.5698,11408.155,6368.404,5775.7847,6979.841,14423.974,0.0
8734.0,26010.207,0.0,0.0,0.0,1.0,0.0,0.0,1.0,0.0,0.0,0.0,0.0,0.0,0.0,0.0,0.0,0.0
773.5708,7556.499,0.5707943,0.42935222,0.17388225,0.7701468,0.5707943,0.18317407,0.35484588,0.07072104,0.27979803,0.21436694,0.07374161,0.49935526,1.4970778,0.14216007,0.122994505,0.5707943
3312.4292,2626.0903,0.57083327,0.2734622,0.42938155,0.42916673,0.57083327,0.57083327,0.57083327,0.42100656,0.9553934,0.35560346,0.16839898,0.57083327,0.57083327,0.13919127,0.38243425,0.57083327
774.5708,93169.56,0.4130675,0.14727794,0.14884262,0.42922568,0.00071798265,0.20049146,0.5707743,0.24304867,0.37254608,0.07730259,0.32655033,0.0030248016,1.4162812,0.20952687,0.2391988,0.42602554
3312.4292,1994.3552,0.07146771,0.35636833,0.31412372,0.6565875,0.27503887,0.20890722,0.5708152,0.48987678,0.42918482,0.32348636,0.49862894,0.5708152,0.12106839,0.14215219,0.0029689595,0.07521133
120.14181,102.37651,0.1923303,0.7561469,0.15754983,0.19406718,0.57097995,0.57097995,0.57097995,0.3057971,0.57097995,0.49728012,0.0,0.57097995,0.21051705,0.42902005,0.2128675,0.42867523
774.5708,27686.752,0.21275762,0.14216006,0.42935216,0.5006448,0.14216006,0.49707773,0.5707942,0.21514888,0.5707942,0.25785533,0.0014533773,0.102514,1.4986134,0.2423799,0.07072103,0.2748156
2870.7283,2397.3743,0.57083327,0.57019216,0.16179928,1.2283261,0.07521083,0.2674329,0.57083327,0.070725866,0.42916673,0.35793763,0.43894646,0.42299423,0.57083327,0.22172087,0.18428084,0.16205361
711.62335,20355.926,0.5709088,0.42943835,0.35716087,0.42909122,0.5709088,0.18726456,1.045796,0.07073522,0.07073522,0.00071112067,0.4093709,0.0,0.49941325,0.49181247,0.23932108,0.5709088
2722.8691,22703.371,0.5708046,0.26924506,0.21437079,0.42919543,0.5708046,0.35420606,0.7017456,0.31630802,0.1268578,0.12315981,0.0,0.4263228,0.20945802,0.4806598,0.0,0.5708046
9240.276,637.0899,0.0,0.99723476,0.3674701,0.5708015,0.000718005,0.5708015,0.5708015,1.2074041,0.5708015,0.31596023,0.13050151,0.07292577,0.5708015,0.2834059,0.40979415,0.5708015
4180.2393,27136.432,0.5707434,0.41559902,0.5400873,0.4292566,0.5707434,0.56791073,1.1729376,0.47816458,0.5707434,0.27617192,0.5701662,0.071482494,0.48343596,0.3751376,0.5707434,0.5707434
855.6168,5010.3145,0.5710114,0.27726784,0.13655138,0.42898855,0.23945531,0.0,0.42564902,0.4622715,1.1787117,0.35804936,0.36733386,0.19728455,0.35178575,0.18394661,0.001494348,0.38242432
687.42865,13203.884,0.57094496,0.41298875,0.11102281,0.429055,0.3793786,0.19873828,0.429055,0.49525258,0.57094496,0.1862861,0.11591143,0.07073971,0.35800767,0.32697716,0.03597626,0.57094496
826.83673,107.56496,0.57074976,0.38351148,0.27392766,1.205908,0.57074976,0.33811554,0.57074976,0.14214897,0.47258082,0.07674858,0.57074976,0.22632027,0.42925027,0.14832312,0.2143502,0.57074976
774.57086,58894.363,0.5708761,0.5708761,0.31317228,0.42912388,0.5708761,0.012435265,0.5708761,0.0,0.5708761,0.35793942,0.0,0.5708761,0.8879566,0.5708761,0.07073118,0.5708761
1281.8596,1007.22736,0.34776193,0.19671471,0.28499264,1.4272183,0.3043462,0.16186465,0.5709526,0.43504304,0.5709526,0.2635054,0.4852239,0.5709526,0.4290474,0.34818566,0.39987898,0.5077317
540.0,39955.695,1.0,0.0,0.0,0.0,0.0,0.0,0.0,0.0,0.0,1.0,0.0,0.0,0.0,0.0,0.0,0.0
2870.845,2383.508,0.570901,0.48478958,0.27126852,0.83785594,0.15917516,0.123474844,0.570901,0.28732258,0.42909902,0.46924654,0.25235644,0.35014635,0.09002275,0.070734255,0.070734255,0.42943245
3628.5728,3360.89,0.5709945,0.4256535,0.3557786,0.42900547,0.5709945,0.08753679,0.5709945,0.23519742,0.060298003,0.015454203,0.34478465,0.0,0.42900547,0.3672242,0.22800389,0.5709945
16239.0,43064.098,0.0,0.0,0.0,1.0,0.0,0.0,1.0,0.0,0.0,0.0,0.0,0.0,0.0,0.0,0.0,0.0
540.0,39945.85,1.0,0.0,0.0,0.0,0.0,0.0,0.0,0.0,0.0,1.0,0.0,0.0,0.0,0.0,0.0,0.0
6105.0293,43215.027,0.0,0.17229462,29.608517,59.681778,7.7325554,34.11342,0.0,78.38893,0.0,45.8776,122.21878,34.11342,54.20856,0.0,17.847971,34.11342
2953.2075,2769.8628,0.21895802,0.498633,0.3384635,1.4285871,0.51093495,0.38260216,0.57086253,0.22587788,0.42913747,0.0,0.20134217,0.06028378,0.42940354,0.49941495,0.498633,0.42940354
2826.558,22241.594,0.5709807,0.0,0.14443797,0.4290193,0.5709807,0.07147185,0.8154958,0.07290832,0.49873623,0.5709807,0.5709807,0.26481748,0.3057596,0.092772655,0.2834547,0.5709807
120.114555,102.17595,0.57102484,1.35582,0.0,0.21118638,0.57102484,0.18732911,0.57102484,0.1564925,0.0,0.34212175,0.15048361,0.3146704,0.0707496,0.42897514,0.35727558,0.57102484
780.7819,11154.284,0.570991,0.14220905,0.33756155,0.42900902,0.570991,0.13230246,0.9913265,0.21962672,0.570991,0.3557989,0.14784259,0.4209451,0.3725345,0.570991,0.48968846,0.570991
1276.9669,1005.9311,0.57073224,0.00071792305,0.57073224,0.42926776,0.57073224,0.18666913,0.57073224,0.00071792305,0.57073224,0.27798715,0.46198514,0.57073224,1.2538705,0.0,0.49930096,0.28971046
773.42926,43158.33,0.49947414,0.42926192,0.4833438,0.96387434,0.49947414,0.072939165,0.5706833,0.23984954,0.11010372,0.07143363,0.07417328,0.049635716,1.0423275,0.5706833,0.22663286,0.02955193
419.39386,17281.139,0.570963,0.42947912,0.35723695,0.99209464,0.072906055,0.36670193,1.0185109,0.23651019,0.35488656,0.42947912,0.0014942139,0.23576239,0.0,0.4272261,0.007586986,0.3026961
3802.0,58663.71,0.0,0.0,0.0,1.0,0.0,0.0,1.0,0.0,0.0,0.0,0.0,0.0,0.0,0.0,0.0,0.0
766.6149,108.391975,0.5708941,0.3564073,0.070733406,0.4291059,0.5708941,0.3641033,0.5708941,0.41435435,0.4291059,0.5708941,0.15089121,0.2564409,0.47334555,0.35039982,0.14296085,0.5708941
774.5708,43126.37,0.24904278,0.26846743,0.57021695,0.9942399,0.14826062,0.0,0.5707942,0.0053825676,0.5707942,0.0337203,0.31954113,0.07292485,1.3402104,0.37549642,0.14586708,0.42935216
9120.357,823.41296,0.5710104,0.42898956,0.38504365,0.5710104,0.32170817,0.0037359074,0.5710104,1.1729429,0.37867245,0.074701905,0.57019365,0.5170514,0.5710104,0.29769602,0.097305484,0.5710104
985.93274,7315.42,0.5708037,0.17401461,0.34640104,1.2161349,0.5708037,0.42734596,0.0,0.15598309,0.35791907,0.3603563,0.25178206,0.3571773,1.2247342,0.23668987,0.35485587,0.5708037
8737.0,17591.654,0.0,0.0,0.0,1.0,0.0,0.0,1.0,0.0,0.0,0.0,0.0,0.0,0.0,0.0,0.0,0.0
3379.4265,2561.969,0.49552286,0.12042591,0.42645574,1.368056,0.20056354,0.27970174,0.4422481,0.42947602,0.42904115,0.0,0.4222955,0.0,0.255989,0.37554532,0.42722297,0.14220107
442.4095,17055.682,0.57082844,0.20729694,0.07072527,0.42917156,0.57082844,0.2856748,1.1097798,0.0714528,0.57082844,0.00294891,0.00071804225,0.07072527,0.13279372,0.4696551,0.4293779,0.2856748
6059.794,1436.1727,0.070723556,0.0,0.42625546,1.5571356,0.5708146,0.16462128,0.5708146,0.23101741,0.14753154,0.29411343,0.003885433,0.4213786,0.645747,0.070723556,0.08764393,0.07145107
1457.1354,204.06091,0.57080716,0.0,0.47892052,1.5416187,0.57080716,0.49936652,0.57080716,0.0,0.35792124,0.42936188,0.2724496,0.2370579,1.2859033,0.57080716,0.19260067,0.57080716
9239.712,663.21857,0.5708098,0.6093217,0.28590462,0.5708098,0.23694015,0.07160897,0.5708098,1.1574491,0.08487215,0.0,0.39784214,0.009567283,0.5708098,0.09267815,0.2089428,0.3012025
2937.355,2725.809,0.00071814656,0.49330634,0.14296466,1.4294387,0.4994558,0.0820276,0.5709093,0.5400802,0.97964007,0.15706138,0.5677967,0.5709093,0.57009274,0.07073529,0.25533897,0.00071814656
1281.5017,1006.3931,0.5708062,0.20722145,0.27423888,0.4291938,0.5708062,0.091745414,0.5708062,0.07517918,0.5708062,0.14216304,0.08482566,0.5708062,0.87199754,0.5708062,0.42776006,0.5708062
7481.0,34105.598,0.0,0.0,0.0,1.0,0.0,0.0,1.0,0.0,0.0,0.0,0.0,0.0,0.0,0.0,0.0,0.0
3593.0,59391.457,0.0,0.0,0.0,1.0,0.0,0.0,1.0,0.0,0.0,0.0,0.0,0.0,0.0,0.0,0.0,0.0
3379.5708,2306.6182,0.57083327,0.10359789,0.38118064,1.3488991,0.070725866,0.34656686,0.57083327,0.070725866,0.42916673,0.3497339,0.24222776,0.49938935,0.24093363,0.0,0.0007180497,0.14751804
1279.576,1004.58685,0.57073283,0.42729294,0.07071342,0.42926714,0.57073283,0.35341704,0.57073283,0.07071342,0.57073283,0.06447501,0.07071342,0.57073283,0.84655356,0.23812175,0.21434385,0.57073283
780.7351,145.06754,0.57080793,0.42878523,0.07072273,0.42919204,0.57080793,0.48464653,0.57080793,0.0,0.9477153,0.07149057,0.3206631,0.19418904,0.0,0.14526218,0.16847903,0.57080793
824.3549,138.73508,0.57083523,0.0,0.3218286,1.0770855,0.57083523,0.42856658,0.57083523,0.42938304,1.2128135,0.20795827,0.42627078,0.2213323,0.3563711,0.0,0.42938304,0.57083523
118.36322,30758.479,47.363266,53.92249,38.56676,38.648975,61.63678,38.251728,39.251728,46.363266,53.68031,53.840275,53.840275,46.283577,53.92249,46.363266,61.63678,46.363266
254.04669,53247.348,0.57087296,0.26719788,0.52496874,1.4294113,0.57087296,0.07073078,0.038434044,0.5677605,0.57087296,0.5565484,0.4027659,0.42486277,0.42912707,0.08660095,0.30266532,0.57087296
120.0,50687.938,1.0,0.0,0.0,0.0,0.0,0.0,1.0,0.0,0.0,0.0,0.0,0.0,0.0,0.0,0.0,0.0
774.5708,2097.9277,0.5707743,0.07071931,0.0,0.42922568,0.5707743,0.054228306,0.5707743,0.40463623,0.04272476,0.54974663,0.27700505,0.10682901,1.1367636,0.060822956,0.11833968,0.07071931
2705.2856,22207.516,0.57071525,0.07071124,0.56442386,0.42928475,0.57071525,0.42634344,0.97197866,0.17712082,0.48037744,0.25503498,0.45201492,0.0014819875,0.42726547,0.07148612,0.53153086,0.57071525
1666.3209,22109.84,18703.293,16627.324,22104.395,16283.819,14824.849,17728.246,18655.78,10429.565,16990.396,18536.594,15268.401,17880.611,5627.398,7728.58,4688.6553,20600.781
1275.5706,1004.3168,0.5709165,0.000718154,0.45016813,0.42908353,0.5709165,0.570091,0.5709165,0.44406217,0.5709165,0.42944413,0.4014182,0.5709165,0.84052896,0.0,0.5262728,0.5709165
11542.504,18106.748,0.570944,0.27751794,0.20174643,0.42905596,0.32000384,0.0,0.4060203,0.35088623,0.4346265,0.42946485,0.3543333,0.35800707,0.42489752,0.14219737,0.570944,0.0
3312.841,2943.2173,0.57074034,0.5700384,0.041515008,1.3729595,0.57074034,0.34217,0.57074034,0.57074034,1.246864,0.57074034,0.15686782,0.57074034,0.57074034,0.31246066,0.40918314,0.57074034
774.5708,1.3314925,0.41884294,0.42935216,0.35328194,0.5776419,0.048155516,0.0,0.5707942,0.5707942,0.5707942,0.23045155,0.0038186312,0.5707942,0.42920578,0.14708374,0.42548805,0.5228641
2929.042,2178.3008,0.5708088,0.4223726,0.09234852,0.42919114,0.24760213,0.094447665,0.5708088,0.252933,0.42919114,0.2143724,0.07072284,0.07072284,0.36997232,0.1280286,0.42936316,0.5708088
3037.5154,21266.559,7001.25,3685.955,4861.622,9980.951,6706.403,9303.516,9986.484,8610.09,8417.064,4107.3438,8214.499,5356.6377,6252.7485,9303.516,7962.912,4952.358
2944.4587,2364.719,0.5707488,0.21908805,0.42648533,1.38634,0.34775642,0.114697814,0.5707488,0.5701716,1.4641296,0.1482881,0.0,0.0124865845,0.5707488,0.001453273,0.4155393,0.2940409
261.4293,56201.59,0.5707184,0.024315871,0.07071164,0.42928156,0.5707184,0.28115782,1.4190221,0.38038626,0.5707184,0.56939685,0.29053476,0.023054697,0.49708822,0.5707184,0.42929515,0.5443517
11215.0,14060.041,0.0,0.0,0.0,1.0,0.0,0.0,1.0,0.0,0.0,0.0,0.0,0.0,0.0,0.0,0.0,0.0
2862.8728,2332.3167,0.57086116,0.42940253,0.0068925917,0.42913884,0.57086116,0.15124258,0.57086116,0.0,0.42913884,0.5356507,0.07072932,0.36452174,0.3453299,0.30297002,0.31162682,0.26890317
6074.283,65283.12,5822.2935,23036.463,15858.0625,25110.87,17169.283,22267.807,21064.568,20633.123,20084.209,22452.76,7290.3193,22404.533,21348.92,22304.842,12941.225,24082.928
342.0,58376.88,0.0,0.0,0.0,1.0,0.0,0.0,1.0,0.0,0.0,0.0,0.0,0.0,0.0,0.0,0.0,0.0
120.19725,100.334145,0.5709403,0.9704393,0.3848924,0.14825627,0.5709403,0.083823144,0.5709403,0.5709403,0.5709403,0.42946202,0.07290316,0.3772313,0.0,1.4294621,0.091249466,0.5709403
16212.0,43060.605,0.0,0.0,0.0,1.0,0.0,0.0,1.0,0.0,0.0,0.0,0.0,0.0,0.0,0.0,0.0,0.0
2945.41,2686.1223,0.35043985,0.27514657,0.00071820617,0.70140016,0.070741385,0.20140195,0.5709585,0.19722405,1.3417072,0.42565086,0.25506353,0.35801616,0.08399224,0.4264784,0.07225126,0.5709585
9300.57,681.87366,0.57094496,0.14380044,0.21754736,0.57094496,1.0428686,0.4849867,0.57094496,0.3564478,0.57094496,1.570945,0.36109024,0.091268755,0.57094496,0.57094496,0.42946556,0.145866
125.408905,19360.633,14211.405,14280.012,14338.418,9124.065,14130.002,14244.947,14282.194,14310.536,14200.936,14184.38,14232.496,14351.091,14275.367,14278.932,14152.819,14215.418
2813.5708,22961.682,0.5708152,0.15491642,0.28590366,0.42918482,0.5708152,0.07072362,1.4231837,0.40375546,0.4447746,0.3388702,0.49862733,0.29358745,0.19367735,0.27698168,0.0,0.5708152
180.0,37375.977,1.0,0.0,0.0,0.0,0.0,0.0,1.0,0.0,0.0,0.0,0.0,0.0,0.0,0.0,0.0,0.0
486.0,59014.875,0.0,0.0,0.0,1.0,0.0,0.0,0.0,0.0,0.0,0.0,0.0,0.0,1.0,0.0,0.0,0.0
275.20505,59313.363,0.0,45.230164,1.7897987,113.88675,0.0,85.61357,35.331345,115.41849,0.0,135.91771,48.248657,166.80681,139.14261,172.5813,145.39346,242.49327
2969.863,23090.48,0.57101226,0.009468697,0.2085294,0.42898774,0.57101226,0.4295162,0.90285265,0.48143715,0.21674284,0.42443013,0.48412943,0.413361,0.380494,0.28201485,0.0,0.57101226
3312.4292,2218.681,0.57083327,0.34476763,0.48533893,0.78749275,0.270589,0.34440506,0.57083327,0.14975464,0.42916673,0.09206542,0.3225938,0.0785527,0.0007180497,0.0014490634,0.42505395,0.42649007
120.0,48895.88,1.0,0.0,0.0,0.0,0.0,0.0,1.0,0.0,0.0,0.0,0.0,0.0,0.0,0.0,0.0,0.0
1017.5807,13180.588,0.57082236,0.13820872,0.280485,0.4291776,0.57082236,0.4198254,1.5708224,0.27800253,0.0,0.28244528,0.42389432,0.08824855,0.14216706,0.07145204,0.12842032,0.57082236
9120.313,850.5909,0.5707804,1.2858897,0.15503217,0.5707804,0.12594073,0.18289466,0.5707804,0.9675878,0.5707804,0.09947291,0.16782199,0.0,0.27937025,0.31541193,0.42329842,0.3692034
10002.0,23219.002,0.0,0.0,0.0,1.0,0.0,0.0,1.0,0.0,0.0,0.0,0.0,0.0,0.0,0.0,0.0,0.0
8727.0,15805.182,0.0,0.0,0.0,1.0,0.0,0.0,1.0,0.0,0.0,0.0,0.0,0.0,0.0,0.0,0.0,0.0
119.959015,101.827995,0.57095766,0.73332953,0.14220075,0.072905384,0.57095766,0.48752442,0.57095766,0.21438792,0.57095766,0.28198782,0.28116027,0.07074127,0.18565318,1.1792096,0.35577807,0.57095766
3618.0,58508.598,0.0,0.0,0.0,1.0,0.0,0.0,1.0,0.0,0.0,0.0,0.0,0.0,0.0,0.0,0.0,0.0
11248.0,49234.637,0.0,0.0,0.0,1.0,0.0,0.0,1.0,0.0,0.0,0.0,0.0,0.0,0.0,0.0,0.0,0.0
168.4291,59264.35,0.57078147,0.27419582,0.089765534,0.4292185,0.0,0.26378235,0.9573606,0.4293426,0.07373993,0.49860224,0.24310012,0.35790518,0.57078147,0.14586385,0.21514407,0.08217834
732.9541,23523.54,0.5708704,0.07073047,0.23196283,0.42912957,0.5708704,0.07462171,0.0,0.127745,0.35482898,0.011416249,0.15820861,0.4938809,0.5779992,0.29989332,0.42859295,0.5708704
3429.0,58645.203,0.0,0.0,0.0,1.0,0.0,0.0,1.0,0.0,0.0,0.0,0.0,0.0,0.0,0.0,0.0,0.0
716.3431,108.731995,0.5708047,0.46794367,0.3827232,0.42919528,0.5708047,0.4770977,0.5708047,0.42936003,0.42919528,0.5595097,0.27286845,0.42775893,0.42332232,0.20644404,0.35482818,0.5708047
120.11703,100.94043,0.57087696,0.7204221,0.13494085,0.29989624,0.57087696,0.07073128,0.57087696,0.3062957,0.57087696,0.18735556,0.49942756,0.57087696,0.1308443,1.0261775,0.35718304,0.57087696
124.090576,27607.135,9.361712,44.37672,5.8051224,44.1342,29.283604,23.93188,26.732368,36.607365,40.400696,32.523956,52.091038,44.37672,22.183676,1.4219598,52.091038,47.89751
808.1083,60022.812,12527.985,21440.82,20349.129,21621.547,21488.076,19930.355,21575.98,21622.707,19703.908,12160.397,21571.928,21545.123,21590.271,21550.617,16249.392,21497.139
9180.429,993.14276,0.57074034,1.0992771,0.57074034,0.57074034,0.024711818,0.42931163,0.57074034,1.0089787,0.14347163,0.17476341,0.22016954,0.4123502,0.57074034,0.4995185,0.27949694,0.57074034
770.7043,38966.95,9769.509,8694.027,6848.424,10222.667,8210.903,7803.17,8606.492,8740.927,7991.7983,10298.307,2271.6465,7563.389,9181.172,6462.5317,9611.008,9315.064
2877.572,21905.932,0.570944,0.44299385,0.13902792,0.42905596,0.570944,0.08265988,0.42905596,0.42721188,0.570944,0.1811354,0.00071819127,0.15882069,0.49948627,0.00376454,0.27526,0.570944
132.0,0.496,0.0,0.0,0.0,0.0,1.0,0.0,1.0,0.0,0.0,0.0,0.0,0.0,0.0,0.0,0.0,0.0
774.571,52174.145,0.5709981,0.32256642,0.0,0.42900196,0.18306756,0.14769769,0.5709981,0.0,0.5709981,0.3580074,0.16894272,0.40434912,0.42900196,0.21285072,0.3580074,0.5709981
1277.6998,1004.0143,0.57087624,0.34798035,0.057016358,0.42912373,0.57087624,0.42941388,0.57087624,0.17493005,0.57087624,0.32831654,0.17838025,0.57087624,0.42912373,0.42859736,0.24723253,0.57087624
119.77965,99.74204,0.5709298,1.5198619,0.14980546,0.32076705,0.5709298,0.30939668,0.5709298,0.14219382,0.5709298,0.4286375,0.27648306,0.5709298,0.14789379,1.131849,0.09113928,0.21515965
9359.843,658.5344,0.36956513,0.078068286,0.3965237,0.5709189,1.2733927,0.2120565,0.5709189,0.21284468,0.5709189,0.5614199,0.07146412,0.19655381,0.5709189,0.0958986,0.18541844,0.16229479
3448.0,20019.396,0.0,0.0,0.0,1.0,0.0,0.0,0.0,0.0,0.0,0.0,0.0,0.0,1.0,0.0,0.0,0.0
3312.4343,2413.1716,0.2387211,0.17200515,0.19755542,0.42904407,0.20064932,0.26089573,0.57095593,0.41015068,0.42904407,0.23295599,0.32724467,0.57095593,0.57095593,0.14297633,0.345674,0.0
6119.8486,910.83466,0.51095855,0.16801983,0.48741728,0.91763055,0.21206123,0.35716566,0.5707851,0.24557021,0.28028008,0.49686608,0.28969607,0.4277443,0.5006528,0.2189815,0.09464002,0.5707851
1646.358,12140.983,0.570965,0.35342336,0.19047701,0.429035,0.570965,0.21285659,0.11226554,0.0,0.4987163,0.0007212609,0.35227084,0.29070628,0.7261629,0.4294806,0.23261261,0.570965
2148.3262,32610.32,0.570944,0.34310502,0.071467265,0.42905596,0.07523356,0.35576966,0.21438283,0.087669626,0.570944,0.5467979,0.12518167,0.42946485,0.94968826,0.1535927,0.071467265,0.570944
853.4995,248.2457,0.57097214,0.5285278,0.108163446,0.42902786,0.57097214,0.10707851,0.57097214,0.21672912,1.0013381,0.35199517,0.25862706,0.114901125,0.07074307,0.0,0.44362313,0.57097214
526.30524,15234.554,0.5709088,0.42943835,0.20649534,1.1855301,0.5709088,0.37619323,0.42997938,0.42943835,0.5709088,0.0,0.08318005,0.42943835,0.0,0.5709088,0.41675168,0.55157375
2863.2856,2475.5142,0.57077014,0.27780816,0.28041843,0.42922986,0.57077014,0.0,0.57077014,0.14825255,0.71874064,0.57077014,0.19711828,0.57077014,0.57077014,0.14215405,0.09267552,0.23564163
7106.0,679.744,0.0,0.0,0.0,0.0,1.0,0.0,1.0,0.0,0.0,0.0,0.0,0.0,0.0,0.0,0.0,0.0
3607.5005,13038.272,0.5709816,0.072909266,0.57016504,0.90598226,0.5709816,0.28736383,0.5709816,0.19570637,0.37830234,0.0,0.4294931,0.25000829,0.95272505,0.1422077,0.070744246,0.5709816
849.0229,9100.831,0.5710104,0.49628183,0.49954435,0.42898956,0.5710104,0.49471733,0.5704852,0.14941216,0.0,0.0,0.34179512,0.23236525,0.26471314,0.2738664,0.052650817,0.5710104
9300.43,644.22424,0.4294978,0.4294978,0.42100957,0.16005036,1.0808764,0.21287045,0.5709878,0.4995246,0.2873663,0.503608,0.35725245,0.2613148,0.2342206,0.056817085,0.42868114,0.5238761
119.87396,101.46721,0.5709476,1.1255873,0.014006332,0.14380205,0.5709476,0.5709476,0.5709476,0.48327732,0.5709476,0.24219032,0.35800928,0.5709476,0.4148013,0.4290524,0.14219825,0.07523824
1285.2385,1007.54114,0.0,0.5700362,0.23127894,0.935972,0.4994063,0.42939612,0.57085264,0.38397494,0.57085264,0.014696978,0.35181108,0.13062559,0.93603444,0.39411786,0.0,0.23571679
171.4292,74589.23,0.57080287,0.1749438,0.0,0.42919713,0.57080287,0.24225208,0.8728576,0.097414844,0.0707221,0.29865196,0.20335552,0.24450868,0.57080287,0.498621,0.27550858,0.42935866
805.5896,106.3341,0.5708089,0.31622082,0.35792235,0.42919108,0.5708089,0.25058147,0.5708089,0.21563411,0.109745234,0.34628174,0.19931945,0.21550956,0.42919108,0.48007682,0.011986263,0.5708089
9119.8,1155.6732,0.57071525,0.98167634,0.28053808,0.57071525,0.16248842,0.49928612,0.57071525,0.6421364,0.003867127,0.08008256,0.28352368,0.07292192,0.57071525,0.17177588,0.07148612,0.57071525
927.4271,103.89688,0.57084537,0.05347103,0.48045743,0.4291546,0.57084537,0.42713803,0.57084537,0.57084537,0.004650086,0.07072737,0.18535948,0.5573327,0.605471,0.27002692,0.18044494,0.57084537
9059.43,909.3915,0.001495406,1.2321172,0.41561413,0.27208763,0.3557709,0.0,0.57097214,0.46378,0.49995136,0.25708228,0.15547165,0.19772501,0.28365964,0.22640766,0.13821638,0.4445806
774.5708,0.8580115,0.15548116,0.5707942,0.4993552,0.83545995,0.35791314,0.27804735,0.5707942,0.3075762,0.5707942,0.25679424,0.07072103,0.37240127,0.8604248,0.54259884,0.15126702,0.18241891
3415.0,58339.38,0.0,0.0,0.0,1.0,0.0,0.0,1.0,0.0,0.0,0.0,0.0,0.0,0.0,0.0,0.0,0.0
739.79395,17205.18,0.5707942,0.3763896,0.33175296,0.42920578,0.5707942,0.28589684,0.23961133,0.35717133,0.35791314,0.15126702,0.16042003,1.0619111,0.0,0.07292485,0.16539726,0.5707942
2944.9507,2702.5012,0.14220135,0.08408146,0.11207677,1.3580171,0.2857407,0.25305057,0.57096004,0.4014473,0.42903998,0.12816316,0.07290568,0.3484637,0.0,0.13906953,0.23410052,0.2120741
795.10815,1173.6818,0.5708199,0.49710196,0.42936403,0.4291801,0.5708199,0.24160779,0.5708199,0.15700424,0.71410465,0.5708199,0.3610536,0.39739215,0.0,0.08010313,0.42735124,0.5708199
774.5708,1.3895744,0.14216006,0.42935216,0.14289543,0.7872424,0.00071799755,0.20178261,0.5707942,0.43558714,0.5707942,0.16901737,0.51286924,0.5707942,0.42920578,0.42935216,0.38664544,0.20215687
2929.5708,2309.2666,0.5707493,0.27428836,0.07464589,0.42925075,0.37529114,0.5679165,0.5707493,0.4235142,1.498574,0.0,0.42874107,0.0,0.5707493,0.20641083,0.35566783,0.3232442
119.70846,90080.04,0.8071234,0.32218125,0.07071471,0.57074326,0.17130946,0.5351403,0.45990968,0.26163703,0.5210607,0.39066836,0.251571,0.57074326,0.096145585,0.57074326,0.39371085,0.1346619
6242.0,43063.266,0.0,0.0,0.0,1.0,0.0,0.0,1.0,0.0,0.0,0.0,0.0,0.0,0.0,0.0,0.0,0.0
6059.9883,942.4874,0.22518066,0.4120267,0.21585727,1.1005988,0.49942002,0.2927049,0.5708683,0.38472882,0.4294079,0.15211648,0.14440954,0.07367605,0.50281703,0.48114836,0.3918982,0.0007180944
774.57086,2.252943,0.35794306,0.49209,0.3645513,1.2803233,0.40478295,0.36358508,0.24650505,0.09869182,0.07518518,0.38632554,0.49939895,0.3045615,1.267767,0.42247802,0.35485274,0.40468687
774.57086,7777.7734,0.21512984,0.33032316,0.426395,0.8494789,0.49940175,0.16171192,0.5708761,0.07073118,0.15217431,0.080177024,0.4364581,0.5708761,0.996785,0.3338037,0.10216881,0.40407187
1281.642,1004.9536,0.57083535,0.42878917,0.14587319,0.42916462,0.57083535,0.22771081,0.57083535,0.14290756,0.57083535,0.22418764,0.3179451,0.57083535,1.0389152,0.3534223,0.08019352,0.57083535
774.5708,43156.676,0.21953142,0.3101474,0.31935427,1.1004224,0.3503752,0.0,0.5707942,0.21436644,0.33229497,0.35563567,0.20935935,0.2809161,1.1407162,0.0,0.31884265,0.2444076
774.5708,18960.025,0.19713274,0.0,0.15059048,1.4993552,0.073741585,0.1539934,0.5707942,0.40707985,0.5707942,0.0,0.37327465,0.5707942,0.42920578,0.07072103,0.08747715,0.18359187
3379.5708,2505.7341,0.57083327,0.070725866,0.4713155,0.42916673,0.57083327,0.38879472,0.57083327,0.35793763,0.42916673,0.33417028,0.4819194,0.35416734,0.2251693,0.491728,0.07377269,0.57083327
12468.0,14006.877,0.0,0.0,0.0,1.0,0.0,0.0,1.0,0.0,0.0,0.0,0.0,0.0,0.0,0.0,0.0,0.0
689.18823,59146.74,0.0,84.459915,67.933426,143.59967,0.0,23.688095,115.23499,75.20029,0.0,93.63645,28.652061,66.24774,0.0,158.83296,143.812,3.38336
774.57074,1.8879476,0.34206736,0.149776,0.053104125,1.3573294,0.28263795,0.07071079,0.5707116,0.49721658,0.5707116,0.18053657,0.5707116,0.5707116,0.4292884,0.07071079,0.24329905,0.29678363
595.2294,12160.468,0.57085186,0.1210555,0.08381011,1.2095159,0.52348655,0.071455725,1.274901,0.16981293,0.57003534,0.0,0.00071807206,0.22449432,0.0,0.22875555,0.14217441,0.30980176
2961.3345,22431.168,0.57096654,0.49726844,0.2679937,0.42903346,0.57096654,0.21286245,0.42903346,0.26759404,0.07074238,0.5509831,0.29275525,0.448341,0.21137173,0.28344762,0.23200716,0.57096654
5435.0,8984.732,0.0,0.0,0.0,0.0,1.0,0.0,1.0,0.0,0.0,0.0,0.0,0.0,0.0,0.0,0.0,0.0
6120.571,902.04736,0.57092416,0.49946886,0.39744562,0.6442427,0.28497854,0.0,0.57092416,0.57092416,0.57092416,0.25006908,0.092290126,0.20894459,0.42907584,0.57092416,0.22043097,0.57092416
6060.038,1436.043,0.5707377,0.24843976,0.4279391,1.2658596,0.1392064,0.2503316,0.5707377,0.19041649,0.27543804,0.4906403,0.5707377,0.14722206,1.4642503,0.34202406,0.0014482886,0.5707377
2896.1143,21699.408,0.5708057,0.3407835,0.0,0.42919427,0.5708057,0.49936527,1.1310849,0.18943454,0.5708057,0.33329284,0.0,0.0068514645,0.3132,0.00071801245,0.31978607,0.5708057
9359.974,596.1747,0.14219323,0.070737526,0.09744014,0.5709274,0.56125885,0.46023238,0.5709274,0.5131465,0.5709274,1.1184361,0.0,0.2576695,0.5709274,0.49207014,0.29637522,0.5709274
6120.5713,816.36725,0.0029189289,0.36360976,0.4286729,1.0783404,0.16456847,0.14302287,0.5710491,0.32720548,0.23844528,0.42792854,0.49958205,0.4294896,1.2782148,0.25949207,0.2695595,0.5710491
9299.878,682.7962,0.43814108,0.19933721,0.15310214,0.57081074,1.3579236,0.546465,0.57081074,0.11942748,0.57081074,0.6428183,0.49709222,0.006851524,0.57081074,0.229366,0.37631437,0.57081074
2880.0,4926.532,0.0,0.0,0.0,1.0,0.0,0.0,0.0,0.0,0.0,0.0,0.0,0.0,1.0,0.0,0.0,0.0
886.5472,134.15085,0.57077014,0.40544227,0.37441307,0.42922986,0.57077014,0.4287568,0.57077014,0.21274868,0.42922986,0.0,0.27231324,0.0,0.42219263,0.17718157,0.4287568,0.57077014
6120.423,872.7707,0.57075304,0.07148708,0.32640892,1.3087132,0.002984941,0.34942645,0.57075304,0.20733976,0.57075304,0.42403877,0.31742048,0.15359005,1.2795254,0.41795796,0.4185328,0.57075304
209.64822,53248.203,0.57071966,0.20793033,0.0,0.42928034,0.57071966,0.36043298,0.07624222,0.49928996,0.57071966,0.28730032,0.3116403,0.3619243,0.42928034,0.57071966,0.27627245,0.30718172
774.7078,650.8559,0.57075405,0.14607513,0.42796043,1.3517498,0.57075405,0.0014565662,0.57075405,0.57075405,0.3610511,0.56939256,0.31129768,0.07718697,1.0413841,0.37661085,0.40258822,0.57075405
774.57074,15794.179,0.14203313,0.42929006,0.28403497,0.5720636,0.07071079,0.18959393,0.5707116,0.32686192,0.5707116,0.07071079,0.28585207,0.0,0.4292884,0.28113115,0.42870945,0.35579497
3527.0,58527.457,0.0,0.0,0.0,1.0,0.0,0.0,1.0,0.0,0.0,0.0,0.0,0.0,0.0,0.0,0.0,0.0
120.0,36096.16,1.0,0.0,0.0,0.0,0.0,0.0,1.0,0.0,0.0,0.0,0.0,0.0,0.0,0.0,0.0,0.0
4599.3223,13311.755,0.57101226,0.4295162,0.09349637,0.42898774,0.57101226,0.4295162,0.57101226,0.24001046,0.57101226,0.35147,0.25624675,0.16799487,1.1810797,0.5670301,0.19046523,0.57101226
6073.129,65491.66,27818.613,26506.805,20499.367,23801.277,31478.844,26024.906,27111.797,27623.367,13208.3955,9508.078,26000.934,23227.785,19627.707,23011.184,14338.913,27733.973
6120.358,908.8674,0.07073796,0.3579988,0.4994747,1.2034113,0.22046095,0.12584665,0.57093084,0.57093084,0.42945492,0.1466895,0.3557615,0.3684105,1.0843415,0.29800782,0.34571555,0.5133704
1280.9854,1005.8975,0.38342598,0.23116213,0.4295217,0.4329826,0.15854765,0.070748955,0.57101965,0.07757521,0.57101965,0.4046739,0.4973146,0.57101965,1.4995522,0.41707537,0.426524,0.29310837
1277.9591,1004.29126,0.5710123,0.42951623,0.11940258,0.42898765,0.5710123,0.41123375,0.5710123,0.2950016,0.5710123,0.11436353,0.17388722,0.5710123,1.5678992,0.23898873,0.0037359372,0.5710123
540.0,39890.746,1.0,0.0,0.0,0.0,0.0,0.0,0.0,0.0,0.0,1.0,0.0,0.0,0.0,0.0,0.0,0.0
573.50275,784.96564,0.0037784576,0.35803574,0.35803574,0.5709897,0.42901024,0.35384554,0.34949726,0.14537606,0.3461815,1.3538456,0.42868257,0.5709897,0.42868257,0.28263015,0.49543345,0.20345479
823.0651,1524.7614,0.5708206,0.529633,0.36615112,0.42917937,0.5708206,0.12773392,0.23732963,0.124255694,0.4231002,0.5708206,0.0053405166,0.0029488802,1.1990097,0.22516185,0.0,0.5708206
1053.9082,11138.58,0.57088375,0.0,0.070732124,0.42911625,0.57088375,0.22664192,1.2857025,0.35796928,0.17475492,0.25113785,0.3137956,0.13115165,0.07289594,0.57088375,0.3500915,0.57088375
1279.492,1004.3022,0.28586608,0.57073283,0.47763604,0.79679406,0.200405,0.4265082,0.57073283,0.07071342,0.57073283,0.0,0.27577716,0.57073283,1.3510975,0.3149349,0.3147136,0.22072837
9986.0,49223.285,0.0,0.0,0.0,1.0,0.0,0.0,1.0,0.0,0.0,0.0,0.0,0.0,0.0,0.0,0.0,0.0
276.0,778.565,0.0,0.0,0.0,0.0,1.0,0.0,0.0,0.0,0.0,1.0,0.0,0.0,0.0,0.0,0.0,0.0
774.5708,0.76340306,0.10402916,0.4892626,0.07072103,0.8392711,0.3797778,0.07517758,0.5707942,0.24313995,0.5707942,0.35380694,0.35717133,0.5707942,0.8529662,0.07072103,0.4986134,0.30898437
746.0379,2459.1746,0.570949,0.0,0.19582753,0.42905098,0.570949,0.0,0.570949,0.0,0.42905098,0.21438469,0.00071819127,0.29129094,0.00071819127,0.40780634,0.19382165,0.570949
3312.9133,2517.0376,0.57074934,0.28971916,0.3228058,1.1148671,0.57074934,0.33507088,0.57074934,0.22907779,1.5707493,0.14792718,0.18684971,0.57074934,0.57074934,0.570172,0.26604685,0.1930438
774.5708,1.0947975,0.1672411,0.0022829697,0.42935222,0.60141695,0.071488865,0.18971267,0.5707943,0.31171533,0.5707943,0.27431393,0.15011847,0.5707943,1.3556358,0.0075857416,0.3475435,0.41031015
540.0,39903.21,1.0,0.0,0.0,0.0,0.0,0.0,0.0,0.0,0.0,1.0,0.0,0.0,0.0,0.0,0.0,0.0
2793.4272,3360.5034,0.57078326,0.0,0.23791692,0.42921674,0.57078326,0.21272986,0.57078326,0.2143628,0.20415659,0.07292345,0.26430452,0.20645903,1.4751754,0.20681635,0.0,0.57078326
5619.0156,65071.23,35633.07,32022.941,37635.688,31095.535,33797.586,33893.504,20365.646,30785.889,36255.793,27413.354,37679.19,33044.383,31394.043,32573.229,35709.01,26764.758
774.571,38790.766,0.4286463,0.22683999,0.5709981,1.0322856,0.41275576,0.5692824,0.5709981,0.07840217,0.5709981,0.40299818,0.3557677,0.5709981,0.42900196,0.058910407,0.5701389,0.5709981
9299.643,765.5694,0.5708364,0.57001996,0.11461552,0.5708364,0.68286467,0.14217056,0.5708364,0.4293839,0.5708364,0.6442974,0.31513247,0.49861017,0.5708364,0.42713133,0.00071805716,0.5708364
6120.428,873.51294,0.57091653,0.47301388,0.009041615,0.95452964,0.42633146,0.11564034,0.57091653,0.14219052,0.57091653,0.0,0.49722493,0.121702835,1.4994622,0.57091653,0.35575253,0.57091653
1022.2576,7047.365,0.57101226,0.003844954,0.35581213,0.42898774,0.57101226,0.38916957,1.3479258,0.071475804,0.35804987,0.070748046,0.2236435,0.0,0.49954593,0.4744659,0.32625014,0.57101226
6060.01,1483.678,0.57082844,0.22574672,0.4293779,0.42917156,0.4271204,0.4271204,0.57082844,0.41572684,0.3533486,0.0,0.28811562,0.07072527,0.42917156,0.45413876,0.1883231,0.57082844
9120.485,829.30945,0.42863387,1.2816454,0.42719758,0.570925,0.08649925,0.4294505,0.570925,1.2805356,0.570925,0.0,0.08688095,0.35432142,0.14219263,0.57010835,0.41518795,0.570925
592.5702,17872.002,0.5710261,0.3580585,0.1550928,0.4289739,0.5710261,0.0007182881,0.30620158,0.42870986,0.5710261,0.36669055,0.068639606,1.5694479,0.27693585,0.14823413,0.18940195,0.5710261
12474.0,14005.393,0.0,0.0,0.0,1.0,0.0,0.0,1.0,0.0,0.0,0.0,0.0,0.0,0.0,0.0,0.0,0.0
5974.7437,65307.875,48725.715,49520.22,40888.426,44641.973,50402.33,48676.97,49398.14,2781.0996,45514.305,46385.633,51158.457,49481.703,44960.22,50371.457,51293.203,43745.53
1280.9583,1007.38226,0.5708152,0.0,0.5708152,1.4293679,0.1933254,0.42637122,0.5708152,0.14439608,0.15698093,0.23291889,0.35735947,0.5708152,0.7369958,0.28566813,0.42077315,0.42711538
9299.646,590.6467,0.07710586,0.15110418,0.42223024,0.5707943,0.6511604,0.27634576,0.5707943,0.5707943,0.5707943,1.427339,0.2735728,0.3563816,0.5707943,0.19472396,0.28404605,0.21558908
180.0,38144.2,1.0,0.0,0.0,0.0,0.0,0.0,1.0,0.0,0.0,0.0,0.0,0.0,0.0,0.0,0.0,0.0
540.0,39924.15,1.0,0.0,0.0,0.0,0.0,0.0,0.0,0.0,0.0,1.0,0.0,0.0,0.0,0.0,0.0,0.0
2929.357,2112.1536,0.5707489,0.24732025,0.49931556,1.1865798,0.4093876,0.24108453,0.5707489,0.07800533,0.42925107,0.2738539,0.4110216,0.45366406,0.5707489,0.1428841,0.17169814,0.42931807
6241.0,46244.992,0.0,0.0,0.0,1.0,0.0,0.0,1.0,0.0,0.0,0.0,0.0,0.0,0.0,0.0,0.0,0.0
774.5709,6985.1543,0.35035843,0.13904339,0.42945963,1.3374467,0.27276534,0.3549074,0.5709371,0.14585572,0.5709371,0.0,0.0,0.5709371,0.4290629,0.3579801,0.5709371,0.12057918
685.5006,11136.304,0.5708434,0.3442858,0.3579423,1.4993964,0.37826514,0.24004179,1.5708435,0.3787191,0.55514055,0.24529353,0.3199914,0.3342868,0.0,0.41238597,0.26904583,0.2697724
6120.416,811.97876,0.50790083,0.36103258,0.14214349,1.356385,0.35638502,0.231729,0.5707277,0.24886748,0.15659475,0.13536671,0.21516511,0.13211745,0.7872672,0.07786493,0.07373955,0.5707277
120.22883,101.923645,0.5709202,1.2313532,0.27171654,0.15544558,0.5709202,0.07073664,0.5709202,0.091331206,0.01586935,0.39305535,0.19685724,0.4234426,0.0,0.42907977,0.14219144,0.41228423
95.875145,59453.004,369.28632,295.0882,463.07208,453.90326,480.87558,479.38715,480.87558,110.24452,354.91455,343.67117,376.81564,60.309723,0.0,244.86421,0.0,349.5171
1275.8651,1007.0595,0.4286904,0.49953535,0.57100016,0.78088206,0.2118502,0.22774693,0.57100016,0.40636954,0.57100016,0.29662427,0.46525148,0.57100016,0.7531919,0.2550899,0.00071825087,0.21293288
494.0,2216.114,0.0,0.0,0.0,0.0,1.0,0.0,0.0,0.0,0.0,1.0,0.0,0.0,0.0,0.0,0.0,0.0
3312.4292,2407.8682,0.57083327,0.28349385,0.0007180497,0.42916673,0.57083327,0.3141465,0.57083327,0.0007180497,0.42916673,0.28349385,0.0,0.30475372,0.036384203,0.28349385,0.1868481,0.57083327
3379.5708,2866.612,0.57083327,0.0046070665,0.42274415,0.6609027,0.14216977,0.1926198,0.57083327,0.57083327,0.9817379,0.20792168,0.31041732,0.57083327,0.07377269,0.5444535,0.16673681,0.14781946
819.3077,2424.7622,0.5708545,0.10506995,0.48941773,0.42914551,0.5708545,0.01907932,0.5708545,0.57003796,1.2705568,0.35795087,0.36351633,0.35571378,0.21282063,0.3509739,0.08321577,0.5708545
853.57587,7063.683,0.5709284,0.14219347,0.28572482,0.4290716,0.5709284,0.0038862228,1.3500899,0.08381227,0.3945372,0.21845138,0.4194014,0.0752357,0.5503548,0.28816414,0.42945307,0.5709284
2761.2903,23555.99,0.57099646,0.059082545,0.43317452,0.4290035,0.57099646,0.39414087,1.2820071,0.49953213,0.14795302,0.29390928,0.083993144,0.14221042,0.44715664,0.30827588,0.08070869,0.57099646
87.93997,30394.617,7384.8105,6945.423,6947.91,8224.579,7019.9873,7081.2373,8574.94,166.7044,7101.0283,6731.2314,6803.575,8531.402,7360.26,8259.408,4498.7505,8416.651
774.5708,11223.744,0.33291286,0.21436691,0.21744704,1.0161328,0.00071799755,0.036212623,0.5707942,0.0,0.5707942,0.07499916,0.2714043,0.07292485,0.42920578,0.41683298,0.22125039,0.12155852
948.0884,9087.38,0.5709779,0.42949033,0.34993333,0.42902207,0.5709779,0.2697337,1.5701613,0.42949033,0.07147151,0.2420204,0.044582777,0.27124402,0.39199805,0.23276097,0.1422058,0.5709779
120.51871,101.50453,0.5709495,0.4290505,0.4286523,0.15302564,0.5709495,0.17566587,0.5709495,0.14297514,0.5709495,0.2265972,0.14219873,0.00071819127,0.3185135,0.4290505,0.19128676,0.24632342
360.0,6939.097,1.0,0.0,0.0,0.0,0.0,0.0,0.0,0.0,0.0,1.0,0.0,0.0,0.0,0.0,0.0,0.0
840.7473,96.28023,0.57091945,0.37468466,0.21764117,1.093737,0.57091945,0.3296049,0.57091945,0.15233457,0.07290051,0.0,0.4483839,0.07073655,0.42908052,0.000718154,0.14681455,0.57091945
2871.4934,2493.9285,0.5707635,0.26615757,0.28122127,1.1355225,0.47432572,0.19308944,0.5707635,0.2780826,0.7501487,0.0,0.22888504,0.5707635,0.5707635,0.38296992,0.27247638,0.032881416
1042.5708,9088.06,0.5708997,0.5708997,0.0029492825,0.42910025,0.5708997,0.14922863,0.7215057,0.35574204,0.14218634,0.27214736,0.2664639,0.14835668,0.21597922,0.47543353,0.20950001,0.5708997
120.023315,99.8928,0.5707368,0.4292632,0.07705384,0.0,0.5707368,0.070713915,0.5707368,0.0014532357,0.5707368,0.34690693,0.5290737,0.20090029,0.24346492,0.97423184,0.32755753,0.5707368
2568.4292,1980.1211,0.57083327,0.116897605,0.25305268,0.42916673,0.57083327,0.35793763,0.57083327,0.36246654,0.8067532,0.14216977,0.10488633,0.1218014,0.09173233,0.001485318,0.21965036,0.57083327
794.42725,245.646,0.5709964,0.07074608,0.49953204,1.4272448,0.5709964,0.0,0.5709964,0.0007182434,0.4290036,0.26679188,0.0007182434,0.0,0.3880685,0.35725826,0.34935385,0.5709964
1279.4274,1004.8313,0.4293306,0.21435693,0.23222998,1.49933,0.23575078,0.124587536,0.5707655,0.1421529,0.5707655,0.4240566,0.27418572,0.5707655,1.4462339,0.07071747,0.14545411,0.28509605
3144.748,21923.564,6135.406,6110.1284,4266.601,6108.3774,6262.2085,6198.0474,5600.2446,5861.648,6553.61,6361.936,5014.2485,4683.314,5525.228,5369.2017,6377.748,6252.155
229.31155,0.5221539,0.0,0.05298453,0.19626224,0.9674388,0.28738227,0.27801272,0.57101953,0.07074895,0.57101953,0.4942675,0.0007182807,0.004896544,0.42898044,0.21288225,0.1968939,0.38372535
120.42642,100.334236,0.57088906,1.3535134,0.23687795,0.09855405,0.57088906,0.00071811676,0.57088906,0.09182008,0.57088906,0.0,0.2738561,0.57088906,0.13260764,1.2614838,0.14218368,0.14218368
93.52612,33260.613,7216.0845,7346.64,7347.6704,7347.64,7380.1343,7314.527,7381.474,7282.722,7346.64,7281.0327,7315.526,7281.0327,7347.32,7380.474,7249.5786,7347.6704
9986.0,49274.113,0.0,0.0,0.0,1.0,0.0,0.0,1.0,0.0,0.0,0.0,0.0,0.0,0.0,0.0,0.0,0.0
9120.416,860.5544,0.19576122,1.0264769,0.086496055,0.5708687,0.070730254,0.15893063,0.5708687,1.3093121,0.23287319,0.14440963,0.0,0.33579844,0.5708687,0.42940813,0.5708687,0.5708687
180.0,28159.656,1.0,0.0,0.0,0.0,0.0,0.0,1.0,0.0,0.0,0.0,0.0,0.0,0.0,0.0,0.0,0.0
773.4292,58901.66,0.570787,0.0,0.0014906079,1.0294204,0.570787,0.070720136,0.570787,0.14215827,0.570787,0.070720136,0.5699639,0.570787,0.9401981,0.0,0.48751396,0.570787
1488.0834,31054.66,0.5710228,0.06332802,0.07147713,0.8258924,0.5710228,0.5710228,0.42952412,0.5201359,1.2128835,0.42952412,0.006352119,0.5710228,0.16813678,0.427963,0.42952412,0.5710228
2686.9304,22353.047,0.5708404,0.007872179,0.4293869,0.42915958,0.5708404,0.07072675,1.1133236,0.00071805716,0.3448364,0.3028337,0.33795774,0.40982246,0.33910495,0.39440268,0.4774403,0.5708404
774.57074,15486.832,0.07071079,0.21666163,0.32764012,1.2236619,0.42929006,0.42929006,0.5707116,0.42032325,0.5707116,0.24537416,0.21666163,0.3545593,0.4292884,0.07071079,0.38231808,0.48766613
1279.1274,1005.3193,0.57073313,0.00071792305,0.21960914,1.4235024,0.57073313,0.0,0.57073313,0.4293062,0.39583182,0.20334828,0.19715196,0.57073313,0.42926687,0.064474866,0.10577483,0.16477393
591.85333,4097.171,0.5707157,0.0707113,0.0007179007,0.42928427,0.5707157,0.49310672,0.4292931,0.0038447008,0.36106575,0.4471376,0.30005395,1.1179196,0.0,0.44411105,0.23894216,0.5707157
4099.7275,13055.913,0.57078886,0.28042796,0.21275568,1.0619099,0.57078886,0.25886607,0.57078886,0.2848704,0.57078886,0.15483701,0.0,0.2055583,1.2854228,0.11358156,0.49211037,0.57078886
96.72568,40291.113,200.11505,155.167,265.1836,229.2709,272.29456,264.2132,384.0929,272.2678,319.604,200.378,170.93063,0.0,384.72586,215.53189,351.39557,248.47842
831.36664,571.1732,0.57091576,0.2768949,0.35485753,0.42908427,0.57091576,0.073075764,0.57091576,0.3736312,0.14219032,0.07719579,0.35798934,0.18534765,0.42908427,0.29068962,0.4271907,0.57091576
15848.946,62394.504,16838.79,14543.581,4192.3945,9953.664,11527.552,19282.902,0.0,6858.083,10930.489,8955.388,19334.691,14543.581,10161.095,11806.907,14432.687,4815.4326
222.38885,21412.545,0.5708353,0.4239038,0.4201425,0.42916468,0.5708353,0.49939117,0.42938307,0.20340753,0.5708353,0.4994432,0.3610191,1.1141738,0.07288975,0.0007180497,0.49939117,0.26441842
3629.8682,6143.2837,0.0,0.0,375.20425,127.736015,160.52505,528.4212,0.0,285.77856,375.81573,371.06155,346.03766,493.54004,0.0,421.918,0.0,0.0
4069.9138,25854.709,0.57074654,0.22160298,0.28728515,0.88448226,0.57074654,0.22121838,0.42925346,0.14288351,0.57074654,0.5200549,0.42873904,0.07071512,0.14888358,0.35714144,0.07071512,0.57074654
774.57074,18988.904,0.075743094,0.54289865,0.5707116,1.2826064,0.3645823,0.34445125,0.5707116,0.35579497,0.076774344,0.1487517,0.14588185,0.21511708,0.4292884,0.27773887,0.17143096,0.04866744
830.9266,2840.2756,0.5707489,0.027647622,0.1458555,1.1968476,0.5707489,0.3115393,0.5707489,0.16816534,0.42925107,0.14454253,0.27691144,0.0,0.07148317,0.01989109,0.5641642,0.5707489
774.57074,1.6141572,0.31124198,0.49462825,0.08820805,1.3532066,0.45624775,0.29350936,0.5707116,0.0007178858,0.5707116,0.4538991,0.3351816,0.5707116,0.4292884,0.42650068,0.49721664,0.3493541
97.21997,41289.12,7326.7803,7362.2227,7316.5205,7335.7744,7334.411,7309.797,7283.7695,7383.6094,7262.0977,7383.7803,7310.0625,7348.407,7170.714,7383.7803,7349.6514,7350.868
680.3617,10716.624,466.5876,487.134,130.39914,75.62594,0.0,344.11484,491.91827,77.00577,717.3727,198.17442,315.75354,146.031,409.1963,577.2214,437.3333,190.38628
2162.3818,2015.3453,0.57090193,0.070734374,0.07289825,0.42909807,0.57090193,0.34285888,0.57090193,0.045688584,0.37735924,0.4248843,0.55726355,0.0,0.70943594,0.070734374,0.28571156,0.57090193
774.57074,2.5495381,0.568489,0.093086794,0.14213946,0.4292884,0.14526136,0.4992829,0.5707116,0.4272737,0.5707116,0.3695755,0.35786128,0.5707116,0.4292884,0.14213946,0.31442523,0.5707116
120.0,31840.043,1.0,0.0,0.0,0.0,0.0,0.0,1.0,0.0,0.0,0.0,0.0,0.0,0.0,0.0,0.0,0.0
1279.1383,1007.7178,0.28577268,0.19749247,0.41085058,0.93223876,0.2382011,0.4102481,0.5710238,0.07074948,0.5710238,0.5562906,0.29642886,0.5710238,0.9051749,0.5710238,0.4295249,0.25160873
3869.0,58856.254,0.0,0.0,0.0,1.0,0.0,0.0,1.0,0.0,0.0,0.0,0.0,0.0,0.0,0.0,0.0,0.0
3312.4292,2406.9065,0.57083327,0.40081543,0.22968963,1.2032324,0.32821542,0.37314242,0.57083327,0.4040007,0.42916673,0.49705517,0.30644536,0.16680923,0.57083327,0.0,0.010323353,0.33066112
14951.0,23021.734,0.0,0.0,0.0,1.0,0.0,0.0,1.0,0.0,0.0,0.0,0.0,0.0,0.0,0.0,0.0,0.0
773.4292,2107.1526,0.40050018,0.070721276,0.0,0.8755285,0.23593017,0.4010573,0.5707962,0.5707962,0.311922,0.05872538,0.00071799755,0.5707962,0.6669508,0.2833637,0.27265346,0.42709714
9299.43,681.1405,0.4294932,0.25286454,0.0,0.28468874,1.1174805,0.3315302,0.57098174,0.3572486,0.07074426,0.903344,0.34762096,0.49728167,0.0781655,0.47181946,0.07074426,0.077728465
9120.236,823.3472,0.57085097,1.4271421,0.0,0.57085097,0.42939484,0.3563809,0.57085097,0.74908787,0.006212741,0.24662244,0.07289175,0.2780164,0.07367379,0.2856861,0.3738372,0.57085097
2345.2102,21926.47,0.5708264,0.3664078,0.07072502,0.4291736,0.5708264,0.10109759,0.4291736,0.0,0.19682407,0.5275103,0.31786013,0.0766773,0.0,0.4978156,0.45952657,0.5708264
120.0,32256.14,1.0,0.0,0.0,0.0,0.0,0.0,1.0,0.0,0.0,0.0,0.0,0.0,0.0,0.0,0.0,0.0
98.42082,40368.37,290.61722,311.2583,287.6136,393.98236,396.189,377.0363,257.53818,411.26312,376.47852,427.34714,426.34714,295.377,310.83966,441.5792,302.53348,347.3822
3312.9255,2281.033,0.57099605,0.29059923,0.11223543,1.2472076,0.35436562,0.07147378,0.57099605,0.0,0.992959,0.18986583,0.29240876,0.2387338,0.57099605,0.14444186,0.19165781,0.36131158
840.2377,1908.7523,0.5707507,0.4355947,0.34963903,0.42924932,0.5707507,0.0,0.5707507,0.42351076,0.75193536,0.0,0.2190539,0.31106082,0.30804536,0.57016814,0.43150398,0.5707507
3142.6353,22065.23,6910.0293,15288.086,15003.9375,17724.148,16548.258,10030.669,18789.61,18598.533,13127.787,6838.4707,14311.174,5491.964,16858.482,18612.926,21428.9,4316.027
3721.7144,6655.7964,0.57071525,0.4263528,0.08045756,0.42928475,0.57071525,0.23626943,0.57071525,0.285843,0.3578636,0.0014819875,0.35573143,0.26496124,0.42928475,0.42929274,0.529105,0.57071525
952.34454,9086.774,0.5709926,0.17427899,0.35803747,0.42900738,0.5709926,0.40672565,0.5065546,0.3141988,0.33989626,0.3011828,0.4209463,0.5613317,0.15769224,0.0,0.00071823597,0.5709926
2894.646,2759.5854,0.24098885,0.37304467,0.49065784,1.0528737,0.57017195,0.41432127,0.57074916,0.41824415,0.9563648,0.09530372,0.0,0.4273052,0.14288417,0.4833869,0.14916182,0.23264012
774.5708,36153.78,0.35328194,0.14528897,0.07619341,0.8100114,0.00071799755,0.12795165,0.5707942,0.2189827,0.076713234,0.17882797,0.0,0.35791314,1.1198354,0.14289543,0.16454959,0.07072103
498.0,59015.79,0.0,0.0,0.0,1.0,0.0,0.0,0.0,0.0,1.0,0.0,0.0,0.0,0.0,0.0,0.0,0.0
2929.247,2247.6555,0.57081544,0.56999904,0.100348055,1.2711225,0.42336497,0.2622954,0.57081544,0.30886188,0.58761615,0.07072366,0.35346773,0.00071802735,0.57081544,0.36344573,0.41931847,0.3982878
4931.2324,49330.0,0.008683175,22.864805,32.027164,23.758043,0.0027145445,14.606624,0.27633926,42.22017,60.494522,22.717947,40.826622,59.935078,60.211998,59.948746,31.521896,59.80876
2759.1206,23038.617,0.5708279,0.14464381,0.2939288,0.4291721,0.5708279,0.14216845,1.1240252,0.114156514,0.1979096,0.34812444,0.4567709,0.21433923,0.073670834,0.29268414,0.38939905,0.5708279
6060.3086,1483.5747,0.5709756,0.49873182,0.24004671,0.44735563,0.0023220927,0.35435292,0.5709756,0.15025607,0.0037775412,0.14298126,0.49951386,0.5272733,0.5705114,0.49794576,0.21439469,0.5709756
784.247,2174.4084,0.5709983,0.13907875,0.37130213,0.4290017,0.5709983,0.21287431,0.5709983,0.2857598,0.33666378,0.20016362,0.2939102,0.07074632,1.2752135,0.076700374,0.424087,0.5709983
2936.6648,2852.1155,0.42949253,0.2282964,0.33752057,0.7332595,0.49951845,0.14298256,0.57098085,0.3048533,1.3909072,0.35435614,0.42949253,0.21517888,0.012351438,0.120748855,0.2357313,0.00071823597
1280.2858,1005.182,0.4095929,0.23863104,0.5709975,1.2671398,0.15987435,0.34133568,0.5709975,0.14298671,0.5709975,0.21906462,0.5709975,0.5709975,1.5709975,0.29678175,0.42950502,0.22714987
693.6526,9091.402,0.5707924,0.17297916,0.365081,1.3494244,0.5707924,0.3129995,0.6261164,0.0707208,0.058691077,0.29152286,0.2793833,0.357912,0.5602593,0.16022262,0.4293508,0.5707924
1279.4293,1005.3111,0.26341712,0.1613164,0.3532228,0.96037906,0.0,0.42932588,0.57075924,0.07736609,0.57075924,0.12960497,0.27429903,0.57075924,1.0520198,0.07461567,0.0,0.14215136
1280.4792,1008.0956,0.57072026,0.45316464,0.0,1.2750553,0.57072026,0.45930886,0.57072026,0.06447351,0.57072026,0.0047579184,0.42929655,0.57072026,1.2886947,0.070711866,0.21603431,0.57072026
854.88165,1686.2979,0.5707534,0.42932147,0.28509158,1.5707535,0.5707534,0.4993195,0.049993955,0.09731545,1.4635602,0.36949772,0.2836209,0.15834638,0.17757154,0.4640547,0.42932147,0.5707534
120.0,37888.07,1.0,0.0,0.0,0.0,0.0,0.0,1.0,0.0,0.0,0.0,0.0,0.0,0.0,0.0,0.0,0.0
119.64583,35328.715,1.4199727,0.42929608,0.42929608,0.57071966,0.2786858,0.42929608,1.1308258,0.49928996,0.57071966,0.13568997,0.42238164,0.57071966,0.57071966,0.132119,0.3431249,0.49928996
119.65855,101.17436,0.57080483,0.5737122,0.2545957,0.0,0.57080483,0.14216287,0.57080483,0.35564187,0.57080483,0.49708697,0.0,0.00071777403,0.2481761,0.4291952,0.2840506,0.32961437
16239.0,43061.65,0.0,0.0,0.0,1.0,0.0,0.0,1.0,0.0,0.0,0.0,0.0,0.0,0.0,0.0,0.0,0.0
774.57074,0.8656485,0.07071079,0.35786128,0.5109971,1.5707116,0.15098375,0.4087156,0.5707116,0.43558925,0.5707116,0.2787547,0.3394133,0.5707116,0.4292884,0.38452214,0.3066392,0.046536848
60.0,60640.207,1.0,0.0,0.0,0.0,0.0,0.0,1.0,0.0,0.0,0.0,0.0,0.0,0.0,0.0,0.0,0.0
11211.0,18006.064,0.0,0.0,0.0,1.0,0.0,0.0,1.0,0.0,0.0,0.0,0.0,0.0,0.0,0.0,0.0,0.0
1282.2457,1003.732,0.46101263,0.42930993,0.34414423,0.8201082,0.30833387,0.0014532283,0.5707381,0.0,0.5707381,0.28508392,0.2595962,0.5707381,1.5707382,0.34788617,0.22370169,0.35787794
3312.4292,2529.637,0.2238121,0.0,0.14216977,1.3808008,0.0,0.56940377,0.57083327,0.3487941,0.42916673,0.57083327,0.0,0.57083327,0.57083327,0.49938935,0.3290488,0.15510538
3269.1333,3360.6677,0.57086724,0.004648775,0.56775486,0.42913276,0.57086724,0.04420969,0.57086724,0.42859054,0.15242426,0.07751262,0.14584544,0.4169001,0.626549,0.09822516,0.23459037,0.57086724
1280.4294,1006.51917,0.570855,0.21434942,0.41811797,0.42914495,0.570855,0.1421752,0.570855,0.29124293,0.570855,0.0,0.3698014,0.570855,1.0234556,0.0,0.1732187,0.570855
8736.0,32647.012,0.0,0.0,0.0,1.0,0.0,0.0,1.0,0.0,0.0,0.0,0.0,0.0,0.0,0.0,0.0,0.0
85.382576,30361.533,0.5708289,0.15485632,0.49938554,1.357935,0.5708289,0.42937827,0.42945135,0.33685338,0.29369643,0.21512163,0.33210164,0.31144404,0.56662,0.5188192,0.005340606,0.49938554
119.84613,101.62686,0.5707762,0.78606534,0.070718795,0.4985977,0.5707762,0.5707762,0.5707762,0.16494682,0.5707762,0.070718795,0.38046184,0.5701989,0.18511027,0.4292238,0.12768346,0.5707762
9300.284,591.6907,0.49067932,0.22041462,0.35429472,0.5708819,1.4294181,0.41968948,0.5708819,0.0,0.5708819,0.9790628,0.5296055,0.2992866,0.5708819,0.42860162,0.28195047,0.01093816
3313.2349,2140.593,0.570735,0.2552079,0.30232632,1.5707349,0.570735,0.2787075,0.570735,0.07910679,0.87138337,0.3555988,0.57015777,0.570735,0.570735,0.48482955,0.04211726,0.21273558
6119.787,902.5242,0.57099915,0.18120268,0.42725307,0.7551561,0.3313539,0.413356,0.57099915,0.21287465,0.57099915,0.57099915,0.3229224,0.21518576,1.3572594,0.57099915,0.03749308,0.57099915
3235.5706,1667.0876,0.5709099,0.3666718,0.24532881,1.3146257,0.5709099,0.12562618,0.5709099,0.21816623,0.41968748,0.05572418,0.15542853,0.0,1.003416,0.311201,0.3014488,0.5709099
1851.4585,22106.256,20328.322,20708.553,19137.707,17204.535,17312.684,15840.704,17242.047,11687.553,16001.978,14588.194,12956.621,14649.729,16242.44,22050.125,14521.498,21867.867
4510.016,13232.239,1937.4933,1483.6558,2489.3242,5464.984,0.0,3935.9985,557.5802,0.0,4052.683,0.0,1404.653,43.373108,1300.0975,2184.2466,4110.016,0.0
552.0,755.291,0.0,0.0,0.0,0.0,1.0,0.0,0.0,0.0,0.0,1.0,0.0,0.0,0.0,0.0,0.0,0.0
1114.6671,9500.003,0.5707598,0.10414839,0.42874905,0.4292402,0.5707598,0.29416665,0.21517724,0.003775023,1.2820886,0.014920168,0.29273072,0.42731312,0.071484536,0.42932627,0.23321116,0.5707598
4284.345,26367.314,0.5707617,0.4293277,0.0,1.4970495,0.5707617,0.28972545,0.07521465,0.35789272,0.5707617,0.070717,0.57018447,0.5679289,0.4292383,0.42072198,0.3217729,0.5707617
119.747345,99.96817,0.25816292,0.9886419,0.1598081,0.07225818,0.5710131,0.33606634,0.5710131,0.13063246,0.5710131,0.2820152,0.4295168,0.41750854,0.23730719,0.4289869,0.2944477,0.28415388
9180.03,647.3357,0.5709393,1.4994822,0.23781404,0.5709393,0.5709393,0.43282208,0.5709393,1.3580041,0.5709393,0.42946127,0.19571155,0.077722624,0.5709393,0.4994821,0.0,0.0
830.5929,60137.574,626.7544,841.6001,585.98,1119.85,0.0,847.2339,472.6379,699.0945,420.14084,818.7228,676.9856,693.04956,387.97098,0.0,753.589,701.5679
1280.0542,1005.6647,0.57092756,0.23565081,0.35401955,0.42907244,0.57092756,0.57092756,0.57092756,0.37878856,0.57092756,0.42945248,0.28972805,0.57092756,0.42907244,0.21437663,0.16767737,0.57092756
9239.571,680.26917,0.5707892,1.0088848,0.42877114,0.5707892,0.070720404,0.06933087,0.5707892,1.4880797,0.5707892,0.23556754,0.4993508,0.15654945,0.2873066,0.4970734,0.3765894,0.1421588
6120.1265,828.55835,0.25277162,0.036088094,0.3635189,0.74651504,0.3721547,0.37285227,0.535576,0.39516592,0.0,0.13617073,0.42062503,0.46128398,0.5450193,0.18813378,0.46578658,0.24079362
9300.075,594.6034,0.27980477,0.10013376,0.31495458,0.57080036,1.2518746,0.4962973,0.57080036,0.34924066,0.57080036,1.0476688,0.09435381,0.55603886,0.57080036,0.36970627,0.07292564,0.15895411
120.0,38400.156,1.0,0.0,0.0,0.0,0.0,0.0,1.0,0.0,0.0,0.0,0.0,0.0,0.0,0.0,0.0,0.0
540.0,39958.89,1.0,0.0,0.0,0.0,0.0,0.0,0.0,0.0,0.0,1.0,0.0,0.0,0.0,0.0,0.0,0.0
774.5708,1.430572,0.044287056,0.42935216,0.14459689,1.0458546,0.20009512,0.42021397,0.5707942,0.295184,0.5707942,0.14922333,0.41925853,0.5707942,0.42920578,0.35638157,0.0,0.07072103
3312.8135,2324.5498,0.57071495,0.42871535,0.25108653,0.42928505,0.57071495,0.42929256,0.57071495,0.49928588,0.7477366,0.07071121,0.41788948,0.29696584,0.57071495,0.14214033,0.078525946,0.57071495
6119.7134,878.20026,0.57071495,0.16172172,0.49928588,1.4287153,0.38676143,0.25944704,0.57071495,0.25692612,0.57071495,0.0738134,0.0,0.26129186,0.42928505,0.08998905,0.16306545,0.57071495
6119.881,923.4587,0.5707309,0.35787347,0.0,0.8382968,0.4266135,0.5701537,0.5707309,0.40666717,0.5707309,0.07249111,0.07071319,0.07377474,1.0391726,0.4076047,0.3817436,0.5707309
120.0,35328.266,1.0,0.0,0.0,0.0,0.0,0.0,1.0,0.0,0.0,0.0,0.0,0.0,0.0,0.0,0.0,0.0
788.877,60022.812,20127.018,21522.502,15876.389,20657.072,21370.914,18337.307,19720.17,4878.1143,19502.88,20500.568,20526.305,21433.062,21471.547,17913.416,21490.049,21584.934
3073.4905,3265.475,0.57071805,0.0,0.0,0.42928198,0.57071805,0.49928853,0.57071805,0.07071159,0.0,0.40066132,0.123452984,0.0,1.4992886,0.3547304,0.006892808,0.57071805
847.1289,9106.386,0.57080156,0.14216188,0.07072194,0.42919844,0.57080156,0.48743135,1.1402994,0.38427073,0.07370776,0.49936163,0.3014943,0.07292579,0.42734438,0.57080156,0.22473527,0.57080156
4963.1104,65369.36,6387.505,8587.26,12519.732,13006.53,7332.496,1033.1022,14320.185,12519.732,8281.117,14415.041,9219.681,8609.364,7664.7725,12519.732,4197.659,5998.4805
1281.5701,1002.9001,0.14219072,0.5709157,0.27104783,0.4290843,0.42944252,0.15328737,0.5709157,0.005344741,0.5709157,0.31274545,0.3387161,0.5709157,0.5057376,0.0,0.33584058,0.3817454
119.67238,101.44276,0.5707683,0.7127088,0.27941212,0.2005553,0.5707683,0.49933252,0.5707683,0.07071782,0.5707683,0.34936765,0.3162447,0.08515146,0.15407757,0.4292317,0.39368424,0.5707683
9180.024,706.1218,0.35482627,1.1388209,0.5652472,0.5708015,0.14528883,0.42935765,0.5708015,0.71409947,0.5708015,0.28590047,0.4156512,0.14839473,0.5708015,0.071489766,0.27732813,0.42878038
9299.793,593.077,0.14583376,0.42077804,0.42937267,0.5708215,1.1117234,0.26750273,0.5708215,0.42937267,0.5708215,1.0288242,0.0,0.2546268,0.5708215,0.07288799,0.013614118,0.0038854778
6059.7964,873.535,0.57098925,0.0,0.5111011,0.5847324,0.07225518,0.49952585,0.57098925,0.002949737,0.57098925,0.42390257,0.34960598,0.48984534,0.7570032,0.0707452,0.33837157,0.57098925
3625.0,58751.56,0.0,0.0,0.0,1.0,0.0,0.0,1.0,0.0,0.0,0.0,0.0,0.0,0.0,0.0,0.0,0.0
9360.356,590.26105,0.00071795285,0.07377876,0.21274567,0.0,0.80301934,0.14367355,0.570762,0.19714922,0.21200103,1.357893,0.30719346,0.15834881,0.570762,0.14442293,0.4293279,0.022972018
832.54596,6635.6807,0.57089335,0.10420644,0.5677808,0.42910665,0.57089335,0.49944192,0.41937572,0.0,0.636567,0.49944192,0.3894162,0.13500625,0.0029492602,0.14680782,0.5669535,0.57089335
540.0,39965.977,1.0,0.0,0.0,0.0,0.0,0.0,0.0,0.0,0.0,1.0,0.0,0.0,0.0,0.0,0.0,0.0
173.5014,78687.195,0.5707658,0.17679298,0.31369364,1.1392195,0.5707658,0.21962214,1.2703843,0.2970309,0.494954,0.317743,0.20654592,0.5707658,0.5707658,0.20591217,0.32502466,0.07377974
2771.8254,160.29333,71.10241,77.85346,56.14276,62.050156,0.0,44.8807,0.0,108.2401,166.17444,84.208015,31.463568,88.27459,29.078527,47.388145,131.77808,0.0
6119.8037,829.4144,0.570762,0.39837122,0.0,0.6047913,0.499327,0.18467294,0.570762,0.5693999,0.570762,0.3500976,0.31772852,0.3719111,0.42923802,0.13186954,0.42875063,0.570762
498.0,58009.06,0.0,0.0,0.0,1.0,0.0,0.0,0.0,0.0,1.0,0.0,0.0,0.0,0.0,0.0,0.0,0.0
425.0,9.437,0.0,0.0,0.0,1.0,0.0,0.0,0.0,0.0,1.0,0.0,0.0,0.0,0.0,0.0,0.0,0.0
83.107025,7038.7173,0.57090193,0.28571156,0.25300485,0.91279733,0.57090193,0.34026828,0.57090193,0.21604767,0.57090193,0.57090193,0.19859603,0.24458542,0.42909807,0.49486193,0.25217366,0.20343128
120.0,46079.793,1.0,0.0,0.0,0.0,0.0,0.0,1.0,0.0,0.0,0.0,0.0,0.0,0.0,0.0,0.0,0.0
9180.245,864.82684,0.30672944,1.2739911,0.08048966,0.15103433,0.0,0.28492302,0.5708129,1.2069477,0.0,0.4233631,0.285667,0.030635051,0.25202826,0.2926765,0.0007180199,0.42936617
784.1212,5391.631,0.57101953,0.0729133,0.3572723,0.42898044,0.57101953,0.0014943555,0.07988272,0.223259,0.42898044,0.0,0.57101953,0.09832997,0.2144112,0.57101953,0.42952165,0.57101953
6120.3945,856.2581,0.5707277,0.1554771,0.26399848,0.42927232,0.14441425,0.07373952,0.5707277,0.5707277,0.21242172,0.4453676,0.24880657,0.5351437,0.7872672,0.35559425,0.4613059,0.5707277
1023.0643,7030.193,0.570939,0.38261494,0.42946106,0.429061,0.570939,0.49948186,0.429061,0.44092017,0.21438095,0.45967084,0.570939,0.22835693,0.570939,0.32396162,0.072903015,0.570939
2953.5708,2428.4163,0.2880971,0.29331112,0.4256529,1.293541,0.20492634,0.16973427,0.57083327,0.13068548,1.15164,0.49631587,0.0007180497,0.57083327,0.57083327,0.49938935,0.0014511794,0.31720296
3312.4292,2563.6614,0.57083327,0.24353221,0.00475356,1.0848398,0.55188996,0.070725866,0.57083327,0.4985783,0.42916673,0.15216458,0.0,0.42938155,0.13919127,0.254403,0.07377269,0.49938935
9360.267,658.45416,0.36454332,0.0767509,0.12692937,0.5707672,0.7995556,0.16778305,0.5707672,0.42352754,0.5707672,0.9661753,0.49858975,0.14215332,0.5707672,0.0007179603,0.32439202,0.07148547
9240.357,684.40015,0.3022564,1.4293536,0.27938503,0.57079613,0.35791433,0.35220963,0.57079613,1.4947298,0.57079613,0.34170222,0.40969682,0.14216053,0.57079613,0.0,0.55542016,0.17777616
132.0,0.621,0.0,0.0,0.0,0.0,1.0,0.0,1.0,0.0,0.0,0.0,0.0,0.0,0.0,0.0,0.0,0.0
425.0,23.31,0.0,0.0,0.0,1.0,0.0,0.0,0.0,0.0,1.0,0.0,0.0,0.0,0.0,0.0,0.0,0.0
221.737,1024.0782,0.5707715,0.41069108,0.15727867,1.0896506,0.5707715,0.36101896,0.4273219,0.0,0.5707715,0.36350375,0.19301058,0.42922848,0.3578989,0.16165264,0.5707715,0.5707715
1279.3925,1007.2673,0.18174648,0.23627278,0.35172942,0.5895585,0.07674491,0.14214222,0.5707226,0.25627288,0.5707226,0.050999,0.23427805,0.5707226,0.42927742,0.39197007,0.27291813,0.0740444
518.4994,15235.711,0.5708414,0.0,0.0007191375,0.42915863,0.5708414,0.29268634,1.3579406,0.105261385,0.5708414,0.18101332,0.38367853,0.2740511,0.0023195893,0.21750864,0.48823133,0.03214719
2928.8062,2453.2083,0.5709492,0.0056658387,0.39323696,0.4290508,0.13950095,0.24494353,0.5709492,0.5247344,1.4842827,0.0,0.24656513,0.5709492,0.5701326,0.07146792,0.35722825,0.5709492
7501.0,35149.977,0.0,0.0,0.0,1.0,0.0,0.0,1.0,0.0,0.0,0.0,0.0,0.0,0.0,0.0,0.0,0.0
7501.0,30228.057,0.0,0.0,0.0,1.0,0.0,0.0,1.0,0.0,0.0,0.0,0.0,0.0,0.0,0.0,0.0,0.0
1023.9456,7035.5493,0.57084024,0.10658308,0.49939537,0.4291598,0.57084024,0.26244125,0.5721739,0.16536742,0.0,0.12405082,0.5700237,0.34289643,0.3311437,0.0,0.15643989,0.57084024
773.4292,52333.816,0.19741502,0.20312601,0.09931077,0.57064635,0.07667466,0.08801406,0.5707962,0.27506995,0.5707962,0.3897001,0.00071799755,0.2856546,0.4292038,0.044000983,0.070721276,0.3031352
3313.0325,2553.9937,0.57090783,0.0,0.35720238,0.42909217,0.57090783,0.3246626,0.57090783,0.0,1.428621,0.57090783,0.28732604,0.57090783,0.57090783,0.42260686,0.4799011,0.57090783
917.01685,13203.319,0.570791,0.3449702,0.34375784,1.130499,0.570791,0.14215925,0.0007179901,0.1475657,0.80806136,0.0014533773,0.22063893,0.14586627,0.14215925,0.07918633,0.07292444,0.07870242
6119.7144,891.9936,0.57084024,0.086078905,0.5264399,1.0728838,0.55861664,0.5700237,0.57084024,0.0014938712,0.57084024,0.16130605,0.42938676,0.35426882,0.4291598,0.008530438,0.42857024,0.57084024
6119.5264,891.982,0.57076496,0.016674131,0.004998803,0.42923504,0.0,0.016723901,0.57076496,0.21677417,0.57076496,0.07849207,0.17628181,0.37085962,0.42923504,0.54521716,0.16146022,0.57076496
2871.4292,2543.9539,0.57083327,0.20740682,0.19825289,0.77174157,0.14391351,0.42776206,0.57083327,0.45194048,0.42916673,0.3610487,0.43560237,0.2858981,0.57083327,0.16726336,0.18171462,0.23580262
425.0,8.884,0.0,0.0,0.0,1.0,0.0,0.0,0.0,0.0,1.0,0.0,0.0,0.0,0.0,0.0,0.0,0.0
120.0,36095.95,1.0,0.0,0.0,0.0,0.0,0.0,1.0,0.0,0.0,0.0,0.0,0.0,0.0,0.0,0.0,0.0
9299.733,847.56195,0.5709997,0.42950672,0.14377333,0.5709997,0.5776119,0.39200604,0.5709997,0.03759706,0.5709997,1.1306295,0.49729732,0.28346416,0.42495713,0.0,0.22930336,0.10372194
9119.991,832.2124,0.57081115,1.024899,0.263489,0.57081115,0.37313515,0.14587142,0.57081115,1.4273516,0.57081115,0.08773525,0.112893835,0.20740767,0.57081115,0.18332352,0.49474275,0.49937004
9360.426,608.0904,0.34780055,0.2881674,0.1390835,0.5710176,0.9521154,0.49426097,0.07467992,0.42952022,0.5710176,0.9837589,0.15958905,0.49955067,0.5710176,0.5710176,0.3365644,0.27801174
887.5707,23297.256,0.5707684,0.16175717,0.21435827,0.42923158,0.5707684,0.43818057,0.1512973,0.42506438,0.42649698,0.26313764,0.3818503,0.84918875,0.21435827,0.3571524,0.00071627647,0.5707684
6120.0664,850.0567,0.08571418,0.31615555,0.286648,1.5644363,0.384201,0.07071931,0.5707648,0.08561441,0.49558175,0.253713,0.22503287,0.2922871,1.0924815,0.07071931,0.28468305,0.21833816
863.3505,9091.512,0.57088023,0.22374915,0.42941684,1.0249468,0.57088023,0.33958656,0.78648734,0.27581316,0.0,0.1990185,0.28297937,0.0,0.0007181093,0.57088023,0.07472663,0.57088023
120.0,33200.375,1.0,0.0,0.0,0.0,0.0,0.0,1.0,0.0,0.0,0.0,0.0,0.0,0.0,0.0,0.0,0.0
2628.0852,22911.068,0.57077277,0.14215472,0.0,0.4292272,0.57077277,0.42100456,0.4292272,0.57077277,0.35637215,0.3266942,0.02913642,0.32633612,0.0,0.19402018,0.22363168,0.57077277
5355.0,58418.133,0.0,0.0,0.0,1.0,0.0,0.0,1.0,0.0,0.0,0.0,0.0,0.0,0.0,0.0,0.0,0.0
120.16926,101.13457,0.5709051,1.1586428,0.5709051,0.111278,0.5709051,0.26944584,0.5709051,0.4038146,0.5709051,0.07146239,0.1512542,0.54615897,0.4098519,0.42909488,0.5316277,0.5709051
3312.7593,2411.5518,0.5708402,0.35794193,0.1421715,1.4293867,0.5708402,0.28493664,0.5708402,0.01108551,1.1668162,0.49939537,0.5708402,0.5708402,0.5708402,0.36102214,0.035161257,0.2176212
119.83901,100.499886,0.5707555,1.4279609,0.4273099,0.0,0.5707555,0.2617811,0.5707555,0.16336006,0.5707555,0.384572,0.24574241,0.5707555,0.2573614,1.02159,0.3510767,0.5707555
850.57056,5005.313,0.5709374,0.0014941469,0.04446224,0.42906263,0.0007181838,0.14586335,0.49948043,0.16775176,0.986024,0.16636258,0.42945984,0.21991232,0.21438032,0.2983641,0.42408317,0.42786604
0.0,67998.53,0.0,60325.258,24377.703,32431.77,40486.203,26114.613,64566.164,47638.33,43323.61,45019.523,15549.625,36123.297,0.0,36757.844,31790.102,7999.5815
6119.8726,812.1928,0.26090243,0.35787553,0.0,0.8060535,0.33350852,0.42278674,0.57075745,0.36568493,0.42931885,0.28586516,0.22757274,0.07821604,0.57068115,0.34987727,0.072918914,0.42730376
12450.0,26107.986,0.0,0.0,0.0,1.0,0.0,0.0,1.0,0.0,0.0,0.0,0.0,0.0,0.0,0.0,0.0,0.0
228.57864,0.62336993,0.15099552,0.25895685,0.15554777,0.4291047,0.09307012,0.42631567,0.5708953,0.28341228,0.5708953,0.14218524,0.2143259,0.010174461,1.0448635,0.42942822,0.070733555,0.22363949
2953.2805,2227.2412,0.5709006,0.42861557,0.5693399,0.96777695,0.21283785,0.2074807,0.5709006,0.015377134,1.4294322,0.07073421,0.07882222,0.4234281,0.5709006,0.24558383,0.21597847,0.3579798
119.833885,101.719635,0.5708105,1.1143447,0.0,0.4277593,0.5708105,0.16845734,0.5708105,0.27980858,0.5708105,0.07072304,0.054337576,0.5708105,0.5209267,0.9437047,0.25929326,0.07149041
2850.6423,23230.49,0.57083327,0.12124943,0.242654,0.42916673,0.57083327,0.050081603,1.165676,0.14216977,0.17470443,0.0,0.152107,0.49721694,0.0,0.422576,0.28114676,0.57083327
119.638084,100.72705,0.57073957,0.8950237,0.31271324,0.34819886,0.57073957,0.0,0.57073957,0.25100031,0.42106572,0.42729804,0.0,0.13921416,0.089289464,0.4292604,0.5679069,0.24222276
164.3323,44701.55,0.57087845,0.40128464,0.49942887,1.3222207,0.0,0.49786103,0.71504426,0.22074148,0.16443133,0.47978777,0.55371565,0.23115629,0.34466666,0.14218104,0.42716277,0.09499473
2403.0,22.607,0.0,0.0,0.0,0.0,1.0,0.0,1.0,0.0,0.0,0.0,0.0,0.0,0.0,0.0,0.0,0.0
60.0,61184.45,1.0,0.0,0.0,0.0,0.0,0.0,1.0,0.0,0.0,0.0,0.0,0.0,0.0,0.0,0.0,0.0
9990.0,15815.34,0.0,0.0,0.0,1.0,0.0,0.0,1.0,0.0,0.0,0.0,0.0,0.0,0.0,0.0,0.0,0.0
2870.9612,2524.8892,0.5708083,0.38418788,0.5708083,0.834498,0.07370864,0.12904198,0.5708083,0.18355557,1.1014353,0.37563264,0.42878544,0.42936277,0.5708083,0.35564446,0.42936277,0.5514981
792.0919,401.03418,0.57088894,0.42642644,0.0,0.42911106,0.57088894,0.21144935,0.57088894,0.2857051,0.1543679,0.42487463,0.5685008,0.070732765,0.42911106,0.3517746,0.2857051,0.57088894
7501.0,40449.32,0.0,0.0,0.0,1.0,0.0,0.0,1.0,0.0,0.0,0.0,0.0,0.0,0.0,0.0,0.0,0.0
3073.4993,3234.2312,0.57083327,0.28196207,0.42938155,0.8627294,0.57083327,0.33905724,0.57083327,0.20467702,0.42938155,0.49938935,0.57083327,0.23485374,0.57899314,0.003002353,0.23271462,0.57083327
369.56427,18425.602,0.5707936,0.20466864,0.0,1.4293518,0.5707936,0.2005234,0.28340188,0.1999915,0.5707936,0.26141605,0.071488775,1.3579129,0.42433456,0.030811802,0.4262798,0.3452712
119.64956,100.77284,0.15689723,1.2826971,0.0729042,0.5709483,0.1633539,0.49949002,0.5709483,0.1545873,0.5709483,0.5701317,0.07074012,0.5709483,0.5709483,0.4290517,0.4920861,0.34496152
132.0,0.478,0.0,0.0,0.0,0.0,1.0,0.0,1.0,0.0,0.0,0.0,0.0,0.0,0.0,0.0,0.0,0.0
6120.496,899.3808,0.5708667,0.30565718,0.1421781,1.2170793,0.56775427,0.46224377,0.5708667,0.35795859,0.5708667,0.08631285,0.19740942,0.49504355,0.42913333,0.22077793,0.0,0.5708667
120.0,37120.09,1.0,0.0,0.0,0.0,0.0,0.0,1.0,0.0,0.0,0.0,0.0,0.0,0.0,0.0,0.0,0.0
3313.5708,2318.9282,0.57083327,0.4263576,0.071485974,1.1203997,0.57083327,0.42938155,0.57083327,0.0,1.194314,0.09095489,0.2143738,0.4451821,0.14216977,0.18516693,0.25360325,0.42340127
866.6773,121.14261,0.5707663,0.0,0.2929791,0.42923367,0.5707663,0.07148536,0.5707663,0.0007179603,0.42265782,0.31885302,0.2588732,0.0,0.42923367,0.07071757,0.2754067,0.5707663
3379.5708,2326.7056,0.57083327,0.18788612,0.070725866,0.42916673,0.1924609,0.47972035,0.57083327,0.0,0.42916673,0.42938155,0.42540288,0.09593061,0.1429008,0.28360224,0.07231066,0.33476126
774.57074,2.3936057,0.33879983,0.14588185,0.30908358,0.7481336,0.23245092,0.42929006,0.5707116,0.2002822,0.5707116,0.27675986,0.064413026,0.5707116,0.4292884,0.2448958,0.49875087,0.35177082
88.648895,88957.6,0.5707368,0.07148167,0.42930898,0.4292632,0.5707368,0.2614895,1.3184198,0.35787714,0.07374073,0.22670737,0.21663919,0.07374073,0.5707368,0.2119917,0.5707368,0.080095254
9240.429,678.3131,0.57071155,0.5027343,0.2710579,0.57071155,0.42929,0.44438034,0.57071155,1.3220961,0.07917624,0.21824384,0.51162726,0.1239016,0.57071155,0.12581342,0.34307492,0.5678617
9240.078,782.2296,0.3349811,0.16479921,0.14980036,0.5709105,1.3572766,0.1902009,0.5709105,0.35798606,0.5709105,1.3221315,0.064577125,0.22414064,0.5709105,0.1458565,0.029485956,0.0
6120.4995,902.4135,0.5708401,0.35404536,0.09908259,1.2284209,0.025899477,0.39351013,0.5708401,0.32197434,0.5708401,0.34882048,0.35426882,0.15857604,0.70009124,0.0,0.07072672,0.5708401
880.5675,16245.601,0.5707975,0.28731078,0.23619236,1.4293547,0.5707975,0.0,1.2825766,0.27756155,0.21275882,0.3158334,0.11036013,0.4293546,0.3733496,0.07072143,0.22590037,0.5707975
1279.3579,1004.4363,0.49105012,0.002988696,0.0,1.5707328,0.18404709,0.20348483,0.57073283,0.0,0.57073283,0.21434385,0.57073283,0.57073283,0.42926714,0.42729294,0.34894374,0.08288465
839.5707,10763.465,0.57080203,0.49936205,0.38071626,0.94052327,0.57080203,0.14935598,0.4986202,0.27764952,0.50063795,0.42935807,0.23533829,0.42935807,0.26647717,0.0,0.23626131,0.57080203
774.57074,27659.754,0.285079,0.0,0.2904538,1.3578613,0.42929006,0.17485468,0.5707116,0.0,0.5707116,0.4992829,0.07291372,0.5707116,0.4292884,0.0,0.0813277,0.42929006
2870.8386,2321.26,0.57075167,0.46913984,0.27008286,0.42924836,0.57075167,0.15093991,0.57075167,0.1444203,0.9168227,0.29835105,0.20734444,0.0,0.15611419,0.070715755,0.3107167,0.14214945
5960.7666,14000.886,805.041,4302.7666,2659.9985,4183.5615,3538.036,4706.915,0.0,3175.2063,3586.8381,4302.7666,4295.3477,3586.8381,2863.4905,4847.8574,4280.957,0.0
119.93541,102.42163,0.120241776,0.9117935,0.0007182285,0.08300975,0.5709888,0.2445853,0.5709888,0.15214893,0.5709888,0.0007182285,0.0,0.0,0.42949852,0.4290112,0.12931722,0.07074514
867.7995,7061.7964,0.5709256,0.28733498,0.42195275,1.3478526,0.5709256,0.56376565,0.4290744,0.0,0.07146496,0.28572345,0.3463507,0.24111703,0.24655086,0.14219278,0.42633834,0.5709256
3268.0498,35516.31,0.5710094,0.14679581,0.36796063,0.4289906,0.5710094,0.075994894,0.42496425,0.40172094,0.5710094,0.08907216,0.3332054,0.20695521,1.1087458,0.21577562,0.011040367,0.33144695
81.42931,30360.775,0.5707493,0.5640283,0.0,0.42925075,0.5707493,0.0,1.5009062,0.07374233,0.2806156,0.4273052,0.0,0.14214885,0.28236017,0.20793268,0.38831693,0.30232465
877.5749,120.5728,0.5707224,0.5684899,0.34856653,0.8877531,0.5707224,0.18718559,0.5707224,0.32365352,0.23097983,0.07230377,0.07230377,0.52827096,1.5701451,0.4179348,0.088693224,0.5707224
774.5708,1.8080301,0.2944546,0.16156378,0.51188076,0.78849316,0.21998373,0.090752125,0.5707942,0.12299451,0.5707942,0.13898852,0.07072103,0.5707942,0.42920578,0.1886169,0.28186658,0.21436691
6232.0,29038.771,0.0,0.0,0.0,1.0,0.0,0.0,1.0,0.0,0.0,0.0,0.0,0.0,0.0,0.0,0.0,0.0
6008.132,65374.434,47804.113,52220.992,53218.83,20244.404,52538.742,50286.117,55134.258,52220.992,53219.83,52406.176,41391.16,51150.773,51908.758,50861.137,50286.117,24626.346
3041.8071,3327.868,0.570836,0.4772842,0.57001954,0.429164,0.570836,0.14377394,0.570836,0.29229707,0.0014938787,0.024944186,0.43044424,0.14464587,1.5630316,0.56846106,0.48985535,0.570836
1197.4583,9871.937,0.5709997,0.22519073,0.42950672,0.42900032,0.5709997,0.0,0.46319714,0.09532649,0.3742213,0.21287486,0.0,0.0,0.42900032,0.0,0.0,0.5709997
9120.519,820.511,0.03418635,0.93149966,0.24668095,0.5709793,0.3580292,0.42949137,0.5709793,0.6773074,0.5709793,0.24953395,0.070743956,0.3580292,0.5709793,0.42949137,0.5343135,0.0
88.82125,7084.6333,0.57083553,0.2005601,0.57083553,0.42916447,0.57083553,0.48153508,0.57083553,0.357939,0.290892,0.42938322,0.0977597,0.26654702,1.2590312,0.1452289,0.0,0.34714538
2929.4048,2725.3665,0.5567596,0.5700193,0.0,0.78385246,0.115629874,0.42938343,0.57083577,0.0028968975,0.7188029,0.3595197,0.5668962,0.07072618,0.57083577,0.56679255,0.04695853,0.24439067
774.57074,36778.855,0.42870948,0.25992218,0.15648173,0.9030942,0.009534597,0.03303942,0.57071155,0.00071789324,0.07524005,0.49415532,0.20243844,0.070710786,0.8454737,0.15529177,0.40675738,0.070710786
1283.5708,1006.4077,0.57091045,0.23217812,0.57091045,0.97706723,0.57091045,0.35183078,0.57091045,0.110747874,0.57091045,0.2143754,0.44404268,0.57091045,1.0907037,0.14586376,0.0038653165,0.57091045
5611.949,53944.383,0.0,701.92883,0.0,4065.7214,0.0,1077.7671,0.0,2682.4822,4163.8926,688.7723,2394.293,0.0,1021.0809,2551.161,2828.7686,4778.1357
120.0,51840.23,1.0,0.0,0.0,0.0,0.0,0.0,1.0,0.0,0.0,0.0,0.0,0.0,0.0,0.0,0.0,0.0
9120.213,822.61957,0.15247855,1.1235378,0.3146391,0.5707557,0.16254666,0.07071626,0.5707557,0.837928,0.5707557,0.120212555,0.0,0.2248664,0.26288116,0.17116109,0.35640264,0.31591448
1447.7614,10792.936,0.57072854,0.41839138,0.22072667,0.42927143,0.57072854,0.29208723,0.57072854,0.077617705,0.21434224,0.57072854,0.13921148,0.35787198,0.6701857,0.57072854,0.2610574,0.57072854
11211.0,18006.008,0.0,0.0,0.0,1.0,0.0,0.0,1.0,0.0,0.0,0.0,0.0,0.0,0.0,0.0,0.0,0.0
395.10178,9087.79,0.5709804,0.35489738,0.071471825,1.4660099,0.5709804,0.0707441,0.42949224,0.30784658,0.5709804,0.13262942,0.0014942586,0.55859274,0.89120525,0.011081904,0.3398028,0.39061826
97.99653,58600.86,325.1819,338.95172,392.32947,359.13672,0.0,301.0099,314.5551,240.63911,360.97253,361.26062,47.494835,271.55212,0.0,348.3689,231.9774,404.0384
788.4292,7205.8267,0.5707999,0.22643365,0.3088826,0.4292001,0.5707999,0.4905569,0.22795798,0.3385797,0.73489106,0.14682406,0.49406672,0.0,0.047042213,0.0014533922,0.22220634,0.5707999
774.5708,38843.016,0.0,0.07148886,0.4993552,1.3570681,0.16460028,0.15060323,0.5707942,0.0,0.5707942,0.3492027,0.28730914,0.5707942,0.42920578,0.18381014,0.5707942,0.14620516
774.57086,11233.458,0.3399582,0.17320961,0.094761744,1.1215168,0.39279455,0.27082407,0.5708761,0.19973712,0.5708761,0.16312264,0.0866874,0.10972857,0.7364549,0.00071483105,0.28567773,0.008814491
774.5708,11224.736,0.00071799755,0.20935935,0.25674218,0.89802814,0.0,0.21597628,0.5707942,0.3548176,0.5707942,0.28340223,0.20739749,0.0,0.42920578,0.24731061,0.14216006,0.4993552
180.0,27648.11,1.0,0.0,0.0,0.0,0.0,0.0,1.0,0.0,0.0,0.0,0.0,0.0,0.0,0.0,0.0,0.0
984.0,17333.287,0.0,0.0,0.0,0.0,1.0,0.0,0.0,0.0,0.0,1.0,0.0,0.0,0.0,0.0,0.0,0.0
180.0,27600.072,1.0,0.0,0.0,0.0,0.0,0.0,1.0,0.0,0.0,0.0,0.0,0.0,0.0,0.0,0.0,0.0
2944.8635,2555.5977,0.33507603,0.42931807,0.07910872,1.1722163,0.0,0.5707489,0.5707489,0.13677503,0.42925107,0.0007179454,0.3947597,0.5707489,0.5707489,0.44543064,0.49931556,0.40558475
738.0271,36377.223,13958.027,13691.441,13830.947,1970.4141,12851.801,13735.384,13242.233,13589.701,13898.844,14206.973,14206.973,13902.55,14081.236,8694.345,13820.927,12809.849
1279.8127,1005.3397,0.5708382,0.35570374,0.21916187,1.1073692,0.30060303,0.0,0.5708382,0.5136223,0.22192615,0.42938527,0.11646185,0.5708382,1.346459,0.0,0.29687625,0.16236728
6060.295,959.8364,0.570901,0.1444178,0.17611292,1.4994485,0.15077329,0.21436664,0.570901,0.15013005,0.3397487,0.4994486,0.07784538,0.29126635,0.71428895,0.1912649,0.43562636,0.570901
119.64208,99.92878,0.0,1.2297472,0.14399342,0.4233176,0.5708105,0.17511208,0.5708105,0.36953127,0.5708105,0.40183556,0.07072304,0.2859016,0.17133933,0.4291895,0.11736907,0.28404593
6060.3574,1436.7665,0.5709115,0.07073556,0.331836,1.1611346,0.35720468,0.3579867,0.5709115,0.2612719,0.0731296,0.04953803,0.49075156,0.09137483,1.3288786,0.31843144,0.2001461,0.5709115
3199.4292,3231.5789,0.57083327,0.15190706,0.003002353,0.42916673,0.57083327,0.15244871,0.57083327,0.4249058,0.27545136,0.38271162,0.12552601,0.24145424,0.8367874,0.0,0.20954755,0.57083327
839.18097,5737.74,0.570991,0.3446678,0.56943005,0.42900902,0.570991,0.0,0.15140794,0.013773464,0.8989358,0.064347506,0.35803652,0.4988482,0.0,0.2628422,0.28000116,0.570991
984.0,17276.365,0.0,0.0,0.0,0.0,1.0,0.0,0.0,0.0,0.0,1.0,0.0,0.0,0.0,0.0,0.0,0.0
714.4294,27520.885,0.5708761,0.4230739,0.16336824,0.42912388,0.5708761,0.5708761,0.72409475,0.0,0.0,0.42091227,0.07073118,0.428576,0.14680015,0.3557092,0.1390401,0.5708761
774.5709,6993.8228,0.4264393,0.3722638,0.35481006,0.889223,0.2834044,0.15748572,0.5709371,0.09966187,0.5709371,0.00071599334,0.49945757,0.5709371,0.4290629,0.37265903,0.28570732,0.07073873
119.98684,101.77172,0.5710092,1.355568,0.13248608,0.16768986,0.5710092,0.020539582,0.5710092,0.0,0.5710092,0.4961718,0.5710092,0.3509322,0.2144073,1.358048,0.35467646,0.5710092
119.72562,102.421844,0.570762,0.79427934,0.21962017,0.0,0.570762,0.06099455,0.570762,0.42240715,0.570762,0.49784046,0.24882627,0.050975874,0.3255636,0.42923802,0.4293279,0.570762
89.57068,42879.316,0.57075846,0.08570521,0.0707166,0.42924157,0.35031572,0.3520092,0.9764514,0.34146824,0.41222617,0.40912214,0.07148437,0.24641886,0.073743515,0.21818295,0.0,0.22344983
1422.7349,21003.633,0.5709602,0.35801718,0.15237875,0.42903978,0.5709602,0.5670198,0.07463344,0.009425871,0.26834962,0.311151,0.489091,0.12929913,1.3223109,0.15226927,0.42947704,0.5709602
6075.318,65056.832,10121.19,16746.816,18661.068,17687.818,17464.984,12390.942,16010.974,14364.776,18504.295,10163.415,18267.654,12442.597,17464.984,16818.373,18016.932,14090.251
6120.0625,800.3331,0.57077163,0.42773414,0.20012528,1.4970579,0.27979052,0.29607978,0.57077163,0.07148602,0.57077163,0.077189624,0.4238158,0.14934796,0.42922837,0.32904428,0.34533137,0.57077163
6119.9917,875.15125,0.5708729,0.4285948,0.002949141,0.42912713,0.45365223,0.0,0.5708729,0.22008774,0.5708729,0.42941132,0.09357139,0.49864206,0.42912713,0.49718687,0.008713461,0.5708729
120.0176,0.71953005,0.06645774,0.0332257,0.0149131315,1.0479218,0.042470887,0.04431242,0.0,0.06654723,0.012279646,0.0,0.03419801,0.04559056,0.91161954,0.042610038,0.08838049,0.0
838.3376,16463.932,0.5710067,0.072257355,0.49730334,0.4289933,0.5710067,0.3543721,0.09832274,0.31684142,0.17603303,0.0022803918,0.49954107,0.07074735,1.4648671,0.17340496,0.2215369,0.5710067
689.3369,11136.511,0.5710261,0.16098195,0.20339277,0.8344583,0.5710261,0.10674724,0.7723337,0.006387137,0.08069256,0.5710261,0.32258454,0.4622021,0.42776006,0.0,0.22962466,0.49955803
6119.9536,807.4268,0.57071084,0.24526188,0.17620225,0.57272357,0.2795527,0.2738729,0.57071084,0.00071789324,0.31156796,0.2795527,0.086722665,0.2654479,0.7904764,0.0707107,0.57071084,0.29365814
6119.5225,808.4856,0.19093174,0.3721722,0.49931243,0.64211947,0.48476315,0.07147981,0.57075316,0.3715244,0.42932126,0.39242727,0.3942662,0.38290507,1.3578807,0.2143544,0.4245329,0.005846083
120.00513,100.38377,0.5710272,1.0553709,0.08111464,0.30609605,0.5710272,0.27344432,0.5710272,0.2409718,0.5710272,0.47273502,0.49877694,0.21606833,0.0007182881,1.3532321,0.42727414,0.5710272
774.57074,11202.973,0.010929279,0.0736955,0.56764364,0.71414787,0.0,0.30295703,0.57071155,0.080468945,0.57071155,0.15925182,0.46169505,0.43558925,1.4249561,0.07291373,0.22516638,0.31463987
2862.3555,22060.422,0.5707536,0.4928141,0.0,0.4292464,0.5707536,0.0,1.3215643,0.11401653,0.5707536,0.0,0.49931964,0.21761921,0.35788766,0.14772572,0.00071795285,0.5707536
9300.43,770.4393,0.5709223,0.07290088,0.39766335,0.5709223,0.6888166,0.23745362,0.5709223,0.49946725,0.5709223,0.99704576,0.49868524,0.0,0.5709223,0.39210486,0.2873333,0.55749923
3312.4292,2318.74,0.57083327,0.1382755,0.0767319,0.42916673,0.57083327,0.19574049,0.57083327,0.14216977,0.42916673,0.25846547,0.47735798,0.28309965,0.57083327,0.1382755,0.5679418,0.011956044
171.34622,31614.873,0.57100296,0.0,0.42395484,0.42899704,0.0,0.49953783,0.9889681,0.57100296,0.18072683,0.14377415,0.57100296,0.27574128,0.27048492,0.4723339,0.24234158,0.074179515
3313.3357,2347.1663,0.57081836,0.21760266,0.3650574,1.4285539,0.39969182,0.08040927,0.57081836,0.57081836,1.1530864,0.03115891,0.35346955,0.0,0.57081836,0.10762912,0.4248222,0.00071802735
3313.2708,2294.219,0.570745,0.42647085,0.1458545,1.4293151,0.42351103,0.24267387,0.570745,0.07608443,0.42925504,0.42931512,0.15169701,0.1494675,0.570745,0.1421478,0.24292457,0.052437976
552.0,59035.016,0.0,0.0,0.0,1.0,0.0,0.0,0.0,0.0,0.0,0.0,0.0,0.0,1.0,0.0,0.0,0.0
592.2857,26111.03,0.57093036,0.4994743,0.35575616,0.42906964,0.57093036,0.0,0.42788845,0.27457803,0.57093036,0.27637675,0.22043523,0.64278316,0.42945457,0.26764452,0.23862386,0.42945457
18691.0,13737.548,0.0,0.0,0.0,1.0,0.0,0.0,1.0,0.0,0.0,0.0,0.0,0.0,0.0,0.0,0.0,0.0
868.4333,112.15379,0.57071793,0.5669751,0.07731963,1.5678443,0.57071793,0.0069323555,0.57071793,0.07369742,0.40750527,0.49622545,0.4292948,0.20796183,0.9530922,0.00705605,0.06885278,0.57071793
9180.43,853.40607,0.5707447,0.8924017,0.14664058,0.5707447,0.38766244,0.030260324,0.5707447,1.2620683,0.5707447,0.49290404,0.56938267,0.19590369,0.5707447,0.23747781,0.4293149,0.5707447
1718.4293,17276.883,0.57073975,0.57073975,0.57073975,1.4921027,0.57073975,0.57073975,1.1611923,0.23279019,0.57015437,0.35787898,0.39460236,0.4818166,0.08230211,0.07071428,0.0,0.57073975
774.5708,43096.375,0.07072103,0.5707942,0.2804306,0.95173204,0.00071799755,0.0038469061,0.5707942,0.21436691,0.14216006,0.07072103,0.35791314,0.0,0.86504513,0.171164,0.49707773,0.0
3997.8657,6652.3115,0.5708605,0.07072924,0.429402,0.4291395,0.5708605,0.07072924,0.5708605,0.22665162,0.14767134,0.3559029,0.0,0.2928381,0.4291395,0.32045352,0.07072924,0.5708605
834.9204,12881.455,0.5708088,0.42734984,0.07149068,0.42919114,0.5708088,0.36444,0.3084582,0.42080864,0.3518242,0.48007062,0.42936316,0.030267172,1.5012153,0.43559632,0.14529067,0.5708088
3593.0,59255.715,0.0,0.0,0.0,1.0,0.0,0.0,1.0,0.0,0.0,0.0,0.0,0.0,0.0,0.0,0.0,0.0
119.98674,0.7376469,0.020942144,0.0,0.026823586,0.98553294,0.025464455,0.0074481345,0.04360016,0.023829669,0.012460653,0.057588585,0.034588043,0.008544434,1.0361471,0.04408383,0.05020195,0.03791483
9360.283,578.8074,0.4273228,0.13391225,0.010496385,0.5707727,1.429336,0.18406217,0.5707727,0.36570042,0.5707727,0.4298045,0.35789967,0.1421547,0.5707727,0.36124212,0.294132,0.07071836
2937.4827,2464.4172,0.57083327,0.14288259,0.21281949,1.0522412,0.0007180497,0.18922392,0.57083327,0.120416366,1.1153303,0.14216977,0.0007180497,0.57083327,0.57083327,0.42938155,0.31690773,0.57083327
1021.05023,26493.525,0.570944,0.35800707,0.27341723,1.0480223,0.570944,0.0038496628,0.42905596,0.0,0.29270706,0.42946485,0.07073959,0.4221245,0.07073959,0.2994994,0.32015094,0.570944
1278.5797,1007.53094,0.5708519,0.24858359,0.42939556,0.92454237,0.5708519,0.0,0.5708519,0.34824702,0.5708519,0.31789154,0.42939556,0.5708519,0.42914808,0.14835924,0.07871259,0.5708519
3673.9927,25425.588,0.57079476,0.28970096,0.31490332,0.42920524,0.57079476,0.16009536,0.46667606,0.00071799755,0.40253872,0.21436712,0.07870298,0.39245248,1.3416822,0.0707211,0.4287753,0.57079476
2821.7417,23159.256,0.5709088,0.42724827,0.21818477,0.42909122,0.5709088,0.16773114,1.3934222,0.1334396,0.07073522,0.22183055,0.28036466,0.36959442,0.0,0.07073522,0.49729326,0.5709088
774.57074,1.526253,0.35786128,0.2202182,0.0,1.4992828,0.35177082,0.28402042,0.5707116,0.07071079,0.5707116,0.22785963,0.07291372,0.41667205,0.4292884,0.49241066,0.31903082,0.015586905
774.5708,59005.805,0.5707942,0.23602197,0.28589684,0.6646387,0.5707942,0.3109804,0.5707942,0.337876,0.5707942,0.07072103,0.20156586,0.5707942,0.42920578,0.14216006,0.017336361,0.5707942
9299.58,619.7168,0.5708413,0.427135,0.24526459,0.5708413,1.1280617,0.49478996,0.5708413,0.15295333,0.5708413,0.75327337,0.26157665,0.070726864,0.07289053,0.5708413,0.070726864,0.4163118
9120.061,943.32574,0.570796,0.99756706,0.42822936,0.570796,0.21436757,0.570796,0.570796,0.7239094,0.0053805932,0.15825647,0.1811429,0.031044893,0.570796,0.34912533,0.570796,0.570796
1229.9558,1150.4894,0.57077533,0.34883204,0.5677036,0.4292247,0.57077533,0.0,0.57077533,0.07071868,1.4523783,0.25536647,0.42876068,0.35562393,0.2581959,0.57077533,0.28256574,0.57077533
1278.173,1005.9792,0.2834695,0.14221393,0.0,0.44890192,0.34371734,0.10954393,0.57101053,0.23832518,0.57101053,0.16088283,0.3402099,0.57101053,1.3466092,0.048744425,0.1491285,0.091773815
2870.6995,2257.83,0.570846,0.06753374,0.106265254,0.429154,0.570846,0.14290649,0.570846,0.070727445,1.429391,0.42939112,0.47067747,0.35508254,0.570846,0.0,0.35716364,0.070727445
774.57074,7013.263,0.3578613,0.42929,0.5678134,1.1391428,0.4234217,0.089863025,0.57071155,0.34885082,0.57071155,0.4235663,0.47767988,0.57071155,1.1908376,0.42929,0.0,0.23250172
2779.0,5713.314,0.0,0.0,0.0,1.0,0.0,0.0,0.0,0.0,0.0,0.0,0.0,0.0,1.0,0.0,0.0,0.0
9179.987,684.8778,0.3579202,0.7937981,0.57080555,0.071490265,0.0029890835,0.5612439,0.57080555,1.2299639,0.36816284,0.27701992,0.42936066,0.48830137,0.388051,0.066719905,0.073708266,0.27851632
9359.702,596.45087,0.4244719,0.14822668,0.31486738,0.5708423,1.3343576,0.23341052,0.5708423,0.08007634,0.5708423,1.0447894,0.19231807,0.49939728,0.5708423,0.37072635,0.17033362,0.14932019
774.5708,11253.707,0.24270332,0.07148886,0.4273389,0.9446286,0.37252477,0.31195068,0.5707942,0.10357636,0.5707942,0.35791314,0.26640618,0.15017453,0.42920578,0.21275762,0.0,0.00071799755
3313.5708,2282.2507,0.57083327,0.050991498,0.2858136,0.42916673,0.57083327,0.050991498,0.57083327,0.57083327,1.3091556,0.070725866,0.35732892,0.23199001,0.001485318,0.003005527,0.0,0.28345814
774.5708,137.42235,0.5707942,0.0,0.23982477,1.0213234,0.5707942,0.0014533773,0.5707942,0.0038469061,1.3217928,0.14289543,0.25276598,0.07619341,0.12934318,0.41009143,0.08642134,0.5707942
592.2368,13186.57,0.5710114,0.36408746,0.23110273,0.54672277,0.5710114,0.15541863,1.0491374,0.42726228,0.5710114,0.20873776,0.44142157,0.42951557,0.25000516,0.27779302,0.15764576,0.49730757
6119.6104,911.3171,0.57092565,0.557114,0.365126,1.5709257,0.0,0.4150042,0.57092565,0.13346191,0.57092565,0.35197163,0.30568796,0.35547364,0.42907435,0.36787826,0.31105697,0.57092565
434.93927,27516.082,0.5709034,0.26226676,0.30929363,0.42909658,0.5709034,0.38357854,0.42909658,0.00071813166,0.5709034,0.35495847,0.35574436,0.07073456,0.3507067,0.21597958,0.0,0.23804003
120.0,51199.84,1.0,0.0,0.0,0.0,0.0,0.0,1.0,0.0,0.0,0.0,0.0,0.0,0.0,0.0,0.0,0.0
6120.3193,849.53595,0.1578294,0.02234947,0.5709225,0.90453327,0.36620566,0.41640177,0.5709225,0.21437472,0.4099196,0.19829294,0.14585954,0.4961293,1.3579935,0.34875205,0.041273616,0.43244782
6120.032,853.2509,0.5709844,0.5241348,0.21286917,0.8059261,0.20028368,0.31416866,0.5709844,0.16004613,0.5709844,0.3580324,0.20698932,0.0,0.42901555,0.26081467,0.38029718,0.5709844
119.51231,100.177574,0.57091844,1.1229883,0.0,0.17986022,0.57091844,0.22841263,0.57091844,0.0,0.57091844,0.2857198,0.15366665,0.35799104,0.5668746,1.3909312,0.13905929,0.57091844
1490.3384,1027.9321,0.5709006,0.07073421,0.21815565,0.42909938,0.5709006,0.0,0.5709006,0.2935934,0.37263367,0.10133984,0.33124894,0.25948495,1.4294322,0.07146182,0.0,0.5709006
6119.9424,823.64923,0.44470337,0.48051456,0.02660738,1.3198401,0.2443005,0.26168582,0.5176937,0.0,0.22339621,0.49361727,0.08820777,0.49296156,0.84802645,0.017678218,0.45306972,0.21931337
9300.091,592.9201,0.072908856,0.5678718,0.42389926,0.0,0.8609245,0.22655511,0.5709849,0.14220755,0.5678718,0.6536134,0.20751128,0.2181879,0.00071823597,0.49952203,0.28879142,0.5709849
780.27155,9088.059,0.5709736,0.35435152,0.24399354,0.42902642,0.5709736,0.34605145,1.0077496,0.0,0.0,0.0,0.33992648,0.3427112,0.305678,0.029313184,0.078768045,0.3024069
904.23987,100.28176,0.5709379,0.21899986,0.2463705,0.42906216,0.5709379,0.05573927,0.5709379,0.34636304,0.1118246,0.3580032,0.5709379,0.47557446,0.42906216,0.15062866,0.22555824,0.5709379
120.256584,0.6873907,0.30322865,0.17031342,0.18076491,0.8917783,0.21510905,0.18023607,0.22801766,0.06544856,0.34660935,0.18281844,0.0,0.25771514,0.864175,0.058626465,0.031203084,0.10133908
4581.0,58438.543,0.0,0.0,0.0,1.0,0.0,0.0,1.0,0.0,0.0,0.0,0.0,0.0,0.0,0.0,0.0,0.0
3618.0,59288.367,0.0,0.0,0.0,1.0,0.0,0.0,1.0,0.0,0.0,0.0,0.0,0.0,0.0,0.0,0.0,0.0
6120.338,815.0995,0.3041587,0.0,0.56263554,0.58274716,0.35177344,0.42873287,0.5707383,0.3389626,0.4731688,0.42931008,0.48794526,0.2319798,0.8437409,0.0,0.006892182,0.01367823
406.0,0.022,0.0,0.0,0.0,0.0,1.0,0.0,0.0,0.0,0.0,1.0,0.0,0.0,0.0,0.0,0.0,0.0
865.91785,11167.332,0.57073694,0.42930907,0.38332373,0.64696026,0.57073694,0.2143454,1.0311291,0.3563909,0.49930507,0.42930907,0.0,0.013942681,0.25367677,0.1428811,0.0,0.57073694
8741.0,31442.244,0.0,0.0,0.0,1.0,0.0,0.0,1.0,0.0,0.0,0.0,0.0,0.0,0.0,0.0,0.0,0.0
846.1127,132.61235,0.57078755,0.26921695,0.0707202,1.1303986,0.57078755,0.32654458,0.0038165972,0.27337462,0.42921245,0.0707202,0.048074782,0.25307876,0.35638142,0.21436441,0.42568716,0.57078755
180.0,29439.943,1.0,0.0,0.0,0.0,0.0,0.0,1.0,0.0,0.0,0.0,0.0,0.0,0.0,0.0,0.0,0.0
826.10394,114.75879,0.5710034,0.011867262,0.31496578,0.42899662,0.5710034,0.4286927,0.5710034,0.3369581,1.2709711,0.07291122,0.35804427,0.0,0.07147469,0.3432197,0.3381635,0.5710034
592.27203,4193.6895,0.570974,0.42948738,0.0707433,0.42902604,0.570974,0.27926466,0.25614026,0.570974,0.570974,0.42648998,0.28252015,0.42902604,0.2873593,0.14220482,0.14587271,0.3221219
711.3549,29569.66,0.5708404,0.5708404,0.27247792,0.42915958,0.5708404,0.13198686,0.47259218,0.31296027,0.24880654,0.3738672,0.3579421,0.224646,0.0,0.5708404,0.07072675,0.5708404
2830.6768,23347.357,0.5708358,0.3579392,0.0,0.4291642,0.5708358,0.0,1.4293835,0.29404664,0.2385557,0.41353312,0.28567848,0.12427457,0.42713085,0.0,0.28567848,0.5708358
6120.2637,882.29626,0.5707999,0.113866225,0.29689652,1.1256166,0.35791665,0.14216146,0.5707999,0.018811293,0.5707999,0.14216146,0.42877913,0.4293564,0.4292001,0.21436904,0.14289686,0.5707999
6120.2344,910.7469,0.124202795,0.49817804,0.07388782,0.99428356,0.40464395,0.16343975,0.50455755,0.35811016,0.004692825,0.17518525,0.022555478,0.25337937,1.4113151,0.37514547,0.48444626,0.2491122
498.0,59015.145,0.0,0.0,0.0,1.0,0.0,0.0,0.0,0.0,1.0,0.0,0.0,0.0,0.0,0.0,0.0,0.0
9179.58,704.38257,0.15124986,1.347686,0.14219013,0.57091016,0.29272065,0.38078654,0.57091016,1.1163402,0.57091016,0.49945423,0.49945423,0.16456571,0.57091016,0.21283484,0.07668403,0.56934404
11685.0,14077.703,0.0,0.0,0.0,0.0,1.0,0.0,1.0,0.0,0.0,0.0,0.0,0.0,0.0,0.0,0.0,0.0
9299.716,681.0612,0.07072799,0.15123974,0.27490032,0.57085043,0.6906768,0.33976644,0.57085043,0.034530632,0.3065819,1.1038499,0.57085043,0.18336253,0.57085043,0.18957151,0.49940437,0.34891844
712.42926,142.6097,0.5707216,0.27867585,0.21272922,0.42927837,0.5707216,0.2897069,0.5707216,0.07071204,0.4264964,0.07071204,0.3517264,0.4992901,1.1228848,0.5707216,0.30104834,0.5707216
6119.6943,832.00977,0.570809,0.41502485,0.2476019,1.0810754,0.035263307,0.0014534295,0.570809,0.13050315,0.570809,0.35718063,0.0,0.12549356,1.3579223,0.570809,0.24136198,0.570809
2863.4287,2622.704,0.0007179007,0.080828294,0.20471029,0.80851376,0.57071525,0.285843,0.57071525,0.5082215,0.42928475,0.2143444,0.39381844,0.57071525,0.57071525,0.26856178,0.07379133,0.3693828
870.1729,16868.098,0.5708531,0.35795006,0.281109,1.3579501,0.5708531,0.0014939234,0.2766733,0.4971697,0.42858002,0.3250167,0.3834531,0.15472336,1.2784994,0.07072833,0.42858002,0.5708531
2454.7305,22129.68,0.57079613,0.072271064,0.0,0.42920387,0.57079613,0.3187939,0.99932885,0.20893788,0.14443159,0.0,0.42877632,0.42151827,0.42877632,0.07072127,0.19828321,0.57079613
14219.0,440.143,0.0,0.0,0.0,0.0,1.0,0.0,1.0,0.0,0.0,0.0,0.0,0.0,0.0,0.0,0.0,0.0
774.57074,37222.863,0.3547702,0.54731125,0.07380427,0.5889606,0.05136004,0.22285435,0.57071155,0.42929,0.007790804,0.49875084,0.07147794,0.0,0.78097755,0.1045518,0.21319637,0.13949719
119.74696,101.099304,0.5709133,0.74625087,0.07146342,0.08982675,0.5709133,0.3452563,0.5709133,0.072899714,0.5709133,0.32805976,0.51831746,0.5709133,0.12339851,0.42908671,0.031516686,0.40309432
1280.1787,1004.8674,0.0,0.0054211468,0.3563819,1.1811339,0.47877127,0.24614948,0.5707226,0.0,0.5707226,0.22204927,0.33288187,0.5707226,1.5701455,0.42929828,0.28727308,0.3563819
120.40719,100.13006,0.57091653,1.0617815,0.35798985,0.42343992,0.57091653,0.0,0.57091653,0.3453222,0.33820933,0.4294442,0.21284385,0.57091653,0.07640223,0.9615276,0.41715127,0.57091653
2870.9976,2548.577,0.31111345,0.0029886737,0.17310005,1.2654713,0.37558082,0.32714382,0.5707282,0.0,1.2483233,0.35415867,0.35787174,0.5707282,0.5707282,0.0,0.398262,0.35559455
3903.0,21.94,0.0,0.0,0.0,0.0,1.0,0.0,1.0,0.0,0.0,0.0,0.0,0.0,0.0,0.0,0.0,0.0
1883.3256,22073.756,13343.519,11953.573,5045.6567,19237.004,9593.9,12848.14,5257.6465,18507.33,17908.758,16521.078,8548.358,7653.69,18151.51,11830.429,6396.0474,11937.519
119.946365,101.746475,0.5709246,0.42907542,0.40932053,0.28342563,0.5709246,0.4215237,0.5709246,0.0,0.5709246,0.34614873,0.41431087,0.34353244,0.071464464,1.3324618,0.0007186383,0.5709246
6120.25,853.1838,0.57099915,0.25455505,0.3344705,1.1956713,0.27953422,0.1919946,0.57099915,0.16611648,0.57099915,0.00071825087,0.0,0.14444263,0.42900085,0.13404815,0.24831894,0.57099915
592.42944,20927.1,0.5709138,0.56935304,0.08929457,0.4290862,0.5709138,0.4922588,0.11591908,0.0,0.5709138,0.0,0.33924925,0.43219882,0.2128417,0.1612972,0.42343813,0.5709138
82.42378,110462.83,0.571027,0.14299412,0.26185352,0.7782575,0.571027,0.070749864,0.7606529,0.23468971,0.14444967,0.35438478,0.14221802,0.07670425,0.571027,0.571027,0.023460165,0.4995588
399.77866,27904.543,0.5710265,0.35081476,0.39418042,0.980668,0.5710265,0.1309884,0.24715276,0.0,0.5710265,0.5368027,0.45490527,0.4023171,1.2766565,0.4272735,0.40343904,0.15892538
2876.4468,22790.047,0.57100993,0.22558266,0.14534043,1.3558108,0.57100993,0.3526763,0.42899004,0.36112955,0.14221379,0.32777384,0.34855393,0.0,0.070747755,0.32875088,0.28201362,0.57100993
9239.515,635.505,0.08019421,0.95333594,0.5189208,0.5709284,0.0,0.14219347,0.5709284,0.4290716,0.5709284,0.34774375,0.1070228,0.43651927,0.5709284,0.16185829,0.07073765,0.28733635
2767.5557,22743.867,0.5709034,0.14836223,0.14668244,0.42909658,0.5709034,0.07523242,0.9712377,0.14535515,0.29415917,0.00071813166,0.15825772,0.0,0.19549946,0.0,0.07073456,0.5709034
11244.0,13005.459,0.0,0.0,0.0,0.0,1.0,0.0,1.0,0.0,0.0,0.0,0.0,0.0,0.0,0.0,0.0,0.0
2776.7537,23232.13,0.57074386,0.070714794,0.0,1.4293143,0.57074386,0.57074386,1.4293143,0.34062073,0.14214751,0.4442111,0.1595648,0.42873707,0.28361621,0.26095825,0.0,0.57074386
3145.4272,9563.275,0.57071525,0.21295027,0.514766,0.42928475,0.57071525,0.0,0.57071525,0.35580856,0.42929274,0.14290765,0.1958056,0.29278255,1.0966736,0.30625057,0.2705521,0.57071525
3032.8877,23357.16,0.57102317,0.57102317,0.57102317,0.42897683,0.57102317,0.0,1.3487852,0.3246945,0.56014305,0.42952436,0.2098118,0.005300574,0.35805666,0.34401247,0.07147717,0.57102317
774.5708,54232.24,0.38138813,0.20310152,0.0,0.5006448,0.15545285,0.31858864,0.5707942,0.1790592,0.44558254,0.42935216,0.5707942,0.5707942,1.4062111,0.5707942,0.0014533773,0.2401973
820.66516,8313.601,0.57078093,0.00071798265,0.31893006,0.42921904,0.57078093,0.21275273,0.57078093,0.57020366,1.3592501,0.003844805,0.15126151,0.49706623,0.090437904,0.21275273,0.524432,0.57078093
4953.8228,53534.914,3181.7183,827.74426,2800.6814,1676.361,3419.6675,1484.3947,0.0,1998.7218,552.62,2668.3389,3344.6182,0.0,804.3041,3358.2656,3395.8015,3377.6147
834.11847,19369.957,18523.535,18605.578,18439.28,18562.307,18565.139,18523.535,18564.139,18479.959,18521.213,18563.838,18604.201,18605.578,18604.201,18605.578,18523.535,18605.148
119.50069,0.8452463,0.29582316,0.08180404,0.34473145,0.42925042,0.5707496,0.33671892,0.5707496,0.5707496,0.5707496,0.4102298,0.22566693,0.058833748,0.42925042,0.07317752,0.07736259,0.5707496
695.2961,6523.2197,0.5709785,0.1667979,0.33836508,1.5709785,0.5709785,0.19479465,0.27905133,0.3914974,0.0,0.30530795,0.5137485,0.15072864,0.42902148,0.5709785,0.4294908,0.5709785
47967.242,68429.89,42400.688,31150.174,25828.389,43418.47,45125.0,6221.1777,0.0,42577.203,17529.81,8795.322,10973.734,8795.322,62973.117,51184.793,34063.47,25828.389
2188.0,21.96,0.0,0.0,0.0,0.0,1.0,0.0,1.0,0.0,0.0,0.0,0.0,0.0,0.0,0.0,0.0,0.0
5346.1675,65171.883,17721.262,14062.945,13871.527,10205.365,22114.408,20170.441,12367.283,15842.01,16557.459,18960.285,17943.283,16377.24,11817.582,16300.98,19513.812,20616.688
692.46234,13204.397,0.5709997,0.002949804,0.09601956,0.42900032,0.5709997,0.07074649,0.66438025,0.5709997,0.2544502,0.0,0.40753612,0.222031,0.00071825087,0.27907616,0.49470803,0.5709997
120.0,36352.066,1.0,0.0,0.0,0.0,0.0,0.0,1.0,0.0,0.0,0.0,0.0,0.0,0.0,0.0,0.0,0.0
774.5708,1.0987605,0.09884891,0.27044293,0.2532001,0.6326888,0.1281716,0.35340992,0.5707942,0.24951178,0.5707942,0.0,0.5707942,0.5707942,0.42920578,0.0,0.00071799755,0.40939203
120.17494,102.14633,0.57088757,0.633673,0.1421833,0.44136527,0.57088757,0.4286058,0.57088757,0.20075741,0.57088757,0.1483581,0.57088757,0.57088757,0.3845554,1.5708876,0.0014940202,0.0
3312.8066,2550.8005,0.57090384,0.4982646,0.28946474,0.8505473,0.4241801,0.21514985,0.57090384,0.07073461,0.42909616,0.42718178,0.14379102,0.30075353,0.57090384,0.3432889,0.48288608,0.29519665
1281.1351,1005.17694,0.2059005,0.27238303,0.27782595,1.3956836,0.25484258,0.0007179156,0.5707292,0.31855088,0.5707292,0.455741,0.42930323,0.5707292,0.7189076,0.2405955,0.0,0.34312022
774.5708,81980.234,0.5707942,0.49707773,0.2543395,0.42920578,0.5707942,0.5707942,0.5707942,0.0,0.5707942,0.5707942,0.4287749,0.5707942,1.4914613,0.08076376,0.13346767,0.46723887
853.82794,20356.398,0.5707729,0.20168963,0.086669795,1.4985948,0.5707729,0.2195831,0.9092414,0.4293361,0.4953197,0.46786025,0.12917158,0.21814716,0.3518368,0.42629912,0.00071796775,0.5707729
2862.7144,2422.5332,0.35205907,0.42870128,0.42929274,1.4238439,0.2873125,0.15784752,0.57071525,0.14214039,0.9130889,0.5692873,0.22211887,0.57071525,0.57071525,0.52655035,0.49868464,0.2143444
174.1693,54143.844,0.5709458,0.5709458,0.18914515,0.4290542,0.5709458,0.07146749,1.2760713,0.4294662,0.5709458,0.3580082,0.124963455,0.0,0.5709458,0.25545,0.40053052,0.29454198
1282.0762,1012.4197,0.5708381,0.4103464,0.42544115,1.0464809,0.36506653,0.5708381,0.5708381,0.061951503,0.5708381,0.07072647,0.21434306,0.5708381,0.4291619,0.4293852,0.4293852,0.0
14975.57,13717.878,0.24020535,0.4124779,0.19823405,0.42919576,0.57080424,0.48638064,0.42919576,0.3088847,0.23977004,0.0,0.39170074,0.08739889,0.2968228,0.34200722,0.57080424,0.42725086
120.0,45312.09,1.0,0.0,0.0,0.0,0.0,0.0,1.0,0.0,0.0,0.0,0.0,0.0,0.0,0.0,0.0,0.0
1283.5707,1007.07745,0.22068661,0.14875504,0.2835183,1.5707153,0.53304225,0.42726547,0.5707153,0.10793867,0.5707153,0.0,0.48890513,0.5707153,0.4292847,0.08451214,0.07474468,0.20257443
872.2554,9086.495,0.5710123,0.0,0.16431174,1.2755238,0.5710123,0.42951623,0.9698922,0.0,0.0,0.53772134,0.08824157,0.42951623,0.2733567,0.54552525,0.07291236,0.5710123
11223.0,14005.953,0.0,0.0,0.0,1.0,0.0,0.0,1.0,0.0,0.0,0.0,0.0,0.0,0.0,0.0,0.0,0.0
241.42485,53247.574,0.57080877,0.07308091,0.57080877,0.42919123,0.57080877,0.0,0.0014533997,0.42936313,0.57080877,0.0,0.26425296,0.3934502,0.42919123,0.4993679,0.15522338,0.4993679
2841.646,21754.215,0.57075167,0.35788643,0.2836121,0.42924836,0.57075167,0.109430104,1.1913996,0.42730698,0.0,0.14214945,0.2540074,0.15963298,0.22370702,0.40819922,0.070715755,0.57075167
6060.213,901.2599,0.57074606,0.38648418,0.41512492,0.77424026,0.0,0.31482884,0.57074606,0.28367722,0.57074606,0.19469035,0.07930329,0.07071506,0.42925394,0.22778943,0.26548254,0.57074606
2705.3564,23297.117,0.570944,0.0,0.42946485,0.42905596,0.570944,0.15092696,1.2149975,0.39889088,0.35800707,0.14297333,0.00071819127,0.00071819127,0.3543333,0.07073959,0.570944,0.570944
7826.0,26052.553,0.0,0.0,0.0,0.0,1.0,0.0,1.0,0.0,0.0,0.0,0.0,0.0,0.0,0.0,0.0,0.0
6119.8867,836.40955,0.29425138,0.0,0.39161867,1.1292963,0.0,0.56169283,0.57087165,0.26453567,0.3287102,0.24844992,0.021719523,0.16483167,0.7442866,0.029201351,0.42890012,0.29121622
342.0,58771.457,0.0,0.0,0.0,1.0,0.0,0.0,1.0,0.0,0.0,0.0,0.0,0.0,0.0,0.0,0.0,0.0
6164.0,675.809,0.0,0.0,0.0,0.0,1.0,0.0,1.0,0.0,0.0,0.0,0.0,0.0,0.0,0.0,0.0,0.0
13724.0,23207.545,0.0,0.0,0.0,1.0,0.0,0.0,1.0,0.0,0.0,0.0,0.0,0.0,0.0,0.0,0.0,0.0
2878.9832,2334.6672,0.571029,0.07381238,0.5233254,1.0465643,0.4995606,0.07369679,0.571029,0.28503084,0.428971,0.07670455,0.0,0.49732286,0.571029,0.48516792,0.3029427,0.571029
774.57074,58890.508,0.5707116,0.34100658,0.07071079,0.4292884,0.5707116,0.14588185,0.5707116,0.0007178858,0.5707116,0.09828097,0.2647068,0.5707116,1.4263918,0.21963172,0.25432354,0.0
3074.6382,22027.332,12406.716,14497.739,20855.03,14585.813,4841.2905,15325.8955,9040.659,9511.964,20840.611,18058.076,15528.7705,17214.623,3870.5542,10800.798,19463.762,5973.0825
119.64283,101.29935,0.5707787,0.68416363,0.42732728,0.27428472,0.5707787,0.28962058,0.5707787,0.0007179752,0.5707787,0.42934048,0.23692383,0.07071911,0.42876327,1.3208987,0.0,0.5707787
8727.0,15815.463,0.0,0.0,0.0,1.0,0.0,0.0,1.0,0.0,0.0,0.0,0.0,0.0,0.0,0.0,0.0,0.0
59.87694,0.49948928,0.5709475,0.8415958,0.46182248,0.0,0.5709475,0.34669262,0.5709475,0.5727855,0.5709475,0.071467705,0.3549859,0.5709475,0.3973462,0.3131448,0.5709475,0.5709475
120.0,111200.14,1.0,0.0,0.0,0.0,0.0,0.0,1.0,0.0,0.0,0.0,0.0,0.0,0.0,0.0,0.0,0.0
2723.4536,23375.227,0.5709858,0.07290898,0.11231316,0.4290142,0.5709858,0.42494673,1.2857536,0.32394147,0.08105301,0.5709858,0.31034145,0.56017774,0.4286796,0.32195628,0.4286796,0.5709858
774.57074,6975.1753,0.16751185,0.070710786,0.07291373,0.85508007,0.2053015,0.1518598,0.57071155,0.0,0.29206973,0.07380427,0.28056434,0.57071155,1.4645202,0.28730342,0.0,0.4279364
175.4971,51071.668,0.57080907,0.57080907,0.57023174,0.42919093,0.57080907,0.2792954,0.42919093,0.005378604,0.57080907,0.17672324,0.31912583,0.428786,0.21456608,0.17235695,0.28590426,0.57080907
780.27246,98.04356,0.5708935,0.1649887,0.5615832,1.0899918,0.5708935,0.14456952,0.5708935,0.33846217,0.42910644,0.17734736,0.4994421,0.029881828,0.42703444,0.30411714,0.27427256,0.5708935
6119.7847,853.2506,0.21029606,0.20018247,0.35805985,1.0402597,0.20015532,0.35805985,0.5710282,0.32693765,0.15997657,0.40094587,0.4682127,0.35805985,0.4289718,0.10299242,0.42709807,0.09676058
774.5708,2055.8362,0.07072103,0.5707942,0.4287749,0.91713595,0.38420376,0.0,0.5707942,0.20535126,0.16448656,0.14586708,0.4248443,0.5707942,0.42920578,0.31171647,0.26260954,0.20935935
854.7235,9087.031,0.5709902,0.1967684,0.496503,0.42900977,0.5709902,0.18365818,0.5004734,0.20533144,0.014506176,0.34354103,0.0,0.0,0.5416818,0.32452294,0.42349458,0.5709902
3312.4292,2548.5806,0.57083327,0.070725866,0.36958027,0.42916673,0.4615407,0.42938155,0.57083327,0.36814415,1.0652984,0.41832292,0.16025403,0.15432152,0.57083327,0.55002195,0.0007180497,0.57083327
772.42926,9103.706,0.57071155,0.07147794,0.0,1.2805563,0.57071155,0.26405606,0.66152865,0.5693499,0.0,0.34825698,0.113243364,0.3540447,0.0014901683,0.07147794,0.5482929,0.57071155
2878.8196,2256.845,0.570758,0.070716545,0.0029888377,1.4938844,0.2176209,0.08027251,0.570758,0.48930198,1.570758,0.24196886,0.24781127,0.035146855,0.570758,0.21435331,0.0073425695,0.33635253
774.5708,1.1195343,0.12598288,0.28001505,0.55142313,0.5555529,0.2858969,0.04207684,0.5707943,0.2818666,0.5707943,0.35484594,0.010863841,0.16200939,1.3548176,0.07072104,0.42733896,0.34776664
2915.9949,22683.469,0.57100666,0.25796962,0.081486404,0.76881754,0.57100666,0.42951193,1.349366,0.2742176,0.57100666,0.499541,0.272058,0.4987588,0.57100666,0.20329154,0.0007182658,0.57100666
4071.6738,6660.072,0.5710214,0.5679081,0.28577134,0.4289786,0.5710214,0.077413574,0.5710214,0.070749186,0.5710214,0.5710214,0.05250389,0.0007182732,1.5710214,0.079147615,0.21963838,0.5710214
3348.0,5604.572,0.0,0.0,0.0,1.0,0.0,0.0,0.0,0.0,0.0,0.0,0.0,0.0,1.0,0.0,0.0,0.0
2936.5708,2252.7776,0.57083327,0.23130608,0.1711945,0.42916673,0.57083327,0.53460056,0.57083327,0.23415878,0.42916673,0.32441792,0.42726532,0.070725866,0.57083327,0.30910608,0.42696545,0.27603886
11248.0,49265.285,0.0,0.0,0.0,1.0,0.0,0.0,1.0,0.0,0.0,0.0,0.0,0.0,0.0,0.0,0.0,0.0
2750.384,95.94902,0.003394276,24.701576,28.534355,23.857372,58.18342,12.892608,0.0,57.847446,22.387983,51.37288,22.03859,0.71922123,36.11395,24.312977,12.684709,0.35263574
2796.6667,23363.63,0.5707493,0.42931834,0.39515457,0.42925075,0.5707493,0.0007179454,0.42925075,0.14887908,0.5679165,0.07071546,0.1636419,0.28313652,0.0,0.4821947,0.34020773,0.5707493
774.5589,94.78833,0.57071495,0.16464065,0.16339687,0.42928505,0.57071495,0.15337785,0.57071495,0.014695175,0.14788333,0.047895618,0.080270424,0.12880076,0.42928505,0.18317027,0.24894919,0.57071495
774.5708,81932.36,0.5707942,0.24573562,0.57021695,0.42920578,0.57021695,0.14829537,0.5707942,0.072270826,0.5707942,0.07292485,0.4273389,0.18390885,0.42920578,0.56125367,0.35184595,0.21275762
200.42934,53248.062,0.570773,0.29369232,0.07292097,0.429227,0.570773,0.21274835,0.0,0.35789818,0.570773,0.1074134,0.4070438,0.570773,1.2119626,0.0038154498,0.31445014,0.4293344
2879.4177,2291.8967,0.57083327,0.49938935,0.002309166,1.2208401,0.36700213,0.57012135,0.57083327,0.15777245,0.42916673,0.25015816,0.14293304,0.28255418,0.57083327,0.2912599,0.5549145,0.22780314
774.5708,11254.499,0.31526095,0.30270448,0.0,1.3898604,0.25799924,0.20534447,0.5707942,0.2310594,0.5707942,0.18964109,0.26049158,0.0,0.42920578,0.21514888,0.35791314,0.14216006
119.93113,0.7578339,0.1598621,0.16535935,0.21983388,1.0446109,0.16475832,0.061324596,0.0002765283,0.078871116,0.048264213,0.16449183,0.096405,0.15239897,0.9685568,0.12472292,0.08455719,0.16535935
11666.0,13942.989,0.0,0.0,0.0,0.0,1.0,0.0,1.0,0.0,0.0,0.0,0.0,0.0,0.0,0.0,0.0,0.0
9299.809,619.0746,0.35800612,0.49724752,0.07290344,0.5709425,0.5073409,0.38264948,0.5709425,0.21033989,0.42946374,0.94753003,0.5709425,0.31250566,0.5709425,0.10184316,0.2904029,0.388627
2871.0798,2547.7378,0.0,0.5708429,0.3579437,0.42915708,0.23553888,0.39808565,0.5708429,0.42938882,0.42915708,0.258123,0.3747905,0.0,0.5708429,0.33566415,0.3579437,0.14217219
3310.7612,20832.557,16842.385,16451.021,16818.418,18669.938,16111.048,2050.5972,16324.575,19671.855,20188.367,16322.047,12843.276,11611.45,19734.879,20083.938,20466.145,16322.047
6119.502,891.4777,0.57083553,0.29831094,0.07072615,1.2104639,0.0,0.23573947,0.57083553,0.5486494,0.57083553,0.18661562,0.42938322,0.35570204,1.1657201,0.0037766024,0.0007180497,0.57083553
1280.5712,7045.2466,0.57071525,0.42641175,0.14617062,0.7641723,0.57071525,0.42726547,0.645635,0.37389982,0.083314314,0.38293755,0.0737042,0.48515594,0.14445609,0.3905018,0.23710595,0.57071525
2123.4292,411.64426,0.57074034,0.3999123,0.0,0.8387652,0.57074034,0.072948515,0.57074034,0.069937766,0.25381017,0.0029859766,0.35434452,0.35175776,0.87362856,0.20877457,0.30221707,0.03412825
5021.8755,65299.77,21023.85,17359.695,22118.494,25032.773,23404.346,19529.662,25722.29,20413.094,19478.342,9821.911,24819.738,24854.867,14841.648,21729.346,25728.104,24093.438
1507.1403,22449.754,14915.162,3208.4932,19694.07,7993.4272,16397.48,21779.826,18732.154,14252.912,13217.225,19560.203,22306.967,15851.117,18758.064,19103.24,19103.24,19311.344
120.0,36096.062,1.0,0.0,0.0,0.0,0.0,0.0,1.0,0.0,0.0,0.0,0.0,0.0,0.0,0.0,0.0,0.0
119.42909,100.21255,0.57091427,0.88760746,0.212839,0.0707359,0.57091427,0.07445288,0.57091427,0.20604497,0.57091427,0.57091427,0.012641765,0.37709332,0.29416168,0.42908576,0.42290407,0.57091427
666.4293,29782.523,0.5707743,0.3106208,0.00071798265,0.42922568,0.5707743,0.08340593,0.35789752,0.0,0.5707743,0.15332803,0.07292201,0.42922568,0.0,0.18178073,0.07374524,0.5707743
1277.8268,1004.2625,0.42723554,0.4294911,0.016687468,1.3007938,0.13058083,0.07074392,0.57097894,0.14443584,0.57097894,0.0038878247,0.00071953237,0.57097894,1.2770582,0.42867464,0.0,0.3611107
3313.364,2297.1326,0.57071227,0.4000023,0.42727748,0.42928776,0.57071227,0.2681076,0.57071227,0.2611616,1.090489,0.3401437,0.57071227,0.56274545,0.57071227,0.2756129,0.33179742,0.2196418
2862.5027,2794.9497,0.26437628,0.48088813,0.25019312,1.1662495,0.0,0.49943346,0.5708837,0.0015083924,0.4291163,0.17544091,0.072895944,0.07073212,0.10451746,0.0007181093,0.3000216,0.36811405
120.0,57343.7,1.0,0.0,0.0,0.0,0.0,0.0,1.0,0.0,0.0,0.0,0.0,0.0,0.0,0.0,0.0,0.0
3312.4292,2700.5442,0.57083327,0.52129817,0.18075871,0.42916673,0.57083327,0.14216977,0.57083327,0.40387988,1.1610194,0.0,0.35793763,0.57083327,0.56787574,0.3322122,0.38540462,0.57083327
774.5708,1.2633913,0.2799864,0.13650239,0.07072103,0.6201356,0.42935216,0.05282852,0.5707942,0.3690159,0.5707942,0.25124356,0.21196786,0.5707942,0.42920578,0.353044,0.22458902,0.14216006
1027.9521,15231.678,0.5709779,0.3611093,0.49492788,0.42902207,0.5709779,0.49337578,1.0204422,0.239229,0.30147225,0.1422058,0.0,0.14587373,0.2567265,0.08661685,0.32000655,0.5709779
774.5708,12118.162,0.073741585,0.47162756,0.35563567,1.2534821,0.4273389,0.19373998,0.5707942,0.4273389,0.5707942,0.5707942,0.42935216,0.0,0.42920578,0.0,0.16363382,0.4992312
119.42906,1.2063639,0.20506746,0.41971034,0.5709376,1.39342,0.07146646,0.123451576,0.5709376,0.35042703,0.5709376,0.1081426,0.5709376,0.5709376,0.42906243,0.00071817636,0.42946,0.2167145
5287.4355,53973.504,7969.163,10280.998,743.66986,2978.1567,0.0,5357.9233,0.0,9226.516,6299.66,9256.232,8267.569,0.0,2055.599,5517.974,6131.5884,7836.235
498.0,58708.44,0.0,0.0,0.0,1.0,0.0,0.0,0.0,0.0,1.0,0.0,0.0,0.0,0.0,0.0,0.0,0.0
1281.7163,1005.29193,0.29754737,0.120604694,0.28586605,0.42922652,0.5707735,0.4061882,0.5707735,0.14215575,0.5707735,0.5707735,0.272278,0.5707735,0.42922652,0.1367665,0.5638396,0.5707735
2787.6846,22897.887,0.57101053,0.21819772,0.33373696,1.4295149,0.57101053,0.3836214,0.42898947,0.37532073,0.14978476,0.35581106,0.14444551,0.07074784,0.49706465,0.21939187,0.18280396,0.57101053
774.5708,1.6247942,0.36508387,0.27406248,0.36809027,1.2858968,0.5554795,0.42935216,0.5707942,0.30286416,0.5707942,0.42935216,0.2174181,0.5707942,1.3257314,0.42935216,0.27440074,0.4173344
3312.7144,2213.7625,0.57075405,0.23107317,0.22486472,0.42924592,0.57075405,0.42932197,0.57075405,0.27964053,0.42924592,0.20747027,0.30067536,0.4970387,0.36105087,0.42107263,0.4287403,0.49065813
3487.0,44.429,0.0,0.0,0.0,0.0,1.0,0.0,1.0,0.0,0.0,0.0,0.0,0.0,0.0,0.0,0.0,0.0
6060.5703,1434.804,0.5708214,0.4640042,0.0,0.5123297,0.4287374,0.26373708,0.5708214,0.5708214,0.39400738,0.49704778,0.11573672,0.17428154,0.62946,0.42937264,0.3008749,0.5708214
916.71826,4681.9043,0.5709736,0.32272834,0.14587258,0.42902642,0.5709736,0.095213756,0.43860078,0.4218995,0.23039289,0.28500313,0.4249376,0.17202906,1.2651217,0.20750718,0.42723387,0.5709736
171.42949,63329.406,0.5709784,0.24489006,0.26091462,0.4290216,0.5709784,0.09680844,0.4290216,0.2199274,0.25108075,0.21818542,0.3580286,0.33925754,0.5709784,0.0047593266,0.5638165,0.0007182285
369.44373,26532.867,0.5707727,0.3433178,0.017246239,1.0608307,0.5707727,0.13049486,0.07292211,0.37250972,0.5707727,0.006252192,0.15029952,1.257744,0.2983958,0.23759784,0.5621913,0.3185109
2878.4297,2147.5212,0.5707243,0.19500539,0.570135,0.61251664,0.23606345,0.28356406,0.5707243,0.14589515,0.42927572,0.5707243,0.105899654,0.45474884,0.5707243,0.21193466,0.071486115,0.28584975
119.92263,35840.01,1.5708897,0.0007181242,0.42942402,0.5708897,0.16426203,0.1458512,1.3027842,0.21815151,0.5708897,0.0,0.11216417,0.5708897,0.5708897,0.5708897,0.14218384,0.5708897
508.35785,19327.53,0.5707157,0.41626698,0.0,0.42928427,0.5707157,0.44911122,1.1289014,0.072261326,0.5707157,0.07470674,0.0,0.08930282,0.0707113,0.39863753,0.35168415,0.31050444
3313.4294,2654.4277,0.5708841,0.3237897,0.079201385,0.42911592,0.5708841,0.2511443,0.5708841,0.45444053,0.42911592,0.49641275,0.31823832,0.5708841,0.2319527,0.5708841,0.052087888,0.5708841
6016.0337,25832.066,0.0,3921.0337,315.0121,26.718674,0.0,2757.8267,3224.9185,1388.0278,2223.0566,212.88145,1456.2589,1690.5731,2097.5527,2355.604,3990.9663,3779.7476
869.5007,134.05353,0.5707116,0.0,0.071477324,1.2959067,0.5707116,0.07523896,0.5707116,0.26571488,0.49249822,0.13746788,0.3491012,0.14838031,0.4292884,0.0,0.34155154,0.5707116
824.73083,161.72371,0.57096255,0.42947876,0.088966765,1.1904068,0.57096255,0.2708288,0.57096255,0.07146959,0.48673108,0.002322048,0.070741884,0.13907012,1.4767439,0.009425908,0.35578123,0.57096255
477.59012,11135.23,0.570969,0.23151778,0.42948365,1.569408,0.570969,0.33358377,0.0466633,0.35434872,0.570969,0.42948365,0.2650507,0.14297959,1.498726,0.42866695,0.28003168,0.14826371
772.5708,5255.293,0.57077366,0.2600811,0.3802806,1.028107,0.57077366,0.26488808,0.1124522,0.0,0.56687474,0.05350566,0.5691726,0.17612106,1.4696103,0.0,0.32620466,0.57077366
1110.1864,60137.914,892.59796,138.9647,1111.9065,143.43951,0.0,1121.5919,449.06915,447.84198,155.97713,674.382,773.4746,1041.6282,637.34283,212.37355,689.0961,702.55963
119.94669,102.770615,0.57090145,1.0699123,0.48118615,0.21436682,0.57090145,0.1356386,0.57090145,0.23114964,0.38024193,0.28206956,0.3431164,0.00071813166,0.5264338,0.42909855,0.499449,0.5547956
1421.748,11542.263,0.57090783,0.14218836,0.06457686,1.3640457,0.57090783,0.23815212,0.5677953,0.22756419,0.30729064,0.18363515,0.22155648,0.1497997,0.69466966,0.21959478,0.14218836,0.57090783
1281.3579,1005.4261,0.5707673,0.11987525,0.0,0.42923272,0.5707673,0.34512687,0.5707673,0.55594105,0.5707673,0.4240913,0.07292199,0.5707673,0.42923272,0.07148606,0.37388283,0.5707673
9360.498,597.8902,0.084494986,0.29360735,0.0029499456,0.21441403,1.4272741,0.49636975,0.5710271,0.489221,0.30004457,1.3575543,0.15523067,0.56946605,0.07074989,0.2677581,0.28738606,0.3502433
2831.1948,21983.086,0.57083577,0.0,0.239856,0.4291642,0.57083577,0.20863494,1.2362807,0.4993916,0.15376735,0.4097015,0.14666507,0.14533794,0.07072618,0.19778746,0.10882544,0.57083577
540.0,39910.613,1.0,0.0,0.0,0.0,0.0,0.0,0.0,0.0,0.0,1.0,0.0,0.0,0.0,0.0,0.0,0.0
1276.4292,1004.864,0.1051316,0.30591837,0.28733116,0.95473874,0.0,0.31996313,0.57091045,0.27245873,0.57091045,0.0110988915,0.070735425,0.57091045,1.2644023,0.357986,0.0,0.4635866
6120.4995,899.37787,0.570762,0.2183902,0.22782326,0.42923802,0.2127456,0.0,0.570762,0.4712659,0.570762,0.07292071,0.570762,0.28588063,0.42923802,0.0,0.28065372,0.570762
373.82,26368.066,0.57080615,0.56608546,0.0,1.0832053,0.4293611,0.34389853,0.49748385,0.48657078,0.0029890984,0.29136127,0.022647366,0.31777745,0.5463471,0.42777926,0.34567648,0.2859028
6119.8413,928.18304,0.35643545,0.065606266,0.07148018,0.86549366,0.07071245,0.2466557,0.57072496,0.26694787,0.42930007,0.57072496,0.0,0.4992946,1.2140355,0.14196903,0.45420375,0.3331546
1279.0293,1004.4634,0.5708547,0.34796727,0.35427785,0.42914528,0.5708547,0.51098067,0.5708547,0.18706448,0.5708547,0.3106665,0.15124087,0.5708547,1.3675764,0.20746402,0.35716915,0.5708547
3761.0,58848.426,0.0,0.0,0.0,1.0,0.0,0.0,1.0,0.0,0.0,0.0,0.0,0.0,0.0,0.0,0.0,0.0
774.5708,97633.96,0.052733988,0.0014533773,0.39519215,1.2281938,0.121148154,0.27781647,0.5707942,0.0,0.5707942,0.16243994,0.00071799755,0.5707942,0.42920578,0.5707942,0.02527371,0.0771904
773.4292,52048.473,0.07783018,0.29400948,0.19432451,1.3243996,0.2992428,0.5626098,0.5707962,0.28046864,0.33145934,0.3579144,0.16857785,0.19401649,0.93032444,0.15116596,0.41775018,0.42935365
3621.0,59481.664,0.0,0.0,0.0,1.0,0.0,0.0,1.0,0.0,0.0,0.0,0.0,0.0,0.0,0.0,0.0,0.0
1283.5707,1010.7235,0.27638578,0.3578636,0.57071525,0.97706366,0.22675012,0.25948256,0.57071525,0.13197775,0.57071525,0.0,0.0,0.57071525,1.2786161,0.20902161,0.42870128,0.3314274
3775.6697,6651.9126,0.5707793,0.57020205,0.42934096,0.42922068,0.5707793,0.42934096,0.5707793,0.0,0.119770184,0.42934096,0.18278235,0.34364069,0.42922068,0.07671125,0.42934096,0.5707793
10002.0,14206.162,0.0,0.0,0.0,1.0,0.0,0.0,1.0,0.0,0.0,0.0,0.0,0.0,0.0,0.0,0.0,0.0
229.31734,0.5287642,0.15127409,0.14715427,0.4240113,0.671067,0.37042826,0.20801103,0.57097995,0.49951768,0.57097995,0.0007182285,0.13117379,0.32564658,0.9480934,0.070744045,0.4829505,0.42949188
1281.3728,1003.3142,0.5709069,0.37108588,0.51856345,0.42909312,0.1497994,0.22506887,0.5709069,0.36943036,0.5709069,0.5709069,0.1530242,0.5709069,0.42909312,0.0,0.0,0.5709069
1278.2817,1004.501,0.5709457,0.42721307,0.14219777,0.42905432,0.5709457,0.21438344,0.5709457,0.41839057,0.5709457,0.0023219585,0.5678329,0.5709457,1.069966,0.039749064,0.07224966,0.5709457
2945.0981,2620.4097,0.14668998,0.33421975,0.42407984,1.3185866,0.24932095,0.57011616,0.57093275,0.018175378,0.42906725,0.07224801,0.07073819,0.57093275,0.57093275,0.28572702,0.0,0.013330206
774.5708,1.6963552,0.436459,0.14216006,0.35791314,0.9823438,0.064519435,0.34332997,0.5707942,0.4287749,0.5707942,0.0,0.3008796,0.5707942,0.42920578,0.12571087,0.00071799755,0.032874763
120.48513,101.76973,0.08919454,1.0458442,0.0,0.20696542,0.23979467,0.0,0.5708399,0.20650488,0.5708399,0.18780321,0.16654012,0.21595553,0.0020378754,1.3542686,0.25064778,0.35794175
3312.9739,2346.7148,0.570724,0.36239943,0.49929377,0.7649952,0.17922813,0.42406029,0.570724,0.0007179156,0.89419013,0.570724,0.38022432,0.07071233,0.570724,0.0,0.13512272,0.37889487
6060.009,1431.5605,0.5707188,0.07071169,0.26072603,0.42928118,0.5424415,0.14214128,0.5707188,0.1068317,0.14627886,0.34476668,0.48767674,0.42929548,0.42928118,0.32551283,0.32942253,0.5707188
4992.0,49262.984,0.0,0.0,0.0,1.0,0.0,0.0,1.0,0.0,0.0,0.0,0.0,0.0,0.0,0.0,0.0,0.0
6060.1885,1312.3257,0.57081115,0.014575221,0.050460614,0.42918885,0.14216429,0.14289969,0.57081115,0.11994775,0.15126954,0.075179845,0.40079093,0.14216429,0.42918885,0.4084695,0.32673156,0.57081115
706.25183,46094.76,0.5709126,0.14824903,0.07146333,0.4290874,0.5709126,0.49181366,0.58217627,0.15125617,0.5709126,0.0,0.07073569,0.42455223,0.38956308,0.072245464,0.0007181391,0.07073569
87.93556,31712.463,8574.537,8325.632,8453.215,8547.439,8204.374,8651.064,8475.726,8291.27,8371.894,8536.484,8335.658,8411.761,8602.611,8475.627,8342.714,8344.207
774.5708,18168.1,0.42877495,0.22041872,0.2573232,1.4263151,0.5707943,0.49861342,0.5707943,0.3522091,0.5707943,0.12366683,0.5707943,0.49935526,0.42920572,0.1732654,0.26617816,0.49686992
275.20486,58986.57,0.0,27.811634,206.72353,143.36804,0.0,163.21457,218.37085,99.77202,0.0,172.44658,160.35698,276.79514,0.34817886,85.38571,0.0,207.15005
3379.0608,2524.2742,0.57075447,0.070716105,0.2127428,0.4292455,0.57075447,0.42932227,0.57075447,0.08347048,0.4292455,0.35788822,0.081999816,0.0,0.00071795285,0.26960722,0.39088318,0.57075447
1279.0092,1004.4748,0.27946484,0.07074809,0.4879452,1.2741326,0.12825412,0.0,0.5710126,0.11533686,0.5710126,0.23547983,0.42951643,0.5710126,1.1706969,0.19805288,0.07074809,0.18188828
13713.0,13952.401,0.0,0.0,0.0,1.0,0.0,0.0,1.0,0.0,0.0,0.0,0.0,0.0,0.0,0.0,0.0,0.0
774.5708,2.2160544,0.2501101,0.07072103,0.42935216,1.4952152,0.23550045,0.3548176,0.5707942,0.51693845,0.5707942,0.40175432,0.0,0.5707942,1.4287748,0.35717133,0.0038186312,0.2059615
6659.0,203.543,0.0,0.0,0.0,0.0,1.0,0.0,1.0,0.0,0.0,0.0,0.0,0.0,0.0,0.0,0.0,0.0
6120.0723,832.1562,0.04905062,0.25985345,0.25280082,1.153025,0.2433767,0.26727962,0.5708604,0.49941304,0.31861398,0.4294019,0.28269842,0.341603,1.0638212,0.31337854,0.30897406,0.3249941
3981.0,59089.24,0.0,0.0,0.0,1.0,0.0,0.0,1.0,0.0,0.0,0.0,0.0,0.0,0.0,0.0,0.0,0.0
3342.5728,14081.567,0.5707232,0.42870927,0.13170424,1.4292988,0.5707232,0.44598293,0.5707232,0.5504415,0.21753877,0.07292194,0.41061553,0.29072174,0.9792741,0.0,0.57013375,0.5707232
491.0,88.195,0.0,0.0,0.0,1.0,0.0,0.0,0.0,0.0,1.0,0.0,0.0,0.0,0.0,0.0,0.0,0.0
15011.0,23022.805,0.0,0.0,0.0,1.0,0.0,0.0,1.0,0.0,0.0,0.0,0.0,0.0,0.0,0.0,0.0,0.0
774.57074,38843.438,0.22066918,0.27727792,0.0,0.94285256,0.093186215,0.45955762,0.57071155,0.0,0.57071155,0.0,0.49928287,0.57071155,1.3027263,0.3578613,0.32334706,0.35435918
1042.5151,9086.596,0.5710104,0.0,0.005624667,0.66547245,0.5710104,0.20329282,1.4295148,0.26121584,0.25789037,0.07801906,0.5710104,0.08115574,0.18654737,0.37847754,0.10432064,0.5710104
774.5708,93115.63,0.072270826,0.0,0.07072103,1.4293522,0.2444967,0.088772,0.5707942,0.096663445,0.5707942,0.22740917,0.19464865,0.07475741,0.42920578,0.21981955,0.07148886,0.42935216
10001.0,13403.269,0.0,0.0,0.0,1.0,0.0,0.0,1.0,0.0,0.0,0.0,0.0,0.0,0.0,0.0,0.0,0.0
