SrcBytes,SIntPktMax,Proto_arp,Proto_icmp,Proto_ipv6-icmp,Proto_tcp,Proto_udp,State_CLO,State_CON,State_ECO,State_FIN,State_INT,State_NRS,State_REQ,State_RST,State_TST,State_URH,State_URHPRO
9119.656,908.39374,0.08310413,0.42910692,0.09476553,0.57089305,0.13199905,0.072897136,0.57089305,1.4764254,0.57089305,0.07073328,0.11523929,0.23525643,0.32592008,0.3259742,0.32924327,0.2566378
6120.2856,811.1461,0.35786733,0.57072115,0.0,1.0745534,0.27651116,0.16256557,0.57072115,0.19966772,0.14831565,0.0,0.24816588,0.37838098,1.2850755,0.32354322,0.3531061,0.0
735.358,30030.488,0.5709054,0.35797933,0.46480435,0.95612484,0.5709054,0.42632356,0.3115391,0.0007199198,0.28971806,0.36786628,0.21283668,0.14836045,1.0848614,0.49944893,0.07120494,0.5709054
6120.1943,808.1463,0.058195136,0.35559878,0.0,1.2834588,0.07071368,0.48123506,0.5707349,0.1643695,0.04447791,0.14288059,0.28971183,0.17982192,1.2329868,0.108863495,0.10225045,0.14663807
774.5708,15341.269,0.5707942,0.3503752,0.17638743,1.1813377,0.5707942,0.3405768,0.5707942,0.5609926,0.31941894,0.21436691,0.3548459,0.14586708,1.4392953,0.36952627,0.5579312,0.5707942
85.02305,0.14214188,0.37711173,0.021025605,0.070711985,0.8177562,0.5707212,0.0,0.4292788,0.3008786,0.5707212,0.42728424,0.35786736,0.5707212,0.14441264,0.3651191,0.5707212,0.5707212
84.613014,96922.29,0.57097495,0.42723492,0.57097495,0.42902508,0.57097495,0.4294881,1.0645844,0.57097495,0.3468128,0.4183013,0.330441,0.29419026,0.567862,0.25615788,0.57097495,0.23213756
6119.766,911.4106,0.2347604,0.15482122,0.0,0.8809005,0.35428256,0.5709371,0.5709371,0.48612556,0.49863774,0.07224367,0.419363,0.40120107,0.6029003,0.0,0.0,0.42783865
241.59581,53247.77,0.57077247,0.0,0.5599569,0.42922753,0.57077247,0.2166114,0.4248281,0.0,0.57077247,0.21514067,0.3578995,0.27850008,1.2127495,0.29116035,0.57077247,0.21274956
7735.0,198.338,0.0,0.0,0.0,0.0,1.0,0.0,1.0,0.0,0.0,0.0,0.0,0.0,0.0,0.0,0.0,0.0
2472.7153,22694.977,0.5708407,0.20214343,0.35794228,0.4291593,0.5708407,0.29774448,1.425739,0.5708407,0.35794228,0.3868984,0.11113026,0.14217164,0.020192519,0.0,0.056713752,0.5708407
519.0,9999.394,0.0,0.0,0.0,1.0,0.0,0.0,0.0,0.0,1.0,0.0,0.0,0.0,0.0,0.0,0.0,0.0
1263.5007,203.19868,0.5707715,0.0,0.26081842,1.38623,0.5707715,0.34941167,0.5707715,0.17864448,0.47359234,0.070718214,0.34022725,0.0,0.42922848,0.2251019,0.21661101,0.5707715
665.98413,15234.962,0.5709736,0.04895754,0.47406113,0.45318568,0.5709736,0.0038864985,0.0,0.49727446,0.22708571,0.1866908,0.08148,0.42902642,0.5701568,0.49951202,0.14925256,0.5709736
6120.113,802.0481,0.049181983,0.1966615,0.235192,0.43977556,0.15721083,0.19760737,0.5707487,0.29534137,0.40670168,0.299996,0.19505024,0.07071539,1.3579336,0.11378539,0.48266792,0.36349022
167.09464,49720.65,0.570944,0.22200888,0.42106593,0.42905596,0.570944,0.35580283,1.2777393,0.22132456,0.27997363,0.208058,0.14219737,0.49948627,0.16181497,0.42946485,0.42148083,0.16597119
774.57074,27596.049,0.5707116,0.09585284,0.14291546,1.0563856,0.5707116,0.41851705,0.42929006,0.14461175,0.11616559,0.37827867,0.19090563,0.44741493,0.57070994,0.13313307,0.4992829,0.5707116
828.26263,103.59474,0.57098144,0.429493,0.25152436,0.42901856,0.57098144,0.12633342,0.57098144,0.0,0.49795088,0.070744224,0.429493,0.2605763,0.42901856,0.31749925,0.0,0.57098144
120.146454,0.74558634,0.29667276,0.21669643,0.206523,1.1068883,0.57088995,0.07668586,0.57088995,0.3295976,0.57088995,0.42342025,0.29593137,0.28051823,0.42911005,0.26915747,0.57088995,0.57088995
1282.0615,1003.62317,0.5708514,0.036898598,0.14217429,0.4291486,0.5708514,0.42939514,0.5708514,0.4994052,0.5708514,0.27860957,0.21281956,0.21668176,0.4291486,0.07289182,0.05408655,0.5708514
6119.9023,900.95575,0.5709846,0.07074461,0.2369633,1.355795,0.4937751,0.52806526,0.5709846,0.28736466,0.5709846,0.20487627,0.42949536,0.2570502,0.42901543,0.42949536,0.14587542,0.5709846
5429.0,2982.445,0.0,0.0,0.0,0.0,1.0,0.0,1.0,0.0,0.0,0.0,0.0,0.0,0.0,0.0,0.0,0.0
2887.0374,2820.1785,0.57077247,0.49933618,0.14215463,0.42922753,0.57077247,0.1612387,0.57077247,0.1765124,0.42922753,0.37765753,0.2392743,0.0,0.42933577,0.28041986,0.0,0.57077247
6119.877,831.72064,0.5707332,0.48752734,0.00071792305,1.0357091,0.00071792305,0.32309493,0.5707332,0.07883318,0.5707332,0.29780334,0.0873866,0.24099329,0.4292668,0.0,0.5670316,0.5707332
18659.0,778.778,0.0,0.0,0.0,1.0,0.0,0.0,1.0,0.0,0.0,0.0,0.0,0.0,0.0,0.0,0.0,0.0
9974.0,17209.502,0.0,0.0,0.0,1.0,0.0,0.0,1.0,0.0,0.0,0.0,0.0,0.0,0.0,0.0,0.0,0.0
7489.0,26181.607,0.0,0.0,0.0,1.0,0.0,0.0,1.0,0.0,0.0,0.0,0.0,0.0,0.0,0.0,0.0,0.0
669.75037,11136.878,0.5707831,0.5707831,0.34883672,1.4273305,0.5707831,0.2166154,0.59636295,0.35562867,0.5707831,0.14215729,0.42934376,0.0,0.16089605,0.27935034,0.22341575,0.5707831
1109.5006,13608.237,0.5708775,0.3804443,0.5708775,0.4291225,0.5708775,0.07145894,0.2570789,0.40219867,0.34660298,0.018129587,0.074507065,0.55298173,0.1458481,0.041238055,0.4294148,0.5708775
2869.3105,21921.914,0.5709679,0.4064468,0.23514222,1.4294827,0.5709679,0.35578448,0.4290321,0.42948282,0.22476047,0.5504224,0.014923453,0.24873883,0.35044557,0.2923479,0.44676417,0.5709679
2886.8708,2317.4153,0.57099175,0.0,0.0029497594,0.42900828,0.57099175,0.34968838,0.57099175,0.0068523735,0.42900828,0.42549863,0.0707455,0.0,0.1383775,0.16232134,0.34466818,0.57099175
552.0,59205.258,0.0,0.0,0.0,1.0,0.0,0.0,0.0,0.0,0.0,0.0,0.0,0.0,1.0,0.0,0.0,0.0
2427.5405,22574.947,0.5709119,0.23270561,0.08735956,0.42908815,0.5709119,0.28196523,1.4264435,0.0707356,0.07368165,0.34775737,0.42944065,0.00071814656,0.27445915,0.27711204,0.2752364,0.5709119
774.5708,0.63464475,0.5707942,0.022908688,0.4058019,0.42920578,0.5707942,0.2799864,0.5707942,0.27634573,0.4751966,0.5691931,0.15634757,0.0,0.85458523,0.050018393,0.35791314,0.5707942
2928.7146,2569.7478,0.5709298,0.40867913,0.47241652,0.42907017,0.5709298,0.1884976,0.5709298,0.53985786,0.79373825,0.42945415,0.42945415,0.5709298,0.07616947,0.40150452,0.110037796,0.5709298
12128.0,1069.184,0.0,0.0,0.0,0.0,1.0,0.0,1.0,0.0,0.0,0.0,0.0,0.0,0.0,0.0,0.0,0.0
171.68765,23424.229,0.5708866,0.15547085,0.3571891,0.4291134,0.5708866,0.071460076,1.499436,0.25610593,0.14218307,0.5700701,0.00071811676,0.42394194,0.42942166,0.324443,0.4103504,0.5708866
3326.241,34538.344,0.57071966,0.35786638,0.07674822,0.42928034,0.57071966,0.14214149,0.05116401,0.08017285,0.57071966,0.15713629,0.2744752,0.072915316,0.42928034,0.35713544,0.0,0.57071966
260.43637,53248.28,0.57077754,0.17864981,0.38465008,0.42922243,0.57077754,0.42933962,0.0007179752,0.07071897,0.57077754,0.21718562,0.4277386,0.34821466,0.42922243,0.072922714,0.21514261,0.57077754
540.0,39970.895,1.0,0.0,0.0,0.0,0.0,0.0,0.0,0.0,0.0,1.0,0.0,0.0,0.0,0.0,0.0,0.0
774.3453,15468.255,0.5707915,0.16199574,0.06389127,0.4292085,0.5707915,0.1444304,0.5707915,0.23881823,0.5702142,0.3050397,0.33687755,0.49935284,0.4292085,0.0084658265,0.0050769895,0.5707915
7481.0,34014.258,0.0,0.0,0.0,1.0,0.0,0.0,1.0,0.0,0.0,0.0,0.0,0.0,0.0,0.0,0.0,0.0
2929.084,2220.9805,0.57075614,0.40555435,0.23562638,0.42924386,0.57075614,0.32879817,0.57075614,0.4273104,0.42924386,0.21961798,0.17376383,0.49932188,0.39672053,0.33973038,0.00071795285,0.57075614
6120.062,829.21466,0.0,0.12691635,0.23306543,0.8706261,0.5663556,0.22618192,0.5708512,0.07072809,0.14634502,0.2671626,0.20600685,0.42547503,0.81252134,0.0033586696,0.43504372,0.21137741
774.57086,19107.865,0.5708761,0.21761264,0.0,1.5684404,0.5708761,0.06455119,0.5708761,0.042589687,0.30596155,0.2051826,0.4223413,0.10874508,0.42912388,0.0,0.4522766,0.5708761
1274.2693,1005.95496,0.57084024,0.49861345,0.22217947,0.4291598,0.57084024,0.42938676,0.57084024,0.34907326,0.57084024,0.3969718,0.081925966,0.27507362,0.4291598,0.21993521,0.29412484,0.57084024
859.5705,7041.0337,0.57102126,0.39579928,0.57102126,0.42897874,0.57102126,0.4230203,0.7774533,0.31715778,0.31503335,0.0800169,0.23535797,0.0,0.35805547,0.2658791,0.22746426,0.57102126
1517.7363,23926.23,0.57083577,0.21362832,0.4993916,0.4291642,0.57083577,0.0014938787,0.42713085,0.3687229,1.2423363,0.0,0.2512432,0.30464008,0.4814072,0.4057673,0.0757219,0.57083577
2870.7258,2613.2417,0.5708407,0.43696356,0.49939585,0.4291593,0.5708407,0.34473306,0.5708407,0.28568095,0.4291593,0.16644865,0.42938712,0.083290294,0.46018022,0.0,0.15621543,0.5708407
6059.9624,1436.0884,0.5708478,0.14217368,0.4263796,0.9216783,0.38786897,0.35035697,0.5708478,0.0,0.4293925,0.5708478,0.064555146,0.4293925,0.9751749,0.20601049,0.14584067,0.5708478
4133.968,6655.728,0.5707707,0.10507673,0.16568187,0.42922932,0.5707707,0.0029889122,0.5707707,0.33094582,0.0,0.1389828,0.14215419,0.32954708,1.423291,0.23545626,0.4037548,0.5707707
683.24664,12158.961,0.5710015,0.20727855,0.49875444,0.42899847,0.5710015,0.34388417,1.2857615,0.42639494,0.34321856,0.4063589,0.07074671,0.39945793,0.557977,0.32040492,0.2849236,0.5710015
3313.5703,2413.5955,0.57078326,0.07148749,0.1373118,1.0052996,0.57078326,0.57078326,0.57078326,0.0,0.7237687,0.33831453,0.4993456,0.57078326,0.57078326,0.20706914,0.2778833,0.57078326
6120.125,897.5997,0.5707116,0.0007178858,0.26264095,0.4292884,0.13772361,0.14213946,0.5707116,0.07226022,0.5707116,0.42343324,0.3934375,0.20000066,0.4292884,0.2233013,0.17152445,0.5707116
7489.0,29008.623,0.0,0.0,0.0,1.0,0.0,0.0,1.0,0.0,0.0,0.0,0.0,0.0,0.0,0.0,0.0,0.0
14644.0,994.123,0.0,0.0,0.0,0.0,1.0,0.0,1.0,0.0,0.0,0.0,0.0,0.0,0.0,0.0,0.0,0.0
6060.2393,1311.4794,0.5707345,0.42560557,0.42560557,1.4196714,0.2703524,0.2754338,0.5707345,0.22370034,0.0,0.4494076,0.075211056,0.20522934,1.1893549,0.002988726,0.26689717,0.5707345
16239.0,43065.02,0.0,0.0,0.0,1.0,0.0,0.0,1.0,0.0,0.0,0.0,0.0,0.0,0.0,0.0,0.0,0.0
60.0,88960.05,1.0,0.0,0.0,0.0,0.0,0.0,1.0,0.0,0.0,0.0,0.0,0.0,0.0,0.0,0.0,0.0
830.1196,132.49353,0.57099605,0.2857587,0.27549344,0.86370206,0.57099605,0.1467924,0.57099605,0.42950395,0.34018666,0.0,0.2559131,0.10527617,0.42900398,0.57099605,0.42950395,0.57099605
1283.5824,1005.1719,0.5708937,0.22610478,0.012754999,0.915301,0.5708937,0.080499046,0.5708937,0.35797548,0.5708937,0.07523112,0.42942697,0.18205285,0.4291063,0.44910532,0.13345136,0.5708937
6232.0,29008.584,0.0,0.0,0.0,1.0,0.0,0.0,1.0,0.0,0.0,0.0,0.0,0.0,0.0,0.0,0.0,0.0
254.82536,53248.17,0.57080334,0.070722155,0.21662313,1.4233154,0.57080334,0.3503849,0.11782587,0.43559211,0.57080334,0.5702261,0.5371017,0.15126747,1.247964,0.44072992,0.57080334,0.3532917
120.0,39679.76,1.0,0.0,0.0,0.0,0.0,0.0,1.0,0.0,0.0,0.0,0.0,0.0,0.0,0.0,0.0,0.0
6120.363,811.1403,0.4234775,0.27940047,0.0729066,0.6978229,0.0,0.18026146,0.5709672,0.0,0.42388618,0.0,0.013633035,0.24649885,0.5004935,0.14587098,0.0007182136,0.07772647
6119.64,847.74854,0.5708958,0.070733614,0.4223969,0.8769053,0.0007181242,0.09962305,0.5708958,0.36825335,0.5708958,0.29058394,0.14441651,0.083392836,0.4291042,0.21358082,0.49866205,0.5708958
517.4504,28928.094,0.5709088,0.073792815,0.5709088,0.42909122,0.5709088,0.5203112,0.42550096,0.4994819,0.5709088,0.35801145,0.09669789,1.4294384,0.26921412,0.16368991,0.30444103,0.0
222.42932,29006.738,0.57074314,0.35788053,0.5596897,0.42925686,0.57074314,0.14585362,0.070714995,0.13568918,0.57074314,0.0,0.4016176,1.2247274,0.15547669,0.3919074,0.0029884428,0.44857794
3626.0,10243.876,0.0,0.0,0.0,1.0,0.0,0.0,1.0,0.0,0.0,0.0,0.0,0.0,0.0,0.0,0.0,0.0
6119.999,898.9265,0.5709207,0.14632714,0.15828735,1.4088572,0.22642171,0.49946585,0.5709207,0.0707367,0.5709207,0.49946585,0.42863065,0.168147,0.4290793,0.07290066,0.32523623,0.5709207
120.0,37120.22,1.0,0.0,0.0,0.0,0.0,0.0,1.0,0.0,0.0,0.0,0.0,0.0,0.0,0.0,0.0,0.0
3312.8884,2678.6467,0.5708658,0.15522933,0.5470234,0.4291342,0.5708658,0.23516554,0.5708658,0.00071808696,0.4291342,0.0,0.35055727,0.1582093,0.25790945,0.5708658,0.12505561,0.5708658
199.01683,53247.727,0.5709888,0.3811748,0.46668026,0.4290112,0.5709888,0.19527024,0.54161364,0.23242918,0.5709888,0.16975895,0.2857551,0.5709888,0.4290112,0.49952543,0.4965018,0.5709888
9180.11,847.43524,0.07470328,1.3453,0.21963605,0.57101345,0.17193204,0.16321203,0.57101345,1.1645527,0.57101345,0.07074819,0.42951706,0.4063749,0.42951706,0.112720825,0.34313348,0.42951706
1279.1542,1007.01587,0.57085615,0.14217547,0.28193772,0.42914388,0.57085615,0.35717005,0.57085615,0.27633914,0.57085615,0.49940935,0.35571492,0.57085615,0.79630023,0.57085615,0.3479681,0.2323196
3313.06,2302.1963,0.5708088,0.12151379,0.2848803,0.42919114,0.5708088,0.5280594,0.5708088,0.0,0.73444724,0.14443478,0.49936798,0.0,0.5708088,0.17860493,0.27961752,0.07149068
854.2727,7061.935,0.57089067,0.07073298,0.1463156,0.7945106,0.57089067,0.17218634,0.4291093,0.14218408,0.18850875,0.1906426,0.14585143,0.19871289,0.08315432,0.2873174,0.4906869,0.57089067
120.0,37887.85,1.0,0.0,0.0,0.0,0.0,0.0,1.0,0.0,0.0,0.0,0.0,0.0,0.0,0.0,0.0,0.0
2862.5974,3360.7312,0.57091886,0.24416846,0.40094453,0.42908114,0.57091886,0.26851282,0.57091886,0.034173615,0.42944592,0.36143142,0.08038295,0.42857015,0.65236604,0.28001988,0.0,0.57091886
2960.9456,2574.6665,0.5707442,0.28807014,0.33823314,1.3169993,0.5707442,0.07071483,0.5707442,0.14618778,0.42925578,0.27543858,0.076747864,0.42873734,0.054858953,0.42931455,0.006391242,0.5707442
3436.4292,6655.02,0.57083327,0.4279556,0.0,0.42916673,0.57083327,0.35342595,0.57083327,0.20500728,0.49351642,0.29551667,0.41088375,0.15185544,0.42916673,0.21606904,0.32252505,0.57083327
120.0,39920.08,1.0,0.0,0.0,0.0,0.0,0.0,1.0,0.0,0.0,0.0,0.0,0.0,0.0,0.0,0.0,0.0
774.5708,43187.35,0.5707743,0.27368388,0.36601895,1.2445234,0.5707743,0.30913857,0.1453217,0.48114875,0.23782423,0.21436062,0.07467731,0.002983898,0.42922568,0.2806445,0.35789752,0.5707743
18965.0,58136.44,0.0,0.0,0.0,1.0,0.0,0.0,1.0,0.0,0.0,0.0,0.0,0.0,0.0,0.0,0.0,0.0
3313.4993,2182.6548,0.5707489,0.24823056,0.15334056,0.42925107,0.5707489,0.5406799,0.5707489,0.56643873,0.42925107,0.0,0.26330876,0.3790273,0.07071541,0.42730492,0.4904818,0.5707489
156.37372,50050.793,0.57080495,0.30285513,0.21276164,0.42919502,0.57080495,0.37611374,0.44265264,0.14216274,1.570805,0.0014534071,0.28258032,0.57080495,0.57080495,0.070722364,0.42632312,0.07292623
10418.0,4935.78,0.0,0.0,0.0,0.0,1.0,0.0,1.0,0.0,0.0,0.0,0.0,0.0,0.0,0.0,0.0,0.0
787.73346,128.71141,0.5707658,0.31732798,0.5707658,0.4292342,0.5707658,0.0,0.5707658,0.23786688,0.28421223,0.5707658,0.28588253,0.3578953,0.4292342,0.3268286,0.2872954,0.5707658
119.644615,100.73154,0.57091683,0.6420107,0.07073622,0.41212252,0.57091683,0.57091683,0.57091683,0.22961926,0.57091683,0.2034339,0.13428763,0.42944437,0.0,0.42908317,0.34982142,0.139056
774.21893,2055.3447,0.5708374,0.28338352,0.07072637,0.84542966,0.35570315,0.1555528,0.5708374,0.27110937,0.0063080788,0.49939287,0.00071804225,0.34378144,0.42916265,0.14217079,0.46851072,0.10162895
1280.0223,1007.1982,0.57076496,0.49858773,0.34780085,0.42923504,0.57076496,0.22489035,0.57076496,0.19226426,0.57076496,0.0707174,0.38750726,0.57076496,1.4287527,0.57076496,0.18699008,0.57076496
1277.933,1007.0697,0.5710261,0.0756161,0.02906219,0.4289739,0.5710261,0.28113157,0.5710261,0.20834553,0.5710261,0.27969497,0.16795453,0.35091722,0.4289739,0.046098,0.12711921,0.5710261
6120.4272,909.96747,0.5710114,0.20200095,0.07670218,1.3088967,0.5710114,0.39003074,0.5710114,0.14444575,0.28737816,0.42951557,0.28347,0.15180004,0.42898855,0.3350211,0.21963459,0.5710114
2957.0,5698.851,0.0,0.0,0.0,1.0,0.0,0.0,0.0,0.0,1.0,0.0,0.0,0.0,0.0,0.0,0.0,0.0
120.008156,100.702415,0.57073295,0.92160106,0.35787472,0.2836108,0.57073295,0.15241218,0.57073295,0.13921255,0.57073295,0.30093858,0.0,0.57073295,0.57073295,1.0644749,0.49930158,0.57073295
1279.8455,1003.81726,0.5709126,0.07289961,0.30777875,0.4290874,0.5709126,0.4286246,0.5709126,0.20021537,0.5709126,0.19246522,0.24628001,0.5709126,0.94768083,0.0,0.07289961,0.5709126
120.25096,100.65443,0.5708922,0.79252267,0.49944097,0.35719234,0.5708922,0.42942557,0.5708922,0.35719234,0.5708922,0.071460955,0.13612744,0.5708922,0.37220424,0.42910776,0.14218462,0.4129986
498.0,59012.348,0.0,0.0,0.0,1.0,0.0,0.0,0.0,0.0,1.0,0.0,0.0,0.0,0.0,0.0,0.0,0.0
552.0,59126.848,0.0,0.0,0.0,1.0,0.0,0.0,0.0,0.0,0.0,0.0,0.0,0.0,1.0,0.0,0.0,0.0
147.66853,55179.98,0.57100666,0.34068787,0.12397486,1.1438841,0.57100666,0.42951193,0.57100666,0.24520767,0.21763262,0.40963498,0.35400188,1.4934967,0.57100666,0.3249328,0.34989023,0.24013147
764.729,132.81865,0.5709945,0.14522749,0.35201412,0.42900547,0.5709945,0.42950282,0.5709945,0.26910633,0.28736964,0.0,0.24429572,0.37133417,0.42900547,0.3770213,0.3849647,0.5709945
2936.8665,2222.7107,0.57071525,0.57071525,0.0007179007,0.42928475,0.57071525,0.045438282,0.57071525,0.36060202,0.42928475,0.42929274,0.30753732,0.3578636,0.089518294,0.18273446,0.57071525,0.57071525
6119.788,880.3896,0.095748425,0.18463367,0.0,0.76324844,0.14892724,0.30410308,0.5708612,0.24460423,0.5708612,0.09770024,0.07072933,0.21814066,0.42913878,0.16341422,0.35795516,0.5708612
3312.9214,2558.7395,0.5709425,0.3701312,0.18516333,0.42905748,0.5709425,0.0,0.5709425,0.2167164,0.42905748,0.3549828,0.34912246,0.07917844,0.2576816,0.5709425,0.0014941692,0.5709425
1364.4973,1024.3909,0.57096595,0.0,0.28574356,0.42903405,0.57096595,0.4759836,0.57096595,0.3029354,0.12942883,0.14587453,0.37235805,0.23711136,1.5709659,0.57096595,0.11494813,0.57096595
1183.6631,17710.285,0.57080793,0.22633669,0.21437207,0.42919204,0.57080793,0.28731608,0.2547684,0.39582947,0.19335812,0.004812397,0.18772581,1.1904088,0.07671508,0.29057956,0.20675424,0.57080793
6120.3477,868.8024,0.5709175,0.35642242,0.40532577,0.4290825,0.33946288,0.4963308,0.5709175,0.17218928,0.5709175,0.27053183,0.28053164,0.49946302,0.4290825,0.0,0.30146992,0.5709175
6059.8257,1481.3799,0.5709615,0.04642082,0.29803696,0.42903855,0.5701448,0.28574136,0.5709615,0.240475,0.5709615,0.07146944,0.038678303,0.07842847,0.42903855,0.00071820617,0.42947796,0.5709615
180.0,24063.932,1.0,0.0,0.0,0.0,0.0,0.0,1.0,0.0,0.0,0.0,0.0,0.0,0.0,0.0,0.0,0.0
6120.02,923.5318,0.2458773,0.0014938787,0.0004588291,1.4993929,0.42732805,0.0014938787,0.57083726,0.3288115,0.124347895,0.28811818,0.5700208,0.37543842,1.1843857,0.32618663,0.2215291,0.07223594
6060.429,942.284,0.42384332,0.21512736,0.35794443,0.77476394,0.044624917,0.33482677,0.5708442,0.48154098,0.23941192,0.047509186,0.4200585,0.28729397,1.0362312,0.39671093,0.29820067,0.42938972
6120.3486,891.4137,0.57101226,0.23254614,0.41415805,1.2512418,0.27210397,0.4295162,0.57101226,0.0,0.15185538,0.22694303,0.57101226,0.19099149,0.42898774,0.29961473,0.070748046,0.57101226
6119.521,857.349,0.09016994,0.24308634,0.25987974,1.0191902,0.07074521,0.0,0.5709864,0.0,0.0,0.55142707,0.12670168,0.0,0.8663707,0.35563934,0.4123804,0.38778183
426.09592,13183.311,0.5709224,0.021680027,0.33002302,0.4290776,0.5709224,0.3459995,0.7277363,0.008073561,0.5709224,0.072900884,0.22312644,0.14219198,0.2534986,0.011080742,0.07073691,0.0029494166
540.0,39961.188,1.0,0.0,0.0,0.0,0.0,0.0,0.0,0.0,0.0,1.0,0.0,0.0,0.0,0.0,0.0,0.0
2944.6697,2114.0693,0.57086533,0.32090127,0.27263308,1.1471194,0.57086533,0.41439277,0.57086533,0.42784494,0.42913467,0.23844996,0.18649101,0.57086533,0.4963944,0.3518188,0.57086533,0.57086533
327.0,51661.957,0.0,0.0,0.0,1.0,0.0,0.0,0.0,0.0,1.0,0.0,0.0,0.0,0.0,0.0,0.0,0.0
867.1552,7044.936,0.5709425,0.034641437,0.4272107,0.7980815,0.5709425,0.2306049,1.5709425,0.17920674,0.0007181838,0.21438226,0.32771504,0.07523756,0.32313335,0.5709425,0.5709425,0.5709425
6120.3516,804.8079,0.0,0.35715654,0.0,1.0369275,0.42938998,0.37242725,0.57084453,0.4071869,0.07072726,0.35426554,0.33701006,0.0,1.0070585,0.43890604,0.32471082,0.31007788
774.282,4581.747,0.57099277,0.19347987,0.070745625,0.42900726,0.57099277,0.0,0.57099277,0.4279405,0.15531754,0.020246744,0.2087309,0.42638844,1.4272484,0.0038448125,0.17012574,0.57099277
2353.429,23078.408,0.5710067,0.31285313,0.5710067,0.4289933,0.5710067,0.38223675,0.64195365,0.49954107,0.429512,0.5710067,0.49954107,0.3516672,0.06584325,0.30833676,0.18042254,0.5710067
1277.994,1008.21533,0.5707919,0.07148856,0.40614843,1.3534125,0.5707919,0.079189114,0.5707919,0.00071799755,0.5707919,0.008031331,0.22534269,0.5707919,0.99621534,0.002280958,0.0,0.5707919
9299.886,756.39453,0.4295055,0.15680054,0.08480144,0.5709981,0.6419946,0.0,0.5709981,0.00071717054,0.5709981,1.0134003,0.07772393,0.07993581,0.037750013,0.5709981,0.14935705,0.0
3379.5708,2396.6396,0.57083327,0.27139145,0.57021844,0.42916673,0.57083327,0.2062177,0.57083327,0.2927295,0.42916673,0.13557196,0.027909122,0.32701483,0.54964167,0.0022352114,0.47305924,0.57083327
120.0,29696.133,1.0,0.0,0.0,0.0,0.0,0.0,1.0,0.0,0.0,0.0,0.0,0.0,0.0,0.0,0.0,0.0
6119.8623,842.11664,0.5709224,0.41471413,0.28972542,0.6670708,0.42706028,0.009489305,0.5709224,0.23889956,0.5709224,0.41525576,0.07073691,0.42944857,0.4290776,0.12100526,0.14442323,0.5709224
724.13354,109.01688,0.5707434,0.5701662,0.35788128,0.4292566,0.5707434,0.24576142,0.5707434,0.2564678,0.21273872,0.27342018,0.4640877,0.2469132,0.4292566,0.52986526,0.36747333,0.5707434
774.57086,2186.2302,0.5708761,0.5675924,0.4294138,1.2074432,0.5708761,0.3571527,0.5708761,0.4871738,0.15159978,0.4294138,0.26238328,0.14440826,1.4285698,0.019856878,0.5667884,0.5708761
6120.42,899.6564,0.57088184,0.42259413,0.0068928525,0.9390888,0.42238653,0.28380692,0.57088184,0.3579681,0.57088184,0.42537457,0.5305492,0.21669334,1.2156464,0.0,0.3626756,0.57088184
120.42932,102.30446,0.5707556,0.7148906,0.48215687,0.07071624,0.5707556,0.06447699,0.5707556,0.00071795285,0.5707556,0.26652497,0.3503134,0.5707556,0.4293231,1.565481,0.5457598,0.4293231
615.34924,5005.76,0.57074034,0.22309068,0.42315334,0.9427448,0.57074034,0.42645568,0.49315435,0.48926103,0.57074034,0.15971905,0.57018065,0.42875198,1.4293116,0.21403587,0.19210541,0.3580361
200.49895,53247.93,0.5708206,0.21594825,0.14216663,0.42917937,0.5708206,0.49529293,0.4947916,0.35425672,0.5708206,0.429372,0.35569277,0.21433648,0.42917937,0.11424903,0.2225565,0.30967507
1283.5708,1005.08746,0.57091165,0.4294405,0.35339275,0.42908835,0.57091165,0.08006687,0.57091165,0.5654418,0.57091165,0.07073558,0.35719988,0.03838402,0.42908835,0.4294405,0.091468565,0.57091165
4169.7207,25671.377,0.57099,0.19869041,0.46848997,0.42900997,0.57099,0.002949737,0.57099,0.17124385,0.57099,0.55649984,0.25051135,0.14444032,0.42900997,0.0037776157,0.0,0.57099
2354.0254,22749.66,0.570901,0.081794344,0.08324988,0.42909902,0.570901,0.4876552,0.8860184,0.12203859,0.15066987,0.2881503,0.33831915,0.19499686,0.1519662,0.0,0.5677883,0.570901
17445.0,34051.8,0.0,0.0,0.0,1.0,0.0,0.0,1.0,0.0,0.0,0.0,0.0,0.0,0.0,0.0,0.0,0.0
540.0,39917.695,1.0,0.0,0.0,0.0,0.0,0.0,0.0,0.0,0.0,1.0,0.0,0.0,0.0,0.0,0.0,0.0
9990.0,15803.18,0.0,0.0,0.0,1.0,0.0,0.0,1.0,0.0,0.0,0.0,0.0,0.0,0.0,0.0,0.0,0.0
6232.0,28987.932,0.0,0.0,0.0,1.0,0.0,0.0,1.0,0.0,0.0,0.0,0.0,0.0,0.0,0.0,0.0,0.0
120.0,50688.156,1.0,0.0,0.0,0.0,0.0,0.0,1.0,0.0,0.0,0.0,0.0,0.0,0.0,0.0,0.0,0.0
3736.0,58943.312,0.0,0.0,0.0,1.0,0.0,0.0,1.0,0.0,0.0,0.0,0.0,0.0,0.0,0.0,0.0,0.0
7501.0,33449.547,0.0,0.0,0.0,1.0,0.0,0.0,1.0,0.0,0.0,0.0,0.0,0.0,0.0,0.0,0.0,0.0
6119.9004,829.38074,0.29173347,0.41467804,0.5710155,1.1856982,0.14834954,0.041698307,0.5710155,0.36113304,0.013481319,0.2002008,0.29855877,0.2911696,1.4270886,0.14375375,0.0007182807,0.07381062
3313.2756,1986.5381,0.57097846,0.33424023,0.35802865,1.4168539,0.57097846,0.28252247,0.57097846,0.48279515,0.42902154,0.49492845,0.4286741,0.4234859,0.48823735,0.36359534,0.1320189,0.57097846
613.64514,15228.2705,0.5708067,0.16962664,0.5708067,0.9036615,0.5708067,0.07072257,1.0625576,0.42936152,0.5708067,0.5708067,0.22067362,0.38868624,0.0,0.13728195,0.42878422,0.07072257
748.19574,4.013576,0.2289347,0.46113455,0.42866504,0.42903352,0.5709665,0.002949603,0.070742376,0.0,1.4505064,0.2857439,0.49793768,0.29071546,0.49872375,0.20955801,0.071470074,0.49950588
207.37659,53248.105,0.570734,0.0047580376,0.002988726,0.42926598,0.570734,0.570734,0.35787538,0.49616978,0.570734,0.42872968,0.13068315,0.0,0.42926598,0.1695179,0.14214507,0.005421251
14364.0,2102.81,0.0,0.0,0.0,0.0,1.0,0.0,1.0,0.0,0.0,0.0,0.0,0.0,0.0,0.0,0.0,0.0
6059.7876,901.4184,0.42986795,0.07071706,0.01825171,0.4292378,0.28588077,0.23105463,0.57076216,0.0,0.57076216,0.019981027,0.49704334,0.39170817,0.85687375,0.13228282,0.42875084,0.25642437
3313.5708,2388.0095,0.57083327,0.07786023,0.5660498,0.42916673,0.57083327,0.3845613,0.57083327,0.42938155,1.3579376,0.25036728,0.31934267,0.57083327,0.07374673,0.34800303,0.15869737,0.57083327
9300.286,681.61414,0.0,0.42639467,0.4995362,0.5710011,0.97836816,0.27529535,0.5710011,0.0,0.5710011,1.236339,0.3634582,0.26355258,0.5710011,0.17692149,0.5570054,0.0007182583
120.0,45360.297,1.0,0.0,0.0,0.0,0.0,0.0,1.0,0.0,0.0,0.0,0.0,0.0,0.0,0.0,0.0,0.0
9179.724,643.65826,0.13334472,1.3580377,0.34778535,0.57099277,0.31523165,0.0,0.57099277,1.0070567,0.23931146,0.4295015,0.280002,0.34190264,0.57099277,0.4295015,0.21165341,0.57099277
2863.1711,2147.0667,0.5707157,0.34160697,0.34002763,1.1286582,0.5707157,0.41355413,0.5707157,0.21181582,0.42928427,0.21118148,0.2471386,0.4292931,0.5707157,0.4901231,0.4199037,0.5707157
874.5005,7045.2056,0.5710058,0.0029498488,0.081802666,0.42899418,0.5710058,0.14221275,1.3580458,0.12761718,0.49627793,0.14221275,0.35726374,0.06499457,0.5710058,0.5710058,0.21287723,0.5710058
1279.2073,1005.8552,0.5708022,0.18638912,0.09317042,0.42919782,0.5708022,0.07922834,0.5708022,0.5306004,0.5708022,0.40313706,0.0068523735,0.30570996,0.42919782,0.5708022,0.072925866,0.5708022
3313.3945,2099.4626,0.57075447,0.25555786,0.49704313,0.74557936,0.57075447,0.12156252,0.57075447,0.11250476,1.0015024,0.41138223,0.47827217,0.57075447,0.071483865,0.49704313,0.3078632,0.57075447
850.3031,3552.1072,0.5707715,0.42933506,0.05721821,0.42922848,0.5707715,0.13501094,0.28185534,0.0,1.5707715,0.017124489,0.4133575,0.22285388,0.28812528,0.28339094,0.42933506,0.5707715
5552.0,660.543,0.0,0.0,0.0,0.0,1.0,0.0,1.0,0.0,0.0,0.0,0.0,0.0,0.0,0.0,0.0,0.0
508.84003,15235.359,0.5707838,0.060736306,0.0,1.2486588,0.3485456,0.30619723,1.3047539,0.2582875,0.21350938,0.1263774,0.07071974,0.49851894,0.44779986,0.25976375,0.34156853,0.3067395
592.15735,26624.059,0.57079613,0.26520485,0.47687787,1.242305,0.57079613,0.49644756,0.35791433,0.35791433,0.57079613,0.2151496,0.57079613,0.5596094,0.41400856,0.15701598,0.3645205,0.57079613
120.42718,0.36432663,0.42343566,0.44532034,0.10162922,1.0195547,0.5709121,0.42944086,0.20075554,0.02409494,0.5709121,0.14296515,0.28571674,0.5709121,0.42908788,0.55240536,0.5709121,0.07073564
760.3416,9088.503,0.57080984,0.35718116,0.0,0.88282895,0.57080984,0.07072297,1.2859048,0.14289936,0.07149082,0.31548908,0.0,0.07072297,0.18082078,0.56174064,0.26913685,0.57080984
2905.3586,23526.303,0.5709055,0.20882916,0.27194628,0.42909446,0.5709055,0.0,1.4224039,0.19384506,0.071462445,0.29272392,0.44323984,0.21898746,0.3610635,0.5709055,0.3651131,0.5709055
785.4994,106.247025,0.5708658,0.35572088,0.18489642,0.4291342,0.5708658,0.14217788,0.5708658,0.10733646,0.42308122,0.49941784,0.29413974,0.12292725,0.4291342,0.04228884,0.35795802,0.5708658
794.57074,99.650665,0.5707157,0.27550012,0.32744956,0.42928427,0.5707157,0.5707157,0.5707157,0.4292931,0.4356072,0.55760413,0.3511275,0.1914548,0.42928427,0.08495955,0.0030294433,0.5707157
3313.5642,2151.0261,0.5709559,0.3785224,0.34845906,1.3346094,0.5709559,0.0,0.5709559,0.17062196,1.5709559,0.18932503,0.5709559,0.5709559,0.25104618,0.32696953,0.09452966,0.5709559
6119.736,836.8809,0.3557902,0.073805645,0.4272365,1.2857492,0.5229819,0.23335475,0.57097703,0.08119269,0.45082197,0.20167434,0.35109034,0.0,1.1374798,0.2970574,0.15388705,0.3886354
774.5708,1.1262763,0.5707942,0.14216006,0.21959129,1.4993552,0.5707942,0.4862562,0.5707942,0.549934,0.42935216,0.0,0.24625322,0.34597957,1.4486783,0.073741585,0.19882831,0.5707942
2945.4292,2570.8716,0.57083327,0.13205233,0.3543733,0.42916673,0.07227154,0.36301616,0.57083327,0.071485974,0.42916673,0.42870143,0.5701532,0.22441411,0.23678264,0.21032605,0.14589348,0.57083327
774.06366,6998.8306,0.570944,0.23030859,0.11906285,0.42905596,0.570944,0.49948627,0.42946485,0.35800707,0.5701274,0.33977056,0.14721304,0.232768,0.42905596,0.41950393,0.0,0.570944
2879.2795,2274.207,0.57084286,0.21917105,0.083402,1.5593754,0.57084286,0.35345712,0.57084286,0.57084286,1.3090467,0.20628574,0.25606638,0.16311887,0.57084286,0.33563516,0.36952338,0.57084286
1879.0,13.664,0.0,0.0,0.0,0.0,1.0,0.0,1.0,0.0,0.0,0.0,0.0,0.0,0.0,0.0,0.0,0.0
9299.603,617.2908,0.0,0.4293536,0.3779061,0.57079613,1.4293536,0.27389243,0.57079613,0.21275827,0.57079613,0.6471765,0.3449385,0.30461866,0.57079613,0.26606646,0.19733176,0.35791427
3312.959,2349.5383,0.5707489,0.31232142,0.2985602,0.42925107,0.5707489,0.0,0.5707489,0.0,0.9099174,0.11808182,0.3578847,0.5707489,0.27940655,0.35244572,0.0,0.07071541
1278.0045,1005.992,0.57078815,0.0007179901,0.0926863,1.4970726,0.57078815,0.0,0.57078815,0.09287336,0.57078815,0.41841272,0.0,0.57078815,0.42921183,0.0014533699,0.39746138,0.57078815
229.02315,0.823176,0.0,0.42505926,0.40870208,1.4057572,0.570762,0.14215203,0.499327,0.076188326,0.570762,0.21905632,0.20591228,0.4082697,0.42923802,0.28807908,0.36815137,0.29059786
2937.0652,2399.9927,0.5707785,0.5707785,0.40850985,0.42922148,0.5707785,0.29464594,0.5707785,0.35085195,0.42922148,0.2891466,0.18717453,0.07148689,0.23993325,0.38228452,0.016605698,0.5707785
120.11817,102.0603,0.570739,1.5444736,0.42931062,0.0007176548,0.570739,0.21604085,0.570739,0.14214602,0.570739,0.21750614,0.20645678,0.53267896,0.0014527813,0.9744596,0.1322708,0.570739
6060.023,1482.4733,0.5710109,0.319396,0.031484537,0.81699556,0.49348518,0.358049,0.5710109,0.1453407,0.56944984,0.27548817,0.29417267,0.26708785,0.87862885,0.358049,0.0007182732,0.5710109
774.57086,37192.1,0.5708761,0.3227709,0.07073118,0.42912388,0.5708761,0.4294138,0.5708761,0.11834621,0.49940175,0.48974597,0.27205777,0.22538479,0.42912388,0.4294138,0.4654652,0.5708761
171.59314,31616.434,0.57082015,0.13655296,0.08969592,0.78878886,0.42711917,0.4157522,0.74105257,0.35569248,0.28089252,0.49122784,0.4964039,0.49062636,0.33948836,0.07072424,0.14977667,0.39017826
1278.3534,1020.35266,0.57082593,0.17030123,0.27965942,0.42917407,0.57082593,0.00071802735,0.57082593,0.347726,0.57082593,0.1475344,0.3067159,0.4952974,0.42917407,0.29355505,0.429376,0.57082593
206.1376,53247.28,0.57088953,0.11968731,0.0068929642,1.4986567,0.57088953,0.37922484,0.2743044,0.1675281,0.57088953,0.4542443,0.07289668,0.27677315,0.42911047,0.07073284,0.57088953,0.57088953
776.14685,6111.107,0.5708571,0.33198565,0.11264189,0.42914292,0.5708571,0.43946016,0.5580971,0.0444529,0.009699799,0.5708571,0.5708571,0.14823464,0.5791958,0.27801937,0.1421757,0.5708571
425.0,9.832,0.0,0.0,0.0,1.0,0.0,0.0,0.0,0.0,1.0,0.0,0.0,0.0,0.0,0.0,0.0,0.0
774.5708,15817.426,0.5707942,0.5683661,0.28589684,0.42920578,0.5707942,0.20466548,0.5707942,0.36599633,0.05721706,0.42935216,0.0053825676,0.17595273,0.48705757,0.14216006,0.09631896,0.5707942
774.5708,1.6068461,0.5707943,0.07292486,0.08284154,1.4277511,0.5707943,0.106220834,0.5707943,0.42935222,0.22588831,0.31878945,0.33232492,0.3488437,0.42920572,0.28970268,0.40604466,0.5707943
9299.648,755.7007,0.2263552,0.26591945,0.3446778,0.57075,1.0077492,0.4293189,0.57075,0.0,0.57075,0.9718437,0.17043751,0.38304985,0.57075,0.0,0.071483314,0.11991507
9299.733,591.28424,0.35802817,0.113350615,0.25239527,0.5709776,1.5709777,0.3372302,0.5709776,0.070743755,0.5709776,1.1229968,0.42637718,0.0,0.5709776,0.0007182285,0.0,0.07380574
707.01526,11139.148,0.5709685,0.2196181,0.08871277,0.45673388,0.5709685,0.20606901,1.3538474,0.23132081,0.0014942214,0.35082066,0.3466435,0.34076387,0.30043805,0.1554588,0.35802245,0.5709685
817.77826,3108.6782,0.5708063,0.5708063,0.14443415,0.42919368,0.5708063,0.0029890984,0.5708063,0.48533234,0.361041,0.20894161,0.1532152,0.14587018,1.4931726,0.22965056,0.07072253,0.5708063
4109.2754,13059.551,0.5708469,0.2926939,0.42939177,1.4271393,0.5708469,0.44714615,0.5708469,0.42713916,0.6121057,0.25473547,0.5708469,0.34623316,0.49940127,0.19483331,0.08290905,0.5708469
2913.0,20.879,0.0,0.0,0.0,0.0,1.0,0.0,1.0,0.0,0.0,0.0,0.0,0.0,0.0,0.0,0.0,0.0
120.0,38656.04,1.0,0.0,0.0,0.0,0.0,0.0,1.0,0.0,0.0,0.0,0.0,0.0,0.0,0.0,0.0,0.0
2929.1238,2161.2834,0.5709189,0.14219111,0.25539494,0.99397653,0.5709189,0.4986822,0.5709189,0.27111322,1.3489603,0.1916403,0.32687968,0.5709189,0.5709189,0.25726748,0.18956542,0.5709189
228.65495,0.7656416,0.5708547,0.31575954,0.331971,0.42914528,0.5708547,0.42939764,0.28568798,0.14295098,0.5708547,0.19727735,0.42939764,0.5708547,0.42914528,0.2575187,0.4197774,0.5636956
2311.0,26.716,0.0,0.0,0.0,0.0,1.0,0.0,1.0,0.0,0.0,0.0,0.0,0.0,0.0,0.0,0.0,0.0
768.2708,7045.1494,0.57074374,0.3462053,0.07071477,0.42925626,0.57074374,0.08180827,0.4437968,0.15684837,0.040305614,0.43558788,0.07230575,0.1290797,0.5701665,0.1428828,0.14876862,0.57074374
425.0,5.333,0.0,0.0,0.0,1.0,0.0,0.0,0.0,0.0,1.0,0.0,0.0,0.0,0.0,0.0,0.0,0.0
3597.0,58624.043,0.0,0.0,0.0,1.0,0.0,0.0,1.0,0.0,0.0,0.0,0.0,0.0,0.0,0.0,0.0,0.0
9359.869,597.4535,0.57101214,0.2726959,0.0,0.45374444,0.57273716,0.0007182732,0.57101214,0.07456654,0.4264029,0.653755,0.28057823,0.12292356,0.14444593,0.37853146,0.0,0.42951608
3983.2437,13310.888,0.5708202,0.15739736,0.10736641,0.4291798,0.5708202,0.56925964,0.5708202,0.42855522,0.5708202,0.35179105,0.07718289,0.0,1.0107596,0.31546184,0.14522499,0.5708202
9359.9375,598.716,0.5709981,0.4295055,0.116681635,0.5709981,0.9923262,0.5461651,0.5709981,0.5709981,0.19716218,1.1218432,0.0,0.48482552,0.5709981,0.33953425,0.16427538,0.5709981
3313.0076,2165.0645,0.5709888,0.28119588,0.07074514,1.5701721,0.5709888,0.41844022,0.5709888,0.24690127,0.4290112,0.08074936,0.4240178,0.25552368,0.28819466,0.07807788,0.27973926,0.5709888
9180.417,652.5977,0.56792796,1.2811831,0.34779835,0.57076067,0.49932587,0.4250583,0.57076067,1.109098,0.57076067,0.14585851,0.0,0.2168728,0.57076067,0.49932587,0.42437118,0.42932695
7501.0,46316.12,0.0,0.0,0.0,1.0,0.0,0.0,1.0,0.0,0.0,0.0,0.0,0.0,0.0,0.0,0.0,0.0
2869.3547,21809.574,0.5707493,0.323377,0.0,0.42925075,0.5707493,0.18235415,1.3541718,0.4265204,0.0,0.35417175,0.29272532,0.49703854,0.21199626,0.3960175,0.13103837,0.5707493
774.57086,52184.637,0.5708761,0.16645521,0.06455119,1.0271924,0.5708761,0.072887614,0.1518319,0.31266356,0.5708761,0.20744322,0.28968596,0.5708761,0.42912388,0.1429547,0.084915295,0.5708761
2897.947,21890.268,0.57077277,0.21101025,0.42933604,0.4292272,0.57077277,0.0029889047,0.4292272,0.13556734,0.57077277,0.4625112,0.42933604,0.3521953,0.42933604,0.4422702,0.22363168,0.57077277
2187.0,20.716,0.0,0.0,0.0,0.0,1.0,0.0,1.0,0.0,0.0,0.0,0.0,0.0,0.0,0.0,0.0,0.0
84.0,0.0,0.0,0.0,0.0,0.0,1.0,0.0,1.0,0.0,0.0,0.0,0.0,0.0,0.0,0.0,0.0,0.0
173.52272,43904.37,0.57078195,0.27451986,0.42934296,1.2833962,0.142157,0.37708595,0.42921802,0.14528383,0.42934296,0.515874,0.42774186,0.054574743,0.142157,0.23543647,0.16932474,0.168471
6120.3535,877.49634,0.57074094,0.08345206,0.07374127,0.5320002,0.29272103,0.4293121,0.57074094,0.278202,0.57074094,0.33904964,0.07978739,0.4293121,1.295408,0.20324032,0.24173151,0.57074094
518.11804,2019.3468,0.5708183,0.24007235,0.4420912,0.714043,0.5708183,0.5708183,0.28858906,0.18102635,0.5708183,0.28566977,0.57000184,0.4291817,0.21040598,0.5708183,0.016991071,0.37330002
774.57074,26109.64,0.5707116,0.149776,0.13670172,0.4292884,0.5707116,0.18175419,0.07291372,0.0,0.0,0.0014901608,0.07548018,0.03451734,0.4292884,0.40920722,0.4272737,0.5707116
809.2779,122.01944,0.5708208,0.07124172,0.07072432,0.4291792,0.5708208,0.13498501,0.5708208,0.23415165,0.0,0.0,0.2550115,0.07072432,0.96805286,0.5708208,0.35792983,0.5708208
540.0,39978.543,1.0,0.0,0.0,0.0,0.0,0.0,0.0,0.0,0.0,1.0,0.0,0.0,0.0,0.0,0.0,0.0
9000.131,871.6038,0.57075197,1.3547472,0.35079473,0.57075197,0.07439468,0.0029847622,0.57075197,1.2063558,0.09190924,0.07405341,0.20741102,0.35788012,0.57075197,0.44237503,0.07071931,0.57075197
1166.0288,2898.6318,0.570909,0.2912705,0.15685463,0.8554521,0.570909,0.2576776,0.25287068,0.3579851,0.4240622,0.18468344,0.0,0.4294385,1.1083782,0.030711226,0.49721834,0.570909
774.5708,43443.54,0.5707942,0.21436691,0.14216006,0.42920578,0.5707942,0.4993552,0.5707942,0.13170004,0.002989024,0.21031837,0.0014533773,0.26860213,0.42920578,0.0,0.07292485,0.57021695
707.35803,5017.4375,0.57097214,0.07074307,0.49950653,0.42902786,0.57097214,0.46585786,0.57097214,0.56442887,0.0,0.21439292,0.22896816,0.4563805,0.94594777,0.4208715,0.42948598,0.57097214
618.0,10240.103,0.0,0.0,0.0,1.0,0.0,0.0,0.0,0.0,1.0,0.0,0.0,0.0,0.0,0.0,0.0,0.0
60.0,63231.984,1.0,0.0,0.0,0.0,0.0,0.0,1.0,0.0,0.0,0.0,0.0,0.0,0.0,0.0,0.0,0.0
752.44586,245.87236,0.5708078,0.20574732,0.2266447,0.4291922,0.5708078,0.49936712,0.001453422,0.3492453,0.014241695,0.16640069,0.32981688,0.14372645,1.3002471,0.22797252,0.28059465,0.5708078
160.0,59012.316,0.0,0.0,0.0,1.0,0.0,0.0,0.0,0.0,0.0,0.0,0.0,0.0,1.0,0.0,0.0,0.0
2886.6104,21641.658,0.57077277,0.22794715,0.1458616,0.4292272,0.57077277,0.49933645,0.5006635,0.4978089,0.4661611,0.07071838,0.07071838,0.23988491,0.35715786,0.075480916,0.21730348,0.57077277
1280.7661,1005.3725,0.57092226,0.04664313,0.35799342,0.42907774,0.57092226,0.25552416,0.57092226,0.4294485,0.57092226,0.45230266,0.1836354,0.32634583,0.42907774,0.14836715,0.07073689,0.57092226
653.36066,7043.0645,0.5709519,0.36283544,0.27939284,0.42904815,0.07146824,0.31777978,0.42790985,0.4994931,0.5709519,0.20998976,0.0,0.21438575,1.4631284,0.5709519,0.42947075,0.21285701
6120.358,891.16425,0.57096976,0.3015308,0.35881263,1.2128637,0.42469832,0.002322048,0.57096976,0.075241126,0.57096976,0.4294842,0.07074278,0.4286675,0.42903024,0.4530417,0.35356322,0.57096976
774.571,19148.156,0.5709981,0.14337495,0.4200094,0.42900196,0.5709981,0.28571936,0.5709981,0.49950972,0.24219987,0.145865,0.5709981,0.14220974,0.42900196,0.07074628,0.1452167,0.5709981
247739.0,1711.891,0.0,0.0,0.0,1.0,0.0,0.0,0.0,0.0,1.0,0.0,0.0,0.0,0.0,0.0,0.0,0.0
3379.0803,2133.1018,0.5707518,0.3578865,0.3578865,1.4293202,0.5707518,0.20492731,0.5707518,0.34421784,0.4292482,0.055834934,0.22569828,0.26341134,0.0007179454,0.4946496,0.34095877,0.5707518
6060.1,942.18176,0.57101226,0.14221436,0.19231696,0.8782487,0.14444596,0.07925534,0.57101226,0.30018324,0.57101226,0.2826013,0.3999914,0.36360317,0.42898774,0.43315482,0.0007182732,0.57101226
4992.0,49262.89,0.0,0.0,0.0,1.0,0.0,0.0,1.0,0.0,0.0,0.0,0.0,0.0,0.0,0.0,0.0,0.0
3981.0,59152.29,0.0,0.0,0.0,1.0,0.0,0.0,1.0,0.0,0.0,0.0,0.0,0.0,0.0,0.0,0.0,0.0
360.0,6925.629,1.0,0.0,0.0,0.0,0.0,0.0,0.0,0.0,0.0,1.0,0.0,0.0,0.0,0.0,0.0,0.0
6120.0127,876.1095,0.5708729,0.42941132,0.08559099,0.8757045,0.5708729,0.499424,0.5708729,0.499424,0.0,0.37924266,0.0653927,0.026540093,1.3206694,0.49483684,0.33334243,0.5708729
14947.0,23019.98,0.0,0.0,0.0,1.0,0.0,0.0,1.0,0.0,0.0,0.0,0.0,0.0,0.0,0.0,0.0,0.0
3312.6406,2600.179,0.57075167,0.38044974,0.57075167,1.2455167,0.57075167,0.42874286,0.57075167,0.1367757,0.42924836,0.18652841,0.42932013,0.57075167,0.2228488,0.57075167,0.27422914,0.57075167
11227.0,14004.945,0.0,0.0,0.0,1.0,0.0,0.0,1.0,0.0,0.0,0.0,0.0,0.0,0.0,0.0,0.0,0.0
11248.0,49254.996,0.0,0.0,0.0,1.0,0.0,0.0,1.0,0.0,0.0,0.0,0.0,0.0,0.0,0.0,0.0,0.0
687.5992,11136.431,0.57084197,0.27621976,0.041104376,0.42915803,0.5463322,0.48958695,0.81504667,0.3518045,0.4971599,0.08338496,0.25408924,0.0014938936,0.3571611,0.0836008,0.2833858,0.41188228
119.90241,101.73088,0.57099795,1.1275818,0.07291053,0.16476291,0.57099795,0.16292554,0.57099795,0.0,0.57099795,0.1615293,0.14444232,0.29416606,0.45230794,0.42900202,0.0068524256,0.09022941
3379.0747,2600.6472,0.5708837,0.18953907,0.2976264,0.4291163,0.5708837,0.07073212,0.5708837,0.17882776,0.4291163,0.4239419,0.002963595,0.21959773,0.36447334,0.5708837,0.33540595,0.5708837
360.0,6971.411,1.0,0.0,0.0,0.0,0.0,0.0,0.0,0.0,0.0,1.0,0.0,0.0,0.0,0.0,0.0,0.0
774.57074,1.205479,0.5707116,0.22207572,0.47728842,0.4292884,0.5707116,0.28200012,0.5707116,0.48032838,0.15329559,0.0,0.20705952,0.3394345,0.4292884,0.30457306,0.5707116,0.5707116
3448.0,20013.205,0.0,0.0,0.0,1.0,0.0,0.0,0.0,0.0,0.0,0.0,0.0,0.0,1.0,0.0,0.0,0.0
7924.0,12969.907,0.0,0.0,0.0,0.0,1.0,0.0,1.0,0.0,0.0,0.0,0.0,0.0,0.0,0.0,0.0,0.0
3312.638,2580.745,0.5709488,0.40889066,0.14442989,0.42905122,0.5709488,0.35801,0.5709488,0.49949038,0.7239567,0.14219853,0.09914233,0.14442989,0.30350322,0.26080418,0.4459718,0.5709488
16239.0,43061.92,0.0,0.0,0.0,1.0,0.0,0.0,1.0,0.0,0.0,0.0,0.0,0.0,0.0,0.0,0.0,0.0
3258.174,5034.9526,0.5708057,0.19022298,0.21437123,1.4293607,0.5708057,0.26747984,0.3804068,0.34599006,0.5708057,0.2920492,0.33889526,0.42549646,0.75056297,0.5708057,0.51097697,0.5708057
119.745056,101.8677,0.57072306,0.6421315,0.14214233,0.0,0.57072306,0.3310629,0.57072306,0.11166957,0.57072306,0.053633787,0.2064527,0.26419842,0.37316388,0.5802331,0.12171349,0.57072306
425.0,9.69,0.0,0.0,0.0,1.0,0.0,0.0,0.0,0.0,1.0,0.0,0.0,0.0,0.0,0.0,0.0,0.0
2936.6296,2245.2551,0.5709425,0.15126412,0.13906528,0.42905748,0.5709425,0.14219698,0.5709425,0.5709425,0.42905748,0.13501783,0.17580806,0.5709425,0.0,0.44536626,0.25881794,0.5709425
774.3063,26077.994,0.57075614,0.4293235,0.26917642,0.42924386,0.57075614,0.28587776,0.57075614,0.30417114,0.57075614,0.39699447,0.34052253,0.3571475,0.7904183,0.0,0.34927624,0.57075614
171.55962,44969.29,0.5708999,0.42943165,0.17273438,1.0264481,0.27163193,0.22659954,0.8233322,0.42943165,0.14585382,0.15192631,0.0,0.12243944,0.18167417,0.0,0.0,0.28052303
839.90015,135.4004,0.5707678,0.07071776,0.41940543,1.4103475,0.5707678,0.07148556,0.5707678,0.25358644,0.42923218,0.42875502,0.57019055,0.42933232,0.0,0.49705413,0.35789654,0.5707678
707.30237,30590.387,0.5709223,0.32189345,0.07146455,0.844181,0.5709223,0.21437468,0.98136187,0.35799348,0.10794318,0.34896243,0.42944854,0.14219196,0.42863196,0.13906033,0.0,0.5709223
120.0,42080.145,1.0,0.0,0.0,0.0,0.0,0.0,1.0,0.0,0.0,0.0,0.0,0.0,0.0,0.0,0.0,0.0
2905.347,23127.809,0.57084376,0.2833867,0.49939853,0.42915624,0.57084376,0.14823118,1.5237181,0.42938942,0.15343118,0.19929087,0.24982315,0.21813397,0.006892383,0.4937623,0.5700273,0.57084376
774.149,9.717772,0.57077163,0.36101905,0.20194528,1.1215477,0.57077163,0.4408751,0.57077163,0.0014532879,0.20292827,0.42933518,0.35562152,0.34087428,0.42922837,0.42221716,0.57077163,0.57077163
120.0,49955.87,1.0,0.0,0.0,0.0,0.0,0.0,1.0,0.0,0.0,0.0,0.0,0.0,0.0,0.0,0.0,0.0
774.5709,52144.586,0.5709371,0.0047501028,0.42945963,1.082818,0.5709371,0.41305292,0.5709371,0.09366841,0.5709371,0.5668342,0.4278713,0.37521172,0.97637755,0.4972151,0.08204231,0.00071599334
774.57074,1.3614824,0.5707116,0.25259948,0.42639178,0.4292884,0.5707116,0.0007178858,0.5707116,0.19873764,0.07456741,0.16632348,0.0053740963,0.07071079,0.4292884,0.14588185,0.4053315,0.5707116
120.0,35584.105,1.0,0.0,0.0,0.0,0.0,0.0,1.0,0.0,0.0,0.0,0.0,0.0,0.0,0.0,0.0,0.0
73.0,0.0,0.0,0.0,0.0,0.0,1.0,0.0,1.0,0.0,0.0,0.0,0.0,0.0,0.0,0.0,0.0,0.0
1276.0808,1007.4322,0.5708126,0.0,0.23186433,0.8896619,0.5708126,0.24086186,0.5708126,0.14443572,0.5708126,0.14216462,0.5708126,0.3155906,0.42918742,0.31663254,0.2306191,0.5708126
172.9422,52099.758,0.5709369,0.42864287,0.3315483,0.4290631,0.5709369,0.35722056,0.91025424,0.28415743,0.26872167,0.07882726,0.26618436,0.3059515,0.5709369,0.05995801,0.29451278,0.5701203
1276.5835,1005.70355,0.5708882,0.19748113,0.49329838,0.42911175,0.5708882,0.33206356,0.5708882,0.49865547,0.5708882,0.0,0.070732675,0.5708882,1.4294229,0.44516665,0.42066786,0.5708882
774.5708,54306.54,0.5707943,0.14669669,0.2858969,1.3129182,0.5707943,0.17231384,0.15042602,0.09777376,0.5707943,0.35419977,0.30686742,0.5707943,1.570217,0.49861348,0.21301597,0.5707943
180.0,29947.977,1.0,0.0,0.0,0.0,0.0,0.0,1.0,0.0,0.0,0.0,0.0,0.0,0.0,0.0,0.0,0.0
855.7141,14799.528,0.57077277,0.11437264,0.42933604,0.4292272,0.57077277,0.39611378,0.28844285,0.0,0.9987054,0.40107682,0.3104116,0.55282044,0.2938761,0.3578997,0.19823891,0.57077277
774.57074,27639.637,0.5707116,0.53569835,0.14588185,0.4292884,0.5707116,0.09625138,0.14213946,0.31814402,0.15824649,0.5707116,0.346601,0.32568938,0.4292884,0.14291175,0.10946615,0.5707116
3628.5037,5102.703,0.57101226,0.1664092,0.070748046,1.17267,0.57101226,0.0,0.57101226,0.071475804,0.08918728,0.071475804,0.35804987,0.25247735,1.1906487,0.07369462,0.27248114,0.0
552.0,756.612,0.0,0.0,0.0,0.0,1.0,0.0,0.0,0.0,0.0,1.0,0.0,0.0,0.0,0.0,0.0,0.0
6232.0,29009.98,0.0,0.0,0.0,1.0,0.0,0.0,1.0,0.0,0.0,0.0,0.0,0.0,0.0,0.0,0.0,0.0
6119.7573,901.26917,0.5710133,0.049950637,0.3490586,1.4323231,0.3580505,0.4249672,0.5710133,0.42053923,0.07074817,0.0,0.0,0.4656367,0.4289867,0.23274577,0.072258204,0.5710133
11672.0,6946.968,0.0,0.0,0.0,0.0,1.0,0.0,1.0,0.0,0.0,0.0,0.0,0.0,0.0,0.0,0.0,0.0
120.35805,102.02351,0.5710102,0.50045586,0.47048143,0.25076613,0.5710102,0.0,0.5710102,0.070747785,0.18972614,0.4995441,0.48917612,0.23834151,0.2811441,1.2227477,0.33717993,0.5710102
6059.6445,1437.0079,0.5709284,0.21816629,0.57011175,1.1917337,0.28094572,0.14586106,0.5709284,0.35799724,0.14219347,0.5709284,0.21960264,0.36385518,0.9338463,0.35042143,0.18990582,0.5709284
120.098694,102.69546,0.5707701,0.80300885,0.357898,0.35480666,0.5707701,0.0,0.5707701,0.40335917,0.5707701,0.0029889196,0.0014533252,0.1730802,0.087334216,0.42922992,0.40523726,0.11705139
5427.0,2982.851,0.0,0.0,0.0,0.0,1.0,0.0,1.0,0.0,0.0,0.0,0.0,0.0,0.0,0.0,0.0,0.0
773.98926,54253.13,0.5708624,0.42091703,0.29056692,1.4978471,0.5708624,0.5208587,0.5708624,0.46523386,0.5708624,0.16403922,0.0029490963,0.25195575,0.4291376,0.29927635,0.0007180795,0.20064671
120.0,38144.05,1.0,0.0,0.0,0.0,0.0,0.0,1.0,0.0,0.0,0.0,0.0,0.0,0.0,0.0,0.0,0.0
344.81128,29568.695,0.5709115,0.44306213,0.0,0.42908847,0.5709115,0.2458021,0.63291126,0.07073556,0.5709115,0.07289949,0.04654029,0.19457866,0.5709115,0.2659825,0.07289949,0.0
1282.0302,1007.268,0.5707162,0.14214063,0.39315677,0.4292838,0.5707162,0.40862346,0.5707162,0.12953307,0.5707162,0.34871316,0.35024863,0.2225491,0.4292838,0.099036396,0.0,0.5707162
1283.5707,1005.2563,0.57071525,0.07292192,0.07071124,0.9232023,0.57071525,0.41190135,0.57071525,0.45444447,0.57071525,0.3208111,0.26568532,0.57071525,1.3951356,0.00957381,0.2819686,0.57071525
425.0,5.529,0.0,0.0,0.0,1.0,0.0,0.0,0.0,0.0,1.0,0.0,0.0,0.0,0.0,0.0,0.0,0.0
9059.639,846.24774,0.14221433,1.2145841,0.0714758,0.57101214,0.07074803,0.38511693,0.57101214,0.6660196,0.57101214,0.49954584,0.42951608,0.14221433,0.21963486,0.25448668,0.07381018,0.57101214
6059.515,1443.0596,0.5710271,0.0007182881,0.32979894,1.0626925,0.0,0.14221805,0.5710271,0.35582143,0.0007182881,0.0053006336,0.07313192,0.0,0.57047266,0.0,0.094473876,0.5710271
119.92846,0.9957734,0.08314224,0.044914022,0.5701961,1.2865765,0.57077336,0.22417101,0.57077336,0.1726073,0.57077336,0.42933646,0.1032603,0.2393116,0.42922667,0.3451856,0.107910775,0.0
6119.442,877.866,0.12164738,0.42863527,0.34780672,1.5685385,0.07073745,0.1963749,0.5709268,0.35799626,0.5709268,0.36356238,0.47858968,0.42863527,0.42907324,0.5701102,0.285724,0.5709268
1279.2728,1004.2629,0.5709425,0.1453298,0.24671896,0.42905748,0.5709425,0.49791682,0.5709425,0.16147073,0.5709425,0.15497473,0.26994252,0.5709425,1.1028066,0.42552334,0.0007181838,0.5709425
1278.9409,1007.74475,0.5709536,0.35433927,0.30422193,1.4286554,0.5709536,0.28734913,0.5709536,0.5678409,0.5709536,0.26869202,0.22574261,0.013112582,1.4294721,0.35577568,0.2780664,0.5709536
2929.3083,2628.7678,0.5708168,0.20359218,0.3894998,0.4291832,0.5708168,0.16139096,0.5708168,0.29498643,0.4291832,0.42711666,0.19817919,0.21280667,0.29830113,0.42855272,0.21433505,0.5708168
1283.5707,1006.6687,0.57071525,0.0007179007,0.14836404,0.926195,0.57071525,0.4138707,0.57071525,0.28504658,0.57071525,0.24454449,0.24904846,0.57071525,1.3557594,0.57071525,0.40825742,0.57071525
774.57074,54296.355,0.5707116,0.25481004,0.34840876,0.4292884,0.5707116,0.3103149,0.11649294,0.57013106,0.5707116,0.2769401,0.07291372,0.5707116,0.4292884,0.2048227,0.33310664,0.5707116
19914.0,13187.75,0.0,0.0,0.0,1.0,0.0,0.0,1.0,0.0,0.0,0.0,0.0,0.0,0.0,0.0,0.0,0.0
8734.0,26010.207,0.0,0.0,0.0,1.0,0.0,0.0,1.0,0.0,0.0,0.0,0.0,0.0,0.0,0.0,0.0,0.0
773.10474,7555.9097,0.5707543,0.3232125,0.41957307,0.4292457,0.5707543,0.28728905,0.42565513,0.40390956,0.2520609,0.5707543,0.14531808,0.20043981,0.76467425,0.30621237,0.45383477,0.5707543
3312.4292,2625.4202,0.57083327,0.33983153,0.13919127,1.0762368,0.57083327,0.42553896,0.57083327,0.42938155,0.6552137,0.27700734,0.15804166,0.57021844,0.14216977,0.0,0.42876673,0.57083327
774.5708,93168.81,0.5707942,0.00071799755,0.28487298,0.42920578,0.5707942,0.5707942,0.5707942,0.13849673,0.09797302,0.0,0.16595009,0.14216006,0.42920578,0.13049603,0.436459,0.5707942
3313.218,1993.7186,0.5710012,0.49953628,0.2144043,1.2125401,0.5710012,0.3543688,0.5710012,0.3580429,1.1294802,0.2225521,0.3543688,0.5710012,0.42293602,0.00948853,0.07404138,0.5710012
120.16683,102.12615,0.57076687,1.1153351,0.5331359,0.35660127,0.57076687,0.49358544,0.57076687,0.16846985,0.57076687,0.19563484,0.33502147,0.22043845,0.16255865,1.0282282,0.26130065,0.57076687
773.987,27687.406,0.57093644,0.25731364,0.42945912,0.4290636,0.57093644,0.3543286,0.42945912,0.35722032,0.57093644,0.44043037,0.42707083,0.42789832,1.1963853,0.57093644,0.0031940266,0.57093644
2870.9976,2397.4182,0.57091105,0.0707355,0.19252653,0.42908895,0.57091105,0.159592,0.57091105,0.49632525,1.4095205,0.27105945,0.49945742,0.57091105,0.4413857,0.47181416,0.0707355,0.57091105
712.18964,20356.047,0.5707772,0.11525421,0.0,0.42922285,0.5707772,0.29116273,0.759259,0.57019985,0.070718914,0.32468754,0.07148671,0.13875237,0.0,0.22510415,0.33389187,0.5707772
2722.876,22702.977,0.57082236,0.010771833,0.12172702,0.4291776,0.57082236,0.07072452,1.4035238,0.48462638,0.1301243,0.2920982,0.5642941,0.07072452,0.45867804,0.21667077,0.35714892,0.57082236
9239.717,636.3034,0.42941496,0.5005717,0.14218085,0.5708777,0.19488904,0.34640417,0.5708777,0.79761934,0.5708777,0.3416662,0.14933933,0.4096441,0.5708777,0.37185737,0.028116688,0.07073137
4180.409,27136.998,0.57072634,0.54189587,0.55927557,0.42927366,0.57072634,0.24933174,0.9843908,0.56789374,0.57072634,0.57072634,0.079189666,0.0,0.07148035,0.3610317,0.57072634,0.08023126
855.8257,5010.3066,0.5708401,0.21281537,0.0,1.4193819,0.5708401,0.13071284,0.16926116,0.07072672,0.8365369,0.12543859,0.005324416,0.0,0.2907195,0.13214895,0.28049377,0.5708401
686.89935,13203.661,0.5707135,0.35438865,0.5707135,1.2972016,0.5707135,0.285639,0.8447689,0.5576126,0.4271828,0.1466734,0.3510098,0.49878192,0.32067704,0.30970776,0.28585643,0.5707135
826.6673,107.4899,0.57100064,0.42869076,0.49875364,0.42899936,0.57100064,0.20794064,0.57100064,0.21185037,0.4188898,0.144443,0.34660336,0.49875364,1.1215665,0.0014943033,0.26277456,0.57100064
774.5708,58894.305,0.5707942,0.4207942,0.4993552,0.89364684,0.5707942,0.31276596,0.5707942,0.5335393,0.5707942,0.101050854,0.07564512,0.5707942,0.42920578,0.21436691,0.0,0.2804306
1282.4985,1007.1947,0.5708997,0.3579793,0.12503245,0.42910025,0.5708997,0.39163548,0.5708997,0.00071813166,0.07146172,0.5708997,0.07224493,0.5708997,0.42910025,0.24610287,0.17586449,0.5708997
540.0,39955.695,1.0,0.0,0.0,0.0,0.0,0.0,0.0,0.0,0.0,1.0,0.0,0.0,0.0,0.0,0.0,0.0
2871.4783,2383.9543,0.5707518,0.0,0.07071577,0.4292482,0.56173724,0.07071577,0.5707518,0.16577119,1.1372963,0.0,0.5707518,0.5707518,0.5707518,0.22012757,0.43917203,0.5707518
3629.102,3361.1208,0.5708911,0.38552472,0.08304785,1.120821,0.5708911,0.42717224,0.5708911,0.19690058,0.0799521,0.42548513,0.22468507,0.14296009,0.91944665,0.29067707,0.0,0.5708911
16239.0,43064.098,0.0,0.0,0.0,1.0,0.0,0.0,1.0,0.0,0.0,0.0,0.0,0.0,0.0,0.0,0.0,0.0
540.0,39945.85,1.0,0.0,0.0,0.0,0.0,0.0,0.0,0.0,0.0,1.0,0.0,0.0,0.0,0.0,0.0,0.0
6242.0,43135.09,0.0,0.0,0.0,1.0,0.0,0.0,1.0,0.0,0.0,0.0,0.0,0.0,0.0,0.0,0.0,0.0
2952.965,2770.5574,0.57083327,0.4776566,0.22739205,0.42916673,0.57083327,0.1373936,0.57083327,0.27850765,1.0692952,0.0,0.22712323,0.18231657,0.35793763,0.0,0.36662102,0.57083327
2825.879,22242.533,0.5707345,0.21663833,0.37897903,0.4292655,0.5707345,0.21273538,0.95741385,0.1272765,0.2979684,0.04950288,0.2296305,0.28508213,0.028549701,0.00071792305,0.35106376,0.5707345
120.12276,101.77828,0.5708961,1.2528707,0.4994443,0.08232416,0.5708961,0.48765117,0.5708961,0.26289696,0.5708961,0.41824365,0.29932094,0.4356227,0.21959023,0.4291039,0.35389107,0.5708961
780.85706,11154.436,0.57091653,0.10440506,0.0,0.42908347,0.57091653,0.4994622,1.1399708,0.28733045,0.082845226,0.41168225,0.17081536,0.3286454,0.12493394,0.2104937,0.32165986,0.57091653
1277.112,1005.6888,0.5709832,0.1878484,0.14298314,0.42901683,0.5709832,0.42266172,0.5709832,0.30989182,0.5709832,0.28575218,0.39344335,0.35803157,0.42901683,0.0,0.28575218,0.5709832
774.571,43157.336,0.5709981,0.07074628,0.07074628,1.2412816,0.5709981,0.09071275,0.4295055,0.3463216,0.0053208396,0.35341778,0.2274085,0.5709981,0.42900196,0.3010685,0.07074628,0.5709981
419.3196,17280.727,0.570944,0.42946485,0.36134145,0.8457721,0.570944,0.3298525,0.82791036,0.31647578,0.570944,0.31700465,0.4356508,0.47737342,0.42721188,0.36811662,0.570944,0.35576966
3802.0,58663.71,0.0,0.0,0.0,1.0,0.0,0.0,1.0,0.0,0.0,0.0,0.0,0.0,0.0,0.0,0.0,0.0
766.5979,108.45263,0.5709545,0.28573796,0.0,0.9476547,0.5709545,0.0,0.37246862,0.49949542,0.4290455,0.07146858,0.14586776,0.49725798,0.19015947,0.05690538,0.3926519,0.5709545
774.57086,43126.2,0.5708761,0.1429547,0.41614252,0.42912388,0.5708761,0.4294138,0.15404221,0.14583792,0.5708761,0.35793942,0.31070805,0.5708761,1.5708761,0.35793942,0.017450117,0.5708761
9120.241,822.9871,0.57099515,1.1778349,0.28056994,0.57099515,0.15361899,0.24884373,0.07705997,0.8167808,0.57099515,0.57099515,0.1107383,0.57099515,0.57099515,0.49953094,0.18431261,0.57099515
985.97186,7316.2236,0.57097745,0.2850051,0.15557015,1.3557905,0.57097745,0.34899604,0.24022216,0.57097745,0.0,0.21901506,0.28345305,0.0791833,0.96611214,0.358028,0.42948997,0.57097745
8737.0,17591.654,0.0,0.0,0.0,1.0,0.0,0.0,1.0,0.0,0.0,0.0,0.0,0.0,0.0,0.0,0.0,0.0
3379.5708,2561.527,0.57083327,0.28974435,0.49938935,0.42916673,0.57083327,0.3916821,0.57083327,0.15250027,0.42916673,0.31383723,0.0,0.21437526,0.1335336,0.48182577,0.42938155,0.57083327
441.54877,17055.488,0.57098126,0.4995188,0.31080848,0.42901874,0.14220664,0.0707442,0.5713239,0.02900289,0.436966,0.17379573,0.21208198,0.14220664,0.0,0.42949283,0.34899843,0.48709166
6060.1655,1436.3552,0.5709084,0.37276718,0.3460145,0.50668186,0.14016598,0.49380815,0.5709084,0.26490623,0.21959883,0.20943111,0.14586064,0.07073518,1.156541,0.4234246,0.0,0.5709084
1457.428,203.5385,0.57072073,0.34378076,0.22071634,1.2390767,0.57072073,0.14214176,0.57072073,0.4240039,0.19360137,0.011838809,0.070711926,0.29699838,0.42927927,0.23137742,0.09886158,0.57072073
9240.282,662.7827,0.0,1.3715096,0.2857449,0.24801116,0.47348112,0.27113616,0.5709685,1.1736218,0.5709685,0.28500062,0.16522641,0.2805568,0.14297947,0.36110336,0.121179655,0.031384632
2936.9265,2725.3296,0.5708126,0.2674443,0.3666052,0.42918742,0.5708126,0.30424654,0.5708126,0.0707233,0.42918742,0.34794158,0.20784205,0.26429576,0.42636937,0.5708126,0.49858928,0.5708126
1281.5015,1006.24493,0.5708997,0.00071813166,0.3579793,1.4271787,0.5708997,0.3579793,0.5708997,0.23780435,0.5708997,0.2624882,0.23157477,0.34360415,0.42910025,0.29178333,0.34855616,0.5708997
7481.0,34105.598,0.0,0.0,0.0,1.0,0.0,0.0,1.0,0.0,0.0,0.0,0.0,0.0,0.0,0.0,0.0,0.0
3593.0,59391.457,0.0,0.0,0.0,1.0,0.0,0.0,1.0,0.0,0.0,0.0,0.0,0.0,0.0,0.0,0.0,0.0
3379.5708,2305.6187,0.57083327,0.38025236,0.4469524,0.42916673,0.57083327,0.2190524,0.57083327,0.57083327,1.1072543,0.35793763,0.039211832,0.5454942,0.070725866,0.4985783,0.21437526,0.57083327
1280.2367,1004.8691,0.00071813166,0.21815567,0.21815567,1.1429057,0.57090056,0.4364981,0.57090056,0.043515667,0.57090056,0.21670043,0.26081148,0.5110217,0.5866009,0.19317478,0.3557425,0.57090056
781.107,145.32307,0.5709803,0.07074408,0.48497546,1.35803,0.5709803,0.3526156,0.5709803,0.42949212,0.4290197,0.40650845,0.34107643,0.35646152,0.15996855,0.37630165,0.07074408,0.5709803
824.4242,138.41054,0.5707688,0.14288908,0.41515705,0.42923123,0.5707688,0.42731985,0.5707688,0.07071788,1.3299727,0.56154436,0.15441567,0.0729216,0.42933303,0.22477683,0.1834949,0.5707688
180.0,30719.912,1.0,0.0,0.0,0.0,0.0,0.0,1.0,0.0,0.0,0.0,0.0,0.0,0.0,0.0,0.0,0.0
253.71217,53247.535,0.57072634,0.07071262,0.22268116,0.42927366,0.57072634,0.2629817,0.006293446,0.07148035,0.57072634,0.13676962,0.28063616,0.42930108,0.99202186,0.07071262,0.57072634,0.022292525
120.0,50687.938,1.0,0.0,0.0,0.0,0.0,0.0,1.0,0.0,0.0,0.0,0.0,0.0,0.0,0.0,0.0,0.0
773.4292,2098.5498,0.57075745,0.26136097,0.49541122,0.42924255,0.57075745,0.3534263,0.57075745,0.5431052,0.4245169,0.4852288,0.49931467,0.22161338,0.42924255,0.07761227,0.24101502,0.57075745
2705.5708,22207.148,0.5707493,0.0,0.42931834,0.42925075,0.5707493,0.022415422,0.70000863,0.24673936,0.27777514,0.35486308,0.35417178,0.097320646,0.30146,0.0729191,0.14828822,0.5707493
425.0,5.446,0.0,0.0,0.0,1.0,0.0,0.0,0.0,0.0,1.0,0.0,0.0,0.0,0.0,0.0,0.0,0.0
1275.6421,1004.5508,0.57071525,0.23273711,0.38117075,0.91485274,0.57071525,0.26222605,0.57071525,0.0,0.57071525,0.29278088,0.49928612,0.0007179007,0.42928475,0.57071525,0.2409261,0.57071525
11543.0,18106.848,0.0,0.0,0.0,1.0,0.0,0.0,0.0,0.0,1.0,0.0,0.0,0.0,0.0,0.0,0.0,0.0
3313.3865,2943.3523,0.5708345,0.21852128,0.13344054,0.42916548,0.5708345,0.3417014,0.5708345,0.2856778,1.1107306,0.51187503,0.3557014,0.5708345,0.07072602,0.42305797,0.14583705,0.5708345
774.5708,0.91008687,0.5707942,0.21436691,0.22290955,1.212111,0.5707942,0.21275762,0.5707942,0.0418638,0.27564877,0.22207788,0.0,0.0,0.62940633,0.4012124,0.5707942,0.5707942
2928.878,2178.1555,0.5710271,0.07074989,0.21288508,0.4289729,0.5710271,0.0007182881,0.5710271,0.07470637,0.4289729,0.07074989,0.29174355,0.15124473,0.42871064,0.21820405,0.4973212,0.5710271
13023.0,13008.134,0.0,0.0,0.0,0.0,1.0,0.0,1.0,0.0,0.0,0.0,0.0,0.0,0.0,0.0,0.0,0.0
2945.2834,2365.4902,0.5707493,0.41668817,0.0,0.42925075,0.5707493,0.11187747,0.5707493,0.35788494,0.42925075,0.4407237,0.07148321,0.4484087,0.19225687,0.35560766,0.24371305,0.5707493
262.3596,56201.92,0.5707299,0.16878498,0.0007179156,1.3896666,0.5707299,0.0,1.2858646,0.21865183,0.5707299,0.0022393242,0.070713066,0.24196142,0.032976516,0.23065126,0.070713066,0.001453206
11215.0,14060.041,0.0,0.0,0.0,1.0,0.0,0.0,1.0,0.0,0.0,0.0,0.0,0.0,0.0,0.0,0.0,0.0
2862.6924,2332.4421,0.5707488,0.3431384,0.23510602,0.81793153,0.5707488,0.5627444,0.5707488,0.0,0.9454707,0.0,0.5707488,0.5707488,0.21664372,0.075212926,0.37672374,0.5707488
540.0,39911.117,1.0,0.0,0.0,0.0,0.0,0.0,0.0,0.0,0.0,1.0,0.0,0.0,0.0,0.0,0.0,0.0
342.0,58376.88,0.0,0.0,0.0,1.0,0.0,0.0,1.0,0.0,0.0,0.0,0.0,0.0,0.0,0.0,0.0,0.0
119.42908,100.64288,0.5709232,0.7142778,0.39441335,0.3977477,0.5709232,0.10836115,0.5709232,0.085228495,0.5709232,0.373574,0.4263365,0.5709232,0.07368312,0.8991023,0.07073701,0.5709232
16212.0,43060.605,0.0,0.0,0.0,1.0,0.0,0.0,1.0,0.0,0.0,0.0,0.0,0.0,0.0,0.0,0.0,0.0
2945.0,2685.882,0.57072854,0.31825635,0.09139535,0.42927143,0.57072854,0.071480624,0.57072854,0.0,0.9842411,0.27507892,0.35559475,0.07317581,0.495492,0.42930278,0.0,0.22631183
9299.715,681.5428,0.5708875,0.0,0.4592005,0.5708875,1.4945321,0.1654954,0.5708875,0.08969906,0.5708875,1.263078,0.35183254,0.4286058,0.5708875,0.14585063,0.21436161,0.5708875
5428.0,4984.023,0.0,0.0,0.0,0.0,1.0,0.0,1.0,0.0,0.0,0.0,0.0,0.0,0.0,0.0,0.0,0.0
2813.3123,22961.81,0.570918,0.570918,0.1877369,0.42908195,0.570918,0.15752694,0.6815002,0.2961696,0.33891627,0.4294453,0.29669854,0.35799077,0.42644826,0.08229119,0.4797078,0.570918
180.0,37375.977,1.0,0.0,0.0,0.0,0.0,0.0,1.0,0.0,0.0,0.0,0.0,0.0,0.0,0.0,0.0,0.0
486.0,59014.875,0.0,0.0,0.0,1.0,0.0,0.0,0.0,0.0,0.0,0.0,0.0,0.0,1.0,0.0,0.0,0.0
552.0,59130.56,0.0,0.0,0.0,1.0,0.0,0.0,0.0,0.0,0.0,0.0,0.0,0.0,1.0,0.0,0.0,0.0
2970.4226,23089.89,0.5709891,0.47291693,0.45719695,0.42901093,0.5709891,0.5191295,1.429538,0.42650124,0.5709891,0.28380558,0.34777072,0.27743036,0.0,0.1754381,0.08512777,0.5709891
3312.6516,2219.4639,0.5709515,0.05788371,0.21688357,0.98712605,0.5709515,0.42399,0.5709515,0.07617232,0.42904848,0.14817178,0.15050684,0.07074052,0.048186958,0.41725093,0.17558436,0.5709515
120.0,48895.88,1.0,0.0,0.0,0.0,0.0,0.0,1.0,0.0,0.0,0.0,0.0,0.0,0.0,0.0,0.0,0.0
1018.57086,13181.06,0.5708761,0.0,0.49940246,0.42912388,0.5708761,0.10940786,1.3312693,0.0,0.1421772,0.27490073,0.57003266,0.42164648,0.33016253,0.0041416064,0.072887704,0.5708761
9119.775,850.0193,0.5708728,0.6552475,0.07073077,0.5708728,0.30586073,0.57005626,0.5708728,0.7654696,0.5708728,0.34893215,0.3579624,0.3731353,0.4259811,0.5708728,0.005341001,0.076277405
10002.0,23219.002,0.0,0.0,0.0,1.0,0.0,0.0,1.0,0.0,0.0,0.0,0.0,0.0,0.0,0.0,0.0,0.0
8727.0,15805.182,0.0,0.0,0.0,1.0,0.0,0.0,1.0,0.0,0.0,0.0,0.0,0.0,0.0,0.0,0.0,0.0
120.10045,101.80359,0.0023219436,1.5709422,0.005341634,0.3548734,0.5709421,0.5201474,0.5709421,0.24420297,0.5709421,0.18676785,0.20531407,0.5709421,0.016238779,0.42905787,0.42946342,0.23620084
3618.0,58508.598,0.0,0.0,0.0,1.0,0.0,0.0,1.0,0.0,0.0,0.0,0.0,0.0,0.0,0.0,0.0,0.0
11248.0,49234.637,0.0,0.0,0.0,1.0,0.0,0.0,1.0,0.0,0.0,0.0,0.0,0.0,0.0,0.0,0.0,0.0
168.27542,59264.465,0.57076484,0.4070133,0.003885977,0.42923516,0.26262295,0.07071739,0.5712473,0.33293527,0.26177645,0.42566293,0.0,0.14367425,0.57076484,0.14215273,0.21435586,0.326439
733.08826,23523.11,0.571015,0.10606468,0.569454,0.428985,0.571015,0.3589629,0.35805157,0.13908291,0.14560303,0.571015,0.18244833,0.0,1.039905,0.14444664,0.33732623,0.571015
3429.0,58645.203,0.0,0.0,0.0,1.0,0.0,0.0,1.0,0.0,0.0,0.0,0.0,0.0,0.0,0.0,0.0,0.0
715.6706,109.04534,0.57099104,0.054444186,0.3502211,0.87711716,0.57099104,0.34610426,0.57099104,0.2724206,1.570991,0.07147316,0.42724696,0.29427254,0.118438534,0.40902573,0.08823299,0.57099104
119.97621,100.38179,0.57080555,0.43474892,0.13464455,0.0,0.57080555,0.10362418,0.57080555,0.18714574,0.57080555,0.32246754,0.24213359,0.0022810176,0.19501783,0.42919448,0.0,0.27638966
180.0,27600.04,1.0,0.0,0.0,0.0,0.0,0.0,1.0,0.0,0.0,0.0,0.0,0.0,0.0,0.0,0.0,0.0
120.0,38400.105,1.0,0.0,0.0,0.0,0.0,0.0,1.0,0.0,0.0,0.0,0.0,0.0,0.0,0.0,0.0,0.0
9180.131,993.9299,0.57071155,0.83304113,0.00071789324,0.070710786,0.15102634,0.57013106,0.57071155,0.91905373,0.57071155,0.00071789324,0.42929,0.23111373,0.57071155,0.00071789324,0.33014548,0.57071155
11248.0,49260.652,0.0,0.0,0.0,1.0,0.0,0.0,1.0,0.0,0.0,0.0,0.0,0.0,0.0,0.0,0.0,0.0
2877.7114,21905.004,0.570788,0.34824812,0.35790926,0.42921197,0.570788,0.16800377,0.42921197,0.570788,0.24333686,0.28940332,0.31847695,0.49934977,0.31647578,0.07072026,0.024686836,0.570788
132.0,0.496,0.0,0.0,0.0,0.0,1.0,0.0,1.0,0.0,0.0,0.0,0.0,0.0,0.0,0.0,0.0,0.0
774.57074,52174.246,0.5707116,0.16158806,0.5707116,0.4292884,0.5707116,0.41852343,0.0,0.0007178858,0.5707116,0.2942018,0.07523814,0.5707116,1.4177902,0.25910223,0.42339623,0.5707116
1278.4294,1003.93854,0.5709116,0.07073657,0.07073657,1.499458,0.5709116,0.21437655,0.5709116,0.4294384,0.5709116,0.2992702,0.21198486,0.14296295,0.4290884,0.42861146,0.20869319,0.22438659
119.57059,100.01058,0.570877,0.57058555,0.21513975,0.07145888,0.570877,0.13843018,0.570877,0.5229839,0.570877,0.21204323,0.07073129,0.00071810186,0.42859793,1.0417365,0.35796505,0.570877
9360.191,658.41,0.18564016,0.30645037,0.0007141158,0.19063345,1.4295218,0.25314018,0.5710295,0.38410017,0.4861867,0.9769433,0.013494872,0.47625867,0.15702677,0.22795609,0.0,0.23803177
3448.0,20019.396,0.0,0.0,0.0,1.0,0.0,0.0,0.0,0.0,0.0,0.0,0.0,0.0,1.0,0.0,0.0,0.0
3313.281,2413.3787,0.57099545,0.26947492,0.3921755,1.4184694,0.57099545,0.23654,0.57099545,0.25398558,0.42900455,0.13013925,0.0,0.57099545,0.101310685,0.04919579,0.16492632,0.57099545
6119.88,910.3101,0.4994017,0.14568974,0.0029490143,1.0371459,0.42939213,0.14217329,0.57084733,0.0,0.15854153,0.42556807,0.56255543,0.28812325,0.56292003,0.4994017,0.21434653,0.3503717
1646.4272,12141.274,0.5709114,0.35573986,0.35546556,1.0717646,0.5709114,0.21437564,0.37067497,0.29379615,0.33420548,0.28733215,0.42643306,0.00071814656,1.4046143,0.07752222,0.28048798,0.5709114
2147.4507,32610.934,0.570894,0.006308712,0.42861068,0.42910597,0.570894,0.115686916,0.23870113,0.4972053,0.570894,0.13017681,0.49944252,0.570894,1.4271746,0.42717445,0.075231165,0.570894
852.754,247.7914,0.5710114,0.22959667,0.35804936,1.1533711,0.5710114,0.20961687,0.5710114,0.0,1.3573213,0.49954525,0.0,0.21698937,0.12582418,0.42951557,0.3770946,0.5710114
526.57074,15234.796,0.5707116,0.24169286,0.0,0.4292884,0.42929006,0.081624076,0.7018489,0.08285861,0.0,0.075248286,0.48943114,0.53739554,0.42929006,0.5110145,0.17682667,0.5707116
2863.0996,2475.72,0.5707258,0.001453206,0.07071255,0.4292742,0.14214301,0.07148028,0.5707258,0.486454,0.79463536,0.5693632,0.1487669,0.3788594,0.0,0.3228402,0.07621788,0.00071790814
7106.0,679.744,0.0,0.0,0.0,0.0,1.0,0.0,1.0,0.0,0.0,0.0,0.0,0.0,0.0,0.0,0.0,0.0
3607.4292,13038.189,0.5708152,0.22480169,0.42936793,1.2154512,0.5708152,0.42936793,0.5708152,0.49709117,0.26788077,0.35185975,0.42936793,0.14443555,1.0599822,0.23512965,0.42735052,0.5708152
849.4014,9100.648,0.5708501,0.30525678,0.07145551,0.42914993,0.5708501,0.5708501,0.5738389,0.42639744,0.49940407,0.4239148,0.4293942,0.12452104,0.27704546,0.3465016,0.23627204,0.5708501
9300.258,643.7322,0.17959778,0.2851148,0.3558196,0.0,1.1889138,0.14214103,0.5707178,0.06637164,0.078566305,1.1340072,0.4292947,0.4292947,0.3804894,0.07071156,0.32533503,0.39435688
119.96602,101.10449,0.5709661,0.50386626,0.21961719,0.3150145,0.5709661,0.2834475,0.5709661,0.14297888,0.5709661,0.07074233,0.353433,0.5701495,0.24671823,0.42903385,0.35356104,0.5709661
1284.7065,1006.70593,0.5709962,0.21028426,0.46859458,0.42900378,0.5709962,0.25084093,0.5709962,0.49874973,0.5709962,0.3419054,0.07074606,0.28575876,0.42900378,0.4295041,0.32657903,0.5709962
172.42943,74589.0,0.5708955,0.30871892,0.28732026,0.42910454,0.5708955,0.5708955,0.8482497,0.31772354,0.0,0.21436515,0.42942664,0.14218599,0.5708955,0.0,0.171292,0.49944383
805.7546,106.89242,0.5708904,0.41238123,0.28092706,1.1070365,0.5708904,0.3548413,0.5708904,0.22770613,0.07073295,0.26717865,0.5677778,0.42942452,0.42910957,0.18736076,0.0047580004,0.5708904
9120.358,1155.5325,0.5710261,0.57047343,0.5710261,0.5710261,0.0,0.4265109,0.5710261,1.5702093,0.07074976,0.42870986,0.07074976,0.0007182881,0.26367053,0.0,0.0,0.5710261
927.1696,103.55638,0.5708514,0.3916967,0.30289012,0.48797452,0.5708514,0.12308516,0.5708514,0.17717962,0.07367386,0.18330942,0.14217429,0.08787938,1.355712,0.34780747,0.14217429,0.5708514
9059.575,910.29083,0.57076067,0.879455,0.49932587,0.57076067,0.4075328,0.0,0.57076067,1.0688009,0.07726466,0.4897918,0.21435432,0.14215171,0.57076067,0.0,0.25250667,0.0
774.57086,0.79764885,0.21045183,0.49480617,0.4294138,1.1175052,0.5708761,0.42221123,0.42856973,0.1421772,0.31966668,0.57003206,0.5708761,0.2689762,0.42912388,0.17235379,0.5708761,0.5708761
3415.0,58339.38,0.0,0.0,0.0,1.0,0.0,0.0,1.0,0.0,0.0,0.0,0.0,0.0,0.0,0.0,0.0,0.0
739.8463,17205.086,0.5708916,0.41697732,0.42404926,0.42910835,0.5708916,0.0707331,0.39717132,0.42642844,0.16427511,0.26009375,0.18462753,1.1775229,0.28496224,0.42342138,0.2927168,0.5708916
2945.2205,2701.8525,0.57102937,0.4995609,0.31655732,0.42897063,0.57102937,0.3029428,0.57102937,0.0,0.42897063,0.0,0.16037908,0.4369415,0.3406732,0.086144865,0.51951355,0.57102937
795.10944,1173.397,0.57100064,0.43918416,0.072910875,0.42899936,0.57100064,0.3840125,0.57100064,0.0007182583,0.6474865,0.18944815,0.07147436,0.5669985,0.072910875,0.21440408,0.2732804,0.57100064
774.57074,1.5917814,0.5707116,0.0,0.23919277,0.93374634,0.5707116,0.0,0.5707116,0.15799369,0.46212745,0.018456742,0.42929006,0.42929006,0.4292884,0.2734809,0.5707116,0.5707116
2929.2585,2309.7183,0.57099646,0.07524469,0.0,0.4290035,0.57099646,0.18599853,0.57099646,0.21673685,1.0861446,0.023910627,0.098605044,0.42725113,0.0,0.42154023,0.0,0.022419542
120.0,90080.25,1.0,0.0,0.0,0.0,0.0,0.0,1.0,0.0,0.0,0.0,0.0,0.0,0.0,0.0,0.0,0.0
6242.0,43063.266,0.0,0.0,0.0,1.0,0.0,0.0,1.0,0.0,0.0,0.0,0.0,0.0,0.0,0.0,0.0,0.0
6060.087,941.84314,0.1421673,0.07072464,0.15123257,0.8022586,0.49859878,0.2107093,0.5708233,0.07113555,0.365926,0.4285576,0.14667198,0.37697658,0.4345775,0.11517184,0.0,0.49938068
774.57074,2.3220675,0.5707116,0.022401355,0.35732925,0.4292884,0.5707116,0.28965306,0.5707116,0.42929006,0.42342174,0.47301024,0.1658134,0.20257886,1.3578613,0.14437129,0.4038592,0.5707116
774.57086,7778.35,0.5708761,0.17337677,0.046815358,1.2128072,0.5708761,0.42856973,0.5708761,0.15065025,0.3756101,0.0,0.21751581,0.0,1.1329193,0.35793942,0.28493267,0.5708761
1281.7294,1005.2749,0.570939,0.006839715,0.570939,1.4294611,0.570939,0.2873417,0.570939,0.060113795,0.570939,0.36949864,0.4075888,0.570939,1.4132847,0.34635922,0.49724445,0.570939
774.5708,43156.344,0.5707942,0.07072103,0.27467522,0.42920578,0.5707942,0.2530756,0.26970327,0.23222288,0.5707942,0.35791314,0.35340992,0.5707942,0.42920578,0.40382928,0.43558714,0.5707942
774.5709,18959.217,0.5709371,0.0,0.00071599334,0.4290629,0.5709371,0.22506058,0.5709371,0.00071599334,0.15506712,0.56883574,0.07145678,0.18042606,0.4290629,0.5709371,0.21436623,0.5709371
3379.5708,2505.5593,0.57083327,0.31678277,0.33921456,1.2820791,0.57083327,0.29556453,0.57083327,0.36351252,1.0579505,0.0007180497,0.15062651,0.57083327,0.37739286,0.35175037,0.356382,0.57083327
12468.0,14006.877,0.0,0.0,0.0,1.0,0.0,0.0,1.0,0.0,0.0,0.0,0.0,0.0,0.0,0.0,0.0,0.0
498.0,59050.816,0.0,0.0,0.0,1.0,0.0,0.0,0.0,0.0,1.0,0.0,0.0,0.0,0.0,0.0,0.0,0.0
774.5708,1.2200841,0.5707942,0.14289543,0.15534064,0.81179404,0.5707942,0.28813875,0.5707942,0.121885985,0.0,0.15101045,0.16889417,0.28487298,0.42920578,0.42775103,0.061910927,0.5707942
595.4218,12159.978,0.5708162,0.46118268,0.28095242,0.4291838,0.5708162,0.072887324,1.239874,0.4861627,0.5708162,0.14609587,0.0110787,0.27547142,0.21433482,0.14216553,0.32982323,0.25251272
2960.792,22430.955,0.5709642,0.42948005,0.0,0.42903575,0.5709642,0.0,1.4124653,0.48790154,0.20895925,0.25317517,0.2683784,0.49950394,0.29321507,0.28002945,0.1422024,0.5709642
5435.0,8984.732,0.0,0.0,0.0,0.0,1.0,0.0,1.0,0.0,0.0,0.0,0.0,0.0,0.0,0.0,0.0,0.0
6120.2495,902.01154,0.57092416,0.0,0.16341968,0.63142514,0.4232282,0.21206078,0.57092416,0.5468678,0.57092416,0.35432094,0.114780374,0.3446943,0.42907584,0.2610898,0.07290111,0.57092416
6059.878,1436.265,0.07291768,0.21516904,0.2772951,0.96748847,0.07071408,0.14214608,0.5707381,0.14832012,0.2119922,0.5707381,0.3503033,0.30078405,1.0914826,0.47255862,0.42217702,0.08590899
2895.7878,21699.797,0.57081026,0.3542097,0.41355488,0.4291897,0.57081026,0.28590485,0.4291897,0.57081026,0.57081026,0.07072302,0.20699725,0.34298256,0.21882442,0.35792318,0.42776307,0.57081026
9359.501,597.0986,0.570897,0.2857091,0.070733756,0.14555936,1.2768857,0.29463595,0.570897,0.27854124,0.570897,1.570897,0.42009732,0.1444168,0.42488065,0.570897,0.25310567,0.073795296
6120.303,816.3279,0.3355359,0.49843764,0.07071396,0.96974045,0.16946244,0.18943962,0.5707371,0.3293623,0.18943962,0.19000348,0.0,0.0071533173,1.3635176,0.28653207,0.1839621,0.08708731
9299.859,682.0992,0.49874482,0.5670085,0.14220893,0.57099044,1.0639298,0.42949975,0.57099044,0.044519693,0.57099044,0.5060775,0.2594262,0.22282344,0.57099044,0.0,0.36111724,0.21028218
2880.0,4926.532,0.0,0.0,0.0,1.0,0.0,0.0,0.0,0.0,0.0,0.0,0.0,0.0,1.0,0.0,0.0,0.0
886.99554,134.40196,0.5709924,0.22549531,0.2191793,0.6915698,0.5709924,0.07074559,0.5709924,0.11090321,0.7174171,0.18137163,0.5546336,0.14679143,0.0,0.42794016,0.42950124,0.5709924
6119.7505,873.4584,0.5709691,0.09690058,0.0,1.3612496,0.49950817,0.31613436,0.5709691,0.21439223,0.5709691,0.0707427,0.5709691,0.2819935,1.3197452,0.25239164,0.2841457,0.5709691
209.72345,53248.043,0.5707351,0.42729458,0.22309458,1.3578761,0.5707351,0.5707351,0.49930346,0.38177603,0.5707351,0.5701579,0.2836118,0.0,0.4292649,0.11410232,0.32996786,0.10309713
774.87695,650.6922,0.5709545,0.42947274,0.48126575,0.4290455,0.5709545,0.15548979,0.5709545,0.42947274,0.2492666,0.28054985,0.18487023,0.11234506,0.9839279,0.29764354,0.038267463,0.5709545
774.1994,15793.472,0.57076675,0.29417014,0.57076675,0.42923325,0.57076675,0.07148541,0.57076675,0.020169906,0.57076675,0.41172016,0.09821015,0.20683521,0.62892,0.0,0.21605188,0.57076675
3527.0,58527.457,0.0,0.0,0.0,1.0,0.0,0.0,1.0,0.0,0.0,0.0,0.0,0.0,0.0,0.0,0.0,0.0
120.0,36096.16,1.0,0.0,0.0,0.0,0.0,0.0,1.0,0.0,0.0,0.0,0.0,0.0,0.0,0.0,0.0,0.0
4599.362,13311.197,0.57092416,0.39344418,0.34464893,0.7508707,0.57092416,0.029512003,0.57092416,0.15169132,0.57092416,0.27775738,0.30304775,0.35497138,1.1561204,0.36751297,0.07073713,0.57092416
7480.0,34012.812,0.0,0.0,0.0,1.0,0.0,0.0,1.0,0.0,0.0,0.0,0.0,0.0,0.0,0.0,0.0,0.0
6120.0547,908.74457,0.22077203,0.070717454,0.4065699,1.4250616,0.42933047,0.22251612,0.5707654,0.35789505,0.15191665,0.35789505,0.34540814,0.34340036,0.87136793,0.5300253,0.4035331,0.14215288
1281.205,1006.6129,0.5707979,0.39118603,0.14781919,0.9488528,0.5707979,0.4123719,0.5707979,0.0,0.5707979,0.21515027,0.31418136,0.5707979,0.4292021,0.0,0.107374005,0.5707979
1278.571,1005.13477,0.5710261,0.0,0.07226282,0.769992,0.483429,0.37205663,0.5710261,0.46931988,0.3539576,0.3580585,0.07074976,0.42870986,1.293833,0.3000971,0.0,0.07074976
540.0,39890.746,1.0,0.0,0.0,0.0,0.0,0.0,0.0,0.0,0.0,1.0,0.0,0.0,0.0,0.0,0.0,0.0
574.0,784.683,0.0,0.0,0.0,0.0,1.0,0.0,0.0,0.0,0.0,1.0,0.0,0.0,0.0,0.0,0.0,0.0
823.5708,1523.9915,0.57075906,0.22613367,0.21435559,0.9000776,0.57075906,0.4318583,0.22205931,0.13098761,0.22827354,0.3508644,0.0,0.301314,1.0432857,0.56509656,0.22135639,0.57075906
1054.4233,11139.116,0.57087255,0.42715836,0.2792911,0.68547946,0.57087255,0.0,1.5693026,0.3571803,0.0,0.0,0.20241891,0.38118404,0.0,0.56001645,0.19854538,0.57087255
1279.152,1004.61597,0.57082236,0.07072452,0.10333073,1.354799,0.57082236,0.43643835,0.57082236,0.14294288,0.57082236,0.3223792,0.0007180348,0.2856718,0.4291776,0.16768736,0.4566259,0.57082236
9986.0,49223.285,0.0,0.0,0.0,1.0,0.0,0.0,1.0,0.0,0.0,0.0,0.0,0.0,0.0,0.0,0.0,0.0
276.0,778.565,0.0,0.0,0.0,0.0,1.0,0.0,0.0,0.0,0.0,1.0,0.0,0.0,0.0,0.0,0.0,0.0
774.5708,1.0217218,0.5707942,0.42464295,0.35791314,0.42920578,0.5707942,0.08152977,0.5707942,0.0038186312,0.49782363,0.07292485,0.1494748,0.49285957,0.42920578,0.55461705,0.57021695,0.5707942
746.358,2459.3591,0.57091016,0.4226978,0.13344279,0.7704138,0.57091016,0.070735395,0.57091016,0.0029407218,0.42908984,0.07289693,0.17309088,0.20359227,0.06361094,0.3483918,0.21436772,0.57091016
3313.4272,2516.2131,0.57078326,0.0,0.4037214,1.121908,0.57078326,0.041330233,0.57078326,0.16384402,0.42921674,0.49857837,0.1306117,0.2397552,0.25077468,0.3541674,0.252832,0.57078326
774.5708,0.6301987,0.2181553,0.25719368,0.27781647,0.42920578,0.5707942,0.3522374,0.42935216,0.56367224,0.42379415,0.23827419,0.14216006,0.0,0.42920578,0.07072103,0.25607368,0.5707942
540.0,39903.21,1.0,0.0,0.0,0.0,0.0,0.0,0.0,0.0,0.0,1.0,0.0,0.0,0.0,0.0,0.0,0.0
2792.9846,3360.9373,0.5708407,0.33183143,0.37504166,0.4291593,0.5708407,0.42938712,0.5708407,0.5708407,0.22061789,0.27788335,0.35794228,0.422974,0.65201193,0.5708407,0.09705492,0.5708407
180.0,27392.04,1.0,0.0,0.0,0.0,0.0,0.0,1.0,0.0,0.0,0.0,0.0,0.0,0.0,0.0,0.0,0.0
773.4292,38791.01,0.5707943,0.11219946,0.14443111,1.2825754,0.5707943,0.5707943,0.14586711,0.097319774,0.34153715,0.071488865,0.15126705,0.13363063,0.42920572,0.42877495,0.49686992,0.5707943
9299.925,764.9562,0.22698435,0.24236318,0.072926395,0.5708063,0.42919368,0.4899492,0.5708063,0.35639313,0.5708063,1.3727797,0.07072253,0.42734796,0.5708063,0.0,0.36809635,0.42331764
6120.278,873.63416,0.5707915,0.21815428,0.21522531,1.5677196,0.28922525,0.14215937,0.5707915,0.26335388,0.5707915,0.36103165,0.07517723,0.2639674,1.0287671,0.0,0.48284993,0.5707915
1021.92126,7047.3066,0.57102156,0.057730958,0.0007182807,0.42897847,0.57102156,0.11791344,1.0981153,0.14444831,0.49955407,0.23896304,0.4103441,0.0,0.0,0.57102156,0.32850364,0.57102156
6059.605,1483.3177,0.5710227,0.16962068,0.39698684,0.4289773,0.072913684,0.32264638,0.5710227,0.41694152,0.5710227,0.21441236,0.49955505,0.28115094,0.4289773,0.30004716,0.42727065,0.5710227
9120.43,828.86945,0.5707975,1.1079615,0.5707975,0.5707975,0.116088375,0.28404737,0.5707975,1.554365,0.33981127,0.023203455,0.35485196,0.0,0.15248072,0.22220539,0.5513268,0.0029890463
591.7258,17872.85,0.5708741,0.2912526,0.3328411,1.0442683,0.5708741,0.3610436,0.11314155,0.020624563,0.5708741,0.28153688,0.070730925,0.4291259,0.21282798,0.21435656,0.5708741,0.49942505
12474.0,14005.393,0.0,0.0,0.0,1.0,0.0,0.0,1.0,0.0,0.0,0.0,0.0,0.0,0.0,0.0,0.0,0.0
13717.0,14005.342,0.0,0.0,0.0,1.0,0.0,0.0,1.0,0.0,0.0,0.0,0.0,0.0,0.0,0.0,0.0,0.0
1281.4977,1007.1621,0.5707665,0.0,0.45547947,1.0931898,0.5707665,0.0,0.5707665,0.070717596,0.5707665,0.020963177,0.15533638,0.00071796775,1.1351222,0.2127473,0.070717596,0.5707665
9299.901,590.6413,0.5708046,0.0,0.14216264,0.5708046,0.7768543,0.009152539,0.5708046,0.34528795,0.5708046,1.392981,0.28405085,0.3579196,0.5708046,0.42485198,0.09929578,0.046830133
180.0,38144.2,1.0,0.0,0.0,0.0,0.0,0.0,1.0,0.0,0.0,0.0,0.0,0.0,0.0,0.0,0.0,0.0
540.0,39924.15,1.0,0.0,0.0,0.0,0.0,0.0,0.0,0.0,0.0,1.0,0.0,0.0,0.0,0.0,0.0,0.0
2929.2432,2112.2566,0.57090193,0.22657844,0.14218688,0.98873377,0.57090193,0.28732306,0.57090193,0.00475803,0.72568154,0.14338082,0.373269,0.57090193,0.57090193,0.070734374,0.28571156,0.57090193
6241.0,46244.992,0.0,0.0,0.0,1.0,0.0,0.0,1.0,0.0,0.0,0.0,0.0,0.0,0.0,0.0,0.0,0.0
773.5759,6984.3716,0.5707345,0.0,0.0,0.4292655,0.5707345,0.042859457,0.5707345,0.19687435,0.5515088,0.38586187,0.35787567,0.24380058,0.4292655,0.42930722,0.14214519,0.5707345
685.76984,11136.022,0.5708545,0.42197073,0.20240955,0.42914551,0.22897999,0.2509395,0.5706025,0.16904204,0.09271525,0.42939752,0.30000043,0.3695234,0.3108958,0.4994079,0.05504112,0.30566818
6119.9,812.6278,0.23264696,0.21051167,0.0,0.80592245,0.0,0.004649602,0.5709654,0.27414334,0.47471923,0.4294809,0.018263392,0.17286976,1.1925725,0.43567556,0.1577089,0.47508633
120.32912,102.31946,0.57093835,0.9900627,0.15228432,0.14681935,0.57093835,0.104967445,0.57093835,0.27058965,0.57093835,0.0014941469,0.14536402,0.57093835,0.28498548,0.42906168,0.49948126,0.18881464
612.0,59008.707,0.0,0.0,0.0,1.0,0.0,0.0,0.0,0.0,0.0,0.0,0.0,0.0,1.0,0.0,0.0,0.0
1275.5846,1006.69403,0.5709807,0.16085881,0.34162483,1.5709807,0.5709807,0.0,0.5709807,0.27856162,0.326211,0.105654426,0.14683026,0.41098508,1.3994397,0.5709807,0.2873627,0.5709807
494.0,2216.114,0.0,0.0,0.0,0.0,1.0,0.0,0.0,0.0,0.0,1.0,0.0,0.0,0.0,0.0,0.0,0.0
3313.011,2407.9436,0.570956,0.570956,0.35801458,0.429044,0.570956,0.24668334,0.570956,0.22977608,1.4294739,0.33591378,0.41819483,0.00071820617,0.33522403,0.32750934,0.4994967,0.37762797
3379.4548,2866.6926,0.5708871,0.14585052,0.0,1.4574494,0.5708871,0.08303863,0.5708871,0.42716926,0.4291129,0.16245285,0.14218318,0.070732534,0.42259073,0.49641338,0.07668546,0.5708871
819.0325,2425.2324,0.5707118,0.14445104,0.022809096,0.42928824,0.5707118,0.20029935,0.13672495,0.0,0.5941265,0.038137138,0.31907356,0.56852126,0.27349442,0.38883853,0.42929015,0.5707118
854.08887,7064.1924,0.57084024,0.31505892,0.0,0.4291598,0.57084024,0.119181015,1.3511533,0.36886257,0.27062824,0.07367241,0.1421715,0.41278854,0.22787556,0.57084024,0.5540773,0.57084024
2761.478,23556.531,0.57101226,0.13098504,0.07369462,0.42898774,0.57101226,0.14221436,0.42898774,0.21606265,0.3543756,0.023034096,0.57101226,0.07291235,0.070748046,0.0007182732,0.13050444,0.57101226
8738.0,22095.705,0.0,0.0,0.0,1.0,0.0,0.0,1.0,0.0,0.0,0.0,0.0,0.0,0.0,0.0,0.0,0.0
774.5708,11223.744,0.5707942,0.14216006,0.0,1.0289307,0.5707942,0.14372504,0.5707942,0.07148886,0.0,0.2278646,0.0,0.4986134,1.4287748,0.4993552,0.5707942,0.5707942
948.2927,9087.756,0.5707871,0.0,0.47476292,1.0918655,0.5707871,0.28637952,0.78924185,0.3849398,0.0,0.5643878,0.3026659,0.4062615,0.34339124,0.30149946,0.32278278,0.5707871
119.78216,102.50499,0.5709868,0.81302834,0.49874127,0.1106424,0.5709868,0.23887146,0.5709868,0.42545116,0.5709868,0.3534451,0.2143991,0.49076837,0.14443992,1.4414775,0.018291503,0.5709868
360.0,6939.097,1.0,0.0,0.0,0.0,0.0,0.0,0.0,0.0,0.0,1.0,0.0,0.0,0.0,0.0,0.0,0.0
840.99756,95.90468,0.5709885,0.5442257,0.27827758,0.42901152,0.5709885,0.49952513,0.5709885,0.0891077,0.327343,0.07308507,0.17306836,0.2637133,0.6859223,0.5709885,0.49728757,0.5709885
2871.4216,2494.2717,0.5709425,0.0707394,0.40932018,1.3580061,0.5709425,0.16423503,0.5709425,0.277933,1.0645807,0.5709425,0.42491454,0.5709425,0.5709425,0.2501033,0.49948496,0.5709425
1041.6226,9088.524,0.5709039,0.21514988,0.07289851,1.4294347,0.5709039,0.0819388,1.1737739,0.22792663,0.07073462,0.41208923,0.4943421,0.14218737,0.0,0.08018875,0.0,0.5709039
120.05415,100.673454,0.1295421,1.2701751,0.26135534,0.54423136,0.57090294,0.0,0.57090294,0.1437908,0.57090294,0.2970189,0.07146213,0.57090294,0.57008636,0.42909706,0.015308872,0.08841732
2568.811,1979.9081,0.57079613,0.015840799,0.49472976,0.42920387,0.57079613,0.21815604,0.57079613,0.0,0.51193273,0.47980377,0.0,0.15126556,0.35791433,0.2858978,0.0038166344,0.57079613
793.88464,246.06903,0.5708374,0.4839724,0.21434274,0.42916265,0.5708374,0.072890006,0.5708374,0.42938462,0.42916265,0.32754144,0.42938462,0.020025969,0.40225378,0.2553574,0.29926318,0.5708374
1278.5706,1004.4176,0.57097113,0.1268321,0.42723277,0.4290289,0.57097113,0.1262343,0.57097113,0.33213067,0.57097113,0.4294807,0.42648846,0.5386166,0.4290289,0.48648423,0.2941901,0.57097113
9990.0,15810.866,0.0,0.0,0.0,1.0,0.0,0.0,1.0,0.0,0.0,0.0,0.0,0.0,0.0,0.0,0.0,0.0
229.27348,0.4958531,0.3943685,0.28570303,0.0,0.42911503,0.570885,0.100349866,0.49301222,0.076672345,0.570885,0.28570303,0.39454862,0.18522254,0.42911503,0.47838047,0.570885,0.30376238
119.69349,99.78268,0.57088256,0.6574997,0.076278724,0.2176271,0.57088256,0.12792453,0.57088256,0.23573822,0.57088256,0.28731328,0.092791155,0.33958313,0.2796872,0.42911747,0.16699266,0.2754133
7474.0,26011.035,0.0,0.0,0.0,1.0,0.0,0.0,1.0,0.0,0.0,0.0,0.0,0.0,0.0,0.0,0.0,0.0
9986.0,49274.113,0.0,0.0,0.0,1.0,0.0,0.0,1.0,0.0,0.0,0.0,0.0,0.0,0.0,0.0,0.0,0.0
9119.502,860.4339,0.4294833,0.69167113,0.5147056,0.5709685,0.4740767,0.075240985,0.5709685,1.0072594,0.5709685,0.0,0.22975631,0.21672623,0.4294833,0.07074262,0.22787715,0.00071822107
180.0,28159.656,1.0,0.0,0.0,0.0,0.0,0.0,1.0,0.0,0.0,0.0,0.0,0.0,0.0,0.0,0.0,0.0
774.57074,58901.21,0.57071155,0.28353444,0.57071155,1.1027542,0.57071155,0.4154432,0.57071155,0.2984835,0.57071155,0.00071789324,0.011953764,0.57071155,1.020283,0.1787046,0.0,0.2485002
1488.5631,31054.3,0.5709685,0.41546273,0.4901473,1.28012,0.5709685,0.18378863,0.0,0.4249339,0.4321444,0.14981557,0.24581414,0.5709685,0.22741063,0.29130083,0.046269305,0.5709685
2687.1926,22352.584,0.5707489,0.10356675,0.4287408,0.42925107,0.5707489,0.38647783,1.1639054,0.35560745,0.42041785,0.25895333,0.07317842,0.18684895,0.3493634,0.42131364,0.39905655,0.5707489
774.57074,15486.016,0.57071155,0.46748838,0.57071155,1.1643025,0.57071155,0.07291373,0.059304394,0.355795,0.57071155,0.19727567,0.4877691,0.2143353,1.0997152,0.25200024,0.4209514,0.57071155
1278.4498,1004.8431,0.57083535,0.15138981,0.28732932,1.3397787,0.57083535,0.36354062,0.57083535,0.19651857,0.57083535,0.24059808,0.40841344,0.57083535,0.42916462,0.07072613,0.07227493,0.57083535
591.4299,4097.354,0.5709524,0.35403496,0.35433847,0.8425776,0.5709524,0.5709524,0.3755592,0.34974998,0.5709524,0.34898072,0.4994936,1.5637921,0.36789548,0.21516813,0.5709524,0.5709524
4100.464,13056.461,0.57073104,0.48861971,0.0,0.429269,0.57073104,0.51099366,0.57073104,0.2206167,0.57073104,0.26472524,0.16965377,0.3337719,0.68660295,0.010764137,0.2969044,0.57073104
540.0,39970.812,1.0,0.0,0.0,0.0,0.0,0.0,0.0,0.0,0.0,1.0,0.0,0.0,0.0,0.0,0.0,0.0
831.0424,571.7973,0.5707743,0.07292201,0.4293357,1.5396936,0.5707743,0.0,0.5707743,0.32214954,0.22657582,0.2303285,0.21965402,0.07369997,0.42922568,0.33036485,0.18197832,0.5707743
16239.0,43059.812,0.0,0.0,0.0,1.0,0.0,0.0,1.0,0.0,0.0,0.0,0.0,0.0,0.0,0.0,0.0,0.0
222.22057,21413.467,0.57091105,0.4972201,0.49945742,0.42908895,0.57091105,0.3356204,0.26229262,0.29127154,0.57091105,0.25265354,0.4271872,1.0941526,0.49591255,0.42396015,0.046226412,0.36956006
2957.0,5523.23,0.0,0.0,0.0,1.0,0.0,0.0,0.0,0.0,1.0,0.0,0.0,0.0,0.0,0.0,0.0,0.0
4070.1382,25854.844,0.55314887,0.42269287,0.35798606,0.42908952,0.5709105,0.07073543,1.1127096,0.17180246,0.5709105,0.251454,0.5700939,0.37387618,0.35495654,0.42862305,0.5709105,0.5709105
773.91486,18989.605,0.5709088,0.4272075,0.13904181,0.62422365,0.5709088,0.18040952,0.5709088,0.257424,0.5709088,0.49241892,0.4994819,0.10340845,1.2857372,0.142193,0.22220305,0.5709088
830.94037,2839.991,0.5707488,0.19626918,0.5701716,1.3578846,0.5707488,0.35178044,0.5707488,0.25664994,0.6556995,0.0,0.0707154,0.3129884,0.20023695,0.49931544,0.083179325,0.5707488
774.57074,1.8068495,0.5707116,0.21433531,0.17239049,0.4292884,0.5707116,0.42929006,0.5707116,0.30849445,0.22984664,0.5707116,0.07071079,0.0175571,1.1351382,0.35166204,0.0,0.5707116
7481.0,34011.996,0.0,0.0,0.0,1.0,0.0,0.0,1.0,0.0,0.0,0.0,0.0,0.0,0.0,0.0,0.0,0.0
335.0,10000.251,0.0,0.0,0.0,1.0,0.0,0.0,0.0,0.0,1.0,0.0,0.0,0.0,0.0,0.0,0.0,0.0
2162.3335,2015.194,0.5708792,0.007908851,0.28495604,1.2723249,0.5708792,0.27086973,0.5708792,0.18589962,0.07289537,0.49942952,0.28051287,0.21047986,0.651064,0.33013046,0.42785537,0.5708792
774.5708,2.465375,0.5707942,0.38821048,0.4993552,1.058732,0.5707942,0.25464052,0.5707942,0.26777044,0.35791314,0.00071799755,0.37316594,0.15308887,0.42920578,0.2388756,0.5707942,0.5707942
120.0,31840.043,1.0,0.0,0.0,0.0,0.0,0.0,1.0,0.0,0.0,0.0,0.0,0.0,0.0,0.0,0.0,0.0
1279.277,1007.7473,0.5709628,0.35801885,0.31939375,0.42903718,0.5709628,0.081633456,0.5709628,0.4264817,0.5709628,0.22521311,0.1468257,0.57014614,1.4254351,0.5709628,0.23873135,0.5709628
3869.0,58856.254,0.0,0.0,0.0,1.0,0.0,0.0,1.0,0.0,0.0,0.0,0.0,0.0,0.0,0.0,0.0,0.0
3313.0247,2406.8708,0.57083327,0.5609292,0.43980682,0.96358544,0.14216977,0.50562775,0.57083327,0.27570534,0.80034417,0.3503796,0.16818333,0.287312,0.27207148,0.57083327,0.027922697,0.070725866
14951.0,23021.734,0.0,0.0,0.0,1.0,0.0,0.0,1.0,0.0,0.0,0.0,0.0,0.0,0.0,0.0,0.0,0.0
774.35785,2106.598,0.5707116,0.0,0.32170814,0.4292884,0.5707116,0.0,0.5707116,0.4992829,0.2850535,0.08812083,0.47897726,0.24630244,0.95418334,0.4987253,0.16755976,0.5707116
9300.499,680.5205,0.28568655,0.57085186,0.21281974,0.57085186,0.7279601,0.27934396,0.57085186,0.40962702,0.57085186,1.020178,0.4293955,0.41066343,0.57085186,0.4962737,0.38261706,0.40451694
9120.134,822.74176,0.292055,0.74000955,0.48886245,0.00991077,0.081905745,0.0,0.57081,0.91756845,0.57081,0.12603088,0.11722873,0.0,0.24004076,0.21960111,0.14216399,0.0007180199
2345.0183,21926.053,0.5707272,0.07291629,0.14214337,0.4292728,0.5707272,0.14214337,1.1472849,0.0,0.28586325,0.35712937,0.2606321,0.34640864,0.3200805,0.33703777,0.077654295,0.5707272
120.0,32256.14,1.0,0.0,0.0,0.0,0.0,0.0,1.0,0.0,0.0,0.0,0.0,0.0,0.0,0.0,0.0,0.0
540.0,39926.793,1.0,0.0,0.0,0.0,0.0,0.0,0.0,0.0,0.0,1.0,0.0,0.0,0.0,0.0,0.0,0.0
3313.358,2280.8914,0.57091886,0.25658178,0.21598125,1.2225232,0.57091886,0.21436948,0.57091886,0.32842025,1.2557045,0.42856282,0.07460595,0.0,0.57091886,0.32592198,0.42944592,0.57091886
840.57074,1908.5391,0.57071936,0.070711754,0.3578662,0.4292806,0.57071936,0.0,0.57071936,0.48369628,1.498788,0.0,0.0,0.44437644,0.2621433,0.0,0.28201604,0.57071936
5606.0,636.33,0.0,0.0,0.0,1.0,0.0,0.0,0.0,0.0,0.0,0.0,0.0,0.0,1.0,0.0,0.0,0.0
3721.8704,6655.766,0.5709098,0.1453568,0.39468393,1.5709099,0.5709098,0.13076088,0.5709098,0.49331704,0.3957533,0.5709098,0.21959552,0.40370438,1.322042,0.47125885,0.4294391,0.5709098
951.9852,9086.776,0.5709736,0.37868953,0.5639705,0.42902642,0.5709736,0.2485054,0.7834249,0.23470618,0.4286703,0.12971298,0.45212072,0.0,0.30763662,0.22378565,0.21350639,0.5709736
2894.6694,2759.5613,0.57091993,0.35799196,0.1994687,0.42908004,0.57091993,0.3695658,0.57091993,0.42863014,0.90417886,0.0,0.49789724,0.57091993,0.2284979,0.0,0.095989026,0.57091993
774.57074,36153.652,0.5707116,0.5109971,0.49548954,0.4292884,0.5707116,0.0931748,0.5707116,0.21906786,0.335697,0.2072704,0.0030244812,0.15979113,0.4292884,0.35177082,0.25160384,0.5707116
498.0,59015.79,0.0,0.0,0.0,1.0,0.0,0.0,0.0,0.0,1.0,0.0,0.0,0.0,0.0,0.0,0.0,0.0
2928.6443,2247.689,0.57102126,0.082288556,0.25575733,0.42897874,0.57102126,0.47268593,0.57102126,0.48357856,0.42897874,0.57102126,0.23575002,0.57102126,0.39499962,0.21441182,0.08593758,0.57102126
4992.0,49269.24,0.0,0.0,0.0,1.0,0.0,0.0,1.0,0.0,0.0,0.0,0.0,0.0,0.0,0.0,0.0,0.0
2759.326,23038.195,0.57102937,0.429529,0.19195421,0.42897063,0.57102937,0.0,1.1196891,0.3803258,0.19112653,0.1437808,0.0007182956,0.32196933,0.429529,0.2881733,0.15410602,0.57102937
6060.113,1483.3079,0.001494348,0.49520245,0.21487734,1.3778406,0.21763428,0.0,0.57101095,0.4295152,0.2912807,0.04036226,0.06036082,0.40593174,0.7189714,0.0,0.0,0.42252442
783.9516,2174.625,0.5707659,0.0,0.31509984,0.4292341,0.5707659,0.0,0.26616222,0.0,0.07071752,0.49705303,0.07071752,0.2580471,1.3803208,0.07292121,0.49933037,0.5707659
2937.3706,2852.3936,0.5707207,0.03169851,0.18459922,0.42927933,0.5707207,0.271646,0.5707207,0.2052243,0.42927933,0.24300414,0.30588612,0.4272838,0.15350387,0.14287704,0.00071790814,0.5707207
1279.6799,1004.43195,0.5708151,0.15016243,0.26238692,0.42918488,0.5708151,0.0,0.5708151,0.16180313,0.5708151,0.06456626,0.033941522,0.490839,0.9504357,0.14583212,0.0,0.5708151
694.05707,9091.388,0.570944,0.23388147,0.0014941618,1.4896741,0.570944,0.10783372,0.42905596,0.4831775,0.17938286,0.21254268,0.40426692,0.07073959,0.14219737,0.570944,0.21223673,0.570944
1278.9503,1005.5085,0.5709268,0.0,0.22414705,0.42907324,0.5709268,0.0229045,0.5709268,0.42344746,0.5709268,0.41502425,0.49947116,0.2749371,0.42907324,0.07290143,0.0,0.5709268
1280.1648,1007.676,0.5709545,0.4597614,0.42023376,0.4290455,0.5709545,0.49225268,0.5709545,0.14297596,0.5709545,0.42947274,0.5709545,0.15126732,0.4290455,0.21438676,0.28499374,0.5709545
855.03705,1686.4645,0.5709237,0.1004379,0.57010704,0.89078873,0.5709237,0.20653516,0.33629984,0.29069364,1.2430204,0.0014941022,0.31586635,0.49868637,0.38326585,0.35721225,0.5709237,0.5709237
120.0,37888.07,1.0,0.0,0.0,0.0,0.0,0.0,1.0,0.0,0.0,0.0,0.0,0.0,0.0,0.0,0.0,0.0
120.0,35328.145,1.0,0.0,0.0,0.0,0.0,0.0,1.0,0.0,0.0,0.0,0.0,0.0,0.0,0.0,0.0,0.0
119.446236,101.15374,0.5708482,0.6118539,0.42714018,0.4639014,0.5708482,0.3319549,0.5708482,0.357947,0.5708482,0.30893564,0.4293928,0.5708482,0.15123914,0.42915177,0.42714018,0.07072772
16239.0,43061.65,0.0,0.0,0.0,1.0,0.0,0.0,1.0,0.0,0.0,0.0,0.0,0.0,0.0,0.0,0.0,0.0
774.5708,1.8232169,0.5707942,0.26513606,0.07475741,1.117738,0.5707942,0.14443108,0.5707942,0.36568332,0.24167949,0.00071799755,0.44751033,0.42692405,0.42920578,0.35791314,0.5707942,0.5707942
60.0,60640.207,1.0,0.0,0.0,0.0,0.0,0.0,1.0,0.0,0.0,0.0,0.0,0.0,0.0,0.0,0.0,0.0
11211.0,18006.064,0.0,0.0,0.0,1.0,0.0,0.0,1.0,0.0,0.0,0.0,0.0,0.0,0.0,0.0,0.0,0.0
1282.571,1003.62305,0.57093996,0.20894077,0.26724407,0.42906007,0.57093996,0.1422016,0.57093996,0.32206777,0.24270844,0.5637799,0.0,0.57093996,0.42906007,0.13905588,0.07074521,0.57093996
3313.5708,2529.9207,0.5708152,0.0029805824,0.3900359,0.74415886,0.5708152,0.2765164,0.5708152,0.21034142,0.42918482,0.3610542,0.06270048,0.1483311,0.008721612,0.073734075,0.35462204,0.5708152
3268.754,3360.2305,0.57081544,0.1878391,0.56770337,1.4293681,0.57081544,0.4285517,0.57081544,0.42936814,0.31014696,0.2929472,0.103867315,0.2661753,1.107875,0.07072366,0.44525906,0.57081544
1279.6334,1006.1894,0.5707644,0.30375603,0.03304238,1.2797858,0.5707644,0.4235255,0.5707644,0.16373663,0.09548746,0.21517897,0.2707322,0.5707644,0.42923558,0.0337618,0.040552445,0.5707644
8736.0,32647.012,0.0,0.0,0.0,1.0,0.0,0.0,1.0,0.0,0.0,0.0,0.0,0.0,0.0,0.0,0.0,0.0
85.357124,30360.885,0.5707387,0.38957736,0.21434604,1.1158848,0.070714146,0.14441703,1.1511084,0.4710004,0.07230511,0.4255071,0.15228339,0.3578783,0.14214621,0.1912981,0.5707387,0.072917745
120.429436,101.26646,0.57090145,0.42909858,0.2927197,0.07146166,0.57090145,0.42717597,0.57090145,0.42488062,0.57090145,0.35797992,0.085252516,0.37795264,0.07073442,1.2819573,0.49944875,0.57090145
9299.725,592.06757,0.5708183,0.35714635,0.07522121,0.5708183,1.2660342,0.49937627,0.5708183,0.007764019,0.5708183,0.8434829,0.35792825,0.49937627,0.5708183,0.0,0.07615459,0.41975066
3312.4292,2140.4758,0.5708281,0.41777608,0.35900083,0.4291719,0.5708281,0.11867378,0.5708281,0.5700116,0.4291719,0.4490529,0.4191514,0.44700828,0.2536749,0.1429443,0.0,0.5708281
6119.628,902.2207,0.5710099,0.34467912,0.11028747,0.5704856,0.4295144,0.42640114,0.5710099,0.39863598,0.5710099,0.08832292,0.0007182732,0.12028892,1.2369153,0.34077245,0.0073412284,0.5710099
3235.869,1667.3429,0.57086724,0.55672073,0.2030297,1.0315082,0.57086724,0.47463453,0.57086724,0.35572177,0.24833436,0.14217824,0.32888198,0.18644555,1.429407,0.40753084,0.041066736,0.57086724
3060.0,56.131,0.0,0.0,0.0,1.0,0.0,0.0,0.0,0.0,0.0,0.0,0.0,0.0,1.0,0.0,0.0,0.0
9974.0,17201.773,0.0,0.0,0.0,1.0,0.0,0.0,1.0,0.0,0.0,0.0,0.0,0.0,0.0,0.0,0.0,0.0
552.0,755.291,0.0,0.0,0.0,0.0,1.0,0.0,0.0,0.0,0.0,1.0,0.0,0.0,0.0,0.0,0.0,0.0
1115.5707,9500.628,0.5707292,0.0,0.15326409,0.8449948,0.5707292,0.0,0.20887183,0.071480714,1.0920566,0.14441463,0.5625576,0.0007179156,0.25208795,0.42560166,0.44141072,0.5707292
4283.876,26367.186,0.5708246,0.1489833,0.0,0.42917538,0.5708246,0.2856729,0.49714482,0.28728414,0.5708246,0.20046578,0.14216763,0.0,0.42917538,0.13903643,0.15662225,0.5708246
120.06118,100.64734,0.5710166,0.5078109,0.0,0.1458836,0.5710166,0.2983538,0.5710166,0.21820001,0.5710166,0.2120073,0.42951947,0.5710166,0.35727042,1.0733919,0.37704504,0.5710166
9180.28,647.1047,0.16827695,1.4294566,0.42634377,0.570933,0.14435592,0.14219463,0.570933,0.9569217,0.570933,0.570933,0.3549768,0.42945656,0.570933,0.15471938,0.29794043,0.42945656
612.0,59018.723,0.0,0.0,0.0,1.0,0.0,0.0,0.0,0.0,0.0,0.0,0.0,0.0,1.0,0.0,0.0,0.0
1279.6665,1006.1636,0.57081604,0.27013624,0.070723735,0.42918393,0.57081604,0.4271161,0.57081604,0.070723735,0.57081604,0.0014938265,0.24109346,0.070723735,1.3579267,0.3350922,0.4229558,0.57081604
9240.176,680.76227,0.37344787,0.4292498,0.10048622,0.57075024,0.35560045,0.56547606,0.57075024,0.43606064,0.57075024,0.49857494,0.20887944,0.3198097,0.57075024,0.21435037,0.5136248,0.57075024
6120.269,828.7554,0.0,0.30265644,0.0,1.2596831,0.07147515,0.16893247,0.571007,0.38581923,0.07670156,0.0,0.571007,0.14588115,0.9119411,0.36357173,0.21440649,0.14683482
9299.571,594.375,0.35791937,0.4932659,0.49936387,0.5708042,1.1486379,0.0075885877,0.5708042,0.28485197,0.5708042,0.8879441,0.33479813,0.07072226,0.0,0.2859018,0.312098,0.5708042
120.0,38400.156,1.0,0.0,0.0,0.0,0.0,0.0,1.0,0.0,0.0,0.0,0.0,0.0,0.0,0.0,0.0,0.0
540.0,39958.89,1.0,0.0,0.0,0.0,0.0,0.0,0.0,0.0,0.0,1.0,0.0,0.0,0.0,0.0,0.0,0.0
774.57086,1.734597,0.5708761,0.0029458925,0.44528973,0.42912388,0.5708761,0.25973386,0.5708761,0.28968596,0.26699984,0.28493267,0.21956809,0.1816834,0.42912388,0.32544196,0.46790493,0.5708761
3313.2874,2323.832,0.57091564,0.20604119,0.49946144,0.42908433,0.57091564,0.15244016,0.57091564,0.24873963,0.42908433,0.1883975,0.47956058,0.015155874,0.57091564,0.07073607,0.42343923,0.57091564
6119.429,878.2557,0.14821076,0.35732472,0.22205642,0.8883879,0.5707439,0.0,0.5707439,0.40589702,0.0707148,0.0023072585,0.42495447,0.0007179305,1.0819659,0.0015211552,0.57016677,0.5707439
6119.53,923.8478,0.13905504,0.08073688,0.570901,1.1260962,0.070734255,0.09911771,0.570901,0.00071813166,0.15973711,0.38862535,0.07379581,0.07368023,0.90802,0.18417564,0.0,0.08158521
120.0,35328.266,1.0,0.0,0.0,0.0,0.0,0.0,1.0,0.0,0.0,0.0,0.0,0.0,0.0,0.0,0.0,0.0
120.0,38400.098,1.0,0.0,0.0,0.0,0.0,0.0,1.0,0.0,0.0,0.0,0.0,0.0,0.0,0.0,0.0,0.0
3072.432,3266.0347,0.5709512,0.27120748,0.0,1.314726,0.5709512,0.08674521,0.5709512,0.0,0.22239771,0.026211604,0.2793686,0.42947027,0.5355811,0.57013464,0.07074048,0.5709512
846.9982,9106.626,0.5707619,0.38551885,0.2977301,1.0703222,0.5707619,0.5707619,1.0416632,0.5642316,0.1832331,0.07071702,0.5707619,0.0,0.0,0.5707619,0.4575714,0.5707619
120.0,50944.344,1.0,0.0,0.0,0.0,0.0,0.0,1.0,0.0,0.0,0.0,0.0,0.0,0.0,0.0,0.0,0.0
1280.5049,1003.9952,0.5708797,0.2834046,0.418496,0.42912033,0.5708797,0.15506183,0.5708797,0.21435866,0.5708797,0.26920468,0.07289543,0.07073162,0.42912033,0.33908337,0.003776893,0.5708797
119.50523,101.80093,0.57092285,0.64200616,0.42477915,0.07073697,0.57092285,0.28816137,0.57092285,0.27389774,0.57092285,0.35034856,0.07073697,0.57092285,0.2608544,1.1228759,0.1421921,0.3842524
9179.793,706.0523,0.08602105,1.1813915,0.0707369,0.5709223,0.22536327,0.2927326,0.5709223,1.0129259,0.25124103,0.07290088,0.34230322,0.40040255,0.5709223,0.348634,0.19604285,0.07290088
9300.099,593.5974,0.3398554,0.0,0.57077754,0.084867366,1.1308787,0.0,0.57077754,0.1461263,0.57077754,0.71822757,0.31541032,0.0,0.42933962,0.35054314,0.35141355,0.21275145
6060.5684,874.0071,0.57077837,0.112991,0.48467597,1.4293402,0.07148687,0.17460845,0.57077837,0.4993413,0.57077837,0.57020116,0.21965605,0.34972742,0.42922163,0.11130103,0.08994354,0.57077837
3625.0,58751.56,0.0,0.0,0.0,1.0,0.0,0.0,1.0,0.0,0.0,0.0,0.0,0.0,0.0,0.0,0.0,0.0
9359.503,590.6858,0.42630732,0.26616606,0.015377611,0.0826635,1.2158338,0.0,0.570784,0.4252609,0.28486782,0.5706556,0.15553208,0.2316455,0.07292353,0.1421575,0.42934445,0.4970688
832.1661,6635.5796,0.5710123,0.29128137,0.32354072,0.42898765,0.5710123,0.0,0.26126054,0.42951623,0.88025135,0.5710123,0.42708614,0.023908593,0.14941263,0.5710123,0.2411966,0.5710123
540.0,39965.977,1.0,0.0,0.0,0.0,0.0,0.0,0.0,0.0,0.0,1.0,0.0,0.0,0.0,0.0,0.0,0.0
173.64197,78687.91,0.5709788,0.49794844,0.5709788,0.4290212,0.5709788,0.0,0.4290212,0.07864078,0.27485472,0.49492857,0.07147161,0.35646066,0.5709788,0.14220603,0.3611098,0.2834537
2938.0,46.276,0.0,0.0,0.0,0.0,1.0,0.0,1.0,0.0,0.0,0.0,0.0,0.0,0.0,0.0,0.0,0.0
6120.206,829.82776,0.5707923,0.2143662,0.5707923,0.62168586,0.49935353,0.37765956,0.5707923,0.42935073,0.5707923,0.0,0.316459,0.28589588,0.42920768,0.21815455,0.33264184,0.5707923
498.0,58009.06,0.0,0.0,0.0,1.0,0.0,0.0,0.0,0.0,1.0,0.0,0.0,0.0,0.0,0.0,0.0,0.0
425.0,9.437,0.0,0.0,0.0,1.0,0.0,0.0,0.0,0.0,1.0,0.0,0.0,0.0,0.0,0.0,0.0,0.0
82.88406,7038.076,0.5707762,0.3213155,0.0038447827,1.0181445,0.5707762,0.1283294,0.5707762,0.2406835,0.5707762,0.27490473,0.07292254,0.0,0.4292238,0.15371269,0.44713038,0.17471632
120.0,46079.793,1.0,0.0,0.0,0.0,0.0,0.0,1.0,0.0,0.0,0.0,0.0,0.0,0.0,0.0,0.0,0.0
9180.277,865.4255,0.57076025,0.42923972,0.0007179603,0.57076025,0.5679275,0.0037750378,0.57076025,1.3210925,0.1586968,0.0,0.34060815,0.2795013,0.21961954,0.5236948,0.21517742,0.0007179603
783.43317,5390.822,0.57085186,0.18939023,0.17393358,0.42914814,0.57085186,0.54441625,0.14295027,0.42857903,1.3327447,0.1512401,0.0,0.48997992,0.5232324,0.35794926,0.14295027,0.57085186
6119.783,855.99194,0.45150784,0.0,0.40113267,1.1098377,0.24741432,0.02043607,0.5707896,0.40453342,0.21436518,0.42934868,0.1421589,0.0,0.4322823,0.244405,0.07072046,0.072924264
1023.271,7030.6475,0.57081205,0.1421645,0.1421645,0.42918795,0.57081205,0.13899288,1.1901839,0.14913514,0.5702348,0.28488192,0.49937078,0.35390738,0.41444042,0.30472428,0.071491085,0.57081205
2952.8435,2427.5386,0.57086533,0.41935503,0.48505044,0.42913467,0.57086533,0.4285891,0.57086533,0.42546582,0.42913467,0.42546582,0.264134,0.31228444,0.57086533,0.28969646,0.00071808696,0.57086533
3312.9822,2563.0403,0.57076734,0.22960612,0.0530312,0.8262672,0.57076734,0.42933196,0.57076734,0.2820923,0.42923266,0.42731878,0.29373017,0.2967017,0.42073655,0.48462647,0.06309026,0.57076734
9359.85,658.5935,0.5710204,0.4956175,0.034305647,0.5710204,0.5712944,0.04315485,0.5710204,0.39293575,0.15614705,1.3455114,0.07074906,0.18427074,0.5710204,0.57020366,0.055789456,0.20507117
9240.234,683.7698,0.3557582,0.9302009,0.22630812,0.0007181689,0.07073735,0.15012757,0.57092595,1.3515589,0.33539784,0.07073735,0.0014942139,0.1444242,0.0,0.347623,0.0007181689,0.30394286
132.0,0.621,0.0,0.0,0.0,0.0,1.0,0.0,1.0,0.0,0.0,0.0,0.0,0.0,0.0,0.0,0.0,0.0
425.0,23.31,0.0,0.0,0.0,1.0,0.0,0.0,0.0,0.0,1.0,0.0,0.0,0.0,0.0,0.0,0.0,0.0
222.3354,1024.0756,0.570868,0.42237636,0.18928716,0.42913195,0.570868,0.07073017,0.570868,0.02118928,0.570868,0.0007180944,0.21435428,0.8733843,0.0007180944,0.35572228,0.570868,0.570868
1278.901,1006.81415,0.57090384,0.3197235,0.16156775,0.42909616,0.57090384,0.40384054,0.57090384,0.21436775,0.57090384,0.21436775,0.07073461,0.0,0.42909616,0.57090384,0.14524628,0.57090384
518.13904,15235.452,0.57099277,0.03611228,0.5225143,1.1216056,0.57099277,0.15486881,1.126029,0.34150553,0.57099277,0.23754081,0.0933123,0.0,0.0,0.21819091,0.08621129,0.46274674
2929.3516,2453.0293,0.570901,0.49115363,0.4994486,1.35798,0.570901,0.08861772,0.570901,0.35719803,0.42909902,0.1657989,0.3157,0.56289595,0.14981559,0.00071813166,0.35798007,0.570901
7501.0,35149.977,0.0,0.0,0.0,1.0,0.0,0.0,1.0,0.0,0.0,0.0,0.0,0.0,0.0,0.0,0.0,0.0
7501.0,30228.057,0.0,0.0,0.0,1.0,0.0,0.0,1.0,0.0,0.0,0.0,0.0,0.0,0.0,0.0,0.0,0.0
1023.4291,7035.328,0.5709371,0.0,0.5709371,0.4290629,0.5709371,0.20175016,0.79738164,0.3533552,0.34610534,0.20161912,0.28814903,0.42857137,0.36790255,0.3579801,0.3579801,0.5709371
774.5708,52333.586,0.5707743,0.42505255,0.34079322,0.42922568,0.5707743,0.5317694,0.5707743,0.5701769,0.5707743,0.21961823,0.20590481,0.21664879,1.1290483,0.5707743,0.0014504418,0.3373058
3313.1033,2553.4338,0.57077247,0.37136608,0.2359815,0.42922753,0.57077247,0.42933577,0.57077247,0.12027076,1.3534005,0.2774549,0.08451706,0.57077247,0.34883028,0.2503212,0.24839437,0.57077247
916.65485,13203.289,0.57092214,0.3465073,0.4234441,1.3407344,0.57092214,0.57092214,0.0,0.0,1.4986851,0.57092214,0.49868506,0.07290084,0.36813095,0.07073688,0.1541188,0.57092214
6120.429,891.97534,0.5709545,0.35577622,0.20895573,0.5198959,0.07463269,0.46028444,0.5709545,0.32519454,0.5709545,0.072905,0.014836341,0.12723985,0.4290455,0.14297596,0.36798403,0.5709545
6119.649,892.57733,0.57096773,0.14587477,0.07147024,0.4290323,0.22045004,0.33620963,0.57096773,0.28239247,0.57096773,0.23902094,0.22301075,0.0014978722,0.4290323,0.0,0.42648217,0.57096773
2871.5613,2543.911,0.57092935,0.0,0.33660728,0.42907065,0.57092935,0.11156718,0.57092935,0.2975097,1.4994733,0.4294538,0.21437731,0.29060102,0.57092935,0.4294538,0.25190848,0.57092935
425.0,8.884,0.0,0.0,0.0,1.0,0.0,0.0,0.0,0.0,1.0,0.0,0.0,0.0,0.0,0.0,0.0,0.0
120.0,36095.95,1.0,0.0,0.0,0.0,0.0,0.0,1.0,0.0,0.0,0.0,0.0,0.0,0.0,0.0,0.0,0.0
9300.169,847.49554,0.36907735,0.070743345,0.00071822107,0.5709743,0.98728716,0.25008324,0.5709743,0.5678614,0.5709743,1.4167498,0.1458728,0.0,0.5709743,0.2385191,0.34157437,0.5709743
9119.984,832.1636,0.57089186,1.0135527,0.07146073,0.57089186,0.2060413,0.42642868,0.57089186,1.2087553,0.29976934,0.07073312,0.07073312,0.35039902,0.57089186,0.36665618,0.07957225,0.57089186
9359.574,607.7705,0.4018914,0.36462218,0.21958302,0.5707727,0.7210518,0.28729832,0.5707727,0.14586161,0.5707727,1.3488305,0.5129963,0.13032828,0.5707727,0.42875874,0.30157363,0.3556223
887.64276,23297.363,0.57096773,0.14587477,0.0,0.4290323,0.57096773,0.3254778,0.0014978722,0.57096773,0.0007182136,0.07564051,0.0007182136,1.1935107,0.42948267,0.027406879,0.20008537,0.57096773
6120.304,850.04614,0.57078594,0.07072,0.30608428,1.2042242,0.4970705,0.49934787,0.57078594,0.3571661,0.57078594,0.56585735,0.042619385,0.42774487,0.42921406,0.05623232,0.42876863,0.57078594
862.87506,9090.812,0.5708814,0.0,0.5708814,1.1603396,0.5708814,0.16286759,1.2120446,0.13822292,0.3519444,0.07073183,0.0,0.0,0.3571859,0.5708814,0.07121451,0.5708814
120.0,33200.375,1.0,0.0,0.0,0.0,0.0,0.0,1.0,0.0,0.0,0.0,0.0,0.0,0.0,0.0,0.0,0.0
2627.7874,22910.988,0.5710067,0.4272587,0.43985334,0.4289933,0.5710067,0.3911231,1.4534198,0.3516672,0.24538955,0.0,0.07074735,0.4272587,0.14221297,0.40768316,0.35580865,0.5710067
5355.0,58418.133,0.0,0.0,0.0,1.0,0.0,0.0,1.0,0.0,0.0,0.0,0.0,0.0,0.0,0.0,0.0,0.0
119.96356,101.585625,0.5707865,1.0582399,0.15524438,0.39549392,0.5707865,0.21514595,0.5707865,0.0,0.145285,0.35563082,0.0007179901,0.35790825,0.08050618,0.42921352,0.4993484,0.5707865
3312.9067,2411.7297,0.5707244,0.00071790814,0.5707244,0.42927557,0.5707244,0.1351228,0.5707244,0.086433135,1.1025782,0.55461395,0.0,0.21663448,0.5707244,0.2176081,0.28263584,0.5707244
120.33915,100.49392,0.57074517,0.78733367,0.42931527,0.14214784,0.57074517,0.21664235,0.57074517,0.19323298,0.57074517,0.0,0.57074517,0.42730218,0.15807953,0.42925483,0.04682666,0.026428908
851.4263,5005.9004,0.5708191,0.44836453,0.28047827,1.3630224,0.5708191,0.19559428,0.2935559,0.3373952,1.2943187,0.15123355,0.14294204,0.0,0.07145163,0.14216624,0.2128075,0.5708191
168.0,3433.369,0.0,0.0,0.0,0.0,1.0,0.0,1.0,0.0,0.0,0.0,0.0,0.0,0.0,0.0,0.0,0.0
6120.0576,811.5534,0.57089394,0.4294272,0.15595664,1.2915258,0.3264488,0.097065024,0.57089394,0.49720526,0.57089394,0.16251792,0.0,0.25270027,1.570894,0.15845779,0.18044004,0.57089394
12450.0,26107.986,0.0,0.0,0.0,1.0,0.0,0.0,1.0,0.0,0.0,0.0,0.0,0.0,0.0,0.0,0.0,0.0
229.26237,1.4251626,0.5710204,0.32169956,0.56204265,0.42897958,0.5710204,0.42096686,0.5710204,0.14835082,0.21441151,0.22137932,0.0822642,0.1587172,0.42897958,0.38629788,0.35438073,0.5710204
2952.7144,2226.6443,0.57079583,0.49707922,0.14528736,1.3534149,0.57079583,0.23102134,0.57079583,0.4293534,0.42920414,0.29903722,0.57079583,0.57079583,0.4293534,0.25816205,0.31258985,0.57079583
119.8509,101.933105,0.5708083,0.77481765,0.5010056,0.18334427,0.5708083,0.14826228,0.5708083,0.14216357,0.5708083,0.5708083,0.30555362,0.5708083,0.23580264,0.9608173,0.224369,0.5708083
2851.358,23230.363,0.5709786,0.0053402185,0.0014955923,0.42902142,0.5709786,0.37738752,0.9408453,0.42949086,0.15127152,0.5070233,0.14725834,0.10329634,0.2824043,0.07147005,0.34548652,0.5709786
119.64203,101.3,0.5708837,1.031736,0.16633187,0.17370547,0.5708837,0.080817044,0.5708837,0.35194558,0.5708837,0.357969,0.071459554,0.5708837,0.27906477,1.4620554,0.51324344,0.0
164.0861,44701.414,0.57093316,0.25679213,0.14219466,1.3275037,0.57093316,0.2857272,0.78601855,0.42945665,0.20311423,0.084326036,0.13823539,0.28498298,0.57093316,0.27971187,0.0,0.14219466
2403.0,22.607,0.0,0.0,0.0,0.0,1.0,0.0,1.0,0.0,0.0,0.0,0.0,0.0,0.0,0.0,0.0,0.0
60.0,61184.45,1.0,0.0,0.0,0.0,0.0,0.0,1.0,0.0,0.0,0.0,0.0,0.0,0.0,0.0,0.0,0.0
9990.0,15815.34,0.0,0.0,0.0,1.0,0.0,0.0,1.0,0.0,0.0,0.0,0.0,0.0,0.0,0.0,0.0,0.0
2871.5703,2525.0046,0.570768,0.4102015,0.570768,0.4965882,0.570768,0.570768,0.570768,0.14454633,0.42923197,0.16444525,0.30447447,0.26540864,0.35789672,0.07374525,0.0,0.570768
791.57275,401.41504,0.57099164,0.42348927,0.57099164,0.42900833,0.57099164,0.076702155,0.57099164,0.42950067,0.07074549,0.07523919,0.18223777,0.15229419,0.42900833,0.49624246,0.08050998,0.57099164
7501.0,40449.32,0.0,0.0,0.0,1.0,0.0,0.0,1.0,0.0,0.0,0.0,0.0,0.0,0.0,0.0,0.0,0.0
3073.427,3233.8708,0.57087374,0.429412,0.28569752,0.42912626,0.57087374,0.25298184,0.57087374,0.026877306,0.17640592,0.00071810186,0.429412,0.07073088,1.1233625,0.4806748,0.15141664,0.57087374
369.57108,18425.234,0.5708407,0.14217164,0.07072679,0.4291593,0.45075828,0.42938712,0.3356342,0.28338516,0.5708407,0.2941268,0.09620779,1.1373307,0.42857063,0.00071805716,0.21434402,0.0
120.279396,99.964775,0.57095164,1.2704597,0.57095164,0.06283115,0.57095164,0.2496499,0.57095164,0.145867,0.57095164,0.21920542,0.10509162,0.27391154,0.35722977,0.91781646,0.4294706,0.57095164
132.0,0.478,0.0,0.0,0.0,0.0,1.0,0.0,1.0,0.0,0.0,0.0,0.0,0.0,0.0,0.0,0.0,0.0
6120.3555,898.8898,0.070712104,0.42929798,0.35181332,0.42927784,0.57072216,0.48774022,0.57072216,0.27363795,0.028359503,0.17542426,0.0,0.0,0.42927784,0.0,0.071479835,0.57072216
120.0,37120.09,1.0,0.0,0.0,0.0,0.0,0.0,1.0,0.0,0.0,0.0,0.0,0.0,0.0,0.0,0.0,0.0
3313.3508,2318.8958,0.57092935,0.497236,0.27394557,1.4191772,0.57092935,0.1479531,0.57092935,0.0,0.42907065,0.57092935,0.40040845,0.1595743,0.4994734,0.57092935,0.1458613,0.57092935
866.573,120.32279,0.5708598,0.06457142,0.07072916,0.42914018,0.5708598,0.27111498,0.5708598,0.0,0.3430913,0.08228282,0.012304865,0.0007180795,0.42914018,0.4294015,0.48528048,0.5708598
3379.5708,2326.2056,0.57083327,0.0,0.068368144,0.42916673,0.57083327,0.33389086,0.57083327,0.08769145,1.3271588,0.33428025,0.22048849,0.31582284,0.57083327,0.35793763,0.15127778,0.57083327
774.57074,2.76029,0.5707116,0.31300753,0.24884246,0.4292884,0.5707116,0.22902249,0.5707116,0.2151171,0.14291175,0.027061783,0.49276227,0.17582478,0.4292884,0.24575634,0.28507906,0.5707116
89.273544,88956.96,0.5707332,0.00071792305,0.2572088,0.4292668,0.5707332,0.023536116,0.4292668,0.28971094,0.18507907,0.27600726,0.40003702,0.4924899,0.0014532283,0.37126866,0.02811867,0.14214486
9239.575,677.4512,0.5709997,0.9786995,0.35804197,0.5709997,0.16696653,0.3749645,0.5709997,1.2931077,0.0,0.22363862,0.07074649,0.08972532,0.5709997,0.006172538,0.49953493,0.41014072
9239.795,782.17633,0.07074649,0.57018304,0.29905632,0.5709997,1.1830869,0.35436782,0.5709997,0.36813918,0.5709997,1.1078244,0.28200868,0.26467183,0.5709997,0.008032985,0.28346416,0.5709997
6120.348,902.2806,0.5707677,0.4293322,0.07292145,0.4292323,0.24570525,0.19566691,0.5707677,0.4293322,0.5707677,0.21435693,0.5694055,0.4141441,0.4292323,0.41330558,0.07521539,0.5707677
880.5028,16245.74,0.57088387,0.27491644,0.0,1.2819515,0.57088387,0.35544774,1.427859,0.14295828,0.49943367,0.17897168,0.57088387,0.42618635,0.32041058,0.14441347,0.1957036,0.57088387
1279.2656,1004.3409,0.5707602,0.37419158,0.49932545,0.4292398,0.5707602,0.033893265,0.5707602,0.2127449,0.5707602,0.41660595,0.04551453,0.4423868,0.4292398,0.26480466,0.4293266,0.5707602
840.2355,10763.465,0.5709342,0.5709342,0.006893471,0.42906582,0.5709342,0.40790117,0.0,0.5709342,1.4922762,0.38893294,0.31994972,0.11503612,0.13411915,0.0037772506,0.22331086,0.5709342
773.42914,27659.428,0.5708761,0.20601355,0.20889674,0.42912388,0.5708761,0.24382012,0.0,0.27931923,0.5708761,0.30142432,0.35426944,0.4254229,0.6412006,0.3431062,0.35635716,0.5708761
2870.7253,2321.6816,0.5707514,0.0,0.4209635,0.42924857,0.5707514,0.5707514,0.5707514,0.15728617,1.3556089,0.24688551,0.0014532804,0.5707514,0.2811785,0.35560906,0.0,0.5707514
11681.0,14067.964,0.0,0.0,0.0,0.0,1.0,0.0,1.0,0.0,0.0,0.0,0.0,0.0,0.0,0.0,0.0,0.0
120.351166,101.725426,0.5708414,1.1452751,0.44902796,0.3858348,0.5708414,0.1421718,0.5708414,0.0029489696,0.5708414,0.14523038,0.18069458,0.2736351,0.4212036,0.42915863,0.26525325,0.5708414
867.64197,7062.086,0.5709972,0.0,0.5709972,1.4977258,0.5709972,0.0,0.9293486,0.17499931,0.21287388,0.00071825087,0.18564487,0.5666644,0.13122001,0.5709972,0.26765212,0.5709972
3267.5728,35515.742,0.5707682,0.2469554,0.29315278,0.42923182,0.5707682,0.31379613,0.3419329,0.49705416,0.5707682,0.49933243,0.4171933,0.34820527,0.79921633,0.49933243,0.35343802,0.5707682
80.992775,30361.137,0.5707364,0.12432839,0.21434517,0.4292636,0.5707364,0.5707364,1.4602462,0.21991585,0.20208608,0.42930865,0.39488184,0.146849,0.30226845,0.46468043,0.2361827,0.3643517
878.35785,120.13169,0.5707327,0.4828795,0.07674628,0.4292673,0.5707327,0.22602424,0.5707327,0.1383433,0.33574927,0.4293059,0.21273467,0.4272928,0.83518636,0.14214474,0.35416147,0.5707327
774.5708,1.6238968,0.5707942,0.28487298,0.41404602,1.2755208,0.5707942,0.28589684,0.5707942,0.22364181,0.238601,0.4993552,0.0,0.4262803,0.42920578,0.11795333,0.5707942,0.065527946
6232.0,29038.771,0.0,0.0,0.0,1.0,0.0,0.0,1.0,0.0,0.0,0.0,0.0,0.0,0.0,0.0,0.0,0.0
618.0,10240.176,0.0,0.0,0.0,1.0,0.0,0.0,0.0,0.0,1.0,0.0,0.0,0.0,0.0,0.0,0.0,0.0
3042.35,3327.675,0.57077163,0.42875794,0.151259,1.4200549,0.57077163,0.42933518,0.57077163,0.0,0.2528601,0.42933518,0.21349835,0.14972341,1.4293351,0.57077163,0.42588073,0.57077163
1198.0284,9871.83,0.5709685,0.14587133,0.57015187,0.4290315,0.5709685,0.4294833,0.5709685,0.48071492,0.084974185,0.4987256,0.28344864,0.13312115,0.74201405,0.5709685,0.0,0.5709685
9120.191,821.18353,0.49077055,0.7978515,0.0,0.5709889,0.16117853,0.07074515,0.5709889,1.160714,0.3906102,0.4272453,0.36607668,0.48569068,0.5709889,0.23472026,0.21052018,0.5709889
89.57084,7084.9175,0.5708404,0.38408524,0.3508299,1.4271344,0.5708404,0.0,0.40567803,0.14217165,0.42938668,0.1898315,0.07289026,0.27869356,0.42915958,0.14217165,0.5708404,0.37231827
2929.305,2725.7568,0.5708276,0.57001114,0.00071804225,1.3514463,0.5708276,0.31818867,0.5708276,0.28728566,0.9962923,0.15758565,0.49938443,0.4293773,0.17137635,0.49714747,0.25327975,0.5708276
774.57074,36778.57,0.5707116,0.06009306,0.04454478,1.4857879,0.5707116,0.12412022,0.5707116,0.35786128,0.093866184,0.076598786,0.32825238,0.45525604,0.4292884,0.22518386,0.11503807,0.5707116
1283.5707,1006.1913,0.57071525,0.42929274,0.0,0.42928475,0.57071525,0.47409654,0.57071525,0.4883288,0.57071525,0.57071525,0.20176353,0.57071525,1.334717,0.57071525,0.49718177,0.57071525
120.0,51440.168,1.0,0.0,0.0,0.0,0.0,0.0,1.0,0.0,0.0,0.0,0.0,0.0,0.0,0.0,0.0,0.0
120.0,51840.23,1.0,0.0,0.0,0.0,0.0,0.0,1.0,0.0,0.0,0.0,0.0,0.0,0.0,0.0,0.0,0.0
9120.452,823.4701,0.5707929,1.1322576,0.0751774,0.5707929,0.15646945,0.20304523,0.5707929,1.4293511,0.4293512,0.13188799,0.4070732,0.35563475,0.5707929,0.41706425,0.0,0.07804723
1448.2805,10792.691,0.57084894,0.2833739,0.22072889,1.0784627,0.57084894,0.14440465,0.14932641,0.13693196,0.35716546,0.07799794,0.42857683,0.0143869,0.42915106,0.3579474,0.0,0.57084894
11211.0,18006.008,0.0,0.0,0.0,1.0,0.0,0.0,1.0,0.0,0.0,0.0,0.0,0.0,0.0,0.0,0.0,0.0
395.18423,9088.054,0.57084244,0.35794342,0.35570633,0.42915756,0.57084244,0.35570633,0.42215407,0.41520697,0.57084244,0.3997023,0.28110373,0.39882332,0.75757897,0.07667947,0.30296206,0.41862696
552.0,58199.81,0.0,0.0,0.0,1.0,0.0,0.0,0.0,0.0,0.0,0.0,0.0,0.0,1.0,0.0,0.0,0.0
789.2055,7205.021,0.57100904,0.42951372,0.022564441,0.428991,0.57100904,0.2229013,0.17673281,0.2927352,1.0134535,0.19793102,0.3580478,0.29957566,0.5661814,0.14221355,0.57100904,0.57100904
774.4178,38842.81,0.5707919,0.5707919,0.16651976,0.4292081,0.5707919,0.47129735,0.5707919,0.3579117,0.32243845,0.0014533773,0.12616813,0.24122232,0.4292081,0.27474004,0.2270109,0.5707919
774.5708,11233.235,0.5707743,0.41658714,0.0,0.42922568,0.5707743,0.1421566,0.5707743,0.39857525,0.0,0.3511422,0.0,0.00071798265,0.579036,0.5707743,0.07230927,0.5707743
774.571,11224.5205,0.5709981,0.13893491,0.34998146,0.42900196,0.5709981,0.11436227,0.5709981,0.3238593,0.4295055,0.13571101,0.07074628,0.1644502,0.76045364,0.34553733,0.19618872,0.5709981
180.0,27648.11,1.0,0.0,0.0,0.0,0.0,0.0,1.0,0.0,0.0,0.0,0.0,0.0,0.0,0.0,0.0,0.0
984.0,17333.287,0.0,0.0,0.0,0.0,1.0,0.0,0.0,0.0,0.0,1.0,0.0,0.0,0.0,0.0,0.0,0.0
180.0,27600.072,1.0,0.0,0.0,0.0,0.0,0.0,1.0,0.0,0.0,0.0,0.0,0.0,0.0,0.0,0.0,0.0
2945.0977,2555.9353,0.57083327,0.16025317,0.22320315,0.42916673,0.57083327,0.36664912,0.57083327,0.07781515,1.188582,0.5497065,0.04752069,0.071485974,0.34428352,0.25243038,0.15410084,0.35793763
14945.0,23008.184,0.0,0.0,0.0,1.0,0.0,0.0,1.0,0.0,0.0,0.0,0.0,0.0,0.0,0.0,0.0,0.0
1280.2119,1005.26733,0.5707216,0.4907367,0.4279355,1.3034238,0.5707216,0.4992917,0.5707216,0.45535362,0.5707216,0.1512895,0.14214198,0.5707216,0.42927837,0.34493044,0.14781183,0.5707216
6059.5776,959.71124,0.07072127,0.08248022,0.3495474,0.55877805,0.15369815,0.57079613,0.57079613,0.2220042,0.2605123,0.0094380975,0.49098992,0.4293536,1.3280528,0.21323788,0.49935687,0.00071799755
119.827614,100.468376,0.57099015,1.4272465,0.14220884,0.14670472,0.57099015,0.57017344,0.57099015,0.14838475,0.57099015,0.45689684,0.0,0.57099015,0.4881689,0.42900985,0.49952662,0.32990777
6059.573,1436.9537,0.5707345,0.35787567,0.28117022,0.5706928,0.10936394,0.1063048,0.5707345,0.35559848,0.0,0.5297337,0.22072902,0.0,1.2882398,0.00071792305,0.33731386,0.5707345
3199.427,3231.7654,0.5708779,0.4022296,0.3912754,0.4291221,0.5708779,0.5668173,0.5708779,0.0766842,0.21435797,0.23419398,0.08408732,0.15240026,1.4994284,0.5708779,0.0,0.5708779
839.3093,5737.99,0.57091564,0.35196552,0.49643824,1.4294435,0.57091564,0.57091564,0.30327642,0.29926023,0.9752084,0.15012482,0.28196713,0.27936295,0.42228362,0.33667126,0.21437216,0.57091564
984.0,17276.365,0.0,0.0,0.0,0.0,1.0,0.0,0.0,0.0,0.0,1.0,0.0,0.0,0.0,0.0,0.0,0.0
713.7544,27520.367,0.5709115,0.21437061,0.07617964,0.42908847,0.5709115,0.022779912,0.93939066,0.4286238,0.49643463,0.16989493,0.39872575,0.0,0.49107933,0.42944038,0.22629763,0.5709115
774.4293,6994.081,0.5707743,0.37981573,0.3890433,1.1383383,0.5707743,0.28208098,0.5707743,0.39159623,0.4091976,0.0,0.10559734,0.4293357,0.6272234,0.48687991,0.2858657,0.5707743
120.35794,102.26693,0.57082975,1.2389659,0.48450524,0.14216927,0.57082975,0.00071840733,0.57082975,0.3314681,0.17754377,0.06936334,0.32133943,0.30870485,0.07288936,1.3571528,0.2448263,0.07522307
120.49944,102.364624,0.57089734,0.6420222,0.31364462,0.08619649,0.57089734,0.09912748,0.57089734,0.2189843,0.2905847,0.15436518,0.24938622,0.3059798,0.07146143,0.42910263,0.37427524,0.57089734
90.38556,42879.17,0.5707543,0.5707543,0.5552864,0.4292457,0.35475528,0.07377777,0.8291289,0.31408387,0.0,0.36814648,0.07148386,0.13991028,0.42932212,0.113695145,0.4925081,0.0007179454
1422.6981,21003.748,0.5708729,0.091272265,0.0053410158,0.42912713,0.5708729,0.5708729,0.0,0.15248883,0.0,0.33766043,0.46980652,0.49718687,1.1561499,0.3031157,0.27822128,0.5708729
5004.0,46311.62,0.0,0.0,0.0,1.0,0.0,0.0,1.0,0.0,0.0,0.0,0.0,0.0,0.0,0.0,0.0,0.0
6120.068,800.2109,0.1972048,0.40710363,0.33096203,0.64213866,0.20583716,0.34293577,0.57071155,0.42727366,0.15581995,0.14823249,0.23272318,0.14444613,0.6339342,0.021546096,0.14213946,0.49928287
6119.875,875.6828,0.5707628,0.49932802,0.27369928,0.4292372,0.39203486,0.07548275,0.5707628,0.14966129,0.5707628,0.0,0.22877693,0.2166506,0.80122995,0.427316,0.377869,0.5707628
119.71799,0.8175901,0.25933158,0.57102406,0.26369107,0.42897594,0.57102406,0.42796397,0.57102406,0.30417383,0.57102406,0.0007182881,0.002463378,0.42727172,0.42897594,0.19399324,0.4987741,0.0767327
837.91455,16463.232,0.57100666,0.064349174,0.0014943257,0.42899337,0.57100666,0.37409878,0.35804632,0.03630835,0.070747346,0.39798146,0.21819618,0.42951193,1.3477938,0.4263987,0.2026219,0.57100666
688.5706,11136.8125,0.57082987,0.3707224,0.46242553,0.74888694,0.14440578,0.1746018,0.9983274,0.28123438,0.21434173,0.57082987,0.23654872,0.1332941,0.10709992,0.23278129,0.57082987,0.57082987
6119.739,808.1548,0.10892841,0.023807809,0.05176887,0.9475729,0.57093817,0.57093817,0.57093817,0.17943971,0.3610844,0.36004138,0.0,0.2838105,0.9781861,0.26167107,0.14219591,0.28306633
6120.09,808.8447,0.5708755,0.49263507,0.31572843,1.2933655,0.0,0.14218031,0.5708755,0.1718752,0.5708755,0.5708755,0.28027475,0.24907148,0.42912447,0.23429817,0.4994263,0.5708755
119.75481,100.413895,0.5708767,1.0366513,0.21005505,0.35866436,0.5708767,0.082942225,0.5708767,0.5708767,0.5708767,0.14534834,0.3770285,0.5708767,0.4234104,0.42912325,0.27531174,0.3579649
774.3506,11203.072,0.5707919,0.07148856,0.07072074,1.570792,0.5707919,0.4254513,0.5707919,0.31701303,0.2927592,0.28730795,0.15155059,0.24072784,0.4292081,0.5707919,0.07148856,0.5707919
2862.3914,22060.646,0.5710012,0.0,0.073808774,0.42899883,0.5710012,0.24388117,0.42899883,0.2735597,0.5710012,0.42651033,0.5710012,0.070746675,0.081801966,0.5710012,0.26600564,0.5710012
9300.107,770.08984,0.14288387,0.33288482,0.0761865,0.570748,0.57436574,0.23566037,0.570748,0.28361815,0.570748,1.3265017,0.39383733,0.18549442,0.570748,0.41511145,0.22632122,0.0707153
3313.4292,2319.1353,0.57083327,0.37862253,0.4891201,1.4719512,0.57083327,0.0,0.57083327,0.2643527,0.42916673,0.28194967,0.40712878,0.041311495,0.14684463,0.57083327,0.0,0.57083327
170.86678,31615.074,0.5710227,0.2624498,0.42727065,0.4289773,0.1514478,0.0,1.0307704,0.14299303,0.5345485,0.24280855,0.2094416,0.13207123,0.28584868,0.429524,0.12049281,0.5710227
3313.5708,2346.2446,0.5708152,0.5708152,0.28808174,1.2710056,0.5708152,0.07460679,0.5708152,0.47378471,0.42918482,0.0054135546,0.5708152,0.4993258,0.5708152,0.14773309,0.26440832,0.5708152
3312.9705,2294.5303,0.57076746,0.28588346,0.30273136,1.3556191,0.57076746,0.4208475,0.57076746,0.42933205,0.4292325,0.14521049,0.41167417,0.24854258,0.57076746,0.57076746,0.3361582,0.57076746
552.0,59035.016,0.0,0.0,0.0,1.0,0.0,0.0,0.0,0.0,0.0,0.0,0.0,0.0,1.0,0.0,0.0,0.0
592.28156,26111.348,0.5709479,0.16458534,0.34855404,0.42905208,0.5709479,0.00071819127,0.07290414,0.3580095,0.5709479,0.26911664,0.16503866,1.2105051,0.21438429,0.14219834,0.4006022,0.29547793
18691.0,13737.548,0.0,0.0,0.0,1.0,0.0,0.0,1.0,0.0,0.0,0.0,0.0,0.0,0.0,0.0,0.0,0.0
869.2467,111.7075,0.57089716,0.2897126,0.16367412,0.42910284,0.57089716,0.07523158,0.57089716,0.0,0.47650865,0.070733786,0.2498487,0.0,1.421137,0.3128281,0.4793571,0.57089716
9179.998,853.5214,0.5709841,0.66901386,0.27856332,0.5709841,0.28333557,0.5709841,0.5709841,1.4089354,0.5709841,0.212869,0.1918508,0.0330939,0.14826763,0.28575265,0.3321408,0.25725663
1719.4287,17277.02,0.57091045,0.1962536,0.15750033,0.42908958,0.57091045,0.42715737,1.4994569,0.36957228,0.42861262,0.21282837,0.26415125,0.49537125,0.0014875159,0.42943957,0.22627476,0.57091045
774.5708,43096.617,0.5707942,0.0,0.57021695,0.42920578,0.5707942,0.4248443,0.35717133,0.09666185,0.5707942,0.49628797,0.35638157,0.5707942,0.42920578,0.07919982,0.00071799755,0.5707942
3997.5413,6652.284,0.57073635,0.5576713,0.006391138,1.2687274,0.57073635,0.0,0.57073635,0.0,0.57073635,0.2905848,0.20023257,0.0,1.4833527,0.27269387,0.32689834,0.57073635
835.0297,12882.435,0.5710261,0.25921875,0.17990822,0.4289739,0.5710261,0.07074976,0.21441364,0.08010657,0.2446846,0.0029394552,0.5710261,0.3255892,1.0206443,0.0,0.42238435,0.5710261
3593.0,59255.715,0.0,0.0,0.0,1.0,0.0,0.0,1.0,0.0,0.0,0.0,0.0,0.0,0.0,0.0,0.0,0.0
120.206024,0.47733828,0.5228926,0.117466174,0.1919862,0.42916515,0.5708348,0.33228993,0.07072606,0.40763673,0.5708348,0.57001835,0.14217016,0.20349476,0.42916515,0.0714536,0.0897133,0.14978057
9359.82,579.2112,0.21284139,0.38261616,0.56105506,0.570926,0.8784476,0.0007181689,0.570926,0.48749894,0.070737354,1.4994705,0.5678143,0.4294513,0.570926,0.35799575,0.570103,0.3543164
2937.3228,2464.0896,0.57075846,0.57018125,0.3578907,0.42924157,0.57075846,0.14442204,0.57075846,0.21604875,0.42924157,0.07622266,0.49932387,0.560518,0.49932387,0.0,0.3578907,0.57075846
1021.2977,26494.049,0.5709667,0.142203,0.43567657,0.4290333,0.5709667,0.28116488,1.3195204,0.3580213,0.3509274,0.3220171,0.34953532,0.4995061,0.15846169,0.25484687,0.12293303,0.5709667
1278.642,1007.1361,0.5708985,0.26427594,0.17022033,0.42910156,0.5708985,0.25540873,0.5708985,0.0,0.5708985,0.14441717,0.07146156,0.5708985,1.3195206,0.5708985,0.0,0.5708985
3673.6133,25425.736,0.5708916,0.0,0.34615734,0.42910835,0.5708916,0.57007504,0.0,0.23944247,0.35797417,0.17510742,0.5708916,0.25737023,1.2052307,0.35797417,0.0,0.5708916
2822.154,23159.168,0.57086533,0.0,0.077381186,0.42913467,0.57086533,0.32233727,1.2804338,0.4409659,0.07072984,0.14667264,0.111047804,0.0,0.023896307,0.16932392,0.21814221,0.57086533
774.5708,1.628751,0.0,0.21436691,0.07072103,0.42920578,0.5707942,0.35563567,0.5707942,0.4993552,0.40669343,0.49367946,0.21436691,0.00071799755,0.42920578,0.4929504,0.3223651,0.5707942
774.5708,59005.516,0.5707942,0.0,0.37449154,1.0711391,0.5707942,0.24471235,0.5707942,0.21436691,0.5707942,0.077540636,0.16183412,0.5707942,1.2112142,0.4012491,0.49707773,0.4908615
9299.588,619.08057,0.5194476,0.07292527,0.1028371,0.5707975,0.5013838,0.0,0.5707975,0.0,0.5707975,1.499358,0.49104375,0.42397016,0.5707975,0.52208704,0.0014533922,0.0
9119.6045,944.03424,0.56770176,1.0104692,0.094009176,0.0767114,0.24235737,0.56770176,0.5707798,1.131429,0.27045846,0.25070304,0.42934132,0.0,0.49934256,0.07071924,0.35385567,0.15900818
1230.3558,1150.547,0.5707144,0.0,0.47638932,1.0347593,0.5707144,0.35480043,0.5707144,0.46933386,0.42986286,0.2851089,0.41909477,0.27971646,0.24334589,0.037939027,0.07071114,0.5707144
1278.1068,1005.4773,0.57085407,0.34892073,0.35795066,1.1625214,0.57085407,0.0007180795,0.57085407,0.1470569,0.57085407,0.0,0.27934507,0.57085407,0.4291459,0.07289217,0.35349163,0.57085407
2870.7031,2257.2903,0.5710266,0.024241738,0.21441385,1.4831793,0.5710266,0.07291419,0.5710266,0.100183986,0.42897338,0.28115296,0.19283065,0.0,0.42097133,0.5710266,0.0014943704,0.5710266
774.23413,7013.6045,0.570772,0.23057541,0.42875814,0.429228,0.570772,0.2675733,0.570772,0.2656806,0.570772,0.49470872,0.0,0.3578992,1.4097123,0.1524391,0.10207394,0.570772
2779.0,5713.314,0.0,0.0,0.0,1.0,0.0,0.0,0.0,0.0,0.0,0.0,0.0,0.0,1.0,0.0,0.0,0.0
9179.642,684.3805,0.5709175,1.0981178,0.000718154,0.5709175,0.49946302,0.16821884,0.5709175,1.2363803,0.21899204,0.0023218542,0.0,0.33650345,0.0,0.34362286,0.19768874,0.0
9359.95,596.45074,0.5709848,0.1838722,0.11554786,0.5709848,0.65666485,0.35724756,0.5709848,0.3726894,0.5709848,0.8983829,0.1566143,0.27951524,0.5709848,0.14925657,0.24360606,0.0
774.5708,11253.114,0.5707942,0.25417176,0.21275762,0.42920578,0.5707942,0.21275762,0.5707942,0.1923728,0.28747898,0.07148886,0.38679844,0.06274545,1.3503752,0.07370682,0.14372504,0.5707942
3312.4292,2281.8782,0.57083327,0.17516592,0.32307106,0.42916673,0.57083327,0.15374064,0.57083327,0.42938155,1.2609833,0.0,0.36958027,0.35793763,0.57083327,0.33970678,0.14216977,0.57083327
774.0582,137.13974,0.5707167,0.38451976,0.4292938,0.42928332,0.5707167,0.0,0.5707167,0.14370295,0.42928332,0.13829826,0.4486271,0.07147914,0.34017438,0.23868985,0.088978395,0.5707167
591.5862,13186.729,0.5709127,0.0023218244,0.3742059,1.0573715,0.5709127,0.28196567,0.6697126,0.00071814656,0.5709127,0.1441209,0.5709127,0.01525595,0.4271884,0.4398227,0.050936267,0.35720536
6119.878,911.1568,0.5708148,0.3078214,0.382204,0.6676012,0.14216518,0.30453825,0.5708148,0.14665966,0.5708148,0.42481947,0.16737394,0.0,0.4291852,0.27893364,0.4263711,0.5708148
435.2652,27515.994,0.5707609,0.42505848,0.40918362,0.4292391,0.5707609,0.039852038,0.9723714,0.14685531,0.5707609,0.15045966,0.49932605,0.10470399,0.0068921894,0.21517764,0.18296854,0.42932707
120.0,51199.84,1.0,0.0,0.0,0.0,0.0,0.0,1.0,0.0,0.0,0.0,0.0,0.0,0.0,0.0,0.0,0.0
6119.6763,849.1293,0.0068935156,0.30628315,0.07928638,1.251352,0.41961282,0.4140889,0.5709347,0.0,0.5709347,0.060310587,0.35721916,0.33668363,1.0034715,0.40049562,0.44588092,0.0
6120.4233,852.76654,0.30306843,0.008936219,0.36600617,0.9309249,0.16849878,0.24773684,0.5708401,0.07072672,0.080099076,0.21512586,0.33361378,0.23939942,1.298922,0.15807438,0.21434382,0.34341016
120.0394,100.04404,0.57076514,0.85575235,0.070717424,0.1908035,0.57076514,0.19589683,0.57076514,0.42933026,0.57076514,0.1813282,0.27075288,0.22919479,0.28079632,1.279786,0.19674131,0.57076514
1490.3134,1027.7595,0.57073265,0.0,0.21199,1.1353004,0.57073265,0.4056856,0.57073265,0.57073265,0.072916985,0.13921241,0.41833037,0.0707134,1.0082365,0.42025918,0.42930585,0.57073265
6119.5137,823.8204,0.12632695,0.0,0.06862425,1.1429614,0.21050683,0.42721802,0.57095236,0.07074062,0.0,0.19238612,0.42721802,0.36563832,1.1816853,0.10546488,0.21961185,0.2755405
9299.725,592.49506,0.0029498413,0.5710011,0.22279188,0.5710011,1.501289,0.14587969,0.5710011,0.0029498413,0.5710011,1.3572608,0.42495814,0.4295078,0.5710011,0.35804287,0.12165764,0.48316196
779.688,9088.435,0.57095045,0.0,0.28573585,1.0062414,0.57095045,0.35498762,0.42904955,0.42946965,0.16464773,0.35801107,0.5670101,0.30423003,0.11281945,0.15970425,0.49949187,0.57095045
903.7249,99.98698,0.57092166,0.14235291,0.124111645,0.8156597,0.57092166,0.3885498,0.57092166,0.56481606,0.49868467,0.42863142,0.15233514,0.429448,0.8689534,0.27853283,0.4898639,0.57092166
120.341934,1.4448382,0.491459,0.0007182583,0.35580385,0.4290012,0.5709988,0.117012784,0.5709988,0.42950606,0.5709988,0.232619,0.2993225,0.5709988,0.4290012,0.22329442,0.42950606,0.5709988
4581.0,58438.543,0.0,0.0,0.0,1.0,0.0,0.0,1.0,0.0,0.0,0.0,0.0,0.0,0.0,0.0,0.0,0.0
3618.0,59288.367,0.0,0.0,0.0,1.0,0.0,0.0,1.0,0.0,0.0,0.0,0.0,0.0,0.0,0.0,0.0,0.0
6120.2285,815.21704,0.0,0.108962215,0.24986812,0.5095264,0.42651287,0.3685908,0.5707391,0.07622009,0.5701619,0.28207836,0.3666012,0.35416552,0.88581556,0.42794874,0.16673544,0.0707142
406.0,0.022,0.0,0.0,0.0,0.0,1.0,0.0,0.0,0.0,0.0,1.0,0.0,0.0,0.0,0.0,0.0,0.0
865.64215,11167.513,0.57071155,0.31363985,0.00071789324,1.4279586,0.57071155,0.07147794,1.1467948,0.0,0.21296248,0.57071155,0.22964314,0.49928287,0.21512046,0.076076426,0.17713664,0.57071155
8741.0,31442.244,0.0,0.0,0.0,1.0,0.0,0.0,1.0,0.0,0.0,0.0,0.0,0.0,0.0,0.0,0.0,0.0
846.0583,132.68999,0.5708284,0.17476778,0.46548444,0.42917162,0.5708284,0.34491777,0.5708284,0.32210213,0.9990851,0.17903356,0.19529209,0.22039396,0.27703226,0.2143394,0.09132105,0.5708284
180.0,29439.943,1.0,0.0,0.0,0.0,0.0,0.0,1.0,0.0,0.0,0.0,0.0,0.0,0.0,0.0,0.0,0.0
826.1475,115.11522,0.57081175,0.14372745,0.14973399,0.42918822,0.57081175,0.3047657,0.57081175,0.48634443,0.42918822,0.3542106,0.1512697,0.20499739,0.41698518,0.09702456,0.42936537,0.57081175
592.16864,4192.768,0.5708729,0.37356475,0.22076389,0.42912713,0.5708729,0.34279934,0.0,0.14452949,0.5708729,0.40068415,0.34062973,1.239809,0.42941132,0.2805568,0.26311448,0.31600228
711.4908,29569.031,0.570944,0.570944,0.07073959,0.42905596,0.570944,0.32887003,1.4526322,0.03257969,0.0,0.07290364,0.07073959,0.00071819127,0.21688786,0.37754467,0.07290364,0.570944
2830.804,23347.992,0.5707669,0.23741062,0.07926388,1.2858832,0.5707669,0.15640777,1.3508029,0.35392046,0.2181862,0.15340695,0.07292138,0.35789603,0.00071796775,0.119442284,0.00071796775,0.5707669
6120.2188,881.9255,0.5707124,0.0729144,0.4292906,1.1440194,0.18440491,0.0,0.5707124,0.4549207,0.5707124,0.37677586,0.5669496,0.4158365,0.9771877,0.1151155,0.35735914,0.5707124
6119.9175,911.26385,0.286321,0.35704878,0.23920164,1.2617204,0.21829024,0.07378408,0.57097465,0.3870078,0.1444611,0.27932015,0.23855892,0.30215663,0.42902535,0.42322382,0.13727936,0.3056247
498.0,59015.145,0.0,0.0,0.0,1.0,0.0,0.0,0.0,0.0,1.0,0.0,0.0,0.0,0.0,0.0,0.0,0.0
9180.27,704.45276,0.083702825,1.3269722,0.15103655,0.5707327,0.34852466,0.0,0.5707327,1.5707327,0.5707327,0.22460371,0.3485603,0.00071792305,0.5707327,0.28361055,0.37074637,0.18531749
11685.0,14077.703,0.0,0.0,0.0,0.0,1.0,0.0,1.0,0.0,0.0,0.0,0.0,0.0,0.0,0.0,0.0,0.0
9299.43,680.6947,0.28200942,0.28576142,0.4295081,0.5710015,0.84270483,0.0,0.5710015,0.008231521,0.5710015,1.3477906,0.0007182583,0.42725486,0.13631904,0.5710015,0.15542603,0.3478338
713.1277,142.84418,0.57073873,0.15090176,0.29118443,0.4292613,0.57073873,0.2719474,0.01040072,0.33047783,0.42873323,0.57073873,0.048586994,0.29118443,1.271699,0.4875592,0.07291775,0.57073873
6120.429,831.1091,0.007856987,0.0,0.36510858,1.1011055,0.3000931,0.13904697,0.5709371,0.49945143,0.35719198,0.3170879,0.0,0.42091936,0.50054854,0.2794419,0.07289611,0.08039916
2863.1558,2622.905,0.5708938,0.06173417,0.2664272,0.42910618,0.5708938,0.37220556,0.5708938,0.14979598,0.42910618,0.28570756,0.110295855,0.20794797,0.55814743,0.35719362,0.0029492602,0.5708938
869.8964,16868.49,0.5709115,0.29054406,0.33959043,1.0319482,0.5709115,0.3579867,0.5709115,0.3648026,0.00653708,0.00071814656,0.008050308,0.2060484,0.873464,0.4286238,0.2964068,0.5709115
2455.3577,22129.99,0.57083327,0.0,0.070725866,0.94430417,0.57083327,0.4426129,0.42916673,0.13653556,0.27850363,0.23410341,0.19863173,0.2794234,0.070725866,0.14293388,0.06027218,0.57083327
14219.0,440.143,0.0,0.0,0.0,0.0,1.0,0.0,1.0,0.0,0.0,0.0,0.0,0.0,0.0,0.0,0.0,0.0
774.57074,37222.996,0.5707116,0.35078984,0.21511708,0.4292884,0.5707116,0.15392293,0.5707116,0.08219333,0.42929006,0.15095618,0.4992829,0.24600531,0.74307805,0.27378982,0.109859034,0.5707116
120.238846,101.16019,0.57101357,1.0769827,0.0007182807,0.0707482,0.57101357,0.26868314,0.14221469,0.5250879,0.57101357,0.21288002,0.35805067,0.07147597,0.34987706,0.42898643,0.54952735,0.57101357
1280.3799,1005.0879,0.57076687,0.4271004,0.13922086,0.42923313,0.57076687,0.27221653,0.57076687,0.083224915,0.57076687,0.15271309,0.4293316,0.3311026,0.42923313,0.57076687,0.07292136,0.57076687
120.42946,100.15118,0.5709406,0.7809978,0.42345786,0.12489063,0.5709406,0.43565673,0.5709406,0.5147727,0.5709406,0.28817034,0.5709406,0.5709406,0.2674718,0.6420309,0.44714797,0.2674845
2871.5708,2548.5476,0.57083327,0.0,0.57083327,1.2235876,0.57083327,0.25873896,0.57083327,0.30704215,0.9428045,0.49938935,0.12264224,0.57083327,0.57083327,0.49938935,0.42697653,0.57083327
3903.0,21.94,0.0,0.0,0.0,0.0,1.0,0.0,1.0,0.0,0.0,0.0,0.0,0.0,0.0,0.0,0.0,0.0
5933.0,515.769,0.0,0.0,0.0,0.0,1.0,0.0,1.0,0.0,0.0,0.0,0.0,0.0,0.0,0.0,0.0,0.0
120.30942,101.52759,0.5707113,0.8139478,0.5467962,0.010519564,0.5707113,0.46096432,0.5707113,0.3421467,0.5707113,0.22482243,0.0,0.5331631,0.0,0.42928872,0.42524022,0.5707113
6119.6426,853.7105,0.19976065,0.34816292,0.1690489,1.232072,0.09128634,0.0,0.5709981,0.4295055,0.14381048,0.11172886,0.34067878,0.197911,0.42900196,0.42645362,0.22858468,0.42207232
591.5153,20928.023,0.5709115,0.20487966,0.42944038,0.42908847,0.5709115,0.49643463,0.2585613,0.57009494,0.5709115,0.25301927,0.02924642,0.42908847,0.018786967,0.27415484,0.12789598,0.0
81.97929,110463.12,0.5710236,0.25675946,0.42952466,0.42897642,0.5710236,0.4287079,0.57697797,0.0038450062,0.2739421,0.07074945,0.36793995,0.4287079,0.5710236,0.5710236,0.28115135,0.13115005
399.8521,27904.96,0.57077277,0.22066018,0.43809998,0.4292272,0.57077277,0.14215472,0.25422165,0.089349344,0.57077277,0.57077277,0.5701955,0.14442566,1.2848624,0.07292211,0.20041218,0.5666894
2875.848,22789.646,0.57096654,0.14220297,0.0,0.95250297,0.57096654,0.08049129,0.42903346,0.079181716,0.57096654,0.1233532,0.094187364,0.44443595,0.4294818,0.29921252,0.051241003,0.57096654
9239.896,634.96265,0.57094616,1.1347979,0.0,0.57094616,0.39846802,0.57094616,0.57094616,1.5709461,0.57094616,0.28923512,0.37637854,0.20488344,0.42946643,0.49948812,0.23098345,0.14380167
2767.8171,22744.438,0.5707509,0.15490127,0.445863,0.9522934,0.5707509,0.25547892,0.82531977,0.27169156,0.13921693,0.0048557743,0.4978309,0.21199682,0.4265217,0.5685198,0.23132199,0.5707509
11244.0,13005.459,0.0,0.0,0.0,0.0,1.0,0.0,1.0,0.0,0.0,0.0,0.0,0.0,0.0,0.0,0.0,0.0
2777.2307,23232.03,0.57090384,0.2763623,0.0,0.42909616,0.57090384,0.22795925,1.3977005,0.16334203,0.42348844,0.36666387,0.441315,0.08525402,0.34799725,0.07073461,0.14218736,0.57090384
3144.999,9562.797,0.5708904,0.008073106,0.5353839,1.1087481,0.5708904,0.4731915,0.5708904,0.14824331,0.34972674,0.5309472,0.20320797,0.096001476,0.99733496,0.10672641,0.35797346,0.5708904
3032.9495,23356.566,0.5709255,0.11092068,0.21437584,0.42907453,0.5709255,0.5709255,1.2768996,0.29578233,0.42863423,0.3347019,0.5709255,0.22507624,0.49947,0.24306382,0.43742448,0.5709255
774.5708,54232.062,0.5707943,0.097156934,0.32163388,1.5707942,0.5707943,0.07752331,0.42935222,0.42733896,0.5707943,0.071488865,0.5707943,0.42935222,0.42920572,0.15379372,0.2858969,0.5707943
821.2121,8313.877,0.57079613,0.5278069,0.49935687,0.42920387,0.57079613,0.10132474,0.42628175,0.29967076,1.260559,0.27491444,0.49365234,0.08780317,0.019394636,0.14669517,0.4293536,0.57079613
4992.0,49251.51,0.0,0.0,0.0,1.0,0.0,0.0,1.0,0.0,0.0,0.0,0.0,0.0,0.0,0.0,0.0,0.0
552.0,764.378,0.0,0.0,0.0,0.0,1.0,0.0,0.0,0.0,0.0,1.0,0.0,0.0,0.0,0.0,0.0,0.0
119.59751,0.3618242,0.14441651,0.0007181242,0.14680845,1.1854157,0.5708958,0.17342165,0.2749799,0.3863932,0.5708958,0.4234246,0.34721172,0.27548206,0.4291042,0.34028554,0.5708958,0.408835
694.42926,6522.722,0.57071155,0.14213946,0.49928287,1.2103726,0.57071155,0.17665245,0.2832861,0.057423435,0.3701804,0.005665697,0.34307083,0.0,1.0406165,0.53547806,0.0,0.57071155
5967.0,383.22,0.0,0.0,0.0,1.0,0.0,0.0,0.0,0.0,0.0,0.0,0.0,0.0,1.0,0.0,0.0,0.0
2188.0,21.96,0.0,0.0,0.0,0.0,1.0,0.0,1.0,0.0,0.0,0.0,0.0,0.0,0.0,0.0,0.0,0.0
16212.0,43057.473,0.0,0.0,0.0,1.0,0.0,0.0,1.0,0.0,0.0,0.0,0.0,0.0,0.0,0.0,0.0,0.0
691.72473,13203.944,0.5710058,0.35804582,0.21440601,0.42899418,0.5710058,0.2618772,1.1663549,0.46432894,0.23362191,0.5710058,0.0,0.35804582,0.26792616,0.35623896,0.15145302,0.5710058
120.0,36352.066,1.0,0.0,0.0,0.0,0.0,0.0,1.0,0.0,0.0,0.0,0.0,0.0,0.0,0.0,0.0,0.0
774.5708,1.3783522,0.5707942,0.42935216,0.41230765,0.42920578,0.5707942,0.07072103,0.5707942,0.42935216,0.27191368,0.04636135,0.0,0.085943565,1.3278608,0.4287749,0.26150182,0.5707942
119.91215,102.23539,0.5708533,0.71017903,0.23094831,0.42639673,0.5708533,0.21668147,0.5708533,0.23027228,0.5708533,0.30622143,0.0007176623,0.2856841,0.0,0.8955535,0.27777183,0.5708533
3313.0466,2550.9768,0.5708183,0.0,0.23141798,1.2833742,0.5708183,0.31433728,0.5708183,0.5667753,1.4293703,0.0007180348,0.0,0.5708183,0.14216605,0.07449937,0.0,0.5708183
1280.5712,1005.87134,0.5707153,0.14654493,0.14290449,0.4292847,0.5707153,0.20010924,0.5707153,0.49873155,0.5707153,0.49928612,0.07379203,0.0007179007,1.5707153,0.07651899,0.076777585,0.5707153
774.509,81979.984,0.50898635,0.0,0.2047807,1.0908337,0.32640994,0.19976303,0.50898635,0.505081,0.49130297,0.49130356,0.2545047,0.21315986,1.2578366,0.009608546,0.12322118,0.4950329
853.82074,20356.379,0.57080823,0.2881438,0.2614298,0.42919177,0.57080823,0.0919488,1.4273494,0.4293627,0.00071801245,0.0,0.21662495,0.0,0.10751524,0.27205956,0.28970778,0.57080823
2862.7024,2422.8943,0.5707135,0.047474615,0.4292915,1.42797,0.5707135,0.43968213,0.5707135,0.26589233,0.42928648,0.3955763,0.5707135,0.35735983,0.18106394,0.0,0.007996269,0.5707135
174.10443,54143.637,0.570797,0.48534083,0.570797,0.42920297,0.570797,0.42734098,0.62115735,0.28970206,0.39328194,0.29567724,0.28145826,0.2776208,0.570797,0.10684891,0.21836287,0.22244653
1281.959,1012.6123,0.57092214,0.2143746,0.0029494017,1.3039314,0.57092214,0.4994671,0.57092214,0.034948647,0.57092214,0.57092214,0.08165256,0.35799333,1.0017532,0.0029494017,0.4994671,0.57092214
14976.0,13718.024,0.0,0.0,0.0,1.0,0.0,0.0,1.0,0.0,0.0,0.0,0.0,0.0,0.0,0.0,0.0,0.0
120.0,45312.09,1.0,0.0,0.0,0.0,0.0,0.0,1.0,0.0,0.0,0.0,0.0,0.0,0.0,0.0,0.0,0.0
1282.4298,1006.5157,0.57074,0.42872608,0.09599377,0.42926002,0.57074,0.17182823,0.57074,0.327801,0.57074,0.2758265,0.4708777,0.35713804,1.1684566,0.07071431,0.32054263,0.57074
872.0301,9086.234,0.57097936,0.22933687,0.011081845,1.2034589,0.57097936,0.2722965,0.9634647,0.07074396,0.2765144,0.0,0.08969316,0.071471676,0.34148198,0.27071267,0.278381,0.57097936
11223.0,14005.953,0.0,0.0,0.0,1.0,0.0,0.0,1.0,0.0,0.0,0.0,0.0,0.0,0.0,0.0,0.0,0.0
240.42928,53248.27,0.5707315,0.08081969,0.07071326,1.2058319,0.5707315,0.39882395,0.3190827,0.19668159,0.5707315,0.35787383,0.4264724,0.35416076,0.4292685,0.24207985,0.23817146,0.34478933
2842.053,21754.15,0.570944,0.28407183,0.42721188,1.5709441,0.570944,0.45504552,0.5705351,0.012071513,0.42224672,0.26918367,0.13897634,0.07073959,0.15075761,0.19708869,0.18008943,0.570944
6059.879,900.8459,0.5707423,0.0,0.37218854,0.4292577,0.35030574,0.42931312,0.5707423,0.5707423,0.5707423,0.3413466,0.0,0.2353507,0.4292577,0.0707146,0.40995494,0.5707423
2705.4292,23296.715,0.57074034,0.07222438,0.0,0.42925966,0.57074034,0.18172887,1.3552022,0.0,0.0,0.12594232,0.11821517,0.1760638,0.14218068,0.088279285,0.2805446,0.57074034
7826.0,26052.553,0.0,0.0,0.0,0.0,1.0,0.0,1.0,0.0,0.0,0.0,0.0,0.0,0.0,0.0,0.0,0.0
6119.429,836.54694,0.5592656,0.42944455,0.4031207,0.73964757,0.41827965,0.091366604,0.570917,0.26158428,0.42561996,0.570917,0.48620558,0.5685546,0.429083,0.28571916,0.0,0.35720813
342.0,58771.457,0.0,0.0,0.0,1.0,0.0,0.0,1.0,0.0,0.0,0.0,0.0,0.0,0.0,0.0,0.0,0.0
6164.0,675.809,0.0,0.0,0.0,0.0,1.0,0.0,1.0,0.0,0.0,0.0,0.0,0.0,0.0,0.0,0.0,0.0
13724.0,23207.545,0.0,0.0,0.0,1.0,0.0,0.0,1.0,0.0,0.0,0.0,0.0,0.0,0.0,0.0,0.0,0.0
2879.397,2334.5405,0.5707669,0.0,0.2740138,0.42923304,0.5707669,0.5707669,0.5707669,0.24476853,1.4293317,0.5707669,0.070717655,0.5707669,0.021730475,0.2702004,0.054832645,0.5707669
774.57074,58890.977,0.57071155,0.07291373,0.36946177,0.98792505,0.57071155,0.42929,0.57071155,0.2858521,0.57071155,0.42929,0.21546742,0.57071155,1.3461096,0.42549536,0.0,0.57071155
14644.0,1172.302,0.0,0.0,0.0,0.0,1.0,0.0,1.0,0.0,0.0,0.0,0.0,0.0,0.0,0.0,0.0,0.0
119.8556,101.22989,0.57080287,0.90260017,0.1513668,0.22511432,0.57080287,0.40371376,0.57080287,0.1421622,0.2881411,0.1421622,0.101611376,0.0,0.058692127,0.707147,0.2859012,0.57080287
8727.0,15815.463,0.0,0.0,0.0,1.0,0.0,0.0,1.0,0.0,0.0,0.0,0.0,0.0,0.0,0.0,0.0,0.0
59.726254,0.07072026,0.22225836,1.0087427,0.35419586,0.42483968,0.570788,0.07072026,0.3903385,1.3579091,0.570788,0.0,0.48763677,0.570788,0.0007179901,0.35790926,0.3319312,0.570788
120.0,111200.14,1.0,0.0,0.0,0.0,0.0,0.0,1.0,0.0,0.0,0.0,0.0,0.0,0.0,0.0,0.0,0.0
2722.5745,23374.744,0.57095593,0.070741065,0.45181587,0.42904407,0.57095593,0.57013935,1.3540301,0.49949667,0.18516175,0.021971092,0.14220034,0.0,0.48953333,0.071468756,0.0,0.57095593
774.5709,6975.648,0.5709371,0.52992564,0.32638383,0.4290629,0.5709371,0.00377018,0.5709371,0.0,0.42343032,0.076275766,0.009827398,0.3579801,1.1230433,0.22362834,0.0,0.5709371
174.7547,51071.68,0.5707952,0.0,0.07148898,0.42920482,0.5707952,0.0,1.4837141,0.27833146,0.2684115,0.07072115,0.048061967,0.0,0.5707952,0.21514925,0.4287756,0.5707952
779.5705,98.35175,0.5710165,0.36514598,0.07381075,0.88066626,0.5710165,0.11797184,0.5710165,0.5527551,0.4289835,0.5235709,0.06435035,0.21693723,0.3151691,0.4382919,0.28058034,0.5710165
6119.664,852.67847,0.57071257,0.033622824,0.29540002,1.0361605,0.2097909,0.07071091,0.57071257,0.49928373,0.57071257,0.42929077,0.0007178858,0.49928373,0.42928743,0.14291582,0.004896231,0.57071257
774.57086,2056.2095,0.5708902,0.40280625,0.07287369,0.42910984,0.5708902,0.42939976,0.5708902,0.23207113,0.16986278,0.05867418,0.07287369,0.23899081,0.90349,0.35347238,0.071472086,0.5708902
854.7391,9087.353,0.57093364,0.016623199,0.16507086,0.42906636,0.57093364,0.49947715,0.63869065,0.2796815,0.2703756,0.2385527,0.22098444,0.22185533,0.0014941394,0.0,0.3572185,0.57093364
3312.9175,2548.446,0.5710289,0.29837024,0.011352614,1.1994039,0.5710289,0.37678665,0.5710289,0.13713336,0.4289711,0.21964128,0.0,0.5710289,0.07381234,0.057557523,0.0,0.5710289
772.6421,9104.35,0.5708015,0.2983334,0.18287963,0.6204427,0.5708015,0.000718005,0.64035314,0.30588967,0.08974955,0.07292577,0.5708015,0.14669654,0.2804342,0.07370775,0.3674701,0.5708015
2879.321,2257.29,0.5708429,0.18002658,0.4837194,0.42915708,0.5708429,0.48177105,0.5708429,0.16969293,0.8569845,0.43559587,0.07145461,0.4993978,0.5708429,0.16318819,0.28729334,0.5708429
774.5708,1.5099587,0.5707942,0.0,0.00071799755,0.42920578,0.5707942,0.0,0.5707942,0.3238385,0.0,0.31275576,0.1870096,0.561656,0.42920578,0.030590735,0.07292485,0.5707942
2916.1594,22683.666,0.5709034,0.33408946,0.33221084,0.42909658,0.5709034,0.07289845,0.42909658,0.3146482,0.5709034,0.23273069,0.27241087,0.26389146,0.028855994,0.4294343,0.23671038,0.5709034
4071.6423,6660.239,0.57075524,0.3183516,0.0707162,0.8884852,0.57075524,0.35417557,0.57075524,0.106814064,0.4993211,0.57017803,0.35714698,0.003111735,0.42924476,0.054291725,0.35265058,0.57075524
3348.0,5604.572,0.0,0.0,0.0,1.0,0.0,0.0,0.0,0.0,0.0,0.0,0.0,0.0,1.0,0.0,0.0,0.0
2936.6423,2252.5625,0.57083327,0.52029675,0.57083327,0.42916673,0.2881697,0.022529371,0.57083327,0.23334086,1.5708333,0.2143738,0.4234015,0.37333378,0.0,0.070725866,0.52396494,0.20164791
11248.0,49265.285,0.0,0.0,0.0,1.0,0.0,0.0,1.0,0.0,0.0,0.0,0.0,0.0,0.0,0.0,0.0,0.0
2801.0,19.963,0.0,0.0,0.0,0.0,1.0,0.0,1.0,0.0,0.0,0.0,0.0,0.0,0.0,0.0,0.0,0.0
2797.0588,23363.47,0.5709425,0.077189565,0.0707394,0.42905748,0.5709425,0.5693818,0.42905748,0.32567048,0.24199392,0.32799977,0.0014941692,0.4186136,0.24948128,0.14442831,0.25890827,0.5709425
774.81396,95.37727,0.57077754,0.086600795,0.28689075,1.3521972,0.57077754,0.4143492,0.57077754,0.34787863,0.24759835,0.49934062,0.22175461,0.19282258,0.7448958,0.36102283,0.57077754,0.57077754
774.57074,81931.51,0.5707116,0.42929006,0.19403668,0.4292884,0.5707116,0.25544834,0.5707116,0.42929006,0.5707116,0.15640198,0.28730345,0.5707116,1.2999008,0.5458044,0.285079,0.07071079
200.21275,53247.895,0.5707934,0.34269595,0.10030162,0.6088752,0.5707934,0.20443688,0.054337874,0.070720926,0.5707934,0.23377459,0.36103284,0.54911333,0.4292066,0.29270667,0.070720926,0.21854591
2879.08,2291.8967,0.57074034,0.41423076,0.0,0.8512012,0.14295754,0.09695059,0.57074034,0.57074034,0.99944985,0.07673763,0.4881602,0.48676407,0.0,0.0,0.26947248,0.0080741495
774.5702,11254.658,0.5710261,0.27386168,0.11966577,0.4289739,0.5710261,0.42952657,0.5710261,0.13662338,0.5710261,0.17732942,0.28738177,0.0007182881,1.319575,0.35725093,0.07074976,0.5710261
120.549934,1.0290265,0.42948762,0.026000492,0.07368972,1.2212282,0.5709743,0.023159519,0.5709743,0.3133733,0.5709743,0.057198234,0.070743345,0.35287654,0.42902568,0.34419915,0.4234828,0.00071822107
11666.0,13942.989,0.0,0.0,0.0,0.0,1.0,0.0,1.0,0.0,0.0,0.0,0.0,0.0,0.0,0.0,0.0,0.0
9299.862,619.3718,0.16121368,0.42706066,0.3543201,0.079175726,0.4290772,0.2661414,0.5709228,0.4294489,0.4019506,0.9591668,0.07784839,0.28298718,0.42863232,0.49723035,0.4193973,0.072900936
2871.2324,2548.5964,0.5709031,0.4294127,0.22362557,0.4290969,0.44293413,0.23144504,0.5709031,0.558651,0.7953037,0.14219633,0.14297223,0.5709031,0.3677726,0.29272866,0.123083346,0.5709031
136.0,1.393,0.0,0.0,0.0,0.0,1.0,0.0,1.0,0.0,0.0,0.0,0.0,0.0,0.0,0.0,0.0,0.0
6119.576,892.46857,0.5707564,0.20123237,0.34779567,0.4292436,0.42731056,0.0644776,0.5707564,0.5707564,0.07622237,0.00071795285,0.32282573,0.32563055,1.4796808,0.070716344,0.35322097,0.5707564
1281.3846,7045.232,0.57095873,0.35801628,0.35801628,0.42904127,0.57095873,0.57095873,1.2221265,0.28096065,0.18018514,0.57095873,0.4177225,0.20750186,0.3538063,0.28574005,0.49726167,0.57095873
2124.3323,411.92343,0.5707926,0.4970763,0.071488656,1.1534435,0.5707926,0.15213647,0.5707926,0.49861196,0.35791206,0.31314442,0.3571703,0.3512857,0.4292074,0.40178442,0.14215964,0.5707926
120.0,39440.227,1.0,0.0,0.0,0.0,0.0,0.0,1.0,0.0,0.0,0.0,0.0,0.0,0.0,0.0,0.0,0.0
425.0,5.08,0.0,0.0,0.0,1.0,0.0,0.0,0.0,0.0,1.0,0.0,0.0,0.0,0.0,0.0,0.0,0.0
120.0,36096.062,1.0,0.0,0.0,0.0,0.0,0.0,1.0,0.0,0.0,0.0,0.0,0.0,0.0,0.0,0.0,0.0
120.329384,100.4439,0.5709979,1.4272522,0.33881554,0.19053861,0.5709979,0.14377289,0.5709979,0.4272522,0.5709979,0.42238668,0.2794868,0.5709979,0.42868868,1.0084628,0.24361426,0.56285393
666.4963,29782.314,0.5707493,0.5707493,0.12858889,0.42925075,0.5707493,0.30410478,0.3571432,0.39952525,0.5707493,0.5707493,0.41639295,1.0938205,0.11108939,0.5707493,0.41209945,0.5707493
1278.1788,1005.26074,0.5709897,0.1444411,0.12307684,1.2805656,0.5709897,0.35579646,0.5709897,0.37669516,0.5709897,0.19643295,0.005341023,0.5709897,1.2500134,0.00071825087,0.31051832,0.5709897
3312.6423,2296.9578,0.57083327,0.2999938,0.070725866,0.42916673,0.57083327,0.25225616,0.57083327,0.28835893,0.42916673,0.42938155,0.38935792,0.2561906,0.3084448,0.4553029,0.30467933,0.57083327
2863.199,2795.044,0.5707489,0.22765271,0.32844543,0.42925107,0.5707489,0.35560745,0.5707489,0.27069277,1.3578848,0.43978047,0.37834084,0.21434988,0.07148317,0.21664377,0.4978292,0.15784636
120.0,57343.7,1.0,0.0,0.0,0.0,0.0,0.0,1.0,0.0,0.0,0.0,0.0,0.0,0.0,0.0,0.0,0.0
3312.9578,2700.288,0.57086366,0.25565413,0.1461448,1.5693032,0.57086366,0.0,0.57086366,0.070729636,0.809778,0.10298968,0.35717472,0.070729636,0.57086366,0.07905803,0.4294044,0.57086366
774.5708,1.3464248,0.5707942,0.4120467,0.35054994,0.42920578,0.5707942,0.17783323,0.5707942,0.49229956,0.10456297,0.22067016,0.28589684,0.21436691,0.42920578,0.494724,0.2181553,0.5707942
1027.6444,15231.602,0.5708038,0.28042266,0.0,0.99204254,0.5708038,0.0,1.0128115,0.4029049,0.11149601,0.35791916,0.002995938,0.3571637,0.030175656,0.5708038,0.29646266,0.5708038
774.5708,12117.907,0.5707942,0.26630422,0.072270826,0.42920578,0.5707942,0.14443108,0.5707942,0.5707942,0.0,0.14826062,0.5707942,0.04745868,0.8671261,0.22421458,0.02253399,0.5707942
120.16271,0.7304943,0.22659056,0.49489647,0.23055966,0.42905843,0.57094157,0.16108707,0.073801085,0.19021575,0.57094157,0.08983128,0.3349086,0.070739284,0.42905843,0.0,0.57094157,0.070739284
16212.0,43048.938,0.0,0.0,0.0,1.0,0.0,0.0,1.0,0.0,0.0,0.0,0.0,0.0,0.0,0.0,0.0,0.0
498.0,58708.44,0.0,0.0,0.0,1.0,0.0,0.0,0.0,0.0,1.0,0.0,0.0,0.0,0.0,0.0,0.0,0.0
1281.6349,1005.20703,0.57102937,0.0,0.07670456,0.42897063,0.57102937,0.4970808,0.57102937,0.20874424,0.57102937,0.13908637,0.429529,0.35806054,1.4295291,0.57102937,0.20329954,0.57102937
2787.8347,22897.957,0.5708404,0.42281377,0.03287387,1.3513554,0.5708404,0.48803383,0.42915958,0.0801202,0.16944307,0.0752241,0.14294739,0.07072675,0.07367244,0.21956879,0.19920683,0.5708404
774.57074,1.5207553,0.5707116,0.56691694,0.4992829,0.4292884,0.5707116,0.16476817,0.5707116,0.35732925,0.17199123,0.1781166,0.08700861,0.07291372,1.1920192,0.31973398,0.5707116,0.5707116
3312.4292,2213.654,0.57074034,0.42985946,0.42232466,1.2128645,0.57074034,0.40744525,0.57074034,0.018678963,1.1996099,0.5700968,0.17352884,0.57074034,0.57074034,0.07143449,0.4255982,0.57074034
3487.0,44.429,0.0,0.0,0.0,0.0,1.0,0.0,1.0,0.0,0.0,0.0,0.0,0.0,0.0,0.0,0.0,0.0
6059.429,1434.1385,0.29057255,0.12903869,0.42877495,1.3277011,0.5707943,0.4275428,0.5707943,0.49935526,0.49626368,0.07072104,0.0,0.27108908,1.5643947,0.3579132,0.14216007,0.0
917.57074,4681.5093,0.5707188,0.0014531985,0.4992892,1.0446817,0.5707188,0.2872712,0.37252778,0.0,0.5707188,0.00071790814,0.5707188,0.42929548,1.2033433,0.5707188,0.2968981,0.5707188
170.42978,63329.477,0.57102704,0.3803794,0.14445022,0.8550909,0.57102704,0.5468323,0.42897296,0.14621635,0.25986278,0.07670472,0.079256676,0.15483722,0.57102704,0.06435067,0.57021034,0.57102704
369.4291,26533.283,0.57087636,0.567764,0.16504604,0.61497045,0.57087636,0.0,0.0,0.20603552,0.57087636,0.08618978,0.35153827,1.2235619,0.085267216,0.20508173,0.14503509,0.034662135
2879.2712,2148.0435,0.5707507,0.05485317,0.23959541,0.42924932,0.07377728,0.1713261,0.5707507,0.002988793,1.2146096,0.15043426,0.3771798,0.15334082,0.13212278,0.285875,0.5707507,0.5707507
120.0,35840.055,1.0,0.0,0.0,0.0,0.0,0.0,1.0,0.0,0.0,0.0,0.0,0.0,0.0,0.0,0.0,0.0
507.85492,19327.781,0.5707793,0.46825677,0.28779674,1.3858991,0.57020205,0.1428917,1.3461964,0.0,0.0737049,0.39977902,0.32870275,0.35419047,0.4077716,0.35790378,0.07071918,0.42934096
3312.4292,2654.6611,0.57083327,0.07606896,0.17681676,0.42916673,0.57083327,0.14445409,0.57083327,0.11664463,0.42916673,0.2143738,0.3572817,0.57083327,0.4972132,0.14216977,0.40746918,0.57083327
10007.0,23164.719,0.0,0.0,0.0,1.0,0.0,0.0,1.0,0.0,0.0,0.0,0.0,0.0,0.0,0.0,0.0,0.0
869.8744,133.9906,0.57089,0.15099469,0.41205806,0.42911,0.57089,0.2265163,0.57089,0.5199989,0.35494846,0.14441504,0.19098526,0.0,0.42911,0.35719123,0.20603895,0.57089
825.54346,161.89423,0.5708691,0.3461161,0.051440045,0.42913094,0.5708691,0.25198844,0.5708691,0.35796008,0.0007180944,0.21814364,0.14899486,0.34431073,1.4294084,0.34960464,0.27362356,0.5708691
478.28488,11134.652,0.5708107,0.42936456,0.11233117,0.42918932,0.2980563,0.38402677,0.5708107,0.0056681708,0.5708107,0.3579234,0.31654,0.47241145,1.2127638,0.24382173,0.14372715,0.45171106
771.71515,5255.8413,0.5707942,0.57021695,0.31984192,0.42920578,0.5707942,0.07072103,0.28730914,0.36186075,0.4153426,0.07072103,0.0,0.122574896,1.1743903,0.33824667,0.2181553,0.5707942
498.0,59016.32,0.0,0.0,0.0,1.0,0.0,0.0,0.0,0.0,1.0,0.0,0.0,0.0,0.0,0.0,0.0,0.0
120.47016,102.87499,0.57099533,1.5709953,0.07369241,0.2781288,0.57099533,0.12742697,0.57099533,0.15789302,0.57099533,0.070745945,0.113704726,0.011352882,0.10165705,1.5709953,0.16453971,0.57099533
1421.8505,11541.928,0.570796,0.3725249,0.41528413,1.4636298,0.570796,0.4293535,0.37931713,0.27370077,0.35038033,0.15624356,0.39678314,0.35638675,0.5938133,0.30470037,0.29057345,0.570796
1281.4675,1005.3534,0.5707966,0.35297114,0.19487697,0.4292034,0.5707966,0.0,0.5707966,0.30811688,0.5707966,0.3645208,0.26455963,0.32008114,0.4292034,0.20596641,0.0,0.5707966
9360.192,597.9491,0.28968847,0.22206682,0.25584868,0.57077014,0.42922986,0.33695996,0.57077014,0.42933404,0.57077014,1.201561,0.2941307,0.17755708,0.57077014,0.5676984,0.07148584,0.08464215
2831.57,21982.912,0.5709435,0.44747424,0.14745913,0.42905653,0.5709435,0.24388798,1.0939023,0.34434658,0.28754705,0.2281981,0.0,0.3065344,0.091743514,0.3402624,0.1785592,0.5709435
540.0,39910.613,1.0,0.0,0.0,0.0,0.0,0.0,0.0,0.0,0.0,1.0,0.0,0.0,0.0,0.0,0.0,0.0
1276.9365,1004.4839,0.57091177,0.09564168,0.35798684,0.6989781,0.57091177,0.41524804,0.57091177,0.09253916,0.57091177,0.5700952,0.33555442,0.42539686,0.4290882,0.042499974,0.20157713,0.57091177
6120.499,898.5006,0.5709284,0.1776785,0.28903607,1.1337773,0.57011175,0.057192884,0.5709284,0.11611211,0.5709284,0.49947256,0.1890158,0.4986905,1.0508659,0.56781566,0.042631976,0.5709284
373.94562,26368.21,0.5708271,0.06456775,0.22814786,0.42917284,0.5708271,0.4413208,0.0,0.19887704,0.5708271,0.5566053,0.28728542,0.27121413,0.9744892,0.37248582,0.22981358,0.29332533
6119.641,927.929,0.0038863048,0.14297318,0.20510599,1.4898646,0.2583953,0.07669302,0.5709434,0.07146718,0.28573233,0.0,0.07146718,0.36988512,1.074522,0.07876391,0.18112582,0.49948573
1278.9048,1004.24286,0.57092166,0.34895608,0.1421918,0.6727437,0.57092166,0.20486873,0.57092166,0.12538782,0.21437821,0.20331204,0.0014897734,0.11067522,0.42907834,0.42718753,0.3720858,0.57092166
3761.0,58848.426,0.0,0.0,0.0,1.0,0.0,0.0,1.0,0.0,0.0,0.0,0.0,0.0,0.0,0.0,0.0,0.0
774.57074,97634.31,0.5707116,0.121050194,0.16261026,0.4292884,0.5707116,0.42870945,0.5707116,0.07071079,0.07071079,0.42870945,0.35166204,0.022064082,0.4292884,0.4792925,0.1579384,0.5707116
773.9186,52048.43,0.5708771,0.26498258,0.16483365,1.4285979,0.5708771,0.283512,0.5708771,0.14534846,0.5708771,0.4575758,0.0029491633,0.217625,1.3789706,0.3579651,0.09722032,0.15825172
3621.0,59481.664,0.0,0.0,0.0,1.0,0.0,0.0,1.0,0.0,0.0,0.0,0.0,0.0,0.0,0.0,0.0,0.0
1283.5708,1010.33136,0.57091045,0.42943957,0.03264129,0.42908958,0.57091045,0.2341955,0.57091045,0.15576768,0.57091045,0.41525713,0.15273309,0.23786446,0.42908958,0.076692164,0.41067007,0.57091045
3776.357,6652.3667,0.57084024,0.00071804225,0.36102214,0.4291598,0.57084024,0.29937357,0.57084024,0.36943474,0.122748815,0.20020339,0.42938676,0.010441363,0.51885384,0.42857024,0.019021884,0.57084024
10002.0,14206.162,0.0,0.0,0.0,1.0,0.0,0.0,1.0,0.0,0.0,0.0,0.0,0.0,0.0,0.0,0.0,0.0
229.03961,1.0407192,0.0014939904,0.49942908,0.42082003,1.4264188,0.5708786,0.35098937,0.0062130243,0.07616264,0.5708786,0.081314355,0.27709597,0.30162227,0.42912135,0.35429272,0.5708786,0.0
1281.1475,1003.6295,0.5707767,0.39272937,0.49933985,0.42922333,0.5707767,0.14215568,0.5707767,0.55639875,0.5707767,0.37702695,0.013770752,0.0,1.5707767,0.4075953,0.48652503,0.5707767
1278.077,1004.9617,0.5709841,0.5709841,0.1482676,1.0587748,0.5709841,0.0,0.5709841,0.07147228,0.5709841,0.1649746,0.22964706,0.00232213,0.8632568,0.4725566,0.4272418,0.5709841
2944.573,2620.9067,0.57087743,0.30628502,0.49942797,0.42912257,0.57087743,0.41818368,0.57087743,0.23017381,0.9635411,0.3579653,0.49942797,0.0053503066,0.29544795,0.5296063,0.0,0.57087743
774.5708,0.7846209,0.07072103,0.23970589,0.28589684,0.42920578,0.5707942,0.064519435,0.5707942,0.08376226,0.28730914,0.4072446,0.4287749,0.27213684,0.42920578,0.19712347,0.4002458,0.5707942
119.941,101.64166,0.5709515,1.0841103,0.0014941767,0.37442207,0.5709515,0.08159244,0.5709515,0.1334679,0.5709515,0.20749912,0.252486,0.0029495507,0.3535847,0.42904848,0.40262043,0.5709515
3312.6648,2346.0447,0.57091516,0.25239274,0.49946102,1.4294431,0.57091516,0.06685617,0.57091516,0.023387998,0.4290848,0.14681345,0.57091516,0.07073601,0.000718154,0.1554443,0.2558982,0.57091516
6060.3506,1431.4456,0.57075524,0.57075524,0.42565584,0.7482803,0.0707162,0.49397963,0.57075524,0.13050643,0.20820826,0.21435228,0.21274316,0.14793469,0.9378461,0.3578887,0.0,0.57075524
4992.0,49262.984,0.0,0.0,0.0,1.0,0.0,0.0,1.0,0.0,0.0,0.0,0.0,0.0,0.0,0.0,0.0,0.0
6059.7754,1312.7814,0.57077533,0.35562393,0.15391079,0.77971345,0.0751751,0.42081234,0.57077533,0.4198787,0.08148272,0.0,0.36938557,0.14215535,0.9272987,0.25422284,0.42933795,0.57077533
706.4287,46094.707,0.57075214,0.28064457,0.28208044,0.786018,0.57075214,0.4250526,1.2000475,0.49931836,0.57075214,0.19321519,0.2858707,0.3385335,0.3556048,0.19569775,0.4728208,0.2858707
8739.0,23180.068,0.0,0.0,0.0,1.0,0.0,0.0,1.0,0.0,0.0,0.0,0.0,0.0,0.0,0.0,0.0,0.0
774.5708,18168.426,0.5707942,0.20797944,0.0,1.1927394,0.5707942,0.42935216,0.5707942,0.28186658,0.12062493,0.35419968,0.5677223,0.37850785,0.64208686,0.30269834,0.42379415,0.075754404
552.0,59031.086,0.0,0.0,0.0,1.0,0.0,0.0,0.0,0.0,0.0,0.0,0.0,0.0,1.0,0.0,0.0,0.0
3379.5708,2524.7473,0.57083327,0.31572247,0.49705517,0.42916673,0.57083327,0.29677498,0.57083327,0.41858655,1.0088315,0.30999362,0.24579936,0.10976031,0.35793763,0.57021844,0.46867108,0.57083327
1278.7765,1004.6059,0.5710209,0.54902804,0.057556704,0.4289791,0.5710209,0.032852374,0.5710209,0.0068527013,0.5710209,0.21820165,0.21441169,0.4021911,0.4289791,0.27549297,0.4995535,0.5710209
13713.0,13952.401,0.0,0.0,0.0,1.0,0.0,0.0,1.0,0.0,0.0,0.0,0.0,0.0,0.0,0.0,0.0,0.0
773.429,1.5719934,0.5709981,0.4295055,0.42649922,0.42900196,0.5709981,0.3725542,0.5709981,0.49952307,0.34804878,0.48637256,0.24747863,0.402321,0.42900196,0.20886275,0.07074628,0.5709981
6659.0,203.543,0.0,0.0,0.0,0.0,1.0,0.0,1.0,0.0,0.0,0.0,0.0,0.0,0.0,0.0,0.0,0.0
6119.9565,832.0039,0.18199718,0.5662785,0.0,0.43817508,0.54028755,0.2016781,0.57098466,0.17867422,0.12694213,0.2272363,0.48981786,0.17364255,0.7972674,0.26843137,0.46636677,0.30899256
3981.0,59089.24,0.0,0.0,0.0,1.0,0.0,0.0,1.0,0.0,0.0,0.0,0.0,0.0,0.0,0.0,0.0,0.0
3343.5083,14081.018,0.57093644,0.56782365,0.15126252,0.7245393,0.57093644,0.21816942,0.073800415,0.42345467,0.4994796,0.0007181838,0.07224847,0.41785535,1.131631,0.26653746,0.42945912,0.57093644
491.0,88.195,0.0,0.0,0.0,1.0,0.0,0.0,0.0,0.0,1.0,0.0,0.0,0.0,0.0,0.0,0.0,0.0
15011.0,23022.805,0.0,0.0,0.0,1.0,0.0,0.0,1.0,0.0,0.0,0.0,0.0,0.0,0.0,0.0,0.0,0.0
774.57086,38843.652,0.5708761,0.4294138,0.04920628,0.42912388,0.5708761,0.2755881,0.5708761,0.39683777,0.56367356,0.28003109,0.49940175,0.07073118,0.42912388,0.24365945,0.4262696,0.5708761
1042.5751,9087.432,0.57093775,0.3011891,0.017838404,0.42906222,0.57093775,0.42946014,1.5693768,0.34310946,0.51801795,0.081519775,0.35971227,0.281978,0.0,0.42946014,0.31999937,0.57093775
774.57074,93116.59,0.5707116,0.4992829,0.14444607,0.4292884,0.5707116,0.348692,0.5707116,0.07071079,0.0038105175,0.5707116,0.31574506,0.36506087,0.4292884,0.08393766,0.0,0.5707116
10001.0,13403.269,0.0,0.0,0.0,1.0,0.0,0.0,1.0,0.0,0.0,0.0,0.0,0.0,0.0,0.0,0.0,0.0
