SrcBytes,SIntPktMax,Proto_arp,Proto_icmp,Proto_ipv6-icmp,Proto_tcp,Proto_udp,State_CLO,State_CON,State_ECO,State_FIN,State_INT,State_NRS,State_REQ,State_RST,State_TST,State_URH,State_URHPRO
1.3490964,-0.66015685,0.0,1.0,0.0,0.0,0.0,0.0,0.0,1.0,0.0,0.0,0.0,0.0,0.0,0.0,0.0,0.0
0.65352196,-0.66574144,0.0,0.0,0.0,1.0,0.0,0.0,0.0,0.0,0.0,0.0,0.0,0.0,1.0,0.0,0.0,0.0
-0.702741,0.9910531,0.074366614,0.01251746,0.0045867776,0.9430332,0.047684565,0.005710731,-0.01534376,-0.005307547,0.020695811,0.036173124,0.012961279,-0.014282654,0.97922283,9.930793e-07,-0.0052026487,0.015222952
0.65352196,-0.6659254,0.0,0.0,0.0,1.0,0.0,0.0,0.0,0.0,0.0,0.0,0.0,0.0,1.0,0.0,0.0,0.0
-0.6397018,0.16535345,0.041799925,0.00488449,0.0034601798,0.97483736,0.024436938,0.0040586763,-0.007948081,-0.0026100462,0.018861387,0.018213117,0.004756205,-0.0087348595,0.9837341,-0.0029387446,-0.0026092113,0.009800018
-0.74976605,-0.7136555,0.0039199675,0.0005168376,0.0003118994,0.996973,0.0027664332,0.00041942185,0.99833924,-0.0008684577,0.0009201445,0.0010037973,0.00010127869,-0.0018319705,-0.000474644,-3.6542402e-05,-7.945628e-05,0.00044690646
-0.75153846,4.8385835,0.1737195,0.0005516512,0.005042077,0.91317827,0.11990711,0.012650609,0.98410136,-0.027931625,0.083086394,0.062495,0.00035368247,0.031335615,0.0009966656,-0.0034176388,-0.0071564526,0.029546212
0.65352196,-0.65998256,0.0,0.0,0.0,1.0,0.0,0.0,0.0,0.0,0.0,0.0,0.0,0.0,1.0,0.0,0.0,0.0
-0.75153846,2.334208,0.12087168,0.027954891,0.0014824503,0.89840424,0.08752614,0.016841669,-0.051007107,-0.012453687,0.040121026,0.07819696,0.0032143542,0.0008661373,0.9717048,0.024769843,-0.007200149,0.0143391015
1.0279729,-0.7009181,0.0,0.0,0.0,0.0,1.0,0.0,1.0,0.0,0.0,0.0,0.0,0.0,0.0,0.0,0.0,0.0
0.04445439,0.5596864,0.082181305,-0.012266557,-0.008909267,0.97081757,0.05629,0.011218203,0.98829806,-0.09019228,0.02818935,-0.1138571,-0.014315832,-0.05340448,-0.012517241,0.011861776,0.0056380057,0.0040366757
-0.64511555,-0.13860567,0.0,0.0,0.0,1.0,0.0,0.0,0.0,0.0,1.0,0.0,0.0,0.0,0.0,0.0,0.0,0.0
-0.5899946,-0.6473763,0.06505929,-0.033050425,0.0047023674,0.97572416,0.054903913,0.013127336,-0.00021136696,0.024515856,0.06977057,0.04441445,0.013271731,0.0310883,0.95670855,-0.0664605,-0.0046139047,0.0457138
-0.75153846,0.12774402,0.16473377,0.037187018,-0.0052166,0.8659691,0.111466505,0.019083155,-0.08603517,-0.05941037,0.020226775,0.033678688,0.013700112,0.8599176,-0.005894835,0.016260987,-0.010686458,0.014086303
0.65352196,-0.6662842,0.0,0.0,0.0,1.0,0.0,0.0,0.0,0.0,0.0,0.0,0.0,0.0,1.0,0.0,0.0,0.0
-0.75153834,2.13747,0.25781828,0.038090874,-0.008531489,0.78121,0.18269421,0.028230954,0.8700176,-0.057486277,0.040759392,0.070359625,0.015577783,-0.09801069,-0.0098230885,0.024096211,0.022331461,0.016419059
-0.68827665,0.85411507,0.070531406,0.011784905,0.003880095,0.94578815,0.043292522,0.006283003,-0.014252858,-0.0056367535,0.017099828,0.032559574,0.011200281,-0.0131671745,0.9792,0.00043294768,-0.004238916,0.013312221
-0.6542584,-0.66030186,0.047589663,-0.023936247,0.0036732294,0.98557174,0.040257994,0.008055707,-0.0056259143,0.016091341,0.057163686,0.034649078,0.008390015,0.022305317,0.9711023,-0.055458408,-0.0025571606,0.032105256
-0.75153846,-0.69009775,0.027015544,-0.011778267,0.0038215348,0.9923227,0.018040195,0.0048509454,-0.00015886877,0.00965446,0.032346122,0.017776562,0.004571805,0.0055697374,0.98274535,-0.030148823,-0.0039335717,0.01646754
-0.5742817,-0.60073686,0.06482256,-0.029761072,0.006177764,0.9796485,0.052343924,0.0137577895,-0.00019547336,0.026855519,0.06565732,0.04183915,0.012217762,0.035212867,0.95940226,-0.06586921,-0.0047275038,0.046195406
0.65352196,-0.6605934,0.0,0.0,0.0,1.0,0.0,0.0,0.0,0.0,0.0,0.0,0.0,0.0,1.0,0.0,0.0,0.0
0.493308,-0.5411865,0.0,0.0,0.0,0.0,1.0,0.0,1.0,0.0,0.0,0.0,0.0,0.0,0.0,0.0,0.0,0.0
-0.23859473,-0.58795774,0.03767132,0.023904935,0.0028170934,0.96574837,0.014050181,-0.00061215984,0.0021971674,-0.018442553,0.97486484,0.010464457,-4.3731103e-05,-0.024766434,-0.02153944,0.014647323,-0.0011504071,-0.0029276698
0.65352196,-0.66458046,0.0,0.0,0.0,1.0,0.0,0.0,0.0,0.0,0.0,0.0,0.0,0.0,1.0,0.0,0.0,0.0
3.5607915,-0.6676167,0.0,0.0,0.0,1.0,0.0,0.0,1.0,0.0,0.0,0.0,0.0,0.0,0.0,0.0,0.0,0.0
1.5471033,0.27505723,0.0,0.0,0.0,1.0,0.0,0.0,1.0,0.0,0.0,0.0,0.0,0.0,0.0,0.0,0.0,0.0
0.9709358,0.7898106,0.0,0.0,0.0,1.0,0.0,0.0,1.0,0.0,0.0,0.0,0.0,0.0,0.0,0.0,0.0,0.0
-0.7197774,-0.11657033,0.10029857,0.01796649,0.008301766,0.919492,0.06629441,0.009900738,0.95240504,-0.027540307,0.017736744,0.024122182,0.0023512817,-0.06356939,-0.0054683643,0.008455142,0.0029845445,0.0040769014
-0.7299967,0.019688841,0.16262123,0.027236583,0.0013696632,0.86277086,0.11056087,0.017406365,-0.08174098,-0.059303273,0.026167592,0.033218257,0.009868375,0.85922945,0.005541268,0.015391261,-0.0026578025,0.010922407
0.08061101,0.51972693,0.058613174,-0.010689746,-0.01007358,0.9791096,0.035601802,0.009315341,0.9948458,-0.06735429,0.020579131,-0.081952006,-0.008929174,-0.040283293,-0.011211304,0.0041953246,0.0031539663,0.0057188417
56.67486,-0.75153846,9.994667,-0.75153846,35.699085,-0.75153846,47.85528,-0.75153846,-0.75153846,45.468163,-0.75153846,-0.75153846,51.245438,9.37711,-0.75153846,43.78077,13.299767,-0.75153846
-0.46825212,2.7534583,0.091710836,0.003724875,-0.00767143,0.92069393,0.0578044,0.006594398,-0.040050328,-0.03574649,0.043145172,0.02206659,0.0194258,-0.02041264,0.95677865,0.010461243,-0.015969958,-0.01259612
0.04016409,0.5521235,0.08364134,-0.012809308,-0.009011557,0.9704462,0.057992242,0.011401731,0.987713,-0.091938876,0.029630886,-0.11628613,-0.014441055,-0.054585468,-0.012465353,0.012064762,0.006164565,0.003982428
-0.66426474,-0.66759133,0.046119466,-0.02320085,0.0035724086,0.98602164,0.03891645,0.007844666,-0.0056025404,0.01563177,0.0553154,0.033575073,0.008193815,0.021573275,0.97205466,-0.05379299,-0.002454475,0.03104716
0.05334728,-0.5510748,0.022705456,0.01006782,0.0036871454,1.0030552,0.02587131,0.0077321026,0.03004804,0.02204915,0.98144,0.012660069,0.011532127,0.019932576,0.0126202945,-0.016823452,0.0051882025,0.013316581
2.0465257,-0.6509553,0.0,0.0,0.0,0.0,1.0,0.0,1.0,0.0,0.0,0.0,0.0,0.0,0.0,0.0,0.0,0.0
-0.75153846,0.57576334,0.17588462,0.02282791,0.020278767,0.8482205,0.124379784,0.025272353,0.89814305,-0.038149245,0.046661075,0.053494927,0.015142967,-0.107129775,0.009051955,0.004173619,0.01003232,0.0015628294
0.0057102954,1.2692751,0.0,0.0,0.0,1.0,0.0,0.0,0.0,0.0,0.0,0.0,0.0,0.0,1.0,0.0,0.0,0.0
-0.7515384,2.3338594,0.11332044,0.02234122,0.007705799,0.8880381,0.08984321,0.021628661,-0.04719494,-0.0049377442,0.048401177,0.075249106,0.0033097297,0.0056265322,0.9746458,0.011657619,-0.016037175,0.013033483
-0.6402465,1.5809383,1.0,0.0,0.0,0.0,0.0,0.0,0.0,0.0,0.0,1.0,0.0,0.0,0.0,0.0,0.0,0.0
-0.6400163,0.17232944,0.041803148,0.0051216744,0.0036260043,0.97472674,0.02438978,0.004073075,-0.007971451,-0.002733248,0.018663093,0.018163785,0.004815753,-0.009069761,0.9837464,-0.0027062246,-0.0026744304,0.009723067
0.9690809,1.2391902,0.0,0.0,0.0,1.0,0.0,0.0,1.0,0.0,0.0,0.0,0.0,0.0,0.0,0.0,0.0,0.0
-0.22980891,-0.62185925,0.03740253,0.024618147,0.0026200346,0.9657579,0.012910432,-0.0006544824,0.003542765,-0.019002285,0.97499675,0.01083061,-7.181838e-05,-0.024665197,-0.021761945,0.014275292,-0.0010525916,-0.00373582
0.65352196,-0.6647122,0.0,0.0,0.0,1.0,0.0,0.0,0.0,0.0,0.0,0.0,0.0,0.0,1.0,0.0,0.0,0.0
-0.65064913,0.37494197,0.041707348,0.007062844,0.0035713587,0.9693805,0.025550013,0.0025770292,-0.01097839,-0.002122065,0.014708141,0.01977491,0.0057674046,-0.011416607,0.9841607,0.00045939235,-0.0042106663,0.007659064
-0.5815385,-0.603986,0.061265226,-0.031615246,0.004160855,0.9775797,0.052102666,0.012610281,-0.0005841988,0.023745662,0.065996245,0.042748712,0.012412945,0.029540848,0.95864946,-0.06314404,-0.0049024257,0.0435312
-0.65337694,-0.3476431,0.090989664,0.013757193,0.0058283983,0.9273251,0.061894067,0.012275458,0.9630607,-0.026333759,0.016617477,0.018244611,0.002016029,-0.055010058,-0.005271567,0.003330402,-0.0018073968,0.007901878
-0.5113277,0.6436585,0.0526706,0.013048342,0.0027986998,0.9560297,0.028603569,0.009196283,-0.03350301,-0.016341303,0.9900522,0.01850272,0.009409029,-0.030757891,-0.006476151,0.0018529028,-0.00057930616,-0.002121344
-0.23724508,-0.59860075,0.03625886,0.023081234,0.002735932,0.9669596,0.013569312,-0.0004882586,0.00219898,-0.01769417,0.9757281,0.010141689,2.039502e-05,-0.023889974,-0.020750929,0.014182959,-0.0011046618,-0.0028227742
0.63961047,-0.6299337,0.0,0.0,0.0,1.0,0.0,0.0,0.0,0.0,0.0,0.0,0.0,0.0,1.0,0.0,0.0,0.0
0.2660062,-0.3209724,0.025148872,-0.011831387,-0.001961272,0.9963385,0.0023073137,0.0039400505,0.0026972236,-0.040376112,0.012801603,-0.04141725,-0.0025999353,-0.011632199,0.98438734,-0.0018618584,-0.001786542,0.0016755003
-0.7240993,-0.060770784,0.106917344,0.019319804,0.008910525,0.91424185,0.07048986,0.010689045,0.9491361,-0.029207807,0.018836698,0.025666626,0.0023688013,-0.06777432,-0.0058474205,0.008991291,0.0031810605,0.0044258568
0.07119877,-0.5673778,0.010965832,0.004919358,0.0017056607,1.001208,0.01230602,0.0038127222,0.013411495,0.011170535,0.99122316,0.0063486197,0.005529057,0.009770331,0.006345611,-0.007862332,0.002276609,0.0061622267
0.65352196,-0.66077095,0.0,0.0,0.0,1.0,0.0,0.0,0.0,0.0,0.0,0.0,0.0,0.0,1.0,0.0,0.0,0.0
0.9709358,0.95200396,0.0,0.0,0.0,1.0,0.0,0.0,1.0,0.0,0.0,0.0,0.0,0.0,0.0,0.0,0.0,0.0
2.629881,-0.6552618,0.0,0.0,0.0,0.0,1.0,0.0,1.0,0.0,0.0,0.0,0.0,0.0,0.0,0.0,0.0,0.0
0.63961047,-0.6370596,0.0,0.0,0.0,1.0,0.0,0.0,0.0,0.0,0.0,0.0,0.0,0.0,1.0,0.0,0.0,0.0
2.9996946,1.7584563,0.0,0.0,0.0,1.0,0.0,0.0,1.0,0.0,0.0,0.0,0.0,0.0,0.0,0.0,0.0,0.0
-0.75153846,4.391575,1.0,0.0,0.0,0.0,0.0,0.0,1.0,0.0,0.0,0.0,0.0,0.0,0.0,0.0,0.0,0.0
-0.6536575,-0.65868044,0.04755539,-0.023761267,0.0036353031,0.9855816,0.040147547,0.00811801,-0.0056375675,0.016107071,0.0569385,0.034680743,0.008392628,0.022276822,0.9710766,-0.055445008,-0.0024846755,0.03198287
-0.5739703,-0.60054624,0.06487202,-0.02972396,0.0062742275,0.97966516,0.05233152,0.013817157,-5.144206e-05,0.026821181,0.065756515,0.04194595,0.0121951355,0.035312425,0.9593813,-0.06589768,-0.004654957,0.046293627
0.6794901,0.95200163,0.0,0.0,0.0,1.0,0.0,0.0,1.0,0.0,0.0,0.0,0.0,0.0,0.0,0.0,0.0,0.0
-0.7515384,2.3275833,0.12001665,0.01920352,-0.0048863357,0.8966844,0.09025801,0.020795768,-0.0397673,-0.005065765,0.0507268,0.075355716,0.004522216,-0.002624466,0.97093076,0.015818251,-0.0067567267,0.026001262
-0.73762697,1.5642351,1.0,0.0,0.0,0.0,0.0,0.0,1.0,0.0,0.0,0.0,0.0,0.0,0.0,0.0,0.0,0.0
0.65352196,-0.66573375,0.0,0.0,0.0,1.0,0.0,0.0,0.0,0.0,0.0,0.0,0.0,0.0,1.0,0.0,0.0,0.0
0.65352196,-0.66362846,0.0,0.0,0.0,1.0,0.0,0.0,0.0,0.0,0.0,0.0,0.0,0.0,1.0,0.0,0.0,0.0
-0.7515383,0.9397832,0.2009325,0.013410782,-0.0040761507,0.8256544,0.16530451,0.04298433,-0.11498229,-0.07383608,0.06549877,0.049488112,0.006059398,0.8251167,0.039159272,-0.0035692335,0.010668818,0.010331267
-0.75153846,0.94268167,0.21423805,0.011822042,-0.0018589816,0.831692,0.14841267,0.023891948,-0.12087198,-0.070263535,0.05844797,0.043346085,0.0061455565,0.8125583,0.012926403,-0.0036157004,0.005580412,0.0129101025
0.07526774,-0.124579094,0.0,0.0,0.0,1.0,0.0,0.0,1.0,0.0,0.0,0.0,0.0,0.0,0.0,0.0,0.0,0.0
0.65352196,-0.6607508,0.0,0.0,0.0,1.0,0.0,0.0,0.0,0.0,0.0,0.0,0.0,0.0,1.0,0.0,0.0,0.0
-0.73762697,1.4173876,1.0,0.0,0.0,0.0,0.0,0.0,1.0,0.0,0.0,0.0,0.0,0.0,0.0,0.0,0.0,0.0
0.07027767,-0.55158645,0.0106168855,0.0050925566,0.001184212,1.0012892,0.012020589,0.0036061234,0.012538221,0.010620142,0.99184936,0.006479316,0.0050830026,0.009095688,0.0052014766,-0.0080622705,0.0023203087,0.005705525
-0.75153846,2.3277464,0.12146261,0.027657198,0.0025869496,0.89431375,0.084707566,0.019787557,-0.04545953,-0.016476987,0.050153226,0.07057661,0.012520178,-0.0022493154,0.9681349,0.010842636,-0.006811709,0.014678959
1.3630079,-0.66366124,0.0,1.0,0.0,0.0,0.0,0.0,0.0,1.0,0.0,0.0,0.0,0.0,0.0,0.0,0.0,0.0
-0.5808157,-0.60369784,0.061536875,-0.03170939,0.0041637877,0.9774894,0.05233203,0.012657294,-0.00069793925,0.023791477,0.06618053,0.042782776,0.012397511,0.029631702,0.95857996,-0.06322487,-0.0047540586,0.043697406
0.07168408,-0.5736997,0.011016147,0.0049391487,0.0017704946,1.0012047,0.012413094,0.003859783,0.013513054,0.011266583,0.9911582,0.0063448427,0.0055589555,0.009877968,0.006357275,-0.007928506,0.0023406432,0.0062195035
-0.65461564,-0.34635973,0.09079672,0.013700498,0.0058091786,0.92748564,0.06176106,0.01236056,0.9631762,-0.026273947,0.016492765,0.018176684,0.0020167723,-0.05481681,-0.005210001,0.0032681916,-0.0016172541,0.007932576
-0.73762697,1.4614286,1.0,0.0,0.0,0.0,0.0,0.0,1.0,0.0,0.0,0.0,0.0,0.0,0.0,0.0,0.0,0.0
0.013565348,-0.57036245,0.12993824,0.007776507,-0.010327881,0.9457462,0.03194525,0.024546832,0.05656689,-0.13823491,0.0045490335,-0.13270213,-0.02635245,-0.036483612,0.95007277,0.025315855,0.003101847,0.0029848178
-0.123911306,-0.5446632,0.06352719,-0.015061457,0.02484958,0.9612484,0.016809793,0.024328947,0.006081217,-0.09517469,1.0095916,-0.06598144,-0.07591612,-0.020211942,-0.05442127,-0.016324565,0.009346621,0.020090368
0.16415219,-0.31625465,0.0668923,-0.023651714,-0.011993766,0.984807,0.024060192,0.01011825,0.021458797,-0.09736769,0.024695592,-0.11198891,-0.0067585083,-0.015079598,0.9685943,-0.0022320317,-0.00025517275,0.0013053983
-0.73762697,1.578023,1.0,0.0,0.0,0.0,0.0,0.0,1.0,0.0,0.0,0.0,0.0,0.0,0.0,0.0,0.0,0.0
-0.7217193,1.7501028,0.1096182,0.018780688,0.011003132,0.90484935,0.07303622,0.014150924,-0.04184249,-0.009594777,0.035197183,0.06888642,0.0043198457,-0.009697952,0.9789398,0.00953923,-0.003134991,0.019648628
3.63174,2.6231434,0.0,0.0,0.0,1.0,0.0,0.0,1.0,0.0,0.0,0.0,0.0,0.0,0.0,0.0,0.0,0.0
-0.75153846,26.367662,-0.75153846,18.033852,-0.75153846,-0.75153846,-0.75153846,-0.75153846,23.61709,-0.75153846,27.90997,-0.75153846,51.506508,-0.75153846,-0.75153846,23.180904,-0.75153846,-0.75153846
-0.75153816,2.1595914,0.03410796,0.010030766,-0.0034976914,0.96989805,0.030433198,0.0059919716,-0.023360183,-0.009248444,1.0002991,0.011962701,0.006875904,-0.019090753,0.00010567204,0.0009087219,9.625937e-05,-0.0012602892
1.6500484,-0.42911854,0.0,0.0,0.0,0.0,1.0,0.0,1.0,0.0,0.0,0.0,0.0,0.0,0.0,0.0,0.0,0.0
-0.66053,-0.66078347,0.046186015,-0.022869423,0.00370078,0.98604786,0.039048392,0.0074648606,-0.005640704,0.01540371,0.05530442,0.03350165,0.0082181245,0.022006454,0.9719777,-0.053574383,-0.0022268367,0.03098027
-0.75153846,-0.5795382,0.14518209,0.8924042,0.027292026,-0.045582958,0.0964501,0.014463956,-0.004661469,0.024934812,0.1595229,0.099206164,0.015989183,-0.03038582,-0.09124206,0.8151236,0.003595919,0.08918069
-0.64624304,-0.5623708,0.037100058,-0.017861424,0.0042150496,0.9882943,0.029115444,0.0054261764,-0.005596957,0.014523818,0.042571303,0.02580807,0.0050495337,0.020104354,0.97866076,-0.03941015,-0.0025021783,0.023018263
-0.5744889,-0.6006755,0.064803556,-0.029715873,0.0062426543,0.9796664,0.052215982,0.013789175,-0.0001760298,0.026845377,0.06556897,0.04172899,0.012151143,0.035246283,0.95944476,-0.06581121,-0.004647066,0.046190303
-0.57493794,-0.600713,0.06467786,-0.029702792,0.006110763,0.9797184,0.052102335,0.013750421,-7.877469e-05,0.02686186,0.06552084,0.041669633,0.012181497,0.035083752,0.95958287,-0.06558738,-0.004763179,0.04622675
0.65352196,-0.66006535,0.0,0.0,0.0,1.0,0.0,0.0,0.0,0.0,0.0,0.0,0.0,0.0,1.0,0.0,0.0,0.0
-0.2632175,-0.43776143,0.047182538,0.034295294,0.0023741878,0.9512454,0.023066988,0.00621309,-0.011061033,-0.01822567,0.96726054,0.020937402,0.004898171,-0.03973399,-0.030112319,0.025308525,-0.0021748939,-0.00973425
-0.18474361,-0.5866432,0.2660891,0.9962548,0.012124398,-0.015082766,0.21767184,0.049831722,0.108311564,0.22963236,0.037798535,0.24319625,0.056669246,0.13335952,-0.036355324,0.76152605,0.039047506,0.13653027
-0.5806031,-0.6038537,0.061611816,-0.031775944,0.004259467,0.9774558,0.0523735,0.0127146235,-0.00060338114,0.023776883,0.06629396,0.04295865,0.012550462,0.029530926,0.95849574,-0.063284054,-0.004903066,0.043683738
-0.75153846,-0.5781006,0.13209167,0.8893803,0.0029833447,-0.03365143,0.0911515,0.014964294,0.016501354,0.044123515,0.1715688,0.0983879,0.0065651657,-0.02055577,-0.10316309,0.81106377,0.013409368,0.068843946
-0.64998454,2.6733966,0.0,0.0,0.0,1.0,0.0,0.0,0.0,0.0,1.0,0.0,0.0,0.0,0.0,0.0,0.0,0.0
-0.49401537,2.7499845,0.10639887,0.008545609,-0.0041055013,0.90293396,0.070654325,0.0066383122,-0.046887573,-0.0366249,0.042213276,0.030142672,0.023559421,-0.019082222,0.95208097,0.007964545,-0.01585623,-0.012864412
-0.75153744,2.4882004,0.18357226,-0.00069261884,-0.009956599,0.85997504,0.16219448,0.032808874,-0.100626625,-0.0841131,0.055658314,0.06313534,0.0024197376,0.8887575,0.008986663,0.021784099,0.013896959,0.020564241
-0.66430944,-0.6614293,0.045287225,-0.022543672,0.0036808588,0.9863977,0.038342834,0.0071711894,-0.005393322,0.015047769,0.054546878,0.03263961,0.008043409,0.021562181,0.97219616,-0.05229623,-0.002451815,0.030370908
0.055499975,-0.5715037,0.022522604,0.0100362105,0.003882408,1.002873,0.025921443,0.007782169,0.029409336,0.02250082,0.98151386,0.012856581,0.011095005,0.020163747,0.011994618,-0.016818134,0.0049521816,0.013246157
0.65352196,-0.6617678,0.0,0.0,0.0,1.0,0.0,0.0,0.0,0.0,0.0,0.0,0.0,0.0,1.0,0.0,0.0,0.0
-0.21578802,-0.61030406,0.05065096,0.036643907,0.0020476482,0.95109624,0.019134196,4.498671e-05,0.005349611,-0.027679425,0.9669239,0.016951934,0.0016324339,-0.032734558,-0.03676663,0.020016555,-0.0025612738,-0.004011828
-0.5592077,-0.5957055,0.0696096,-0.03164343,0.006946499,0.9781421,0.05326298,0.015263898,-0.002377183,0.026615422,0.07027464,0.04498619,0.014231295,0.035719983,0.9586919,-0.068826996,-0.0046826303,0.0489419
0.016500458,0.31102645,0.18663831,-0.039712332,-0.01763838,0.93807536,0.10739511,0.019928325,-0.037245706,-0.21906628,0.06747492,-0.21410988,0.011443427,0.86670405,-0.011793133,0.011548418,0.004555576,0.018728169
0.65352196,-0.66247517,0.0,0.0,0.0,1.0,0.0,0.0,0.0,0.0,0.0,0.0,0.0,0.0,1.0,0.0,0.0,0.0
0.63961047,-0.62728214,0.0,0.0,0.0,1.0,0.0,0.0,0.0,0.0,0.0,0.0,0.0,0.0,1.0,0.0,0.0,0.0
-0.7237155,0.6683139,1.0,0.0,0.0,0.0,0.0,0.0,1.0,0.0,0.0,0.0,0.0,0.0,0.0,0.0,0.0,0.0
0.65352196,-0.65929306,0.0,0.0,0.0,1.0,0.0,0.0,0.0,0.0,0.0,0.0,0.0,0.0,1.0,0.0,0.0,0.0
0.63961047,-0.6582539,0.0,0.0,0.0,1.0,0.0,0.0,0.0,0.0,0.0,0.0,0.0,0.0,1.0,0.0,0.0,0.0
0.65352196,-0.6611432,0.0,0.0,0.0,1.0,0.0,0.0,0.0,0.0,0.0,0.0,0.0,0.0,1.0,0.0,0.0,0.0
0.65352196,-0.6631416,0.0,0.0,0.0,1.0,0.0,0.0,0.0,0.0,0.0,0.0,0.0,0.0,1.0,0.0,0.0,0.0
-0.75153846,0.00028904356,0.10103878,0.022131527,0.008019746,0.90861046,0.06951862,0.0032029226,0.9567287,-0.029845284,0.01901981,0.03410091,0.0022196088,-0.06629587,-0.0062210043,0.008363023,0.003323005,0.0071400413
-0.6402465,1.5803814,1.0,0.0,0.0,0.0,0.0,0.0,0.0,0.0,0.0,1.0,0.0,0.0,0.0,0.0,0.0,0.0
-0.22816823,-0.62751114,0.03760461,0.024671402,0.002689856,0.96561486,0.013055331,-0.000788301,0.003970786,-0.019141538,0.97509265,0.011423424,0.00043466454,-0.024489956,-0.022087032,0.014307987,-0.0008528505,-0.0035449665
-0.70812804,2.2573488,0.032658834,0.014053737,-0.0041821236,0.9683633,0.034699734,0.0062633306,-0.024954658,-0.01079513,0.9987342,0.015392873,0.0064268415,-0.017971082,0.0030980327,0.007730427,0.00034672942,-0.0029185105
-0.6521135,-0.3475462,0.09147942,0.013843944,0.0058706305,0.9269761,0.062219035,0.012353053,0.96292335,-0.02644364,0.01671424,0.018311987,0.002017439,-0.05520454,-0.0053551635,0.0033300263,-0.0016946311,0.007890727
0.65352196,-0.66614383,0.0,0.0,0.0,1.0,0.0,0.0,0.0,0.0,0.0,0.0,0.0,0.0,1.0,0.0,0.0,0.0
-0.6349163,-0.4364458,0.028100023,-0.009177446,0.0034029426,0.98581666,0.01911223,0.0019334204,-0.0043328037,0.007218376,0.024953106,0.016655546,0.004986525,0.0073458683,0.98254627,-0.016273918,-0.0022343667,0.01496845
0.035533123,0.5793941,0.0880901,-0.013368616,-0.009406232,0.9688622,0.061028928,0.011900082,0.9870318,-0.09663785,0.03120066,-0.12217873,-0.015170954,-0.05741455,-0.013060137,0.012590504,0.006380626,0.004200163
-0.5808833,-0.6036839,0.06151745,-0.03173648,0.0042417957,0.97751033,0.052219246,0.012539756,-0.00069890753,0.023770537,0.06628464,0.042753935,0.012529257,0.029452007,0.9585459,-0.063164376,-0.00490677,0.043692175
1.3908309,-0.6689255,0.0,0.0,0.0,0.0,1.0,0.0,0.0,0.0,0.0,1.0,0.0,0.0,0.0,0.0,0.0,0.0
0.07433214,-0.5689898,0.0089241285,0.004194337,0.001029928,1.0010097,0.010062876,0.002985314,0.010443184,0.008883375,0.9932481,0.0053459117,0.0042552147,0.0074761137,0.0043480666,-0.0066549927,0.0019392386,0.0048075323
-0.73762697,0.9914481,1.0,0.0,0.0,0.0,0.0,0.0,1.0,0.0,0.0,0.0,0.0,0.0,0.0,0.0,0.0,0.0
0.65352196,-0.6639983,0.0,0.0,0.0,1.0,0.0,0.0,0.0,0.0,0.0,0.0,0.0,0.0,1.0,0.0,0.0,0.0
-0.6714269,-0.66420776,0.043783385,-0.02185443,0.003598681,0.98688906,0.03720174,0.0068920013,-0.0051731556,0.0146866115,0.052865088,0.03167707,0.007744396,0.020895058,0.9730902,-0.050649934,-0.0023755492,0.029443545
-0.64589787,-0.555902,0.036900233,-0.017490163,0.004659648,0.9876292,0.028584296,0.0053454465,-0.0055120243,0.01488585,0.04144477,0.024430491,0.005103542,0.019205477,0.9789259,-0.03807142,-0.0028359955,0.02247592
0.65352196,-0.660653,0.0,0.0,0.0,1.0,0.0,0.0,0.0,0.0,0.0,0.0,0.0,0.0,1.0,0.0,0.0,0.0
-0.7515346,-0.5784337,0.14764008,0.8970088,0.024047352,-0.04171924,0.0979849,0.012982775,-0.020148056,0.017226115,0.16649741,0.10445004,0.01141196,-0.02340035,-0.09681122,0.8205896,0.007935743,0.081006855
-0.6537186,-0.4170615,0.02000323,-0.0035549302,0.0017656238,0.9896174,0.015176659,0.0014006371,-0.0018526188,0.0028589712,0.015653133,0.010562574,0.0034472647,0.006076334,0.9896185,-0.011612215,-0.0016141855,0.0066740215
-0.75153846,2.3271124,0.11188089,0.024554722,0.01146685,0.8922457,0.09146346,0.024373831,-0.04120317,-0.013769635,0.052617002,0.078182004,0.006401306,-0.004743867,0.97673136,0.01615792,-0.004049327,0.014907579
-0.57401943,-0.6006962,0.06492493,-0.029773302,0.006123518,0.97964764,0.052325293,0.013800248,-0.00015258009,0.026868016,0.0657141,0.041824467,0.012314398,0.035242926,0.95946026,-0.06599826,-0.0046501076,0.046364974
0.20139858,0.7605218,0.0,0.0,0.0,1.0,0.0,0.0,0.0,0.0,0.0,0.0,0.0,0.0,1.0,0.0,0.0,0.0
0.03372168,0.5603172,0.087757796,-0.013296476,-0.00940059,0.9688384,0.060609333,0.0120749865,0.987396,-0.09651924,0.030665003,-0.121661246,-0.015094099,-0.057132028,-0.013407126,0.012882429,0.0063647665,0.004223973
3.2793155,1.2413442,0.0,0.0,0.0,1.0,0.0,0.0,1.0,0.0,0.0,0.0,0.0,0.0,0.0,0.0,0.0,0.0
-0.6402465,1.5778861,1.0,0.0,0.0,0.0,0.0,0.0,0.0,0.0,0.0,1.0,0.0,0.0,0.0,0.0,0.0,0.0
1.5508131,0.19437282,0.0,0.0,0.0,1.0,0.0,0.0,1.0,0.0,0.0,0.0,0.0,0.0,0.0,0.0,0.0,0.0
0.6794901,0.95081675,0.0,0.0,0.0,1.0,0.0,0.0,1.0,0.0,0.0,0.0,0.0,0.0,0.0,0.0,0.0,0.0
-0.73762697,2.1958158,1.0,0.0,0.0,0.0,0.0,0.0,1.0,0.0,0.0,0.0,0.0,0.0,0.0,0.0,0.0,0.0
0.10077214,2.6694357,0.0,0.0,0.0,1.0,0.0,0.0,1.0,0.0,0.0,0.0,0.0,0.0,0.0,0.0,0.0,0.0
0.9737181,1.2067914,0.0,0.0,0.0,1.0,0.0,0.0,1.0,0.0,0.0,0.0,0.0,0.0,0.0,0.0,0.0,0.0
0.65352196,-0.6647189,0.0,0.0,0.0,1.0,0.0,0.0,0.0,0.0,0.0,0.0,0.0,0.0,1.0,0.0,0.0,0.0
0.07336726,-0.5919977,0.011275465,0.004911314,0.001728585,1.0010846,0.012566909,0.003961652,0.013665333,0.011082578,0.99102587,0.0061675026,0.00560855,0.00978796,0.0062166606,-0.007903262,0.0023541625,0.0061475113
-0.75153846,0.10196868,0.12477454,0.02401118,0.011608981,0.8991016,0.07970731,0.011684275,0.9455352,-0.03602881,0.01656347,0.02938356,0.001957664,-0.07120626,-0.0063672652,0.012900791,0.0032134294,0.004256262
-0.59202003,-0.71207786,0.0,0.0,0.0,1.0,0.0,0.0,0.0,0.0,1.0,0.0,0.0,0.0,0.0,0.0,0.0,0.0
-0.75153846,2.3318198,0.12113051,0.02019206,0.008433716,0.8920587,0.0862316,0.019007793,-0.042735312,-0.017616808,0.043063864,0.0764751,0.008962148,-0.0050760605,0.97772646,0.014924337,0.00541564,0.021061445
2.5649607,-0.59165347,0.0,0.0,0.0,0.0,1.0,0.0,1.0,0.0,0.0,0.0,0.0,0.0,0.0,0.0,0.0,0.0
0.63961047,-0.6605601,0.0,0.0,0.0,1.0,0.0,0.0,0.0,0.0,0.0,0.0,0.0,0.0,1.0,0.0,0.0,0.0
0.07132787,-0.56883895,0.010939398,0.0049234848,0.0017300732,1.00121,0.012334723,0.0038025626,0.0134042585,0.0112025635,0.9912214,0.0063191475,0.0055403463,0.009803674,0.0063105905,-0.007894024,0.0022948652,0.006153158
1.3908309,-0.67317533,0.0,0.0,0.0,0.0,1.0,0.0,0.0,0.0,0.0,1.0,0.0,0.0,0.0,0.0,0.0,0.0
-0.73762697,1.8901424,1.0,0.0,0.0,0.0,0.0,0.0,1.0,0.0,0.0,0.0,0.0,0.0,0.0,0.0,0.0,0.0
1.3630079,-0.6753892,0.0,1.0,0.0,0.0,0.0,0.0,0.0,1.0,0.0,0.0,0.0,0.0,0.0,0.0,0.0,0.0
-0.23341414,-0.6226217,0.033664912,0.021829955,0.0023768968,0.96897966,0.012187718,-0.00055174425,0.0025428704,-0.016536636,0.976878,0.009962543,3.6710368e-05,-0.022124983,-0.020136543,0.013365952,-0.0013062307,-0.002544984
-0.65074915,-0.34785077,0.09191175,0.013963804,0.005935503,0.92661685,0.062355936,0.012479118,0.9626724,-0.02654653,0.016765455,0.018479567,0.0020472102,-0.05543324,-0.0053321673,0.0034738537,-0.0017389597,0.0079744505
-0.5807034,-0.6037797,0.06150214,-0.03172143,0.0041511236,0.9775073,0.052321333,0.012584627,-0.00070185645,0.023828834,0.06624855,0.042887907,0.0124208415,0.029631969,0.95847255,-0.063278034,-0.0048070485,0.04374623
0.07261221,-0.5852678,0.011147484,0.004964921,0.0017747926,1.0011991,0.012597206,0.003922561,0.013612075,0.011468421,0.9910728,0.0064367265,0.005581743,0.009880171,0.00647403,-0.008059857,0.0023837592,0.006268753
-0.5683705,-0.50851804,0.0,0.0,0.0,1.0,0.0,0.0,0.0,0.0,1.0,0.0,0.0,0.0,0.0,0.0,0.0,0.0
0.52182657,-0.67440015,0.0,0.0,0.0,0.0,1.0,0.0,1.0,0.0,0.0,0.0,0.0,0.0,0.0,0.0,0.0,0.0
-0.7515379,0.10253615,0.12268359,0.022023708,0.014770643,0.8993883,0.080755256,0.011209922,0.9431405,-0.03475392,0.017842183,0.02972493,0.0029694177,-0.073379524,-0.0071843257,0.012211905,0.0004390399,0.0030402641
-0.75153846,0.76783204,0.21540093,0.018402608,-0.015179209,0.8418892,0.15169033,0.034289207,-0.12639378,-0.066680625,0.024560574,0.050703052,0.01184824,0.8277707,0.019693375,0.02121033,-0.0010612668,0.017782537
-0.75153846,-0.68769,0.022680365,-0.016775904,-0.00013075264,0.9897141,0.01899506,0.0028487123,-0.0017910277,0.0072988034,0.030590817,0.018233279,0.0051348694,0.011489161,0.9817817,-0.027647652,-0.0015680892,0.017883379
-0.69249153,-0.23293062,0.093392886,0.01922296,0.0066101477,0.9222771,0.06203232,0.010831667,0.95655274,-0.027120613,0.015235409,0.020034038,0.0017994563,-0.056040373,-0.008177715,0.008637541,0.0028288192,0.006082595
0.0959928,0.63112277,0.055274613,-0.01775556,-0.005770277,0.9850266,0.045316324,0.0058455565,0.9786122,-0.055705078,0.026776304,-0.07596622,-0.0070114494,-0.039611015,-0.001969858,-0.0019931295,0.0006867652,0.00234632
-0.66132945,-0.66183966,0.046042144,-0.022991955,0.0036398508,0.9861992,0.03897494,0.007461558,-0.0054583387,0.015431535,0.055398352,0.03341574,0.008169429,0.02171926,0.9718513,-0.053513236,-0.0023661691,0.030906964
-0.6598568,-0.66163814,0.046340387,-0.023281971,0.003561111,0.9859322,0.039162967,0.0078162495,-0.0054687676,0.015762972,0.055648223,0.03377984,0.008180318,0.021662476,0.97193134,-0.054149956,-0.002488421,0.031222198
0.072379656,-0.58229876,0.011108717,0.0049345614,0.0017779635,1.0012088,0.012544249,0.0038782954,0.013572486,0.011431909,0.99106395,0.0064203907,0.0055893394,0.009851396,0.0064308257,-0.0080192685,0.0023129585,0.0062728296
0.65352196,-0.6643061,0.0,0.0,0.0,1.0,0.0,0.0,0.0,0.0,0.0,0.0,0.0,0.0,1.0,0.0,0.0,0.0
-0.66424704,-0.6676573,0.046135087,-0.023081457,0.003588392,0.9859313,0.038948283,0.007930261,-0.005404492,0.015817683,0.05533135,0.033615027,0.008301701,0.021549657,0.9720504,-0.053764686,-0.002539146,0.031044113
0.054037876,-0.5512962,0.022205587,0.0098253405,0.0035531067,1.0030249,0.02532756,0.0075791385,0.02939641,0.021583864,0.98179144,0.012429497,0.0112723205,0.019545844,0.012367796,-0.016474282,0.0050671864,0.013009938
-0.6355057,-0.311429,0.03216217,0.0011131623,0.0033682673,0.9791109,0.020239161,0.0033680992,-0.002677759,-0.00012949601,0.016848302,0.015868748,0.005406335,0.0012542529,0.98333126,-0.0042122724,-0.0038002299,0.007898983
-0.2338895,-0.6163186,0.034668535,0.022506926,0.0026109687,0.9679899,0.012548022,-0.00051269104,0.0026899087,-0.016958302,0.97616667,0.010287947,-3.923144e-05,-0.022823356,-0.020849105,0.013881498,-0.0012469739,-0.0027463571
-0.32978845,-0.7115133,0.0,0.0,0.0,0.0,1.0,0.0,1.0,0.0,0.0,0.0,0.0,0.0,0.0,0.0,0.0,0.0
1.3908309,-0.6769144,0.0,0.0,0.0,0.0,1.0,0.0,0.0,0.0,0.0,1.0,0.0,0.0,0.0,0.0,0.0,0.0
-0.2157815,-0.6187767,0.051805113,0.03366728,0.0035008513,0.95107794,0.018468425,-0.0009487205,0.00490218,-0.025820049,0.96939826,0.018558402,0.0004582558,-0.03184053,-0.034484018,0.015891893,-0.0013413398,-0.0020698595
-0.5878897,-0.60363334,0.060705297,-0.02711911,0.0063863546,0.97660846,0.046629764,0.011456797,-0.003402749,0.02551273,0.06706676,0.04267962,0.010884856,0.028648136,0.9567041,-0.05863473,-0.006417777,0.039354783
-0.7515383,-0.6897292,0.025093028,-0.015037833,0.0012277488,0.9906386,0.017971382,0.003985635,-0.002844698,0.0068364823,0.032084864,0.022307787,0.006583116,0.008785358,0.9837225,-0.027742004,-0.002157195,0.015033448
-0.104824856,-0.5266293,0.1001494,-0.02587769,0.025422232,0.94127434,-0.00090354745,0.04132423,0.013400171,-0.026781667,1.0638996,-0.057401743,-0.023337947,0.0020080626,-0.07162995,-0.019073226,0.011860338,0.029869426
-0.75153846,-0.57163846,0.11990141,0.88631165,0.016285637,-0.027335364,0.09419943,0.013233788,0.0018860594,0.025082577,0.16755457,0.101217344,0.0021942286,-0.026001757,-0.10770654,0.8125984,0.008738577,0.080722824
0.63961047,-0.6272424,0.0,0.0,0.0,1.0,0.0,0.0,0.0,0.0,0.0,0.0,0.0,0.0,1.0,0.0,0.0,0.0
-0.081358425,1.4524171,0.08623131,-0.020596895,0.023944438,1.0005692,0.054586034,0.047826555,0.0042256815,-0.03333435,0.006970747,-0.02874151,0.007894992,-0.009570795,0.96950316,-0.016246004,-0.0077284896,0.024048554
-0.75153846,1.058266,0.21602882,0.02793703,0.023097832,0.82099897,0.16285083,0.012622241,0.87248844,-0.03092684,0.054094654,0.087153636,0.00081385806,-0.097862,0.023703923,-0.002803977,0.01118311,0.013686321
-0.57473963,-0.60000503,0.06465248,-0.029622005,0.0061055426,0.9796865,0.05206703,0.0138241965,-0.000112169204,0.026728401,0.06547107,0.041613635,0.012219005,0.03500403,0.9596273,-0.06571474,-0.0047415113,0.04605657
-0.7515384,2.3267295,0.12957375,0.019211179,-0.003161814,0.9012432,0.08627071,0.018739616,-0.05159148,-0.016804956,0.03980537,0.07065076,0.0031081683,-0.0039686365,0.9716582,0.020602684,-0.0027102467,0.01589731
-0.6342538,-0.36254722,0.032300286,0.0012321718,0.0036711204,0.97917527,0.020803783,0.0035188696,-0.0030746297,8.381555e-06,0.016680047,0.016258948,0.005372433,0.001067848,0.98371094,-0.004488072,-0.0040038247,0.008136599
-0.66691023,-0.71173316,0.0,0.0,0.0,1.0,0.0,0.0,0.0,0.0,1.0,0.0,0.0,0.0,0.0,0.0,0.0,0.0
-0.6405587,0.19248155,0.04166047,0.004872574,0.0037051672,0.97482556,0.02414288,0.0040543927,-0.008419728,-0.002423463,0.01956817,0.018489443,0.0048647337,-0.009935946,0.9833649,-0.0030482744,-0.0026383149,0.009646789
-0.6642969,-0.6676176,0.046098124,-0.023048008,0.0035688642,0.9859245,0.038964693,0.0077936943,-0.005469954,0.01572271,0.055262152,0.03362265,0.008208932,0.0215854,0.9719698,-0.053764027,-0.002404157,0.031043863
1.3908309,-0.6689529,0.0,0.0,0.0,0.0,1.0,0.0,0.0,0.0,0.0,1.0,0.0,0.0,0.0,0.0,0.0,0.0
1.3908309,-0.6783603,0.0,0.0,0.0,0.0,1.0,0.0,0.0,0.0,0.0,1.0,0.0,0.0,0.0,0.0,0.0,0.0
-0.7136368,-0.11726594,0.10246101,0.018454375,0.008585107,0.91771567,0.06766904,0.010038466,0.95130384,-0.028083855,0.018099347,0.024623962,0.0023446167,-0.06500197,-0.005601835,0.00858452,0.0030723545,0.0043438305
-0.631192,-0.50562227,0.033534966,-0.015635062,0.004254712,0.9885357,0.025952332,0.0049003977,-0.0045439047,0.013795978,0.038227256,0.022242175,0.0045706457,0.017506614,0.98028237,-0.034675956,-0.00238655,0.0208157
0.18725523,0.036947075,0.0,0.0,0.0,1.0,0.0,0.0,0.0,0.0,1.0,0.0,0.0,0.0,0.0,0.0,0.0,0.0
-0.09004712,-0.7110994,0.0,0.0,0.0,0.0,1.0,0.0,1.0,0.0,0.0,0.0,0.0,0.0,0.0,0.0,0.0,0.0
-0.73762697,1.5055016,1.0,0.0,0.0,0.0,0.0,0.0,1.0,0.0,0.0,0.0,0.0,0.0,0.0,0.0,0.0,0.0
0.055512004,-0.57454544,0.023194164,0.009927375,0.0038896818,1.0028441,0.026172085,0.0078011397,0.030329363,0.021906285,0.9814047,0.012472867,0.011469023,0.019661693,0.012767067,-0.016763568,0.0050695157,0.0135506615
-0.75153846,-0.68588674,0.02502058,-0.014877253,0.0017927565,0.9941284,0.01885754,0.0012619672,-0.00036307386,0.007729976,0.031683832,0.01970954,0.0037034657,0.007823914,0.98428875,-0.027390651,-0.0015643769,0.0172125
-0.22962573,-0.71076447,0.0,0.0,0.0,0.0,1.0,0.0,1.0,0.0,0.0,0.0,0.0,0.0,0.0,0.0,0.0,0.0
-0.67140317,-0.34377322,0.08570456,0.013284525,0.005138757,0.93145424,0.05740406,0.011788747,0.96473485,-0.023908937,0.014394305,0.018897558,0.0018684382,-0.0512931,-0.0039304122,0.004116512,-0.0014092919,0.0061991145
-0.66691023,-0.71199125,0.0,0.0,0.0,1.0,0.0,0.0,0.0,0.0,1.0,0.0,0.0,0.0,0.0,0.0,0.0,0.0
0.06854386,2.6511185,0.0,0.0,0.0,1.0,0.0,0.0,1.0,0.0,0.0,0.0,0.0,0.0,0.0,0.0,0.0,0.0
1.4047424,-0.6780067,0.0,0.0,0.0,0.0,1.0,0.0,0.0,0.0,0.0,1.0,0.0,0.0,0.0,0.0,0.0,0.0
0.21075538,0.066662624,0.0216511,-0.012052248,0.0008515014,0.99811304,-0.0052136923,0.0052922964,-0.00674354,-0.035584524,0.010683093,-0.024927843,-0.0018024842,-0.012062754,0.9901433,-0.004090956,-0.0038101452,-0.0014613792
1.4047424,-0.67798007,0.0,0.0,0.0,0.0,1.0,0.0,0.0,0.0,0.0,1.0,0.0,0.0,0.0,0.0,0.0,0.0
0.07233367,-0.5815247,0.011077701,0.004937664,0.0017871042,1.0011871,0.0125024915,0.0038845055,0.01354052,0.011429841,0.99112093,0.006404589,0.0055405577,0.0098548075,0.0064786198,-0.007988061,0.0023576757,0.006285682
1.3630079,-0.6748662,0.0,1.0,0.0,0.0,0.0,0.0,0.0,1.0,0.0,0.0,0.0,0.0,0.0,0.0,0.0,0.0
0.9737181,1.9449806,0.0,0.0,0.0,1.0,0.0,0.0,1.0,0.0,0.0,0.0,0.0,0.0,0.0,0.0,0.0,0.0
0.0800946,0.51338005,0.058474455,-0.010574875,-0.010002825,0.97918516,0.035458248,0.009256227,0.99480265,-0.06708896,0.02045927,-0.0816318,-0.008869118,-0.040173788,-0.011143147,0.00419344,0.0031536492,0.00568214
-0.73337907,2.268773,0.12223366,0.027462287,0.0062220693,0.8912751,0.0912024,0.020194018,-0.050712734,-0.014943779,0.043676827,0.07808812,0.006073186,-0.00672994,0.9685087,0.0145897325,-0.0060772193,0.018349854
0.0829835,0.51854634,0.057193007,-0.010417831,-0.009807826,0.97956717,0.034693453,0.009100919,0.9949981,-0.06576924,0.020066684,-0.079964094,-0.008734595,-0.039324354,-0.010909254,0.004110837,0.0029719498,0.005540563
-0.25837615,-0.7111087,0.0,0.0,0.0,0.0,1.0,0.0,1.0,0.0,0.0,0.0,0.0,0.0,0.0,0.0,0.0,0.0
-0.7459738,-0.71229726,0.0,0.0,0.0,0.0,1.0,0.0,1.0,0.0,0.0,0.0,0.0,0.0,0.0,0.0,0.0,0.0
-0.75153846,1.7999501,0.2505351,0.030342083,-0.0058183307,0.7935029,0.17613445,0.030472247,0.87537956,-0.058272388,0.039999127,0.097636044,-0.004516549,-0.11012145,-0.0036627343,0.0012042954,0.0105838645,0.011718741
0.65352196,-0.6619561,0.0,0.0,0.0,1.0,0.0,0.0,0.0,0.0,0.0,0.0,0.0,0.0,1.0,0.0,0.0,0.0
-0.75153846,-0.62624425,0.097639926,0.013280447,-0.0032023801,0.9224707,0.070709534,0.006339258,-0.041611213,-0.04533444,0.01993888,0.018499626,0.005359814,0.9061636,-0.0008243203,0.0019759813,-0.010156827,0.009125053
-0.6819612,0.7691431,0.065590024,0.011565611,0.0048457063,0.9486666,0.039556444,0.005661628,-0.017179694,-0.0060723834,0.016475458,0.030050041,0.009071947,-0.015285563,0.98211694,-1.9824769e-05,-0.0037303604,0.011206878
-0.65729934,-0.65993863,0.04670412,-0.023430077,0.0035549728,0.9857389,0.039519127,0.008046195,-0.005538017,0.01589165,0.05604185,0.03411519,0.008319138,0.02185855,0.9715731,-0.054582663,-0.0024683357,0.031597774
-0.6402465,1.5813771,1.0,0.0,0.0,0.0,0.0,0.0,0.0,0.0,0.0,1.0,0.0,0.0,0.0,0.0,0.0,0.0
1.3212734,-0.6623238,0.0,1.0,0.0,0.0,0.0,0.0,0.0,1.0,0.0,0.0,0.0,0.0,0.0,0.0,0.0,0.0
-0.58449155,-0.5066998,0.051666528,-0.01816916,0.006782896,0.9774274,0.03901685,0.008654225,-0.0044159284,0.016423745,0.05242559,0.035834465,0.008645438,0.024546197,0.96812826,-0.040615793,-0.0057972963,0.03211852
-0.7359414,1.760496,0.10335039,0.018882405,0.010094459,0.9072699,0.06837518,0.011684288,-0.034722324,-0.009207797,0.03520945,0.06430562,0.004114538,-0.00091017655,0.97609437,0.012532963,-0.004720438,0.020649964
-0.6409095,-0.41607597,0.026563922,-0.0038289144,0.0027039933,0.98567265,0.017828561,0.0049374015,-0.0033502772,0.0008837667,0.01899684,0.01661939,0.0052479696,0.002570158,0.9875087,-0.011010706,-0.0031420868,0.010386735
-0.62216157,-0.124795556,0.0,0.0,0.0,1.0,0.0,0.0,0.0,0.0,1.0,0.0,0.0,0.0,0.0,0.0,0.0,0.0
-0.75153846,2.9154882,1.0,0.0,0.0,0.0,0.0,0.0,1.0,0.0,0.0,0.0,0.0,0.0,0.0,0.0,0.0,0.0
-0.6654416,-0.6560058,0.04419982,-0.021966891,0.003565538,0.986756,0.03743207,0.0070889588,-0.0052340296,0.014638883,0.053235803,0.031881955,0.007851238,0.021010967,0.9728583,-0.05108485,-0.0023435275,0.029746743
-0.75153846,2.6831617,0.11123422,0.02950298,-0.0065134224,0.88976395,0.10543371,0.010758259,-0.04539599,-0.021007359,0.039128248,0.07184019,0.0097464165,-0.015082671,0.9561829,0.021419065,-0.0020893891,0.0038411128
0.080747224,0.5043449,0.057380516,-0.010455015,-0.009915742,0.9796438,0.034766737,0.009152872,0.9948657,-0.06595039,0.020109247,-0.08007114,-0.0086863,-0.039386474,-0.010977204,0.0040672757,0.003049932,0.005603712
-0.58044356,-0.6036678,0.061696034,-0.031809267,0.0042162575,0.977442,0.052361477,0.012614075,-0.0006596782,0.023794198,0.06630855,0.04292678,0.012445153,0.029625643,0.9585719,-0.063362755,-0.004818252,0.04370628
-0.65011615,-0.3090652,0.024501843,0.00018240121,0.0028431953,0.9852256,0.015220089,0.0026434122,-0.0014324606,-0.0004502174,0.012771039,0.012261697,0.003569326,0.0006892666,0.98733735,-0.003356771,-0.0028462138,0.0063209482
0.65352196,-0.66118187,0.0,0.0,0.0,1.0,0.0,0.0,0.0,0.0,0.0,0.0,0.0,0.0,1.0,0.0,0.0,0.0
-0.65087926,0.37693757,0.04196531,0.007263758,0.003568983,0.9693264,0.02564169,0.0022820386,-0.010728664,-0.0019952855,0.014714878,0.019730054,0.005860153,-0.011041145,0.9842273,0.00023501783,-0.003826469,0.007420232
56.67486,-0.61408156,0.0,0.0,0.0,1.0,0.0,0.0,0.0,0.0,1.0,0.0,0.0,0.0,0.0,0.0,0.0,0.0
0.075337484,-0.5847258,0.009083992,0.003928926,0.0011703613,1.0010369,0.010333904,0.003101381,0.011245571,0.0091138175,0.99252987,0.00505642,0.004573959,0.007942392,0.0052838433,-0.006606652,0.0019905353,0.005033374
0.63961047,-0.65824187,0.0,0.0,0.0,1.0,0.0,0.0,0.0,0.0,0.0,0.0,0.0,0.0,1.0,0.0,0.0,0.0
0.39198598,2.1140447,0.0,0.0,0.0,1.0,0.0,0.0,1.0,0.0,0.0,0.0,0.0,0.0,0.0,0.0,0.0,0.0
0.15757738,2.6814253,0.0,0.0,0.0,1.0,0.0,0.0,1.0,0.0,0.0,0.0,0.0,0.0,0.0,0.0,0.0,0.0
-0.68198097,-0.31495565,1.0,0.0,0.0,0.0,0.0,0.0,0.0,0.0,0.0,1.0,0.0,0.0,0.0,0.0,0.0,0.0
0.65352196,-0.66204256,0.0,0.0,0.0,1.0,0.0,0.0,0.0,0.0,0.0,0.0,0.0,0.0,1.0,0.0,0.0,0.0
2.7001338,0.60841966,0.0,0.0,0.0,1.0,0.0,0.0,1.0,0.0,0.0,0.0,0.0,0.0,0.0,0.0,0.0,0.0
0.07070351,-0.5561515,0.010747958,0.005055824,0.0012503834,1.0012043,0.012097643,0.0035602592,0.012618293,0.010683897,0.9918538,0.0064298543,0.005125119,0.0090026995,0.005216633,-0.008029457,0.0023785927,0.00579348
1.8376216,0.09120335,0.0,0.0,0.0,1.0,0.0,0.0,1.0,0.0,0.0,0.0,0.0,0.0,0.0,0.0,0.0,0.0
1.8424906,2.1135917,0.0,0.0,0.0,1.0,0.0,0.0,1.0,0.0,0.0,0.0,0.0,0.0,0.0,0.0,0.0,0.0
-0.7167896,-0.11705394,0.10137347,0.018302279,0.008219201,0.9186572,0.06688458,0.010014478,0.95180756,-0.027868273,0.017855601,0.024336971,0.0022951455,-0.06419421,-0.0055484828,0.008498141,0.0030939688,0.0042652353
-0.75153846,-0.5786158,0.12697926,0.8908032,0.016964627,-0.038058277,0.08347831,0.016750474,-0.0038326494,0.035586603,0.16887112,0.10579492,0.009622933,-0.026058232,-0.10728885,0.8127351,-0.0018773472,0.081943855
0.07333407,-0.55740035,0.008803896,0.0041555646,0.0010443361,1.0009712,0.009878457,0.0029015965,0.010257602,0.008711762,0.9933342,0.005259672,0.0041769263,0.0073451228,0.004304376,-0.006496982,0.0018994386,0.00471454
-0.68198097,-0.31232902,1.0,0.0,0.0,0.0,0.0,0.0,0.0,0.0,0.0,1.0,0.0,0.0,0.0,0.0,0.0,0.0
-0.6642772,-0.6676192,0.046232414,-0.023011751,0.0036057967,0.9859601,0.038983468,0.0077707577,-0.0054290397,0.015651694,0.05521584,0.03344925,0.008259583,0.021620883,0.9719428,-0.053788826,-0.002452657,0.03112174
0.107144,0.45901248,0.012490511,-0.01416983,0.0093486365,0.9979687,-0.012056973,0.0059670834,-0.01995707,-0.041315444,0.0063768784,-0.014352356,0.00061112165,-0.021918759,0.9855257,-0.0010168905,-0.0072184694,0.0024478955
1.071794,0.031820487,0.0,0.0,0.0,0.0,1.0,0.0,1.0,0.0,0.0,0.0,0.0,0.0,0.0,0.0,0.0,0.0
0.07076971,-0.55720574,0.010819358,0.0050653894,0.0012889915,1.0011972,0.012158159,0.003580386,0.01262648,0.010738574,0.99185944,0.006460965,0.0051812045,0.008995782,0.0052762874,-0.008007203,0.002365967,0.0057996167
2.9996946,1.7582785,0.0,0.0,0.0,1.0,0.0,0.0,1.0,0.0,0.0,0.0,0.0,0.0,0.0,0.0,0.0,0.0
0.12982918,-0.41412124,0.0799424,-0.023328396,-0.016790068,0.9808243,0.02989755,0.00858542,0.0304255,-0.110245384,0.02410358,-0.13353896,-0.013705871,-0.0115536135,0.96412265,-0.0026160977,0.001436197,0.008145427
-0.75153846,-0.58762956,0.13716997,0.89203995,0.01958088,-0.037635338,0.081997864,0.016258342,-0.00064991013,0.03570264,0.16333379,0.10820275,0.014042097,-0.021943908,-0.09975974,0.8099626,0.007710217,0.09256692
-0.66691023,-0.7117413,0.0,0.0,0.0,1.0,0.0,0.0,0.0,0.0,1.0,0.0,0.0,0.0,0.0,0.0,0.0,0.0
46.58096,5.9400783,43.03765,56.67486,13.750131,27.107126,-0.75153846,14.677303,41.880398,-0.75153846,36.251865,-0.75153846,-0.75153846,-0.75153846,-0.75153846,14.498243,56.67486,47.20279
-0.68186474,0.7672024,0.06546443,0.011556483,0.0048453505,0.94870305,0.039433707,0.0056431834,-0.017110514,-0.0058987,0.016463337,0.02992097,0.009013035,-0.015272852,0.98219997,-1.964338e-05,-0.0037032457,0.011282237
-0.22747824,1.9651967,0.17356339,-0.034959976,-0.032676965,0.9067109,0.094084755,0.023443902,0.922864,-0.11516959,0.062736966,-0.11920905,0.0012108368,-0.086060375,-0.0034766996,-0.007310573,0.0020731878,-0.011797572
-0.5706891,-0.7045004,0.0,0.0,0.0,1.0,0.0,0.0,0.0,0.0,1.0,0.0,0.0,0.0,0.0,0.0,0.0,0.0
-0.09568056,1.1223774,0.18054284,-0.03142712,-0.039228108,0.9133894,0.11821679,0.01130688,0.9193683,-0.13390544,0.069106445,-0.15650798,-0.017694045,-0.118478656,-0.009770918,-0.011150071,0.0019593588,-0.016592236
-0.73762697,1.7019515,1.0,0.0,0.0,0.0,0.0,0.0,1.0,0.0,0.0,0.0,0.0,0.0,0.0,0.0,0.0,0.0
0.0925934,0.6018536,0.05261679,-0.01444578,-0.006085283,0.9832157,0.044578813,0.00758688,0.98337036,-0.061582513,0.02281267,-0.079097435,-0.008232345,-0.04082147,-0.006619314,0.0015306672,0.002583491,0.0031204782
-0.18916579,-0.7196465,0.14011969,0.023767218,-0.001426117,0.98205596,0.103132844,0.026040785,0.06598269,0.04828455,-0.028631875,0.09950246,0.04225265,-0.023690896,0.99855596,-0.050095536,0.009617015,0.043368038
-0.73762697,2.1538026,1.0,0.0,0.0,0.0,0.0,0.0,1.0,0.0,0.0,0.0,0.0,0.0,0.0,0.0,0.0,0.0
-0.31767264,2.357589,0.079877384,-0.008127256,-0.0048202896,0.9392025,0.05554742,0.009290244,-0.048099164,-0.044893347,0.038909223,-0.008418073,0.016016299,-0.022207009,0.9585568,0.0042393627,-0.016709596,-0.018776242
-0.6642331,-0.66750914,0.046107862,-0.023048706,0.00358287,0.9859266,0.03885735,0.007977042,-0.00549479,0.01562521,0.05527745,0.033728994,0.008203527,0.021685885,0.9720085,-0.053724892,-0.0024485998,0.031054769
-0.73762697,1.3292565,1.0,0.0,0.0,0.0,0.0,0.0,1.0,0.0,0.0,0.0,0.0,0.0,0.0,0.0,0.0,0.0
-0.7485243,-0.71229726,0.0,0.0,0.0,0.0,1.0,0.0,1.0,0.0,0.0,0.0,0.0,0.0,0.0,0.0,0.0,0.0
-0.5751962,-0.60078955,0.06458629,-0.029551137,0.0061785504,0.9798426,0.05206528,0.013805477,-0.00014068231,0.026727738,0.06542025,0.04168813,0.0122010615,0.035110965,0.9595123,-0.06560938,-0.0046860757,0.046113156
-0.75153846,2.2804332,0.2556456,0.049783103,-0.007303941,0.7654722,0.17643677,0.02531374,0.88971907,-0.06377411,0.05070728,0.06676776,0.024824917,-0.08315425,-0.024910502,0.026765486,0.024986105,0.021408914
-0.5810697,-0.6038484,0.061398376,-0.031671405,0.0041902675,0.9775046,0.052368216,0.012672943,-0.000614379,0.023678983,0.066094294,0.042790525,0.012468444,0.029574277,0.9586026,-0.06325302,-0.004828715,0.043579064
-0.36874434,2.4827363,0.08934661,0.008811837,-0.009669916,0.91717875,0.059617087,0.007960003,-0.055312622,-0.046149883,0.03497152,0.010980862,0.020578807,-0.02380163,0.9532595,0.014853048,-0.016272277,-0.013424452
-0.7237155,1.005897,1.0,0.0,0.0,0.0,0.0,0.0,1.0,0.0,0.0,0.0,0.0,0.0,0.0,0.0,0.0,0.0
-0.56697935,0.13676319,0.0,0.0,0.0,1.0,0.0,0.0,0.0,0.0,1.0,0.0,0.0,0.0,0.0,0.0,0.0,0.0
-0.68860465,0.8566729,0.07066056,0.01167269,0.0041036657,0.9460577,0.04357942,0.006064592,-0.014066412,-0.005673469,0.017023874,0.03277416,0.011189014,-0.013036377,0.979209,0.00023917887,-0.0044681598,0.01348897
0.21179901,-0.40788245,0.04294866,-0.01836337,-0.0030605532,0.993926,0.005099388,0.004945292,0.0067719496,-0.08071538,0.021276545,-0.08659015,-0.0059079053,-0.023322446,0.96698093,-0.0033333057,-0.0038727913,0.008720328
-0.6374642,-0.66888845,0.0,0.0,0.0,0.0,1.0,0.0,0.0,0.0,0.0,1.0,0.0,0.0,0.0,0.0,0.0,0.0
0.6794901,0.95208174,0.0,0.0,0.0,1.0,0.0,0.0,1.0,0.0,0.0,0.0,0.0,0.0,0.0,0.0,0.0,0.0
0.65352196,-0.6605768,0.0,0.0,0.0,1.0,0.0,0.0,0.0,0.0,0.0,0.0,0.0,0.0,1.0,0.0,0.0,0.0
1.9407984,-0.3137314,0.0,0.0,0.0,0.0,1.0,0.0,1.0,0.0,0.0,0.0,0.0,0.0,0.0,0.0,0.0,0.0
-0.75153846,-0.57509285,0.13575698,0.89749813,0.018629948,-0.03483895,0.09004569,0.025492378,0.00020666039,0.02028522,0.17166519,0.10402768,0.012242115,-0.019471822,-0.09075772,0.8116907,0.0061979173,0.082662605
0.63961047,-0.62986845,0.0,0.0,0.0,1.0,0.0,0.0,0.0,0.0,0.0,0.0,0.0,0.0,1.0,0.0,0.0,0.0
-0.75153846,-0.5735168,0.1234316,0.8936554,0.015863767,-0.03589483,0.09373565,0.0154203875,0.017987596,0.027045563,0.16547066,0.10342783,0.0124872895,-0.022762284,-0.10507212,0.81066424,0.0007902633,0.08324581
0.49284428,-0.5411632,0.0,0.0,0.0,0.0,1.0,0.0,1.0,0.0,0.0,0.0,0.0,0.0,0.0,0.0,0.0,0.0
-0.72313786,2.3918931,0.12777728,0.032477416,0.0038702218,0.88526106,0.10066379,0.020668369,-0.04841746,-0.01730201,0.04373454,0.08065754,0.007923978,-0.004670806,0.9675387,0.01731123,-0.008072793,0.016632937
-0.73762697,1.4761275,1.0,0.0,0.0,0.0,0.0,0.0,1.0,0.0,0.0,0.0,0.0,0.0,0.0,0.0,0.0,0.0
-0.75153846,0.9307203,0.21386586,0.031646766,0.014996299,0.8164307,0.16201243,0.02307054,0.9074318,-0.035816878,0.041580178,0.060737967,0.002607775,-0.10995031,0.025744889,-0.011035499,0.0013348734,0.010891059
-0.5791768,-0.6027628,0.061461806,-0.0320777,0.004167103,0.97777385,0.052461874,0.012418157,-0.0007421066,0.024223894,0.06667554,0.042882252,0.012061561,0.030439965,0.9589146,-0.064053096,-0.0047626947,0.04424227
-0.5740579,-0.60052526,0.064914845,-0.02978355,0.006199705,0.9796756,0.05227546,0.013860676,-0.000102658516,0.026845006,0.065762945,0.041868176,0.012208879,0.035186786,0.9594334,-0.06594771,-0.0046355026,0.046150826
-0.66691023,-0.71198004,0.0,0.0,0.0,1.0,0.0,0.0,0.0,0.0,1.0,0.0,0.0,0.0,0.0,0.0,0.0,0.0
1.3351849,-0.66374093,0.0,1.0,0.0,0.0,0.0,0.0,0.0,1.0,0.0,0.0,0.0,0.0,0.0,0.0,0.0,0.0
0.63961047,-0.62950075,0.0,0.0,0.0,1.0,0.0,0.0,0.0,0.0,0.0,0.0,0.0,0.0,1.0,0.0,0.0,0.0
-0.75153846,-0.6885281,0.02617711,-0.012532931,0.00023482501,0.99478394,0.020961268,0.0042755012,-0.0033975565,0.007867683,0.029220875,0.021005997,0.0038019635,0.0086042825,0.9829316,-0.03140663,0.00019799852,0.012395651
0.65352196,-0.66191596,0.0,0.0,0.0,1.0,0.0,0.0,0.0,0.0,0.0,0.0,0.0,0.0,1.0,0.0,0.0,0.0
-0.58772904,-0.6038174,0.060750905,-0.027154438,0.006359471,0.9765471,0.04666913,0.011418686,-0.0032181859,0.025493197,0.06726685,0.042760823,0.010849909,0.028691612,0.9566117,-0.05860926,-0.0065149684,0.03941173
-0.57473814,-0.6004446,0.064639375,-0.029731533,0.0061133173,0.9797021,0.052155465,0.013757353,-9.8764416e-05,0.026891105,0.06550334,0.041783445,0.012128773,0.03512041,0.9595515,-0.065683335,-0.004612,0.04607924
-0.23479037,-0.5991591,0.03800455,0.024645437,0.0027617086,0.9650313,0.013786712,-0.0006623324,0.0029170166,-0.018704338,0.9740181,0.011220361,5.0461458e-05,-0.024955373,-0.02273964,0.015039535,-0.0012585616,-0.0028610055
-0.5800868,-0.60366523,0.061733443,-0.031813864,0.0043205186,0.9774485,0.05263476,0.01268455,-0.00048564182,0.023684133,0.06650913,0.04304854,0.012522778,0.029603122,0.95848155,-0.063297,-0.0046501127,0.043866042
-0.34280422,2.4736466,0.068535686,-0.0067582335,-0.0088329315,0.94143355,0.04974583,0.008821746,-0.04675408,-0.042428687,0.02888736,-0.0037475023,0.020035315,-0.026634041,0.9667623,0.0046083266,-0.014516126,-0.015680892
3.8517733,0.044318713,0.0,0.0,0.0,1.0,0.0,0.0,1.0,0.0,0.0,0.0,0.0,0.0,0.0,0.0,0.0,0.0
1.2595992,0.7799769,0.0,0.0,0.0,1.0,0.0,0.0,1.0,0.0,0.0,0.0,0.0,0.0,0.0,0.0,0.0,0.0
-0.6354197,-0.28031537,0.03301398,0.00052964105,0.004063848,0.9800479,0.02051226,0.0034077829,-0.0018174547,-0.0006755885,0.01690415,0.016469168,0.00491688,0.00091583875,0.98265725,-0.00408906,-0.004239253,0.00816968
0.07056048,-0.5546714,0.010775547,0.005057261,0.0012251626,1.0011858,0.012120257,0.0035145173,0.012551976,0.010685656,0.99187756,0.0064309575,0.0051211994,0.009009125,0.0052726823,-0.008010654,0.0023186852,0.0057884376
-0.58599174,4.6330576,0.0,0.0,0.0,1.0,0.0,0.0,0.0,0.0,0.0,0.0,0.0,0.0,1.0,0.0,0.0,0.0
0.073359884,-0.5915995,0.011236353,0.004854942,0.0017285856,1.0010549,0.012569514,0.003942114,0.013629032,0.0110479845,0.9910405,0.006203707,0.005609037,0.009772406,0.0062165554,-0.007881077,0.0023552487,0.006134094
-0.75153846,-0.57658046,0.13153079,0.8870865,0.012704644,-0.038210943,0.09151311,0.012070634,0.004466888,0.04113409,0.17046836,0.099896,0.0123495795,-0.026191872,-0.087949134,0.80602986,0.016368335,0.06602311
-0.68902534,0.8592034,0.070625395,0.011513953,0.0043087592,0.94589156,0.043437395,0.0061529647,-0.013964225,-0.0055149454,0.0172199,0.032599118,0.011233126,-0.013213518,0.9790464,0.00038591944,-0.0042716805,0.013423042
-0.12253367,-0.57192785,0.097093455,0.009616707,-0.00073592877,0.9519561,0.023638887,0.018496787,0.016783757,-0.08124217,1.0055286,-0.05273371,0.0049963105,-0.001868383,-0.041317016,-0.0070891846,0.03998433,-0.009353811
-0.75153846,0.39854097,0.16635326,0.023603309,0.010091651,0.8687296,0.11205857,0.004980514,0.9198387,-0.027729537,0.03662258,0.047868744,0.007289897,-0.092775434,-0.001899125,0.0059278747,0.00041718243,0.0029908705
0.07119126,0.56833696,0.06526436,-0.014138977,-0.008331628,0.9784311,0.047137525,0.008165633,0.98627657,-0.075969025,0.02411255,-0.0934476,-0.011183373,-0.047499552,-0.009611543,0.0035407986,0.00508249,0.006102902
1.3769194,-0.6757662,0.0,1.0,0.0,0.0,0.0,0.0,0.0,1.0,0.0,0.0,0.0,0.0,0.0,0.0,0.0,0.0
0.20371716,0.84460753,0.0,0.0,0.0,1.0,0.0,0.0,1.0,0.0,0.0,0.0,0.0,0.0,0.0,0.0,0.0,0.0
-0.56697935,-0.42482224,0.0,0.0,0.0,1.0,0.0,0.0,0.0,0.0,1.0,0.0,0.0,0.0,0.0,0.0,0.0,0.0
-0.7313827,-0.002155107,0.11355123,0.019956568,0.010544299,0.90947664,0.073942594,0.010673966,0.94564736,-0.030749308,0.021432428,0.028030165,0.0012093383,-0.06877894,-0.0070290775,0.008293706,0.0023529122,0.0029717253
-0.6543565,-0.6601144,0.047648374,-0.023788126,0.0036626097,0.9855482,0.040170584,0.008147467,-0.0057283854,0.016170384,0.056985363,0.034611735,0.008401834,0.022320451,0.9711734,-0.05550895,-0.0024207463,0.031961944
-0.4374625,2.7285893,0.075979024,0.004026442,-0.0051572844,0.9290238,0.049402904,0.0056536323,-0.03774729,-0.031556737,0.033581715,0.019340834,0.017670985,-0.020003004,0.9600299,0.0111535415,-0.013620405,-0.010084265
-0.5802559,-0.6035991,0.06165964,-0.031819187,0.0043024854,0.97747755,0.052448507,0.012665711,-0.00067180453,0.023730248,0.06641333,0.04292805,0.012545768,0.029686319,0.95851904,-0.063417315,-0.0047693127,0.04372247
-0.6402465,1.5800663,1.0,0.0,0.0,0.0,0.0,0.0,0.0,0.0,0.0,1.0,0.0,0.0,0.0,0.0,0.0,0.0
0.05194976,-0.56052387,0.024558207,0.010761627,0.0040518423,1.0033106,0.027799316,0.00839568,0.03246339,0.023341494,0.97998106,0.013349635,0.012350158,0.021276753,0.0135217775,-0.018104551,0.005464359,0.014421781
0.22303237,-0.5126286,0.043331806,-0.018640928,-0.003568595,0.9942109,0.0066074086,0.00651669,0.008334437,-0.07588413,0.021454422,-0.083858356,-0.0054544653,-0.01952203,0.96332383,-0.0007371249,-0.0040100147,0.00618817
2.9996946,1.7584034,0.0,0.0,0.0,1.0,0.0,0.0,1.0,0.0,0.0,0.0,0.0,0.0,0.0,0.0,0.0,0.0
-0.6402465,1.5795015,1.0,0.0,0.0,0.0,0.0,0.0,0.0,0.0,0.0,1.0,0.0,0.0,0.0,0.0,0.0,0.0
0.68180865,1.7624764,0.0,0.0,0.0,1.0,0.0,0.0,1.0,0.0,0.0,0.0,0.0,0.0,0.0,0.0,0.0,0.0
5.4262543,26.940468,56.560143,56.67486,56.67486,-0.75153846,-0.75153846,-0.75153846,-0.75153846,-0.75153846,-0.75153846,2.0325089,56.67486,-0.75153846,-0.75153846,-0.75153846,-0.75153846,33.692444
0.07798325,0.5381134,0.06176513,-0.011833993,-0.010017368,0.978284,0.038126428,0.00992388,0.9934245,-0.07072344,0.021275073,-0.08522398,-0.009005252,-0.042440664,-0.011171955,0.0043051858,0.0034744204,0.006935587
-0.75153846,-0.5790357,0.13653989,0.8884429,0.018794768,-0.03681656,0.08424599,0.011464361,0.0045534745,0.029773878,0.1741982,0.09822995,0.021734936,-0.0157901,-0.094215676,0.81258374,0.009512365,0.07928525
-0.7026167,-0.11667171,0.10723252,0.018370733,0.0088002635,0.91456586,0.07049016,0.010775599,0.9485474,-0.02792133,0.02019177,0.026448684,0.0027928804,-0.06657683,-0.0069249785,0.0074045733,0.0026790823,0.0050752335
-0.5750702,-0.6007841,0.06464106,-0.029667998,0.0060568536,0.979724,0.052139275,0.013673222,-0.00014502095,0.026661236,0.065454364,0.041666046,0.012172159,0.035126552,0.95959413,-0.06566128,-0.004647779,0.046171255
-0.72749186,1.7463516,0.10652567,0.017921137,0.010732328,0.9066121,0.07115669,0.012545761,-0.038112342,-0.0080299415,0.036926202,0.066836886,0.0045247492,-0.006374029,0.9768722,0.011124708,-0.005221857,0.021402549
-0.75153846,0.22327986,0.1380067,0.025607064,0.012746298,0.8830082,0.1056905,0.005198634,0.9350266,-0.027823238,0.029188443,0.040762264,0.00517457,-0.075481914,0.0067378734,0.0004691583,-0.000874215,0.0011825643
0.11607478,2.6533945,0.0,0.0,0.0,1.0,0.0,0.0,1.0,0.0,0.0,0.0,0.0,0.0,0.0,0.0,0.0,0.0
-0.5876147,-0.70609903,0.0,0.0,0.0,1.0,0.0,0.0,0.0,0.0,1.0,0.0,0.0,0.0,0.0,0.0,0.0,0.0
-0.14715616,1.8587308,0.1207886,0.006162705,0.0017688037,0.9457425,0.05519662,0.027828224,0.014698122,-0.023230037,0.03591398,-0.014160651,0.013440695,0.014099531,0.9162107,-0.003871378,-0.004461953,0.014950997
1.3490964,-0.6650618,0.0,1.0,0.0,0.0,0.0,0.0,0.0,1.0,0.0,0.0,0.0,0.0,0.0,0.0,0.0,0.0
-0.6112958,-0.29385346,0.04540913,0.0017902298,0.005018372,0.9700521,0.028214412,0.004991445,-0.0028040134,0.0012422903,0.023724275,0.023366222,0.008277947,0.002240736,0.9745257,-0.004891382,-0.0063998876,0.011671257
1.2602948,0.2969823,0.0,0.0,0.0,1.0,0.0,0.0,1.0,0.0,0.0,0.0,0.0,0.0,0.0,0.0,0.0,0.0
0.07351907,-0.5595774,0.008806048,0.004144971,0.0010197773,1.0009998,0.009922776,0.002918474,0.010313257,0.008728003,0.9933258,0.005287412,0.0041760853,0.0073895077,0.004272175,-0.0065545747,0.0019282725,0.004748775
-0.75153846,0.20339075,0.13607149,0.014296858,0.014069646,0.88544524,0.10278842,0.00912374,0.927026,-0.02823884,0.020290771,0.055322174,-0.0052673374,-0.06296015,0.0014678175,0.0077061593,0.009579976,0.0021603112
0.63961047,-0.6299143,0.0,0.0,0.0,1.0,0.0,0.0,0.0,0.0,0.0,0.0,0.0,0.0,1.0,0.0,0.0,0.0
-0.14627877,-0.7190678,0.09772251,0.021442508,0.008330756,0.98378617,0.077698715,0.020149024,0.049543854,0.012929548,-0.030823229,0.045860145,0.026394872,-0.027609041,0.99847806,-0.020487297,0.00015646123,0.027904568
1.3769194,-0.6742646,0.0,1.0,0.0,0.0,0.0,0.0,0.0,1.0,0.0,0.0,0.0,0.0,0.0,0.0,0.0,0.0
-0.23477972,-0.5950581,0.039435674,0.025120892,0.0030027004,0.96395564,0.014592445,-0.00055780425,0.002550378,-0.019159945,0.97369355,0.011078456,-1.3196609e-05,-0.025927512,-0.022607038,0.015358602,-0.0012442042,-0.0031570834
-0.5741703,-0.60060775,0.06481794,-0.029787524,0.006190476,0.97970045,0.05230645,0.013821125,-0.00014504975,0.026862146,0.065699935,0.041785665,0.012176878,0.035166804,0.9593146,-0.06589419,-0.0047240034,0.046252172
0.9690809,1.2444307,0.0,0.0,0.0,1.0,0.0,0.0,1.0,0.0,0.0,0.0,0.0,0.0,0.0,0.0,0.0,0.0
0.067616425,2.695147,0.0,0.0,0.0,1.0,0.0,0.0,1.0,0.0,0.0,0.0,0.0,0.0,0.0,0.0,0.0,0.0
0.07447662,-0.57465935,0.009052798,0.0040549533,0.0014512729,1.0009688,0.0101193385,0.0031487006,0.011051039,0.009230904,0.9927825,0.0051882598,0.004538128,0.008075736,0.005186238,-0.006488175,0.0018723845,0.0050543346
-0.57939714,-0.60326314,0.06145074,-0.03208476,0.0041010855,0.9779115,0.05251718,0.012370408,-0.0009675051,0.024210347,0.06676684,0.042705424,0.012170105,0.030431619,0.95889866,-0.06409924,-0.004897167,0.04422258
-0.5843687,-0.70395917,0.0,0.0,0.0,1.0,0.0,0.0,0.0,0.0,1.0,0.0,0.0,0.0,0.0,0.0,0.0,0.0
-0.5743988,-0.7043463,0.0,0.0,0.0,1.0,0.0,0.0,0.0,0.0,1.0,0.0,0.0,0.0,0.0,0.0,0.0,0.0
-0.7237155,1.0501851,1.0,0.0,0.0,0.0,0.0,0.0,1.0,0.0,0.0,0.0,0.0,0.0,0.0,0.0,0.0,0.0
-0.75153846,2.3318233,0.11626447,0.031795576,0.008659072,0.9005508,0.09129178,0.015510923,-0.048981246,-0.0054392074,0.04390832,0.08086925,0.0028982356,0.0028690544,0.96800804,0.014459952,-0.0026499985,0.02175106
-0.73762697,2.1958032,1.0,0.0,0.0,0.0,0.0,0.0,1.0,0.0,0.0,0.0,0.0,0.0,0.0,0.0,0.0,0.0
-0.6460266,-0.5602541,0.03708879,-0.017737824,0.0043556257,0.9879201,0.029021436,0.0053559374,-0.005494855,0.014827566,0.04203772,0.025229331,0.004970445,0.019685354,0.9787293,-0.039167374,-0.0026198197,0.022970699
0.0671482,0.533639,0.06759286,-0.013078371,-0.010903195,0.976234,0.041391503,0.01098776,0.99301636,-0.07723063,0.023054428,-0.09302153,-0.009788862,-0.046419203,-0.012316714,0.004754379,0.0038580752,0.007427227
-0.66691023,-0.7119848,0.0,0.0,0.0,1.0,0.0,0.0,0.0,0.0,1.0,0.0,0.0,0.0,0.0,0.0,0.0,0.0
-0.57543176,-0.6009792,0.06458672,-0.029506495,0.0063582854,0.97985864,0.05196734,0.013778121,-3.9482096e-05,0.02673307,0.065568745,0.04170814,0.012114706,0.03512057,0.95956373,-0.06550366,-0.004639872,0.045908686
1.9108888,0.32654032,0.0,0.0,0.0,1.0,0.0,0.0,0.0,0.0,1.0,0.0,0.0,0.0,0.0,0.0,0.0,0.0
0.068820946,-0.5362569,0.01047631,0.0048709777,0.0011735251,1.0014976,0.011661574,0.0033814788,0.01270721,0.010209988,0.99197775,0.0062149186,0.0050583226,0.0090103755,0.0050683795,-0.00820828,0.0024948155,0.0058287363
-0.6642352,-0.6675237,0.046113767,-0.023131005,0.003514057,0.98593825,0.03901901,0.00784815,-0.0054959194,0.01563725,0.05527763,0.033573993,0.008137367,0.021619216,0.97202486,-0.05380061,-0.0023924315,0.030956475
56.67486,56.67486,56.67486,-0.75153846,56.67486,56.67486,56.67486,-0.75153846,-0.75153846,-0.75153846,56.67486,-0.75153846,-0.75153846,56.67486,56.67486,-0.75153846,-0.75153846,-0.75153846
2.2540388,0.03401367,0.0,0.0,0.0,0.0,1.0,0.0,1.0,0.0,0.0,0.0,0.0,0.0,0.0,0.0,0.0,0.0
-0.23043275,-0.6147067,0.03850524,0.02541031,0.002742246,0.9646882,0.01326497,-0.0006504885,0.0036789859,-0.01960052,0.97430676,0.011195701,-2.974641e-05,-0.025429737,-0.022411173,0.014707653,-0.001030647,-0.003836104
-0.38928896,2.6076798,0.17115088,0.007549732,-0.003376423,0.8947037,0.15420529,0.02116346,0.87392557,-0.044286847,0.06605387,0.025230426,0.019383922,-0.058092967,0.04414248,-0.024052603,-0.025707174,0.0069294954
1.8348392,0.094364345,0.0,0.0,0.0,1.0,0.0,0.0,1.0,0.0,0.0,0.0,0.0,0.0,0.0,0.0,0.0,0.0
-0.23545495,-0.612423,0.034164604,0.022178944,0.0024127022,0.9684938,0.012305472,-0.0006155727,0.002607256,-0.016841166,0.97653896,0.010083828,5.5727105e-05,-0.02246094,-0.020466577,0.013599261,-0.0012059375,-0.002567021
-0.6402465,1.5775086,1.0,0.0,0.0,0.0,0.0,0.0,0.0,0.0,0.0,1.0,0.0,0.0,0.0,0.0,0.0,0.0
-0.6122839,2.7201731,0.20244081,0.020613803,-0.017000036,0.7780767,0.15513557,0.02076597,0.8844114,-0.065890804,0.057218265,0.062067162,0.011182763,-0.041953176,-0.017915143,0.0236002,-0.012723903,0.005334891
-0.75153846,-0.57396805,0.14386787,0.89033747,0.016243,-0.03326019,0.08771885,0.008293764,0.003962395,0.030603856,0.17162782,0.10483162,0.0114033455,-0.030435361,-0.09670156,0.822537,0.015053812,0.07471009
2.9934344,1.758203,0.0,0.0,0.0,1.0,0.0,0.0,1.0,0.0,0.0,0.0,0.0,0.0,0.0,0.0,0.0,0.0
0.053516064,-0.5446936,0.022124367,0.0097917635,0.0035826885,1.0029767,0.025204796,0.007515425,0.029307311,0.021463376,0.98189986,0.012369604,0.011210052,0.019462788,0.012299241,-0.016433533,0.0050787125,0.012979212
1.3908309,-0.67320096,0.0,0.0,0.0,0.0,1.0,0.0,0.0,0.0,0.0,1.0,0.0,0.0,0.0,0.0,0.0,0.0
0.49307615,-0.4263507,0.0,0.0,0.0,0.0,1.0,0.0,1.0,0.0,0.0,0.0,0.0,0.0,0.0,0.0,0.0,0.0
0.0799009,0.5843009,0.06208445,-0.012899013,-0.007977055,0.9794905,0.044999104,0.0074275294,0.9869385,-0.07125039,0.02242239,-0.087542646,-0.011163007,-0.045226146,-0.008879828,0.0030151124,0.005035256,0.0057783956
-0.7237155,1.432061,1.0,0.0,0.0,0.0,0.0,0.0,1.0,0.0,0.0,0.0,0.0,0.0,0.0,0.0,0.0,0.0
-0.5030786,2.747783,0.109305084,0.009266411,-0.0024057948,0.89854944,0.07310893,0.007976053,-0.049199924,-0.037599664,0.045005832,0.031279154,0.023507534,-0.022046342,0.94889957,0.0067116395,-0.017643714,-0.013906943
-0.46809143,2.7490773,0.09166221,0.003907613,-0.0073895985,0.919664,0.058200654,0.0059219194,-0.042255174,-0.035806723,0.043490816,0.022252258,0.020440802,-0.020833962,0.95605564,0.010737328,-0.01626276,-0.01265145
0.09681215,0.6008192,0.051329847,-0.014614549,-0.006418561,0.98387504,0.042459995,0.007552456,0.9847099,-0.058595512,0.022301557,-0.075219184,-0.007428233,-0.038402494,-0.007394919,0.0019199516,0.0021852464,0.0038419075
0.07208195,-0.5784664,0.011095564,0.0049391673,0.0017558833,1.0011806,0.012467861,0.0038842636,0.013523473,0.011370335,0.99113613,0.0063839587,0.0055557685,0.009772977,0.006459137,-0.008001705,0.0023366213,0.0062272386
-0.73762697,2.0929883,1.0,0.0,0.0,0.0,0.0,0.0,1.0,0.0,0.0,0.0,0.0,0.0,0.0,0.0,0.0,0.0
-0.676765,-0.01353348,0.13277613,0.025807101,0.010834017,0.893522,0.085214436,0.013394116,0.93603677,-0.034466367,0.022751998,0.032438014,0.0030769052,-0.081940755,-0.008002394,0.0103179235,0.0026096485,0.0059277886
1.3490964,-0.6635171,0.0,1.0,0.0,0.0,0.0,0.0,0.0,1.0,0.0,0.0,0.0,0.0,0.0,0.0,0.0,0.0
1.5535953,0.61983806,0.0,0.0,0.0,1.0,0.0,0.0,1.0,0.0,0.0,0.0,0.0,0.0,0.0,0.0,0.0,0.0
1.2579762,0.19448768,0.0,0.0,0.0,1.0,0.0,0.0,1.0,0.0,0.0,0.0,0.0,0.0,0.0,0.0,0.0,0.0
-0.033826113,-0.61188316,0.16224322,1.0228927,0.0070087444,0.041564863,0.16397339,0.03656978,0.12181339,0.16162595,0.003340654,0.07480719,0.04406692,0.10699564,0.015777735,0.8231821,0.038582962,0.13515371
0.07341288,2.644495,0.0,0.0,0.0,1.0,0.0,0.0,1.0,0.0,0.0,0.0,0.0,0.0,0.0,0.0,0.0,0.0
1.8424906,2.1124234,0.0,0.0,0.0,1.0,0.0,0.0,1.0,0.0,0.0,0.0,0.0,0.0,0.0,0.0,0.0,0.0
-0.6516425,2.7696881,0.19962321,0.023227327,-0.01724222,0.77993804,0.15780419,0.020769931,0.88819975,-0.0637739,0.05445412,0.06360612,0.011242468,-0.03777786,-0.02156912,0.024891758,-0.012086847,0.0076490673
-0.6738997,0.6233172,0.055043988,0.01021225,0.0046713823,0.9577554,0.033452984,0.0038135513,-0.014993936,-0.005384689,0.014430649,0.023648988,0.0055908193,-0.014117757,0.98585916,0.00069081574,-0.0033272842,0.009490335
0.029591685,2.6523325,0.0,0.0,0.0,1.0,0.0,0.0,1.0,0.0,0.0,0.0,0.0,0.0,0.0,0.0,0.0,0.0
-0.5994395,-0.7060613,0.0,0.0,0.0,1.0,0.0,0.0,0.0,0.0,1.0,0.0,0.0,0.0,0.0,0.0,0.0,0.0
-0.75153846,-0.57269776,0.13992228,0.8879531,0.014476432,-0.02466365,0.09800674,0.016155127,-0.0013422354,0.020129785,0.16158944,0.105258375,0.020080084,-0.026238736,-0.08569575,0.8114357,0.019004818,0.07810825
-0.7237155,0.8711898,1.0,0.0,0.0,0.0,0.0,0.0,1.0,0.0,0.0,0.0,0.0,0.0,0.0,0.0,0.0,0.0
-0.73762697,1.4908179,1.0,0.0,0.0,0.0,0.0,0.0,1.0,0.0,0.0,0.0,0.0,0.0,0.0,0.0,0.0,0.0
1.3630079,-0.6552934,0.0,1.0,0.0,0.0,0.0,0.0,0.0,1.0,0.0,0.0,0.0,0.0,0.0,0.0,0.0,0.0
1.8424906,2.1139162,0.0,0.0,0.0,1.0,0.0,0.0,1.0,0.0,0.0,0.0,0.0,0.0,0.0,0.0,0.0,0.0
0.08131992,0.518987,0.058184493,-0.010571149,-0.01003541,0.9792809,0.035346325,0.009247118,0.9949103,-0.06684127,0.020423967,-0.081306234,-0.008810134,-0.039939187,-0.011117157,0.0041862205,0.003206483,0.0056698527
-0.7348446,-0.71226877,0.0,0.0,0.0,0.0,1.0,0.0,1.0,0.0,0.0,0.0,0.0,0.0,0.0,0.0,0.0,0.0
-0.7329181,2.2678201,0.12240266,0.027633496,0.004949656,0.89084923,0.09132124,0.021244342,-0.050603844,-0.014871825,0.041781075,0.078207485,0.006123506,-0.0071314643,0.9681935,0.015315841,-0.005629144,0.019135226
-0.16583142,-0.67817837,0.11210733,0.025410935,0.009424093,0.98145694,0.088894814,0.018006913,0.05750299,0.031143118,-0.035144255,0.08436206,0.032008883,-0.02633894,0.9962067,-0.023158263,0.005567656,0.028669782
-0.75153846,-0.57402915,0.13572724,0.89446497,0.008281758,-0.040079813,0.08886448,0.007908562,0.014052857,0.029792475,0.16317189,0.10008352,0.0083583435,-0.02419034,-0.09172227,0.80395097,0.006778809,0.07996357
1.4047424,-0.6744898,0.0,0.0,0.0,0.0,1.0,0.0,0.0,0.0,0.0,1.0,0.0,0.0,0.0,0.0,0.0,0.0
0.107200846,0.45930004,0.012515041,-0.014124761,0.009267383,0.9978462,-0.011876054,0.0059579886,-0.019914445,-0.041203514,0.006320219,-0.014366334,0.00047878435,-0.021875689,0.9856068,-0.00096768915,-0.0072187055,0.0025072938
0.071217574,-0.5674111,0.010909301,0.0049243113,0.0017456614,1.001195,0.012315556,0.0038116248,0.013393121,0.011187002,0.9912303,0.006296334,0.00550498,0.009776772,0.0063125193,-0.007867384,0.0022986191,0.0061616995
0.65352196,-0.66006035,0.0,0.0,0.0,1.0,0.0,0.0,0.0,0.0,0.0,0.0,0.0,0.0,1.0,0.0,0.0,0.0
-0.53945583,-0.019268831,0.09166224,0.014392758,0.008146061,0.93901724,0.051022127,0.013007383,-0.0032138107,0.0009553817,0.045930248,0.04612875,0.014934167,-0.0010332554,0.9463471,-0.004518033,-0.010905001,0.022760347
-0.044117436,1.1804205,0.036502417,-0.014255117,0.011600495,0.9985933,0.02158116,0.024959564,-0.010610873,-0.025108343,0.008389166,-0.01704236,0.0006901837,-0.016642332,0.9807799,-0.005044987,-0.007948137,0.0063878493
-0.56767493,-0.69806343,0.0,0.0,0.0,1.0,0.0,0.0,0.0,0.0,1.0,0.0,0.0,0.0,0.0,0.0,0.0,0.0
-0.75153846,0.10229384,0.1253708,0.025217595,0.015537584,0.8992622,0.079718575,0.011276049,0.94728214,-0.032026168,0.015802203,0.029209085,0.0034330348,-0.07326511,-0.00714612,0.012578177,0.0041025677,0.0033560565
-0.11762281,-0.5691194,0.08982564,-0.011287121,-0.0058652605,0.96991634,0.0060285227,0.0077721286,0.027082395,-0.083100155,1.0096684,-0.042804077,-0.0051916786,-0.021166237,-0.06863826,-0.009966787,0.00012994306,-0.0027267705
0.88213414,-0.67329854,0.0,0.0,0.0,0.0,1.0,0.0,1.0,0.0,0.0,0.0,0.0,0.0,0.0,0.0,0.0,0.0
0.17826185,0.054971173,0.04172054,-0.016464144,-3.4348443e-05,0.9934079,-0.0027738342,0.009534639,-0.0056817206,-0.054664094,0.0121952975,-0.048973393,-0.0065521286,-0.012981044,0.98133284,-0.004781171,-0.006490231,0.003987657
-0.67312384,-0.23606172,0.101035945,0.020218931,0.0060212174,0.9171416,0.06460725,0.013055838,0.95661885,-0.030681424,0.014310208,0.018920908,0.0012991985,-0.06309616,-0.0058936994,0.009678454,0.001168189,0.006195825
1.3908309,-0.675336,0.0,0.0,0.0,0.0,1.0,0.0,0.0,0.0,0.0,1.0,0.0,0.0,0.0,0.0,0.0,0.0
-0.75153846,-0.5750676,0.13659538,0.89500695,0.021240858,-0.03514211,0.086538464,0.016979514,-0.0031326686,0.02845806,0.1643751,0.104294084,0.0105866445,-0.017001776,-0.091313176,0.80975366,0.010068775,0.08940077
-0.5737905,-0.600331,0.06492288,-0.029744243,0.0061389105,0.9796846,0.052301146,0.013778876,-0.00024579227,0.026917182,0.06575152,0.041877884,0.012200514,0.035407096,0.9593372,-0.065951735,-0.004731363,0.046258025
-0.7217281,3.5838287,0.16950645,-0.0073201805,0.0026554593,0.8954673,0.11898464,0.016249312,0.9528216,-0.05092811,0.07113949,0.061489724,0.0028234862,-0.0030646995,0.006049553,0.00035123338,-0.006976738,0.016778737
-0.6579009,-0.6608131,0.046781756,-0.023328109,0.0036217226,0.98576677,0.03947997,0.007914628,-0.0055015986,0.01583959,0.056108885,0.034083124,0.008281539,0.021890959,0.9715505,-0.05452794,-0.0024815665,0.031395286
1.3490964,-0.64602596,0.0,1.0,0.0,0.0,0.0,0.0,0.0,1.0,0.0,0.0,0.0,0.0,0.0,0.0,0.0,0.0
-0.63764894,-0.65667313,0.051327746,-0.025639605,0.003895329,0.98434675,0.043321706,0.008770122,-0.006023813,0.017366132,0.06152801,0.03734982,0.009102145,0.024119778,0.96869886,-0.05989139,-0.0027158938,0.03461582
1.3351849,-0.6600944,0.0,1.0,0.0,0.0,0.0,0.0,0.0,1.0,0.0,0.0,0.0,0.0,0.0,0.0,0.0,0.0
-0.66418976,-0.66754997,0.046330936,-0.022864278,0.003308981,0.9858894,0.038939025,0.007659928,-0.005719882,0.015872417,0.05520211,0.03357207,0.007922087,0.021581508,0.972089,-0.053879995,-0.0023815318,0.03111604
0.026345672,2.6347866,0.0,0.0,0.0,1.0,0.0,0.0,1.0,0.0,0.0,0.0,0.0,0.0,0.0,0.0,0.0,0.0
-0.75153846,0.23442177,0.16825233,0.021194361,0.004121152,0.8509461,0.11530672,0.0125625,-0.08062169,-0.05901016,0.039542012,0.032408886,0.009919585,0.8419059,0.0065523027,0.006749048,0.002596234,0.0033197685
0.05345681,-0.54383427,0.02210963,0.009821282,0.0035859803,1.0029826,0.025200564,0.007535991,0.029295621,0.021464499,0.9818976,0.012357585,0.011215358,0.019389283,0.012302618,-0.016389782,0.0050403904,0.0129120555
-0.5811227,-0.64499277,0.0,0.0,0.0,1.0,0.0,0.0,0.0,0.0,1.0,0.0,0.0,0.0,0.0,0.0,0.0,0.0
-0.6642142,-0.6676044,0.046116285,-0.0230452,0.0034920385,0.9859646,0.03894479,0.007806594,-0.0054501747,0.015690867,0.055318505,0.033636946,0.0081708245,0.0216246,0.97201353,-0.05381085,-0.0024131355,0.03110128
-0.23101476,-0.61644167,0.035133768,0.024979945,0.0013260543,0.9664673,0.013726003,0.000669325,0.002465255,-0.019517967,0.97361827,0.00964855,0.0010680852,-0.025019156,-0.023660317,0.016715225,-0.0021863382,-0.003479467
-0.73762697,4.455844,1.0,0.0,0.0,0.0,0.0,0.0,1.0,0.0,0.0,0.0,0.0,0.0,0.0,0.0,0.0,0.0
0.68180865,1.7583556,0.0,0.0,0.0,1.0,0.0,0.0,1.0,0.0,0.0,0.0,0.0,0.0,0.0,0.0,0.0,0.0
0.63961047,-0.6582403,0.0,0.0,0.0,1.0,0.0,0.0,0.0,0.0,0.0,0.0,0.0,0.0,1.0,0.0,0.0,0.0
-0.6642475,-0.6675123,0.046071902,-0.023108857,0.0034917546,0.9859776,0.038980417,0.007803817,-0.0054515637,0.015636617,0.055267155,0.033587653,0.008133277,0.021572832,0.9720179,-0.053818766,-0.0023489073,0.031078607
-0.6354693,-0.26758698,0.033195246,0.0004866141,0.0039999364,0.9799048,0.020583933,0.003382839,-0.0017773279,-0.00070467446,0.017024152,0.016590258,0.0049202414,0.0009083539,0.9825113,-0.004160004,-0.004226859,0.008213668
-0.58032334,-0.60372734,0.061693937,-0.031905856,0.004235563,0.9775235,0.05237718,0.0126287555,-0.0006323868,0.023806134,0.06634518,0.04297444,0.01246293,0.029678613,0.95847464,-0.063335404,-0.004755741,0.04383791
-0.7217023,1.7483982,0.1095931,0.018788973,0.010939266,0.90506536,0.07305052,0.0141375875,-0.041986093,-0.009610363,0.035031535,0.06890011,0.0041635507,-0.009717345,0.97903025,0.00962485,-0.0029930768,0.019630997
-0.64955634,0.36682022,0.04185246,0.0073131043,0.0037949139,0.96986294,0.025447968,0.0031357298,-0.011477508,-0.0017656285,0.014475219,0.020030502,0.0054272013,-0.012204066,0.98453945,0.0003576888,-0.003787664,0.007545692
0.07380282,-0.56281,0.008849969,0.004166577,0.00101854,1.0009997,0.009964232,0.0029284728,0.010322023,0.008812634,0.9933247,0.005302468,0.0042039487,0.007397052,0.004306464,-0.0066050957,0.0019114031,0.0048035947
2.1253576,0.09131419,0.0,0.0,0.0,1.0,0.0,0.0,1.0,0.0,0.0,0.0,0.0,0.0,0.0,0.0,0.0,0.0
-0.64998454,2.6756036,0.0,0.0,0.0,1.0,0.0,0.0,0.0,0.0,1.0,0.0,0.0,0.0,0.0,0.0,0.0,0.0
-0.6642226,-0.66767526,0.046067722,-0.023120614,0.0035198333,0.98597413,0.038965695,0.007851603,-0.005486032,0.015699102,0.0553193,0.033627465,0.008226765,0.021706805,0.97203124,-0.05383275,-0.0025035928,0.031058952
-0.73996794,-0.056975704,0.1019174,0.017833496,0.009198685,0.91836923,0.06702272,0.0098929135,0.95099366,-0.027251534,0.019089296,0.025212562,0.0014002512,-0.06268715,-0.006584065,0.007583834,0.0020362379,0.003103937
0.091423854,0.5526802,0.055251665,-0.010259608,-0.008354444,0.98153204,0.035099424,0.007853982,0.99194586,-0.06312569,0.017852355,-0.076010376,-0.008352645,-0.038534548,-0.010456388,0.0027243937,0.003889229,0.007121348
0.49469915,-0.1968195,0.0,0.0,0.0,0.0,1.0,0.0,1.0,0.0,0.0,0.0,0.0,0.0,0.0,0.0,0.0,0.0
0.65352196,-0.6605301,0.0,0.0,0.0,1.0,0.0,0.0,0.0,0.0,0.0,0.0,0.0,0.0,1.0,0.0,0.0,0.0
0.63961047,-0.6298913,0.0,0.0,0.0,1.0,0.0,0.0,0.0,0.0,0.0,0.0,0.0,0.0,1.0,0.0,0.0,0.0
0.081826866,0.50770146,0.057001166,-0.0104120495,-0.009728501,0.9796892,0.034583542,0.009047643,0.9949192,-0.065495126,0.01999822,-0.07965636,-0.008677467,-0.03919002,-0.010890383,0.004103162,0.0031237458,0.0055606323
1.4047424,-0.6780647,0.0,0.0,0.0,0.0,1.0,0.0,0.0,0.0,0.0,1.0,0.0,0.0,0.0,0.0,0.0,0.0
0.65352196,-0.66545725,0.0,0.0,0.0,1.0,0.0,0.0,0.0,0.0,0.0,0.0,0.0,0.0,1.0,0.0,0.0,0.0
1.3908309,-0.67313915,0.0,0.0,0.0,0.0,1.0,0.0,0.0,0.0,0.0,1.0,0.0,0.0,0.0,0.0,0.0,0.0
0.07253225,-0.44032732,0.12067975,-0.02305443,-0.024195235,0.960262,0.03421387,0.013833684,0.035342395,-0.12245665,0.03326491,-0.1494782,-0.008556242,-0.019298302,0.9594879,0.0034117196,0.0066285813,-0.0001949529
-0.55979174,-0.704585,0.0,0.0,0.0,1.0,0.0,0.0,0.0,0.0,1.0,0.0,0.0,0.0,0.0,0.0,0.0,0.0
0.65352196,-0.66219944,0.0,0.0,0.0,1.0,0.0,0.0,0.0,0.0,0.0,0.0,0.0,0.0,1.0,0.0,0.0,0.0
-0.75153846,2.3292487,0.122847505,0.026214566,0.0054220813,0.9001477,0.08723551,0.022776634,-0.04859511,-0.013079027,0.043715034,0.077187315,0.0017273976,0.003712137,0.97713447,0.008554804,0.0005566448,0.025155727
-0.6579544,-0.6340002,0.042878356,-0.021353006,0.0034334457,0.98714554,0.03643596,0.0067168665,-0.0051050847,0.01417812,0.051692363,0.03102552,0.0075112255,0.020421406,0.9736118,-0.049627163,-0.0021967527,0.02883473
-0.6405287,0.19115905,0.041683383,0.0049319384,0.0036518562,0.9747993,0.024034373,0.004142294,-0.008326346,-0.0024511816,0.019524682,0.01850282,0.0049330094,-0.009952966,0.983369,-0.0030096641,-0.0025799808,0.00962543
0.052313786,2.6455772,0.0,0.0,0.0,1.0,0.0,0.0,1.0,0.0,0.0,0.0,0.0,0.0,0.0,0.0,0.0,0.0
-0.73762697,1.3586346,1.0,0.0,0.0,0.0,0.0,0.0,1.0,0.0,0.0,0.0,0.0,0.0,0.0,0.0,0.0,0.0
0.30086574,0.05140911,0.0,0.0,0.0,1.0,0.0,0.0,0.0,0.0,0.0,0.0,0.0,0.0,1.0,0.0,0.0,0.0
0.96884906,1.2391074,0.0,0.0,0.0,1.0,0.0,0.0,1.0,0.0,0.0,0.0,0.0,0.0,0.0,0.0,0.0,0.0
0.65352196,-0.66015774,0.0,0.0,0.0,1.0,0.0,0.0,0.0,0.0,0.0,0.0,0.0,0.0,1.0,0.0,0.0,0.0
-0.57444984,-0.60075945,0.06481675,-0.029744433,0.006197283,0.9797049,0.05229118,0.013851639,-0.00010349845,0.02685768,0.06557446,0.041776985,0.012098586,0.03523772,0.9594912,-0.06588188,-0.004657185,0.046161614
-0.5809436,-0.60392296,0.061489135,-0.031690996,0.004202179,0.9774972,0.05217209,0.012595234,-0.00056024775,0.023784392,0.066203095,0.04285357,0.012473681,0.02960092,0.9585421,-0.06324557,-0.0048046783,0.043752078
-0.6402465,1.5763401,1.0,0.0,0.0,0.0,0.0,0.0,0.0,0.0,0.0,1.0,0.0,0.0,0.0,0.0,0.0,0.0
-0.6323633,-0.66727793,0.0,0.0,0.0,0.0,1.0,0.0,0.0,0.0,0.0,1.0,0.0,0.0,0.0,0.0,0.0,0.0
-0.6420172,-0.5868163,0.040623005,-0.019733803,0.0033913543,0.9875522,0.033514366,0.0064069135,-0.005635561,0.014581857,0.048419036,0.029528815,0.0063313097,0.021032343,0.97533834,-0.045027897,-0.0028159653,0.026475927
-0.652052,-0.12836531,0.12646876,0.022877581,0.009126691,0.89765537,0.08022006,0.015579029,0.9454926,-0.032997653,0.0182115,0.028747156,0.0022477144,-0.07654148,-0.0048412406,0.01043606,0.00042142166,0.0057134707
-0.5807565,-0.6038605,0.06149162,-0.03169164,0.004225404,0.9775087,0.0524931,0.012566563,-0.00052562525,0.023870097,0.06615597,0.04295178,0.012452369,0.029639035,0.95857596,-0.06323857,-0.004809137,0.043733
1.5498856,2.1117723,0.0,0.0,0.0,1.0,0.0,0.0,1.0,0.0,0.0,0.0,0.0,0.0,0.0,0.0,0.0,0.0
-0.7014571,-0.66762894,0.0,0.0,0.0,0.0,1.0,0.0,0.0,0.0,0.0,1.0,0.0,0.0,0.0,0.0,0.0,0.0
-0.6642319,-0.6675709,0.046175607,-0.02310646,0.0035746323,0.9859775,0.038864568,0.0077964496,-0.0054729283,0.015693467,0.05529108,0.03356228,0.008163645,0.021617597,0.9720029,-0.053802818,-0.002404685,0.031110462
-0.59248376,-0.5711956,0.0,0.0,0.0,1.0,0.0,0.0,0.0,0.0,1.0,0.0,0.0,0.0,0.0,0.0,0.0,0.0
0.07106466,-0.560825,0.010866211,0.0051214425,0.0012526902,1.0011567,0.012205362,0.0036174734,0.012736132,0.010791966,0.9918437,0.006438261,0.0052118953,0.009115155,0.005318595,-0.008007842,0.0023799178,0.0058743474
-0.6642155,-0.6676294,0.046113826,-0.02307974,0.0035107539,0.98600286,0.038980275,0.00792116,-0.0055245496,0.015634334,0.0553088,0.033653725,0.008174692,0.021643952,0.9719319,-0.05379362,-0.0023887993,0.03101188
-0.6402465,1.5770551,1.0,0.0,0.0,0.0,0.0,0.0,0.0,0.0,0.0,1.0,0.0,0.0,0.0,0.0,0.0,0.0
-0.10312724,-0.5997518,0.0816279,0.03846186,0.013535404,0.9600554,0.049754117,-0.007330512,0.05151077,-0.027546786,-0.04090766,0.03062662,0.012300548,-0.06432811,0.94996715,0.03770516,-0.009647802,-0.0014760697
-0.7237155,0.85925627,1.0,0.0,0.0,0.0,0.0,0.0,1.0,0.0,0.0,0.0,0.0,0.0,0.0,0.0,0.0,0.0
-0.7151033,1.4966658,0.096759334,0.016670067,0.010402569,0.91501904,0.06648487,0.0103865685,-0.03512628,-0.007500869,0.034717575,0.05947093,0.0042984304,-0.0016989595,0.9807757,0.009725803,-0.004031582,0.019567033
1.3908309,-0.6683867,0.0,0.0,0.0,0.0,1.0,0.0,0.0,0.0,0.0,1.0,0.0,0.0,0.0,0.0,0.0,0.0
0.65352196,-0.6621636,0.0,0.0,0.0,1.0,0.0,0.0,0.0,0.0,0.0,0.0,0.0,0.0,1.0,0.0,0.0,0.0
-0.62525904,-0.35128793,0.09995995,0.015499987,0.00622483,0.91989744,0.06750713,0.0136161465,0.959018,-0.028638316,0.017662877,0.020764906,0.0022099304,-0.06028675,-0.005975586,0.0036606125,-0.0021523526,0.009233867
0.63961047,-0.6271953,0.0,0.0,0.0,1.0,0.0,0.0,0.0,0.0,0.0,0.0,0.0,0.0,1.0,0.0,0.0,0.0
1.3490964,-0.6647226,0.0,1.0,0.0,0.0,0.0,0.0,0.0,1.0,0.0,0.0,0.0,0.0,0.0,0.0,0.0,0.0
-0.7515383,0.24956197,0.18048275,0.023592046,-0.00326735,0.851796,0.119462356,0.03908751,-0.08669397,-0.062690035,0.043895777,0.022656705,0.012812232,0.8632062,-0.004264605,0.023212079,-0.00024952163,0.011914001
2.1267488,0.091229044,0.0,0.0,0.0,1.0,0.0,0.0,1.0,0.0,0.0,0.0,0.0,0.0,0.0,0.0,0.0,0.0
2.4149485,0.09122612,0.0,0.0,0.0,1.0,0.0,0.0,1.0,0.0,0.0,0.0,0.0,0.0,0.0,0.0,0.0,0.0
-0.58044153,-0.603547,0.061559528,-0.03174081,0.0043091103,0.97751755,0.052432083,0.012494182,-0.0006459313,0.023863815,0.06635902,0.042770553,0.012498529,0.029613229,0.9585229,-0.06333172,-0.004823318,0.043822754
1.3908309,-0.678386,0.0,0.0,0.0,0.0,1.0,0.0,0.0,0.0,0.0,1.0,0.0,0.0,0.0,0.0,0.0,0.0
-0.7237155,1.476136,1.0,0.0,0.0,0.0,0.0,0.0,1.0,0.0,0.0,0.0,0.0,0.0,0.0,0.0,0.0,0.0
-0.6402465,1.5782562,1.0,0.0,0.0,0.0,0.0,0.0,0.0,0.0,0.0,1.0,0.0,0.0,0.0,0.0,0.0,0.0
-0.22867168,-0.62766075,0.03712476,0.024386913,0.0026042277,0.96607274,0.01277964,-0.00061844237,0.003490469,-0.018870618,0.9752626,0.010832322,8.358055e-06,-0.024348544,-0.021611901,0.014102511,-0.0010216412,-0.00378754
0.6815768,1.9408997,0.0,0.0,0.0,1.0,0.0,0.0,1.0,0.0,0.0,0.0,0.0,0.0,0.0,0.0,0.0,0.0
-0.6354925,-0.31222853,0.032165658,0.0011314863,0.0033463584,0.9792325,0.020315055,0.0033213499,-0.0026939828,-0.00012581264,0.016872855,0.015831808,0.005391931,0.0012559869,0.9832609,-0.0042415024,-0.0037858645,0.007920442
-0.71722436,-0.11674668,0.10136361,0.017526533,0.009280294,0.9192521,0.067219175,0.009418347,0.95212454,-0.027631912,0.017561842,0.025029905,0.0014201058,-0.064323746,-0.006143784,0.009375784,0.0023964115,0.003952248
0.65352196,-0.66568774,0.0,0.0,0.0,1.0,0.0,0.0,0.0,0.0,0.0,0.0,0.0,0.0,1.0,0.0,0.0,0.0
-0.75153846,-0.5692386,0.13676742,0.8848348,0.026252458,-0.036593292,0.0921194,0.011240653,0.0029723446,0.022799503,0.16320488,0.100550994,0.0155606,-0.02278202,-0.08598177,0.8139406,0.015206552,0.08158487
-0.45791063,2.7403786,0.08619139,0.004449816,-0.0064154016,0.9216329,0.05588533,0.006935881,-0.041896906,-0.03517071,0.040226635,0.020788843,0.018679265,-0.021037541,0.9585151,0.011131692,-0.01582886,-0.012419358
-0.58124894,-0.6038753,0.061281327,-0.03169903,0.004173448,0.97762805,0.052224092,0.012629552,-0.0006942052,0.023843003,0.06608181,0.04280234,0.01232194,0.02950801,0.958696,-0.06324969,-0.004713278,0.043655924
-0.650912,-0.5851529,0.0,0.0,0.0,0.0,1.0,0.0,0.0,0.0,0.0,1.0,0.0,0.0,0.0,0.0,0.0,0.0
0.07123849,-0.567737,0.0109302085,0.0049274825,0.0017233102,1.001209,0.012330174,0.0038219006,0.013383686,0.011188838,0.9912389,0.006312145,0.0055128695,0.009800773,0.0062974277,-0.007860795,0.0023157643,0.006184207
0.0720245,-0.5421723,0.008490314,0.004079056,0.0009546405,1.0010483,0.009559599,0.0028765278,0.010042875,0.008494991,0.9935239,0.00514901,0.0040602754,0.007266049,0.004165897,-0.006435691,0.0018418785,0.0045733848
-0.5755581,-0.5731663,0.0,0.0,0.0,1.0,0.0,0.0,0.0,0.0,1.0,0.0,0.0,0.0,0.0,0.0,0.0,0.0
-0.65448105,-0.34626725,0.09085799,0.013785738,0.0057873963,0.9273961,0.061786313,0.012252929,0.9631199,-0.026270812,0.016640738,0.018174319,0.001974736,-0.054765224,-0.0052289446,0.0033492644,-0.001694381,0.007933726
0.082103916,0.6248472,0.0590404,-0.01658826,-0.0069216704,0.9811656,0.05011483,0.008578314,0.9814116,-0.06919113,0.025621753,-0.088910885,-0.009259883,-0.04588788,-0.007640908,0.0017002296,0.0030600391,0.0034604245
1.2605267,0.5553916,0.0,0.0,0.0,1.0,0.0,0.0,1.0,0.0,0.0,0.0,0.0,0.0,0.0,0.0,0.0,0.0
-0.639752,-0.069955826,0.034443397,0.004023596,0.0033948906,0.9791248,0.020770868,0.004484054,-0.0044274963,-0.0016260458,0.017471995,0.015940428,0.0039372416,-0.0038110802,0.9808605,-0.0023027374,-0.0025779456,0.0069750044
-0.6563168,-0.23915191,0.10659059,0.021626523,0.006372903,0.9125727,0.0678875,0.014081716,0.95391333,-0.03242391,0.014679632,0.020546265,0.0013832805,-0.06634438,-0.0065939208,0.010448221,0.0010627301,0.0066902665
-0.75153846,-0.5731526,0.12869304,0.8914489,0.01924192,-0.03725355,0.09563794,0.009862071,9.339589e-05,0.01873666,0.16373228,0.115682624,0.008724307,-0.025337862,-0.087347075,0.81330603,0.0006967582,0.087139025
-0.68198097,-0.31418297,1.0,0.0,0.0,0.0,0.0,0.0,0.0,0.0,0.0,1.0,0.0,0.0,0.0,0.0,0.0,0.0
-0.6522211,-0.6602573,0.048219558,-0.024090251,0.003704889,0.98539805,0.040635824,0.008185077,-0.005705594,0.016418805,0.057715714,0.03503984,0.008513717,0.022493195,0.97076195,-0.056095444,-0.0025426482,0.03237982
-0.23621981,-0.6046485,0.035644516,0.022815995,0.0026955747,0.96743476,0.013225012,-0.00055643165,0.0022161128,-0.017555995,0.9760127,0.010057556,-3.8082537e-05,-0.023417396,-0.02060498,0.013914658,-0.0009983096,-0.002753666
-0.6356619,-0.24388535,0.11386074,0.020399252,0.006171188,0.9076094,0.07398469,0.015919741,0.9528563,-0.034381956,0.0125755705,0.023138117,0.0011381506,-0.07011593,-0.004565239,0.009108984,-0.00045649766,0.0074723777
-0.75153846,-0.5772571,0.13297781,0.88949394,0.017901624,-0.041151725,0.09198918,0.0047518625,0.011455407,0.037757993,0.16571404,0.098979615,0.008657309,-0.032603856,-0.10704707,0.81640536,0.011996015,0.07818032
-0.24845953,-0.61934257,0.02074533,0.013193894,0.0015238641,0.9811271,0.0077609695,-0.00027318296,0.0012437947,-0.010184355,0.9861065,0.005795508,1.2971088e-05,-0.013679256,-0.011890566,0.0080992235,-0.00059422234,-0.0016231638
-0.58135456,-0.69818795,0.0,0.0,0.0,1.0,0.0,0.0,0.0,0.0,1.0,0.0,0.0,0.0,0.0,0.0,0.0,0.0
-0.58086485,-0.60380083,0.06153096,-0.03161174,0.0041869543,0.9775225,0.052303374,0.012565426,-0.0006318758,0.023717362,0.06621738,0.042877425,0.012383452,0.029609522,0.9585545,-0.063228056,-0.0046822983,0.043736875
1.5508131,0.19481379,0.0,0.0,0.0,1.0,0.0,0.0,1.0,0.0,0.0,0.0,0.0,0.0,0.0,0.0,0.0,0.0
-0.75153846,-0.6913943,0.028063102,-0.01549425,0.0011811022,0.9916377,0.017088423,0.0022537543,-0.0003488612,0.005539279,0.029005872,0.021518592,0.005448858,0.006164204,0.9800393,-0.0284826,-0.00089618505,0.017597554
-0.75153846,-0.5738911,0.1358327,0.8823866,0.012130503,-0.04668453,0.085855015,0.0114364065,0.011248924,0.026277767,0.1619952,0.092735246,0.019095233,-0.024108276,-0.0953076,0.8107421,-0.002709447,0.08609178
0.96745795,0.7800244,0.0,0.0,0.0,1.0,0.0,0.0,1.0,0.0,0.0,0.0,0.0,0.0,0.0,0.0,0.0,0.0
1.5498856,2.1146884,0.0,0.0,0.0,1.0,0.0,0.0,1.0,0.0,0.0,0.0,0.0,0.0,0.0,0.0,0.0,0.0
1.3490964,-0.6629536,0.0,1.0,0.0,0.0,0.0,0.0,0.0,1.0,0.0,0.0,0.0,0.0,0.0,0.0,0.0,0.0
-0.7237155,0.9032964,1.0,0.0,0.0,0.0,0.0,0.0,1.0,0.0,0.0,0.0,0.0,0.0,0.0,0.0,0.0,0.0
-0.43733504,2.7285967,0.075375736,0.004851607,-0.0051655443,0.9289201,0.05027732,0.0054341774,-0.038615603,-0.031211764,0.034205195,0.01776918,0.017780926,-0.019541884,0.96019745,0.009158476,-0.013370875,-0.009651009
-0.5401392,1.053761,0.07140148,0.016948197,-0.00028098366,0.94260657,0.042827364,0.016598092,-0.033458285,-0.018875346,0.98642373,0.025176603,0.015639553,-0.03377682,-0.0034370522,-0.005646736,0.0021198536,0.00030642224
0.06631456,0.5416848,0.0684929,-0.0132266935,-0.010976541,0.9757666,0.042200428,0.010907543,0.99277097,-0.0784739,0.02359833,-0.094571866,-0.009913321,-0.047054656,-0.012476218,0.004698134,0.0037486013,0.0077907788
-0.64008415,0.17331858,0.041735962,0.0050421613,0.0035630846,0.9747184,0.024436222,0.0040960843,-0.007972816,-0.0027002278,0.018684564,0.018172765,0.0048757563,-0.009069643,0.9837564,-0.0027184233,-0.0027336814,0.009758249
-0.5807452,-0.6037813,0.06161431,-0.031614136,0.004256801,0.977466,0.052385405,0.012622934,-0.00068117067,0.023736285,0.06631883,0.042791918,0.0124738645,0.029501751,0.9586386,-0.063209325,-0.0048238793,0.043807954
-0.75153846,-0.50525355,0.10964128,0.019704763,0.0032532415,0.91156006,0.07049805,0.0136019895,-0.048676033,-0.043610997,0.025753153,0.018157545,0.00015117129,0.897284,-0.0029323744,0.0073659956,0.00035475602,0.012956751
0.2272767,0.04674067,0.018386,-0.0077801323,-0.00057826604,0.99710923,-0.0019942757,0.0040516085,-0.0023495648,-0.027664294,0.006860206,-0.022335503,-0.0021365269,-0.007805276,0.99227107,-0.0026641674,-0.0021095062,0.0015441845
-0.6402465,1.5809336,1.0,0.0,0.0,0.0,0.0,0.0,0.0,0.0,0.0,1.0,0.0,0.0,0.0,0.0,0.0,0.0
-0.6492849,-0.6361649,0.045480292,-0.022573361,0.0037019982,0.98637193,0.038399886,0.007354433,-0.005443184,0.014936145,0.05462769,0.032900393,0.00804457,0.02182763,0.9719078,-0.0524854,-0.002305783,0.030520715
2.9996946,1.7581576,0.0,0.0,0.0,1.0,0.0,0.0,1.0,0.0,0.0,0.0,0.0,0.0,0.0,0.0,0.0,0.0
-0.75153846,0.47279865,0.19842014,0.03270519,0.0019753182,0.8358037,0.13549542,0.016112788,-0.08745351,-0.07363278,0.03132053,0.039451186,0.016061857,0.8481481,0.0042919996,0.0281289,0.003706215,-0.0021060864
-0.0053873123,-0.36132374,0.044681244,0.019697057,-0.0014151089,0.9936364,0.025434688,0.006464312,0.03584321,0.03795925,0.9979046,0.043861583,0.011500532,0.026723262,-0.016867667,-0.021990987,0.007475178,0.013373173
0.17974254,0.77117187,0.00041140182,-0.00013651694,-4.0087674e-05,0.9998706,0.00020729152,5.6978595e-05,0.99976975,-0.00040196688,0.00019598489,-0.00047134326,-1.4086818e-05,-0.00025935826,-8.470149e-05,-8.3829855e-06,-4.2542455e-05,9.973358e-06
-0.64972574,0.3685579,0.04181518,0.006938316,0.0036991702,0.9695907,0.025469596,0.0030011665,-0.011629641,-0.0019786006,0.014456151,0.020015206,0.005571182,-0.011856666,0.9843853,0.00032567515,-0.0038318206,0.007494673
-0.5727758,-0.5493712,0.0,0.0,0.0,1.0,0.0,0.0,0.0,0.0,1.0,0.0,0.0,0.0,0.0,0.0,0.0,0.0
-0.66492015,-0.6687718,0.047301047,-0.022756351,0.0036713663,0.98478866,0.039622758,0.0077408147,-0.0061399746,0.014838081,0.054908674,0.03383524,0.007990589,0.020549037,0.9720406,-0.053096626,-0.0024493346,0.03091086
0.9690809,1.2390605,0.0,0.0,0.0,1.0,0.0,0.0,1.0,0.0,0.0,0.0,0.0,0.0,0.0,0.0,0.0,0.0
-0.68777746,-0.1385565,0.0,0.0,0.0,1.0,0.0,0.0,0.0,0.0,1.0,0.0,0.0,0.0,0.0,0.0,0.0,0.0
-0.13455616,-0.65125275,0.09911203,0.029757638,0.008252553,0.9686067,0.0635124,0.014648718,0.047501948,-0.009071983,-0.03736733,0.038880315,0.020893475,-0.052385837,0.9781211,0.008886905,-0.010052548,0.0115891835
-0.6642234,-0.6675843,0.046056658,-0.023013359,0.003643284,0.98587245,0.038910363,0.007879587,-0.005422243,0.015573365,0.055468652,0.033673506,0.008210853,0.02157323,0.97203857,-0.053694375,-0.0024230029,0.031133443
-0.73762697,1.1144499,1.0,0.0,0.0,0.0,0.0,0.0,1.0,0.0,0.0,0.0,0.0,0.0,0.0,0.0,0.0,0.0
-0.57467043,-0.60062116,0.064732045,-0.02957581,0.0061621666,0.97969544,0.05217365,0.013743058,-0.00018922516,0.026773412,0.06555666,0.041806467,0.012213278,0.035275348,0.9594553,-0.06567043,-0.0046431636,0.046147004
0.13160928,2.6644409,0.0,0.0,0.0,1.0,0.0,0.0,1.0,0.0,0.0,0.0,0.0,0.0,0.0,0.0,0.0,0.0
-0.11465722,-0.54821646,0.10717211,-0.0016699736,-0.016189571,0.98127526,-0.011413467,0.017829908,0.005255275,-0.10852157,1.0180564,-0.018657496,-0.044037428,-0.0024052702,-0.049560323,-0.01924965,0.006019989,0.019598594
2.7010612,0.60852027,0.0,0.0,0.0,1.0,0.0,0.0,1.0,0.0,0.0,0.0,0.0,0.0,0.0,0.0,0.0,0.0
-0.6460884,-0.55981433,0.037072547,-0.01756785,0.004428591,0.9877805,0.029094126,0.005429038,-0.0054819747,0.014741565,0.042166464,0.025102016,0.0053281565,0.019527923,0.97871405,-0.03889772,-0.0026129568,0.022617571
1.3908309,-0.6732379,0.0,0.0,0.0,0.0,1.0,0.0,0.0,0.0,0.0,1.0,0.0,0.0,0.0,0.0,0.0,0.0
1.3490964,-0.6650617,0.0,1.0,0.0,0.0,0.0,0.0,0.0,1.0,0.0,0.0,0.0,0.0,0.0,0.0,0.0,0.0
0.027702482,0.5062534,0.090200275,-0.010354081,-0.0106171165,0.9676752,0.054310404,0.01357687,0.9936474,-0.097677134,0.026589746,-0.119584,-0.01143432,-0.056334864,-0.016641092,0.013187488,0.0059263543,0.00796033
-0.73762697,1.1383225,1.0,0.0,0.0,0.0,0.0,0.0,1.0,0.0,0.0,0.0,0.0,0.0,0.0,0.0,0.0,0.0
-0.6402465,1.578408,1.0,0.0,0.0,0.0,0.0,0.0,0.0,0.0,0.0,1.0,0.0,0.0,0.0,0.0,0.0,0.0
0.07179312,-0.57495564,0.011019739,0.0049433685,0.001714551,1.0011927,0.012405138,0.0038388758,0.013492492,0.011296666,0.991166,0.006375578,0.005551517,0.00987756,0.0064060236,-0.007966967,0.002344528,0.006236105
-0.5706891,-0.60281575,0.0,0.0,0.0,1.0,0.0,0.0,0.0,0.0,1.0,0.0,0.0,0.0,0.0,0.0,0.0,0.0
0.5343469,-0.6757893,0.0,0.0,0.0,1.0,0.0,0.0,0.0,0.0,0.0,0.0,0.0,0.0,1.0,0.0,0.0,0.0
0.2170645,-0.3128032,0.042389017,-0.019560741,-0.004129582,0.9934541,0.0036229372,0.0062344316,0.0034783606,-0.069589,0.021692649,-0.07200233,-0.004782556,-0.021379832,0.9747769,-0.003634909,-0.0029134036,0.00358218
-0.65560716,-0.23932722,0.10687369,0.021738775,0.006380875,0.91254306,0.06815043,0.013935038,0.95365244,-0.032396477,0.014790057,0.020387372,0.0015643472,-0.06645311,-0.00646931,0.010572149,0.0011023628,0.0069282497
-0.23742107,-0.5915755,0.0378921,0.024037916,0.0028657517,0.96551394,0.014070285,-0.0006143649,0.0022812192,-0.018507179,0.97466344,0.010544799,-2.1014528e-05,-0.024857633,-0.021610428,0.014702274,-0.0011918173,-0.0029083074
-0.7072683,1.343662,0.09268715,0.016626153,0.01116393,0.9223556,0.06271943,0.009571471,-0.029762823,-0.009402154,0.032251596,0.05532345,0.0074561015,-0.0065658116,0.98303825,0.0076926667,-0.0053737178,0.018986367
-0.64998454,2.673594,0.0,0.0,0.0,1.0,0.0,0.0,0.0,0.0,1.0,0.0,0.0,0.0,0.0,0.0,0.0,0.0
-0.12337253,-0.57265985,0.08550721,-0.027265215,-0.03623791,0.98152614,0.030654663,0.00066483003,0.03551916,-0.0752182,1.0034729,-0.051945716,0.022727964,-0.03995449,-0.062342394,0.005437575,0.022541989,0.015640434
0.39198598,2.1144087,0.0,0.0,0.0,1.0,0.0,0.0,1.0,0.0,0.0,0.0,0.0,0.0,0.0,0.0,0.0,0.0
0.075524814,0.58777833,0.06450507,-0.013468061,-0.008220648,0.9787684,0.046714775,0.0076591144,0.98636436,-0.074229404,0.023338549,-0.09122427,-0.011546369,-0.047227785,-0.009325315,0.0031747655,0.0051743668,0.0060842563
0.63961047,-0.627187,0.0,0.0,0.0,1.0,0.0,0.0,0.0,0.0,0.0,0.0,0.0,0.0,1.0,0.0,0.0,0.0
-0.64409804,-0.5560063,0.037257496,-0.017824719,0.0047622705,0.98773354,0.02880234,0.005384787,-0.0056876014,0.015229117,0.04217945,0.024723757,0.005055536,0.019526511,0.9788131,-0.038776953,-0.0027829602,0.022810584
-0.2355705,-0.5882288,0.03789675,0.026478123,0.0016681991,0.9642218,0.0152814705,0.0008402572,0.0020163367,-0.020993175,0.9723158,0.009689668,0.0011649991,-0.027033838,-0.024479471,0.01773949,-0.0020319233,-0.0038466137
-0.5806259,-0.60376793,0.06149842,-0.031732522,0.004187947,0.97746927,0.05234482,0.012638086,-0.0006325418,0.023848662,0.06630237,0.04295053,0.012478866,0.02954383,0.9585527,-0.063348405,-0.0047989506,0.043726936
-0.7043912,-0.22875941,0.09028178,0.01604129,0.007695516,0.9257321,0.059464607,0.009389591,0.9579931,-0.024808418,0.015176895,0.022649383,0.002244439,-0.05283128,-0.005303135,0.0072825155,0.0019145133,0.004818513
-0.57473314,-0.6007557,0.06473027,-0.02958189,0.006172465,0.97979,0.05215631,0.013710029,-0.00025501577,0.026758207,0.065602265,0.04179117,0.012091517,0.035170574,0.9594859,-0.06573576,-0.0045800405,0.046238124
-0.58057976,-0.60360146,0.061539616,-0.031869404,0.004219156,0.97750825,0.05233599,0.012740397,-0.00067538244,0.023878338,0.06624165,0.042952433,0.0125465365,0.029651864,0.958627,-0.06322261,-0.004815197,0.043723628
-0.5672112,-0.6155592,0.0,0.0,0.0,1.0,0.0,0.0,0.0,0.0,1.0,0.0,0.0,0.0,0.0,0.0,0.0,0.0
-0.73762697,1.4614413,1.0,0.0,0.0,0.0,0.0,0.0,1.0,0.0,0.0,0.0,0.0,0.0,0.0,0.0,0.0,0.0
-0.73762697,1.3145715,1.0,0.0,0.0,0.0,0.0,0.0,1.0,0.0,0.0,0.0,0.0,0.0,0.0,0.0,0.0,0.0
-0.75153846,-0.57322663,0.1290664,0.8883635,0.01681436,-0.035440344,0.08673092,0.012656531,0.002767203,0.03519283,0.15557835,0.1067975,0.016756566,-0.01925481,-0.09472332,0.80532163,0.00547426,0.08847464
2.9996946,1.758263,0.0,0.0,0.0,1.0,0.0,0.0,1.0,0.0,0.0,0.0,0.0,0.0,0.0,0.0,0.0,0.0
-0.6642936,-0.6675779,0.046112273,-0.023017764,0.0035526394,0.98606855,0.03890617,0.0079052225,-0.0055541564,0.015649427,0.055272043,0.033663016,0.008192947,0.021655308,0.9719902,-0.053759336,-0.0024075466,0.031051526
-0.75153846,2.7667913,1.0,0.0,0.0,0.0,0.0,0.0,1.0,0.0,0.0,0.0,0.0,0.0,0.0,0.0,0.0,0.0
1.8339119,0.32075807,0.0,0.0,0.0,1.0,0.0,0.0,1.0,0.0,0.0,0.0,0.0,0.0,0.0,0.0,0.0,0.0
-0.5742019,-0.6006904,0.064948216,-0.029710911,0.006113815,0.9796768,0.052160602,0.01375466,-0.00015505825,0.026839007,0.06571012,0.041788395,0.012183845,0.035255853,0.95936096,-0.065900266,-0.0047698203,0.04628133
0.07101506,-0.56013083,0.010844437,0.00509409,0.001222647,1.001236,0.012193775,0.003563712,0.0126700215,0.010781303,0.99184155,0.00653225,0.005158988,0.009096328,0.005254947,-0.008089597,0.002327703,0.005827042
-0.093211286,-0.6162608,0.0860669,0.027245458,0.012848302,0.9594037,0.027591852,-0.0035015848,0.05088866,-0.03710791,-0.03180586,0.021072688,0.0029688315,-0.06118559,0.9524962,0.038508553,-0.013574259,-0.008529079
-0.58051693,-0.6036819,0.061551593,-0.031801723,0.004170488,0.9774727,0.05238012,0.012730655,-0.00074099575,0.023807397,0.066350535,0.04286272,0.012386185,0.029526956,0.9585386,-0.063368864,-0.004769842,0.04374708
1.2600629,1.1607479,0.0,0.0,0.0,1.0,0.0,0.0,1.0,0.0,0.0,0.0,0.0,0.0,0.0,0.0,0.0,0.0
-0.75153846,0.9953861,0.21593972,0.019344123,0.0121417465,0.8319887,0.16173129,0.022088442,0.88204986,-0.036666065,0.055911988,0.072535895,0.012074126,-0.113624536,0.01718113,-0.01132331,0.0124254795,0.014956246
-0.75153846,-0.57761806,0.12485814,0.889299,0.016334316,-0.041519232,0.08548142,0.0016338881,0.0051986366,0.030048689,0.17418014,0.11259725,0.010945315,-0.017926939,-0.08855413,0.8135315,0.009147579,0.08692227
1.3908309,-0.67832965,0.0,0.0,0.0,0.0,1.0,0.0,0.0,0.0,0.0,1.0,0.0,0.0,0.0,0.0,0.0,0.0
-0.21514641,-0.6280351,0.051522862,0.032322533,0.003416477,0.9515571,0.018821144,-0.000850229,0.004766263,-0.025046114,0.97090673,0.018888071,0.00041055706,-0.030287141,-0.034246024,0.01378304,-0.0008790058,-0.0013489991
0.65352196,-0.6605141,0.0,0.0,0.0,1.0,0.0,0.0,0.0,0.0,0.0,0.0,0.0,0.0,1.0,0.0,0.0,0.0
-0.0797943,-0.6911076,0.061924018,0.016943768,0.0025903573,0.9716383,0.01091716,-0.0032585103,0.032514095,-0.0413056,-0.024625858,0.013159526,0.005118119,-0.05785103,0.96062547,0.015249128,-0.010116889,-1.8150404e-05
-0.07462703,-0.7502882,0.046620425,0.011119091,0.0021072463,0.9836308,0.012159183,0.0014895388,0.02611746,-0.034556158,-0.011746462,0.011776132,0.0076756766,-0.04282927,0.9764276,0.003501478,-0.0044118944,0.004916793
1.5471033,0.27461386,0.0,0.0,0.0,1.0,0.0,0.0,1.0,0.0,0.0,0.0,0.0,0.0,0.0,0.0,0.0,0.0
-0.6374642,-0.6689642,0.0,0.0,0.0,0.0,1.0,0.0,0.0,0.0,0.0,1.0,0.0,0.0,0.0,0.0,0.0,0.0
-0.5069281,-0.16725378,0.0,0.0,0.0,1.0,0.0,0.0,0.0,0.0,1.0,0.0,0.0,0.0,0.0,0.0,0.0,0.0
0.22783041,0.80047476,0.0,0.0,0.0,1.0,0.0,0.0,0.0,0.0,0.0,0.0,0.0,0.0,1.0,0.0,0.0,0.0
-0.75153846,-0.5747555,0.13388154,0.88767034,0.030704776,-0.04048305,0.08805277,0.009292229,0.004190544,0.028970653,0.16679952,0.10821344,0.013085232,-0.020978883,-0.09198953,0.81529987,0.008338887,0.07936147
1.3630079,-0.6751705,0.0,1.0,0.0,0.0,0.0,0.0,0.0,1.0,0.0,0.0,0.0,0.0,0.0,0.0,0.0,0.0
-0.4577212,2.7406487,0.085972846,0.0039323713,-0.0064629316,0.9217971,0.055253264,0.006305634,-0.04091371,-0.034710664,0.04050346,0.020728184,0.019424554,-0.020707157,0.9571917,0.010941663,-0.01603164,-0.01282554
-0.574535,-0.6007053,0.06480977,-0.029673815,0.006163231,0.9796578,0.05216337,0.0137463,-4.3012667e-05,0.026742961,0.06557841,0.0417772,0.012154407,0.035228617,0.9594419,-0.06574181,-0.004663509,0.0463269
1.3769194,-0.67324424,0.0,1.0,0.0,0.0,0.0,0.0,0.0,1.0,0.0,0.0,0.0,0.0,0.0,0.0,0.0,0.0
0.65352196,-0.6647532,0.0,0.0,0.0,1.0,0.0,0.0,0.0,0.0,0.0,0.0,0.0,0.0,1.0,0.0,0.0,0.0
1.3908309,-0.6782151,0.0,0.0,0.0,0.0,1.0,0.0,0.0,0.0,0.0,1.0,0.0,0.0,0.0,0.0,0.0,0.0
-0.73762697,1.4908209,1.0,0.0,0.0,0.0,0.0,0.0,1.0,0.0,0.0,0.0,0.0,0.0,0.0,0.0,0.0,0.0
-0.6402465,1.5802497,1.0,0.0,0.0,0.0,0.0,0.0,0.0,0.0,0.0,1.0,0.0,0.0,0.0,0.0,0.0,0.0
-0.6642748,-0.6676711,0.046154402,-0.023180163,0.0035107122,0.98606503,0.03895865,0.007922387,-0.005472688,0.015656488,0.05532992,0.033591203,0.008176146,0.021646257,0.9719768,-0.053685326,-0.0024465544,0.031091902
-0.2158006,-0.6195908,0.051864423,0.03355889,0.0033093574,0.9510265,0.018464966,-0.0010899799,0.004672506,-0.025373789,0.96963596,0.018492628,0.00038167211,-0.0316499,-0.03439687,0.0153577,-0.001093078,-0.0019375586
0.65352196,-0.6618898,0.0,0.0,0.0,1.0,0.0,0.0,0.0,0.0,0.0,0.0,0.0,0.0,1.0,0.0,0.0,0.0
0.65352196,-0.65929985,0.0,0.0,0.0,1.0,0.0,0.0,0.0,0.0,0.0,0.0,0.0,0.0,1.0,0.0,0.0,0.0
-0.73762697,1.3145783,1.0,0.0,0.0,0.0,0.0,0.0,1.0,0.0,0.0,0.0,0.0,0.0,0.0,0.0,0.0,0.0
-0.73762697,1.4908174,1.0,0.0,0.0,0.0,0.0,0.0,1.0,0.0,0.0,0.0,0.0,0.0,0.0,0.0,0.0,0.0
-0.09530972,-0.6078603,0.08539571,0.031891175,0.013602506,0.95527816,0.028347412,0.0021758745,0.0486457,-0.039341386,-0.038494423,0.018153274,0.012637697,-0.06951112,0.95664513,0.039277226,-0.008138067,0.002208906
-0.6733636,-0.2354633,0.10106726,0.020000946,0.005950751,0.9171885,0.06469671,0.013013321,0.9565658,-0.030688057,0.01420329,0.018781453,0.0013635082,-0.063115574,-0.0059286808,0.009791593,0.0012260497,0.0064471276
-0.73762697,2.210514,1.0,0.0,0.0,0.0,0.0,0.0,1.0,0.0,0.0,0.0,0.0,0.0,0.0,0.0,0.0,0.0
-0.57439774,-0.60075766,0.06477928,-0.02967318,0.006152705,0.97971684,0.05210405,0.013757221,-7.9995996e-05,0.026834596,0.06565706,0.041800544,0.012225854,0.035244536,0.95932066,-0.065944925,-0.0046760673,0.046222758
-0.75153846,-0.57447124,0.123281784,0.8945331,0.019222764,-0.038221277,0.091153435,0.0101047,-0.00022942075,0.03585378,0.16972435,0.10094058,0.012235873,-0.020159919,-0.09207378,0.8089312,0.0062550916,0.09168152
1.3630079,-0.67177147,0.0,1.0,0.0,0.0,0.0,0.0,0.0,1.0,0.0,0.0,0.0,0.0,0.0,0.0,0.0,0.0
1.3908309,-0.67826074,0.0,0.0,0.0,0.0,1.0,0.0,0.0,0.0,0.0,1.0,0.0,0.0,0.0,0.0,0.0,0.0
0.63961047,-0.6621697,0.0,0.0,0.0,1.0,0.0,0.0,0.0,0.0,0.0,0.0,0.0,0.0,1.0,0.0,0.0,0.0
0.075035885,2.6584346,0.0,0.0,0.0,1.0,0.0,0.0,1.0,0.0,0.0,0.0,0.0,0.0,0.0,0.0,0.0,0.0
1.4047424,-0.6784314,0.0,0.0,0.0,0.0,1.0,0.0,0.0,0.0,0.0,1.0,0.0,0.0,0.0,0.0,0.0,0.0
-0.5725439,-0.33156878,0.0,0.0,0.0,1.0,0.0,0.0,0.0,0.0,1.0,0.0,0.0,0.0,0.0,0.0,0.0,0.0
-0.6402465,1.580656,1.0,0.0,0.0,0.0,0.0,0.0,0.0,0.0,0.0,1.0,0.0,0.0,0.0,0.0,0.0,0.0
-0.72791415,3.8158,0.16026564,-0.007034605,0.0024782484,0.9023599,0.11351399,0.0145515045,0.96001536,-0.04661252,0.06881513,0.059112705,0.0033723067,-0.00014110586,0.005714439,-0.00010842761,-0.0076043415,0.017010821
-0.084250666,-0.7096423,0.0,0.0,0.0,0.0,1.0,0.0,1.0,0.0,0.0,0.0,0.0,0.0,0.0,0.0,0.0,0.0
0.65352196,-0.6647042,0.0,0.0,0.0,1.0,0.0,0.0,0.0,0.0,0.0,0.0,0.0,0.0,1.0,0.0,0.0,0.0
-0.64998454,2.6158354,0.0,0.0,0.0,1.0,0.0,0.0,0.0,0.0,1.0,0.0,0.0,0.0,0.0,0.0,0.0,0.0
-0.66691023,-0.7117558,0.0,0.0,0.0,1.0,0.0,0.0,0.0,0.0,1.0,0.0,0.0,0.0,0.0,0.0,0.0,0.0
-0.7462057,-0.30848783,0.0,0.0,0.0,1.0,0.0,0.0,0.0,0.0,0.0,0.0,0.0,0.0,1.0,0.0,0.0,0.0
-0.73762697,1.9314218,1.0,0.0,0.0,0.0,0.0,0.0,1.0,0.0,0.0,0.0,0.0,0.0,0.0,0.0,0.0,0.0
1.3630079,-0.66265535,0.0,1.0,0.0,0.0,0.0,0.0,0.0,1.0,0.0,0.0,0.0,0.0,0.0,0.0,0.0,0.0
-0.5836731,-0.40298307,0.0,0.0,0.0,1.0,0.0,0.0,0.0,0.0,1.0,0.0,0.0,0.0,0.0,0.0,0.0,0.0
0.65352196,-0.6631944,0.0,0.0,0.0,1.0,0.0,0.0,0.0,0.0,0.0,0.0,0.0,0.0,1.0,0.0,0.0,0.0
-0.62485015,-0.3523304,0.100063965,0.015486191,0.0062497207,0.92004824,0.06750111,0.013573576,0.95907116,-0.02868436,0.01777766,0.020694036,0.0022893148,-0.060258854,-0.005981411,0.003727031,-0.002149417,0.009073125
-0.1007393,-0.5335984,0.05136887,0.05350686,-0.037161693,0.9426597,-0.0058158105,-0.017940093,0.046868127,-0.07756629,1.0386765,-0.0513509,0.031825975,-0.008377289,-0.080482036,-0.004643994,-0.0020390984,0.03653284
0.07085685,-0.5582179,0.010815403,0.0050979126,0.0012375877,1.0012188,0.012174316,0.0035430307,0.012642307,0.0107284235,0.9918215,0.0064827176,0.0051741772,0.009043135,0.0052590226,-0.008045706,0.0023497967,0.005781529
1.4047424,-0.6745241,0.0,0.0,0.0,0.0,1.0,0.0,0.0,0.0,0.0,1.0,0.0,0.0,0.0,0.0,0.0,0.0
1.3769194,-0.67304707,0.0,1.0,0.0,0.0,0.0,0.0,0.0,1.0,0.0,0.0,0.0,0.0,0.0,0.0,0.0,0.0
-0.7348446,-0.7122616,0.0,0.0,0.0,0.0,1.0,0.0,1.0,0.0,0.0,0.0,0.0,0.0,0.0,0.0,0.0,0.0
-0.66691023,-0.7109599,0.0,0.0,0.0,1.0,0.0,0.0,0.0,0.0,1.0,0.0,0.0,0.0,0.0,0.0,0.0,0.0
-0.75153846,-0.6834841,0.09372146,0.008948987,0.0042772503,0.92833835,0.064756215,0.0014463799,-0.051087916,-0.04454283,0.014422203,0.020415088,0.005708792,0.91378766,0.0012710211,0.0032381432,-0.0036964254,0.013062261
-0.5807241,-0.60373145,0.061494287,-0.03172179,0.0042545362,0.977575,0.05232847,0.012669976,-0.00066550745,0.023799736,0.06624666,0.042894214,0.012363375,0.029637724,0.95867425,-0.06337317,-0.0048444164,0.043714542
-0.75153846,0.10340811,0.12768976,0.018415412,0.012094987,0.8990233,0.080219924,0.009313953,0.94658977,-0.036894206,0.014945289,0.030415112,0.002881484,-0.069052935,-0.006307601,0.013051277,0.0025763093,0.004263652
-0.23294717,-0.60872996,0.03749209,0.024370922,0.0026131507,0.9655445,0.013502797,-0.0005856539,0.0028097383,-0.018261941,0.9742795,0.01101986,9.9704084e-05,-0.024562914,-0.022339925,0.014924041,-0.0013040559,-0.002627681
0.9737181,1.3043494,0.0,0.0,0.0,1.0,0.0,0.0,1.0,0.0,0.0,0.0,0.0,0.0,0.0,0.0,0.0,0.0
0.9737181,1.021966,0.0,0.0,0.0,1.0,0.0,0.0,1.0,0.0,0.0,0.0,0.0,0.0,0.0,0.0,0.0,0.0
-0.6247428,-0.3520285,0.10009674,0.015503647,0.0061243814,0.9199526,0.06764236,0.013494194,0.95894176,-0.028557096,0.017671764,0.020693365,0.002167673,-0.060330898,-0.0060233567,0.003670367,-0.0023200728,0.009107925
-0.31963733,2.3672009,0.07723177,-0.00471156,-0.0077367253,0.93981,0.057940617,0.0098414775,-0.050100263,-0.041771267,0.039532427,-0.002204096,0.020299325,-0.022679944,0.9613004,0.003352137,-0.016275149,-0.015543799
0.070914924,-0.5587378,0.010805992,0.005113299,0.0012437751,1.0012186,0.012162521,0.0035697913,0.012627961,0.010758707,0.99186355,0.0064961636,0.005125164,0.009027569,0.0052604275,-0.008045024,0.0023525294,0.005824253
-0.552836,0.045236617,0.0,0.0,0.0,1.0,0.0,0.0,0.0,0.0,1.0,0.0,0.0,0.0,0.0,0.0,0.0,0.0
0.65352196,-0.6611361,0.0,0.0,0.0,1.0,0.0,0.0,0.0,0.0,0.0,0.0,0.0,0.0,1.0,0.0,0.0,0.0
0.65352196,-0.6611081,0.0,0.0,0.0,1.0,0.0,0.0,0.0,0.0,0.0,0.0,0.0,0.0,1.0,0.0,0.0,0.0
-0.11904597,-0.55808204,0.09011552,-0.010002995,-0.011307771,0.95642227,0.01227676,0.0072379545,0.004559542,-0.07339743,1.009408,-0.056174934,0.012161605,-0.013655669,-0.062014032,-0.01919754,0.01285139,0.0024777753
-0.66691023,-0.7117875,0.0,0.0,0.0,1.0,0.0,0.0,0.0,0.0,1.0,0.0,0.0,0.0,0.0,0.0,0.0,0.0
-0.73762697,1.3586224,1.0,0.0,0.0,0.0,0.0,0.0,1.0,0.0,0.0,0.0,0.0,0.0,0.0,0.0,0.0,0.0
1.3908309,-0.6636809,0.0,0.0,0.0,0.0,1.0,0.0,0.0,0.0,0.0,1.0,0.0,0.0,0.0,0.0,0.0,0.0
1.3490964,-0.6645616,0.0,1.0,0.0,0.0,0.0,0.0,0.0,1.0,0.0,0.0,0.0,0.0,0.0,0.0,0.0,0.0
1.4047424,-0.67741627,0.0,0.0,0.0,0.0,1.0,0.0,0.0,0.0,0.0,1.0,0.0,0.0,0.0,0.0,0.0,0.0
-0.7515384,0.58192927,0.20085007,0.025847731,0.0014442996,0.83738524,0.14829153,0.017078748,-0.09545587,-0.06716483,0.031983353,0.0380565,0.0008300921,0.8331151,0.010950034,0.009075226,0.0029580283,0.021819042
0.65352196,-0.66350263,0.0,0.0,0.0,1.0,0.0,0.0,0.0,0.0,0.0,0.0,0.0,0.0,1.0,0.0,0.0,0.0
-0.6709875,-0.23685125,0.10150687,0.02069661,0.0060347766,0.91657794,0.06489642,0.013321343,0.95602494,-0.030937552,0.014005732,0.019576374,0.001290071,-0.06331015,-0.006202275,0.009951775,0.0010945733,0.0064443783
-0.73762697,1.1924958,1.0,0.0,0.0,0.0,0.0,0.0,1.0,0.0,0.0,0.0,0.0,0.0,0.0,0.0,0.0,0.0
0.063378684,0.5787683,0.069848575,-0.015596849,-0.008983557,0.97679204,0.050696895,0.00905081,0.9852633,-0.08142813,0.02585576,-0.1001873,-0.011637694,-0.051152207,-0.010376965,0.0032162222,0.0056518437,0.006812788
0.47615048,2.6393049,0.0,0.0,0.0,1.0,0.0,0.0,1.0,0.0,0.0,0.0,0.0,0.0,0.0,0.0,0.0,0.0
-0.75153846,-0.5762532,0.1374752,0.88727945,0.01657893,-0.035425205,0.0836552,0.014505832,-0.00046762667,0.018686626,0.17471135,0.11466358,0.014394342,-0.0150150135,-0.09177065,0.82515687,0.0032190552,0.088393375
0.07121638,-0.56746936,0.010935341,0.004902814,0.0017222281,1.0011843,0.012324821,0.0038210533,0.013412693,0.011175885,0.9912164,0.006279524,0.0055433945,0.009781365,0.0062799905,-0.007871335,0.0023062478,0.0061499355
-0.75153846,-0.5726474,0.122570775,0.8862647,0.014181789,-0.033292096,0.085872345,0.0068760556,0.000454924,0.030384788,0.17290205,0.09988211,0.01328303,-0.026274906,-0.083326355,0.8080275,0.002993594,0.09190618
-0.56813866,-0.42510688,0.0,0.0,0.0,1.0,0.0,0.0,0.0,0.0,1.0,0.0,0.0,0.0,0.0,0.0,0.0,0.0
-0.72649777,-0.51531583,0.0,0.0,0.0,0.0,1.0,0.0,1.0,0.0,0.0,0.0,0.0,0.0,0.0,0.0,0.0,0.0
0.65352196,-0.6657323,0.0,0.0,0.0,1.0,0.0,0.0,0.0,0.0,0.0,0.0,0.0,0.0,1.0,0.0,0.0,0.0
2.121184,0.7855867,0.0,0.0,0.0,1.0,0.0,0.0,1.0,0.0,0.0,0.0,0.0,0.0,0.0,0.0,0.0,0.0
-0.75153804,-0.6883709,0.025925877,-0.01430397,2.2326316e-05,0.9910549,0.019325972,0.0044352068,-0.0010260553,0.007611378,0.030643066,0.018795509,0.0040177437,0.009561094,0.9833988,-0.028520437,0.00036796156,0.016447991
-0.22841261,-0.6226032,0.038525138,0.02538059,0.0027533195,0.96475744,0.013299063,-0.00062368414,0.0037417253,-0.01961002,0.97432905,0.011157104,-4.9831062e-05,-0.02538477,-0.022465736,0.014715935,-0.0010679046,-0.0038677691
-0.75153846,-0.57826793,0.12780198,0.89389133,0.026068809,-0.038299475,0.089974165,0.014814876,0.0070759947,0.03186175,0.17357226,0.10520907,0.0089849,-0.018013678,-0.09511135,0.81297475,0.01229993,0.08290392
0.0885686,0.6072916,0.054954834,-0.015276097,-0.006345385,0.9824893,0.046618238,0.008028832,0.9825719,-0.064329624,0.023672685,-0.08268187,-0.008545811,-0.042688474,-0.007017223,0.0016695826,0.0029970626,0.0033203184
-0.75153846,-0.5794763,0.1367811,0.89688724,0.016839765,-0.036756944,0.08353025,0.016424023,0.004703832,0.018570187,0.16985744,0.100584894,0.007653704,-0.018258676,-0.09334029,0.8075736,0.007122382,0.09191591
-0.75153846,1.850659,0.24191333,0.02943752,-0.01202823,0.7895318,0.19244406,0.029585902,0.8716248,-0.051349387,0.043634932,0.07455923,0.014322726,-0.11073459,-0.01102369,0.01814151,0.021298079,0.016043082
-0.20829478,-0.7110002,0.0,0.0,0.0,0.0,1.0,0.0,1.0,0.0,0.0,0.0,0.0,0.0,0.0,0.0,0.0,0.0
-0.75153846,2.7980158,1.0,0.0,0.0,0.0,0.0,0.0,1.0,0.0,0.0,0.0,0.0,0.0,0.0,0.0,0.0,0.0
1.5508131,0.19507048,0.0,0.0,0.0,1.0,0.0,0.0,1.0,0.0,0.0,0.0,0.0,0.0,0.0,0.0,0.0,0.0
-0.75153846,56.67486,12.415694,-0.75153846,8.511693,-0.75153846,32.96086,11.999203,-0.75153846,-0.75153846,39.719124,-0.75153846,38.091335,-0.75153846,19.367939,56.67486,6.000633,27.71925
-0.6573402,-0.64637333,0.044868194,-0.022344377,0.0036725015,0.9865025,0.038063586,0.007048208,-0.005230025,0.014985417,0.05391713,0.032419395,0.007955154,0.021355035,0.97238487,-0.05196342,-0.0023094735,0.029982658
0.9737181,1.6083868,0.0,0.0,0.0,1.0,0.0,0.0,1.0,0.0,0.0,0.0,0.0,0.0,0.0,0.0,0.0,0.0
0.06561165,-0.5614787,0.10260292,-0.01750842,-0.016849425,0.96120596,0.02491717,0.012388023,0.051219784,-0.12831001,0.020130761,-0.14161694,-0.015836354,-0.035224017,0.9529787,0.0057994565,0.009712528,0.00053189154
-0.7515384,0.29100966,0.18250982,0.027656352,-0.0140686445,0.86675996,0.124199934,0.012307659,-0.101615444,-0.05275163,0.04582303,0.038343,-0.012523437,0.8431408,0.0012798269,-0.002836929,-0.01862187,0.010033248
-0.75153846,-0.5707885,0.13319288,0.8878025,0.018469596,-0.037525307,0.089494064,0.01107365,0.009167626,0.030303555,0.16405839,0.08682138,0.0059946342,-0.023206875,-0.091205575,0.80800486,0.01559457,0.09206961
-0.7348446,-0.71226984,0.0,0.0,0.0,0.0,1.0,0.0,1.0,0.0,0.0,0.0,0.0,0.0,0.0,0.0,0.0,0.0
0.65352196,-0.66073,0.0,0.0,0.0,1.0,0.0,0.0,0.0,0.0,0.0,0.0,0.0,0.0,1.0,0.0,0.0,0.0
-0.73762697,1.41738,1.0,0.0,0.0,0.0,0.0,0.0,1.0,0.0,0.0,0.0,0.0,0.0,0.0,0.0,0.0,0.0
-0.10635825,-0.5593399,0.08036745,-0.018653275,-0.016243367,0.9805412,0.028818514,0.002167636,0.020998856,-0.06357235,1.0446117,-0.037579093,0.023026269,0.014834858,-0.099565595,-0.023786025,0.004043573,-0.024804208
-0.64760953,-0.6578418,0.04892366,-0.024489352,0.0037176742,0.9851557,0.041334536,0.008383575,-0.00581518,0.016553983,0.058673505,0.035748497,0.008734032,0.022932915,0.9702346,-0.05710192,-0.0025569387,0.03300667
0.074680425,-0.5730064,0.008999977,0.0042219874,0.0010242901,1.0010014,0.010131975,0.0029822213,0.010517255,0.008921439,0.9932004,0.0053528426,0.004254208,0.007512733,0.0043581924,-0.0066870423,0.0019484254,0.004844623
-0.6642076,-0.66744184,0.04605568,-0.023057602,0.0035664781,0.9859401,0.03887042,0.007903449,-0.005547874,0.015630228,0.0553455,0.033543684,0.008217559,0.021588763,0.9720527,-0.053829577,-0.0024318655,0.031094588
-0.75153834,4.3851023,0.15776779,-0.009440818,0.011590759,0.92069525,0.11337339,0.014085797,0.9755924,-0.03356572,0.076065846,0.06370505,0.0044269767,0.020163896,-0.0010451407,-0.003974107,-0.009131005,0.022242386
1.3769194,-0.6734012,0.0,1.0,0.0,0.0,0.0,0.0,0.0,1.0,0.0,0.0,0.0,0.0,0.0,0.0,0.0,0.0
1.3769194,-0.66743594,0.0,0.0,0.0,0.0,1.0,0.0,0.0,0.0,0.0,1.0,0.0,0.0,0.0,0.0,0.0,0.0
0.65352196,-0.66050315,0.0,0.0,0.0,1.0,0.0,0.0,0.0,0.0,0.0,0.0,0.0,0.0,1.0,0.0,0.0,0.0
-0.71394634,0.15281442,0.1487869,0.027437393,0.01506677,0.8806116,0.09226948,0.014146332,0.93849874,-0.045453627,0.022855027,0.03389317,4.2883097e-05,-0.082997575,-0.0066995397,0.01080739,0.00323269,0.0052698045
-0.57478434,-0.6007968,0.06463256,-0.029700514,0.006074066,0.9797775,0.052215625,0.013713054,-0.00012212634,0.026822185,0.065581165,0.04170726,0.012126392,0.0352142,0.95943654,-0.06570549,-0.0046877,0.04618462
-0.5706891,-0.09476041,0.0,0.0,0.0,1.0,0.0,0.0,0.0,0.0,1.0,0.0,0.0,0.0,0.0,0.0,0.0,0.0
-0.688873,0.8576436,0.07058787,0.011436531,0.0041451487,0.9458202,0.043311387,0.006349196,-0.014132986,-0.0056773555,0.01710644,0.03236668,0.011007905,-0.013269898,0.97896075,0.000239117,-0.0042920546,0.0134228375
-0.12178349,-0.5518914,0.073622294,-0.002055857,0.00070893945,0.96130216,0.025724068,0.009931831,0.0235406,-0.076878846,1.0466648,-0.06237142,-0.010886921,-0.028956702,-0.042499684,-0.027509801,0.02162508,0.005535382
1.9428852,0.09481891,0.0,0.0,0.0,0.0,1.0,0.0,1.0,0.0,0.0,0.0,0.0,0.0,0.0,0.0,0.0,0.0
-0.75153846,-0.57226974,0.13745771,0.89140093,0.024070768,-0.03932022,0.088088796,0.011994306,0.0051073055,0.025534619,0.17070854,0.09874021,0.012405608,-0.030242153,-0.079493605,0.8098395,0.013649471,0.08042746
-0.6520695,-0.3467511,0.09159335,0.01376542,0.005750427,0.92680043,0.06218386,0.012349017,0.96270984,-0.026489014,0.01672205,0.018212013,0.0020697904,-0.055344034,-0.0053139073,0.0033888773,-0.0016248431,0.008007881
-0.0077374773,1.3253348,0.0,0.0,0.0,1.0,0.0,0.0,0.0,0.0,0.0,0.0,0.0,0.0,1.0,0.0,0.0,0.0
-0.75153846,0.9983107,0.21785109,0.01759627,0.012678409,0.8320272,0.16103846,0.020975323,0.8837416,-0.03116616,0.053794857,0.07839943,0.015028713,-0.11286549,0.011260623,-0.015005521,0.010814063,0.016036116
-0.64567566,-0.6576448,0.04938931,-0.024715219,0.0038059168,0.98494273,0.041672833,0.008440604,-0.005797828,0.016774869,0.05929766,0.036001217,0.008871019,0.023217134,0.969951,-0.057659563,-0.002559887,0.033244267
-0.66489136,-0.6686916,0.047366597,-0.022682779,0.00361322,0.9847935,0.039599046,0.007830648,-0.006140754,0.014832725,0.05492508,0.03372461,0.007903444,0.02056804,0.9719528,-0.053038,-0.0025426012,0.03096017
0.6794901,0.9537336,0.0,0.0,0.0,1.0,0.0,0.0,1.0,0.0,0.0,0.0,0.0,0.0,0.0,0.0,0.0,0.0
-0.62216157,-0.12479137,0.0,0.0,0.0,1.0,0.0,0.0,0.0,0.0,1.0,0.0,0.0,0.0,0.0,0.0,0.0,0.0
-0.09693752,-0.6098721,0.09030904,0.036775284,0.0028496785,0.9553906,0.03450553,0.0013892713,0.04870984,-0.04194619,-0.03966237,0.019428726,-0.0005828067,-0.059623916,0.9650752,0.033766985,-0.0059543494,-0.007790904
-0.5894922,-0.14858136,0.05998364,0.0041750944,0.0056707487,0.9611509,0.03649837,0.008464526,-0.004798141,0.0012892075,0.029357964,0.031208083,0.011110972,-0.0014657155,0.963991,-0.005801774,-0.00724027,0.014489672
1.3490964,-0.66521245,0.0,1.0,0.0,0.0,0.0,0.0,0.0,1.0,0.0,0.0,0.0,0.0,0.0,0.0,0.0,0.0
-0.7448146,-0.3058005,0.0,0.0,0.0,1.0,0.0,0.0,0.0,0.0,0.0,0.0,0.0,0.0,1.0,0.0,0.0,0.0
-0.23497757,-0.59497076,0.039231062,0.025037173,0.0029509293,0.96426415,0.014728132,-0.0006343563,0.0023355498,-0.01922093,0.97368336,0.010928548,-3.701039e-05,-0.02585998,-0.022466222,0.015318995,-0.0011474642,-0.0030217015
-0.7090365,1.3799409,0.094177336,0.017260395,0.010720727,0.920157,0.06425616,0.009699529,-0.031363975,-0.0084985895,0.031011758,0.055772368,0.0067013423,-0.0039690607,0.98271465,0.009868037,-0.003927729,0.018993387
-0.57405096,-0.6005628,0.064937934,-0.029768381,0.006081184,0.9796146,0.052298665,0.013937557,-0.0001242545,0.026970379,0.0657031,0.04181734,0.012229368,0.035237085,0.95942307,-0.065885946,-0.004663768,0.04621789
-0.73762697,2.2389607,1.0,0.0,0.0,0.0,0.0,0.0,1.0,0.0,0.0,0.0,0.0,0.0,0.0,0.0,0.0,0.0
-0.73762697,2.2619135,1.0,0.0,0.0,0.0,0.0,0.0,1.0,0.0,0.0,0.0,0.0,0.0,0.0,0.0,0.0,0.0
1.3490964,-0.66508114,0.0,1.0,0.0,0.0,0.0,0.0,0.0,1.0,0.0,0.0,0.0,0.0,0.0,0.0,0.0,0.0
-0.55978173,-0.093489386,0.07862113,0.01101052,0.0065746554,0.94824934,0.045081303,0.011244603,-0.0044475035,0.0010137883,0.03937474,0.039779656,0.0136615485,-0.0036689406,0.9550139,-0.0056077004,-0.009905341,0.020668907
1.8339119,0.32075486,0.0,0.0,0.0,1.0,0.0,0.0,1.0,0.0,0.0,0.0,0.0,0.0,0.0,0.0,0.0,0.0
-0.68435943,-0.19102234,0.0073066424,0.00046774352,0.00078453915,0.99576,0.00448357,0.00071987446,-0.0013526912,-0.000110131965,0.00399184,0.003517111,0.00093962793,-0.0006693943,0.99638426,-0.0010707267,-0.00061944604,0.0017819083
-0.45636985,2.7047315,0.08928471,0.006298164,-0.00616403,0.9110574,0.058775347,0.006390067,-0.04916686,-0.03838487,0.037574813,0.021333586,0.021393303,-0.025797771,0.9493962,0.014129225,-0.017967625,-0.0115511175
-0.58251387,-0.2989017,0.0,0.0,0.0,1.0,0.0,0.0,0.0,0.0,1.0,0.0,0.0,0.0,0.0,0.0,0.0,0.0
-0.71487176,1.4991077,0.09726936,0.016711708,0.010534737,0.9149275,0.06614207,0.010988017,-0.034515113,-0.007844041,0.034361027,0.05991819,0.0049724923,-0.001793739,0.9796637,0.010170273,-0.004547383,0.019571267
-0.6397625,-0.0693905,0.03445408,0.0040603043,0.0033605536,0.9791359,0.02077379,0.004489451,-0.004427689,-0.0016252543,0.017451314,0.01594397,0.003952674,-0.0038369396,0.9808506,-0.0023522184,-0.0025099616,0.006987876
-0.6397618,-0.06989575,0.03446887,0.0040281164,0.00336278,0.9791321,0.020728506,0.0045294547,-0.0044402513,-0.0015559007,0.017481893,0.015909316,0.003992621,-0.0037729973,0.98086596,-0.0023360644,-0.0025231345,0.0069862464
-0.7237155,0.8739477,1.0,0.0,0.0,0.0,0.0,0.0,1.0,0.0,0.0,0.0,0.0,0.0,0.0,0.0,0.0,0.0
-0.5373015,0.28215915,0.0,0.0,0.0,0.0,1.0,0.0,0.0,0.0,0.0,1.0,0.0,0.0,0.0,0.0,0.0,0.0
-0.7237155,0.8711916,1.0,0.0,0.0,0.0,0.0,0.0,1.0,0.0,0.0,0.0,0.0,0.0,0.0,0.0,0.0,0.0
-0.23272443,-0.60371745,0.036375437,0.02594173,0.0013907431,0.96520704,0.014220048,0.00068862556,0.00257483,-0.02023551,0.9725697,0.009985116,0.0010911939,-0.025931759,-0.02459752,0.01739794,-0.0022884135,-0.0035924695
2.6996703,0.6077429,0.0,0.0,0.0,1.0,0.0,0.0,1.0,0.0,0.0,0.0,0.0,0.0,0.0,0.0,0.0,0.0
-0.5806419,-0.6038184,0.06165038,-0.03166313,0.004262963,0.97749454,0.0523143,0.012743735,-0.0006306435,0.023844225,0.066332415,0.042897668,0.012330213,0.029563949,0.9586039,-0.06334797,-0.00466165,0.0436944
0.63961047,-0.6572271,0.0,0.0,0.0,1.0,0.0,0.0,0.0,0.0,0.0,0.0,0.0,0.0,1.0,0.0,0.0,0.0
-0.75153846,-0.5874923,0.1384992,0.8969404,0.016148215,-0.034873135,0.07906478,0.0064895446,-0.0012488716,0.021228392,0.17427546,0.10956067,0.016579896,-0.030250825,-0.0903134,0.8015634,0.008610795,0.073965386
0.63961047,-0.62987185,0.0,0.0,0.0,1.0,0.0,0.0,0.0,0.0,0.0,0.0,0.0,0.0,1.0,0.0,0.0,0.0
0.118860915,-0.5459172,0.06707417,-0.013910081,-0.016014235,0.9797914,0.022904122,0.012154834,0.031778034,-0.118630156,0.018869683,-0.13846196,-0.012620442,-0.023280231,0.94816273,0.0059329476,0.0054830424,0.013111722
-0.57092094,-0.38310513,0.0,0.0,0.0,1.0,0.0,0.0,0.0,0.0,1.0,0.0,0.0,0.0,0.0,0.0,0.0,0.0
-0.5373015,0.27889338,0.0,0.0,0.0,0.0,1.0,0.0,0.0,0.0,0.0,1.0,0.0,0.0,0.0,0.0,0.0,0.0
-0.75153846,0.82067156,0.19246921,0.022811098,0.009554973,0.81820494,0.14812595,0.015787818,0.8757799,-0.03715929,0.036994986,0.06564393,-0.0074096825,-0.09808672,-0.0042027575,-0.018958904,0.020361202,0.0154977
-0.63544184,-0.3116757,0.03219806,0.0011658848,0.0033759216,0.97915816,0.020312618,0.0033101195,-0.0027019044,-0.00010286882,0.016895832,0.015845781,0.0053834007,0.0012375795,0.9832857,-0.004194718,-0.003786465,0.007956561
-0.75153846,-0.5727896,0.13011645,0.8933866,0.017326163,-0.03898654,0.09057222,0.010818563,-0.00040961007,0.031474747,0.16959049,0.09846315,0.014404933,-0.019957189,-0.09675735,0.8139048,0.009453396,0.08757985
-0.03384003,-0.6119456,0.16228682,1.0228853,0.006936572,0.041497707,0.16393198,0.036609326,0.12172934,0.16161941,0.0030799909,0.07477525,0.044139143,0.10717451,0.015797297,0.8231112,0.038246393,0.13522507
-0.75153846,1.7307652,0.2418139,0.024814487,0.00053296046,0.7951548,0.17737788,0.020483395,0.8686951,-0.050163463,0.0457314,0.08820605,0.0107637765,-0.12141066,0.0011508468,0.0019956925,0.011909381,0.013292402
-0.5934476,0.46821743,0.085712925,0.017461184,0.0055673853,0.9332816,0.04937666,0.0032664353,-0.014773604,-0.004648564,0.027024532,0.0404705,0.011371871,-0.019036274,0.9600731,0.0040230807,-0.007405255,0.015921868
0.39476827,1.9447224,0.0,0.0,0.0,1.0,0.0,0.0,1.0,0.0,0.0,0.0,0.0,0.0,0.0,0.0,0.0,0.0
0.65352196,-0.6664076,0.0,0.0,0.0,1.0,0.0,0.0,0.0,0.0,0.0,0.0,0.0,0.0,1.0,0.0,0.0,0.0
0.65352196,-0.66208977,0.0,0.0,0.0,1.0,0.0,0.0,0.0,0.0,0.0,0.0,0.0,0.0,1.0,0.0,0.0,0.0
-0.75153846,-0.68913734,0.025584055,-0.014553523,0.00013201444,0.99299926,0.018558007,0.0030597937,-0.0030144325,0.0063352073,0.031940937,0.020909248,0.0024005582,0.008547965,0.9817473,-0.026479011,-0.0037434313,0.018153237
-0.6340032,0.22830316,0.045731414,0.0056011155,0.004450247,0.9718404,0.026198855,0.0040872353,-0.010761844,-0.001925991,0.021028692,0.021547327,0.00518866,-0.011207247,0.98097545,-0.004105088,-0.0033150294,0.009131247
-0.71664023,-0.11700814,0.101500295,0.018321581,0.008356454,0.9187045,0.06696601,0.009946998,0.951862,-0.02781129,0.017815031,0.024429535,0.0022605404,-0.06429551,-0.0055960673,0.008538103,0.0029775163,0.004090611
0.65352196,-0.6659581,0.0,0.0,0.0,1.0,0.0,0.0,0.0,0.0,0.0,0.0,0.0,0.0,1.0,0.0,0.0,0.0
0.65352196,-0.66588366,0.0,0.0,0.0,1.0,0.0,0.0,0.0,0.0,0.0,0.0,0.0,0.0,1.0,0.0,0.0,0.0
-0.75153846,-0.5692696,0.13204202,0.8818335,0.014682154,-0.046101328,0.09231263,0.016223753,7.58268e-05,0.025648605,0.16677214,0.09615913,0.014082442,-0.023307981,-0.10032807,0.81857836,0.011300879,0.07423935
-0.639748,-0.071105644,0.034417357,0.00400916,0.0034031067,0.97912467,0.020742988,0.004519184,-0.0044333553,-0.0016004188,0.017456666,0.015905652,0.0039962004,-0.0038526969,0.9808458,-0.0022911255,-0.0024949184,0.0069939196
0.08024397,0.5284909,0.05987059,-0.011567473,-0.009568358,0.97895443,0.036882274,0.009734054,0.99367535,-0.06836016,0.02055281,-0.0824867,-0.008705643,-0.04106941,-0.010863227,0.004195316,0.0032832208,0.006816854
1.3908309,-0.6680871,0.0,0.0,0.0,0.0,1.0,0.0,0.0,0.0,0.0,1.0,0.0,0.0,0.0,0.0,0.0,0.0
0.07163961,-0.5728129,0.010980032,0.004936973,0.0017365955,1.0011989,0.012393649,0.0038316324,0.013490172,0.01126131,0.9911891,0.006339517,0.0055242227,0.00983424,0.0063333446,-0.007889924,0.002300458,0.0062160543
-0.75153846,1.0673435,0.21741916,0.024031512,0.00043116842,0.8273746,0.17336944,0.028627694,0.88400865,-0.03773532,0.05102053,0.08205817,0.013854642,-0.10922481,-0.0004676657,-0.00935668,0.0074171093,0.0075420407
0.07149946,-0.5711782,0.0110015655,0.0049185473,0.0017204202,1.0011907,0.012364521,0.0038329395,0.013479202,0.01120836,0.99119985,0.0063231536,0.0055335504,0.009818932,0.00635498,-0.007916891,0.0022944256,0.0062160767
0.07173636,-0.5741673,0.010985414,0.0049353787,0.001750599,1.0011908,0.012394549,0.0038224917,0.01351828,0.011281989,0.9911508,0.006355166,0.0055571976,0.009875404,0.0063666166,-0.007917697,0.0023278324,0.006208066
-0.4661772,2.7457626,0.09063327,0.0034844202,-0.0064476505,0.91903186,0.058239497,0.0079424465,-0.04145419,-0.03639806,0.042219825,0.022232328,0.0192745,-0.02051271,0.9555978,0.011759149,-0.016462317,-0.012834088
-0.75153846,0.73055005,0.20207225,0.008444052,0.009730748,0.8235102,0.132563,0.033166703,-0.11513001,-0.03842212,0.05999005,0.050805412,0.007878351,0.80950856,0.0014597409,0.033819064,-0.0026416513,0.021391658
3.5682108,0.07586207,0.0,0.0,0.0,1.0,0.0,0.0,1.0,0.0,0.0,0.0,0.0,0.0,0.0,0.0,0.0,0.0
-0.6473037,-0.6583691,0.049061507,-0.024589598,0.0038597716,0.9850909,0.04145494,0.008390931,-0.0059321118,0.016734485,0.058892187,0.03572462,0.008781475,0.023053864,0.9701715,-0.057328586,-0.002546572,0.03303709
1.3630079,-0.66334033,0.0,1.0,0.0,0.0,0.0,0.0,0.0,1.0,0.0,0.0,0.0,0.0,0.0,0.0,0.0,0.0
-0.06921968,0.19557707,0.092583545,-0.00023432955,-0.0017066654,0.9564669,0.0631454,0.014667113,1.0065129,-0.12813623,0.015472065,-0.13397373,-0.011414408,-0.09124778,-0.024968106,0.020204967,0.0096432045,0.012053732
-0.72735125,1.7428048,0.106477596,0.017666724,0.010703012,0.9066125,0.07114267,0.0124167055,-0.03776662,-0.007938231,0.037118375,0.06647023,0.0047276723,-0.0062413253,0.97684216,0.011630706,-0.005063578,0.021220615
0.24922164,-0.3182475,0.030785557,-0.014871088,-0.0025215049,0.99567133,0.0024520736,0.0044391723,0.0031701913,-0.05077743,0.016205367,-0.05208164,-0.0034901612,-0.01470531,0.98106915,-0.002805603,-0.0021539447,0.0022126492
-0.63190216,0.02354149,0.04215215,0.007657625,0.004339897,0.9740229,0.02398745,0.004900271,-0.0065159258,-0.0021566555,0.019346483,0.01864606,0.005286193,-0.0067335973,0.97987896,-0.0008038784,-0.0044312794,0.009025046
0.067616425,2.6873593,0.0,0.0,0.0,1.0,0.0,0.0,1.0,0.0,0.0,0.0,0.0,0.0,0.0,0.0,0.0,0.0
-0.75153846,-0.68712205,0.026349025,-0.013956872,-0.0012589113,0.9932683,0.02026619,-0.00019537678,-0.00603039,0.0066309436,0.031058658,0.01821309,0.004205211,0.010184468,0.98326063,-0.027284537,-0.0016081545,0.01681791
1.4047424,-0.67909086,0.0,0.0,0.0,0.0,1.0,0.0,0.0,0.0,0.0,1.0,0.0,0.0,0.0,0.0,0.0,0.0
-0.23259187,-0.60855275,0.037774075,0.024484161,0.0026630494,0.96515,0.013640485,-0.00061813166,0.0029053835,-0.018591959,0.9740908,0.011204313,6.9125505e-05,-0.024819223,-0.02268308,0.015035794,-0.0013911104,-0.0028827058
-0.7417977,0.7586625,0.20168985,0.021039898,0.013600224,0.8334805,0.14739555,0.016458489,0.89052075,-0.03401916,0.044883765,0.06782935,0.007155964,-0.10690559,0.011105586,-0.0027570256,0.01001787,0.00897788
-0.580708,-0.6037176,0.0615765,-0.0316633,0.004226638,0.977509,0.052367903,0.012581433,-0.00072296034,0.023743022,0.06618015,0.04292699,0.012456356,0.029634606,0.95859486,-0.06323003,-0.0047255913,0.04383278
0.08639693,0.7464472,0.0,0.0,0.0,1.0,0.0,0.0,0.0,0.0,0.0,0.0,0.0,0.0,1.0,0.0,0.0,0.0
0.08548845,0.6013103,0.05640526,-0.015437904,-0.006804886,0.9815928,0.04766301,0.008281814,0.9833483,-0.06684285,0.024167765,-0.0847534,-0.0089511825,-0.043017525,-0.007676911,0.0019328764,0.0030832298,0.0037357546
-0.66428685,-0.6677277,0.046121046,-0.023093013,0.0034653326,0.985985,0.03890331,0.007825958,-0.0054924474,0.015705263,0.05528914,0.033528585,0.008162948,0.021588825,0.9720545,-0.053936463,-0.0025699306,0.031101268
-0.43804243,2.73373,0.07480697,0.003164615,-0.006083521,0.930094,0.049425628,0.0045531257,-0.03651122,-0.03098504,0.034747396,0.018906452,0.018703897,-0.019527983,0.96093947,0.00961972,-0.014046914,-0.010539708
1.3908309,-0.6767629,0.0,0.0,0.0,0.0,1.0,0.0,0.0,0.0,0.0,1.0,0.0,0.0,0.0,0.0,0.0,0.0
1.3490964,-0.65815586,0.0,1.0,0.0,0.0,0.0,0.0,0.0,1.0,0.0,0.0,0.0,0.0,0.0,0.0,0.0,0.0
-0.4802644,-0.6462676,0.0,0.0,0.0,1.0,0.0,0.0,0.0,0.0,1.0,0.0,0.0,0.0,0.0,0.0,0.0,0.0
-0.5749574,-0.60091937,0.06466735,-0.029731492,0.0061932784,0.9796918,0.052128553,0.013768515,-0.00015583573,0.026801644,0.065504976,0.04180667,0.012222182,0.035175823,0.9595701,-0.06563217,-0.0047452045,0.046140715
-0.2341429,-0.6169695,0.034326762,0.022191493,0.002406587,0.9684003,0.012381423,-0.00058552483,0.0026198688,-0.016844472,0.9764181,0.010229619,9.257809e-05,-0.02258815,-0.020618737,0.013665102,-0.0012902443,-0.0025652854
-0.6355138,-0.310587,0.032209165,0.0011090213,0.0033444883,0.97916496,0.020236883,0.0033545943,-0.002691452,-6.810358e-05,0.016884519,0.015840594,0.005388921,0.0012553214,0.98331374,-0.004216099,-0.003746688,0.007867777
0.071202345,-0.37604946,0.12100083,-0.026849013,-0.028126521,0.96237546,0.045306046,0.011219046,0.029527703,-0.11891423,0.033569165,-0.15358926,-0.00690038,-0.010492688,0.9647857,-0.0026472919,0.0046544774,-0.001147346
1.3630079,-0.6730128,0.0,1.0,0.0,0.0,0.0,0.0,0.0,1.0,0.0,0.0,0.0,0.0,0.0,0.0,0.0,0.0
1.4047424,-0.6780568,0.0,0.0,0.0,0.0,1.0,0.0,0.0,0.0,0.0,1.0,0.0,0.0,0.0,0.0,0.0,0.0
-0.63975626,-0.06814695,0.034621377,0.004070278,0.0034660518,0.97910357,0.020668343,0.0044229478,-0.004443601,-0.001719304,0.017368276,0.015898855,0.0039758366,-0.0038254017,0.98085487,-0.0022875175,-0.002502278,0.0070057213
0.07179495,-0.574844,0.011038627,0.004936702,0.0017754576,1.0012031,0.012396766,0.0038049095,0.013486296,0.011263032,0.99116206,0.0063963654,0.005579551,0.009853497,0.006418829,-0.007952115,0.0023207266,0.0061645973
-0.58599174,-0.7044241,0.0,0.0,0.0,1.0,0.0,0.0,0.0,0.0,1.0,0.0,0.0,0.0,0.0,0.0,0.0,0.0
-0.7469163,-0.0007180498,0.107912876,0.018924413,0.0100539755,0.9141323,0.070210636,0.010224276,0.94837636,-0.029085133,0.020360807,0.026497848,0.0010523604,-0.065347,-0.0067231534,0.00809211,0.0022548104,0.002708483
0.65352196,-0.66001046,0.0,0.0,0.0,1.0,0.0,0.0,0.0,0.0,0.0,0.0,0.0,0.0,1.0,0.0,0.0,0.0
-0.75153846,0.82195085,0.1984802,0.03018268,0.018869018,0.8331635,0.14381246,0.015521532,0.88370186,-0.036113106,0.039686102,0.08111752,-0.0002753495,-0.11166825,0.018229928,0.010997646,0.015405551,-0.0050207525
-0.73762697,2.2251725,1.0,0.0,0.0,0.0,0.0,0.0,1.0,0.0,0.0,0.0,0.0,0.0,0.0,0.0,0.0,0.0
0.65352196,-0.66357195,0.0,0.0,0.0,1.0,0.0,0.0,0.0,0.0,0.0,0.0,0.0,0.0,1.0,0.0,0.0,0.0
0.65352196,-0.6633477,0.0,0.0,0.0,1.0,0.0,0.0,0.0,0.0,0.0,0.0,0.0,0.0,1.0,0.0,0.0,0.0
-0.75153846,-0.5651908,0.1306645,0.89576465,0.010198273,-0.045988888,0.08322353,0.019983878,0.0094641615,0.027123138,0.16710564,0.09400311,0.018148508,-0.008673131,-0.094778575,0.8084246,-0.000117237156,0.087715656
-0.15721646,-0.67825323,0.1112191,0.02263343,0.007186196,0.98013043,0.07740105,0.01691258,0.05400117,0.023014072,-0.036810573,0.07784141,0.023719484,-0.029677352,0.99107254,-0.015686639,-0.0029115719,0.022907373
0.65352196,-0.66505194,0.0,0.0,0.0,1.0,0.0,0.0,0.0,0.0,0.0,0.0,0.0,0.0,1.0,0.0,0.0,0.0
1.3908309,-0.67829126,0.0,0.0,0.0,0.0,1.0,0.0,0.0,0.0,0.0,1.0,0.0,0.0,0.0,0.0,0.0,0.0
-0.68417233,-0.23496555,0.09724322,0.018680027,0.005597185,0.92045885,0.06292118,0.01243818,0.9588894,-0.029647568,0.014356353,0.01745853,0.0015763219,-0.061180305,-0.005442179,0.009417593,0.0012929176,0.005757734
-0.64150655,-0.6576949,0.050492384,-0.025161717,0.0039144056,0.9845832,0.04252373,0.008577526,-0.0059836935,0.017183356,0.060508516,0.03684639,0.008957467,0.023702241,0.96928805,-0.05896118,-0.0027412316,0.034040634
-0.75153846,-0.6872022,0.026884776,-0.013674431,0.003917639,0.9907485,0.017645147,0.0029814816,0.0003799448,0.0044510313,0.028726153,0.021304784,0.005974371,0.007695444,0.9849007,-0.029724704,0.00029655697,0.01726718
0.29669228,2.640476,0.0,0.0,0.0,1.0,0.0,0.0,1.0,0.0,0.0,0.0,0.0,0.0,0.0,0.0,0.0,0.0
0.07341288,2.6892326,0.0,0.0,0.0,1.0,0.0,0.0,1.0,0.0,0.0,0.0,0.0,0.0,0.0,0.0,0.0,0.0
0.65352196,-0.6655365,0.0,0.0,0.0,1.0,0.0,0.0,0.0,0.0,0.0,0.0,0.0,0.0,1.0,0.0,0.0,0.0
-0.6713155,-0.712296,0.0,0.0,0.0,0.0,1.0,0.0,0.0,0.0,0.0,1.0,0.0,0.0,0.0,0.0,0.0,0.0
-0.6890758,-0.12034663,0.11241112,0.021255696,0.0091596935,0.90771824,0.07322155,0.012007267,0.9472597,-0.027913325,0.017662201,0.02854884,0.0024913745,-0.06562276,-0.0073756212,0.008497025,0.0024718242,0.006397305
1.2612222,1.0916271,0.0,0.0,0.0,1.0,0.0,0.0,1.0,0.0,0.0,0.0,0.0,0.0,0.0,0.0,0.0,0.0
-0.5692979,-0.7047077,0.0,0.0,0.0,1.0,0.0,0.0,0.0,0.0,1.0,0.0,0.0,0.0,0.0,0.0,0.0,0.0
-0.7237155,0.9767499,1.0,0.0,0.0,0.0,0.0,0.0,1.0,0.0,0.0,0.0,0.0,0.0,0.0,0.0,0.0,0.0
-0.5739351,-0.70570624,0.0,0.0,0.0,1.0,0.0,0.0,0.0,0.0,1.0,0.0,0.0,0.0,0.0,0.0,0.0,0.0
-0.75153846,-0.5053667,0.10469542,0.01927043,-0.00039490763,0.9071488,0.06831285,0.012562708,-0.05671338,-0.04475966,0.026246976,0.019550337,0.003408964,0.899247,-0.00042268788,0.012516945,0.00023196846,0.0048076985
-0.7515383,0.94712836,0.21331878,0.017497316,0.012415839,0.8353069,0.15626553,0.0195538,0.886053,-0.035307743,0.053071763,0.07809062,0.004789689,-0.120537624,0.010607706,-0.00492959,0.002373395,0.012061903
0.087204926,0.61363053,0.055861894,-0.015620187,-0.006480903,0.9821912,0.047414213,0.008148719,0.9823019,-0.06552696,0.024363067,-0.08409114,-0.008745564,-0.04340229,-0.0072323983,0.0016656902,0.0029784725,0.0032920009
0.65352196,-0.66167986,0.0,0.0,0.0,1.0,0.0,0.0,0.0,0.0,0.0,0.0,0.0,0.0,1.0,0.0,0.0,0.0
0.65352196,-0.6600313,0.0,0.0,0.0,1.0,0.0,0.0,0.0,0.0,0.0,0.0,0.0,0.0,1.0,0.0,0.0,0.0
-0.64998454,2.673557,0.0,0.0,0.0,1.0,0.0,0.0,0.0,0.0,1.0,0.0,0.0,0.0,0.0,0.0,0.0,0.0
1.3630079,-0.6718563,0.0,1.0,0.0,0.0,0.0,0.0,0.0,1.0,0.0,0.0,0.0,0.0,0.0,0.0,0.0,0.0
1.9438126,0.09537766,0.0,0.0,0.0,0.0,1.0,0.0,1.0,0.0,0.0,0.0,0.0,0.0,0.0,0.0,0.0,0.0
1.3908309,-0.67322373,0.0,0.0,0.0,0.0,1.0,0.0,0.0,0.0,0.0,1.0,0.0,0.0,0.0,0.0,0.0,0.0
-0.6729546,-0.6628737,0.043282516,-0.021613041,0.0034845495,0.9869881,0.03661602,0.006821697,-0.005200021,0.014400174,0.052152142,0.031296387,0.00765982,0.020588571,0.9733835,-0.049943913,-0.0022683572,0.02901178
0.65352196,-0.6645816,0.0,0.0,0.0,1.0,0.0,0.0,0.0,0.0,0.0,0.0,0.0,0.0,1.0,0.0,0.0,0.0
56.67486,-0.75153846,56.67486,-0.75153846,56.67486,56.67486,-0.75153846,-0.75153846,-0.75153846,-0.75153846,-0.75153846,56.67486,-0.75153846,56.67486,-0.75153846,-0.75153846,-0.75153846,56.67486
-0.6304875,0.25165462,0.048302833,0.0055724485,0.005155303,0.9696527,0.027930435,0.004188855,-0.01049789,-0.001262057,0.022521414,0.022979368,0.005421644,-0.0110912435,0.9801441,-0.004533066,-0.0032616477,0.010069996
0.04142025,0.52210456,0.083015665,-0.010971311,-0.010846195,0.9703218,0.050400693,0.013158723,0.9927998,-0.09070575,0.026106155,-0.11205665,-0.012063733,-0.05171744,-0.016027743,0.011796629,0.0051717665,0.0069200858
2.531341,-0.6870451,0.0,0.0,0.0,0.0,1.0,0.0,1.0,0.0,0.0,0.0,0.0,0.0,0.0,0.0,0.0,0.0
-0.7105918,1.40518,0.09504118,0.017421976,0.011334426,0.91907066,0.06474746,0.010009875,-0.032015257,-0.009152927,0.031259183,0.055998858,0.0065480424,-0.0038594902,0.9828045,0.009527719,-0.003794635,0.019357454
-0.75153846,-0.5797388,0.13228561,0.88318217,0.0181275,-0.04110708,0.08109517,0.017974842,-0.0018481745,0.02350278,0.16886649,0.11052279,0.008311758,-0.015906928,-0.09590932,0.8165848,0.0087027885,0.08753874
-0.57952464,-0.6031572,0.061394174,-0.031931352,0.0042597083,0.9779007,0.05238805,0.0125158075,-0.0008779569,0.024156379,0.06677234,0.042815756,0.012275621,0.030488916,0.9589821,-0.064034805,-0.004730971,0.04409654
-0.7515384,-0.5758623,0.12865692,0.88532466,0.012923855,-0.038308706,0.09466609,0.00827119,0.009709343,0.028438566,0.17463206,0.096571706,0.011124058,-0.019464158,-0.098473,0.8154147,0.012657783,0.075416006
-0.11207207,-0.5195304,0.058949895,0.027194358,0.015197516,0.96644294,-0.001004921,0.0018778505,0.040661097,-0.07591625,1.063518,-0.095540024,-0.034851514,0.03701375,-0.053757083,0.0011456164,0.011437231,-0.010371098
0.13949245,-0.7110385,0.0,0.0,0.0,0.0,1.0,0.0,1.0,0.0,0.0,0.0,0.0,0.0,0.0,0.0,0.0,0.0
0.6101645,-0.68270624,0.0,0.0,0.0,0.0,1.0,0.0,1.0,0.0,0.0,0.0,0.0,0.0,0.0,0.0,0.0,0.0
-0.75153846,-0.57997423,0.1237624,0.89467573,0.021511149,-0.03765167,0.089021005,0.006364962,0.0055844844,0.033287823,0.16903968,0.10352488,0.011750791,-0.007304219,-0.09826734,0.8023506,0.01495603,0.081636816
0.65352196,-0.66334224,0.0,0.0,0.0,1.0,0.0,0.0,0.0,0.0,0.0,0.0,0.0,0.0,1.0,0.0,0.0,0.0
-0.75153846,0.43891782,0.19703382,0.03529248,-0.0009061965,0.8416322,0.12748072,0.010792069,-0.10814569,-0.07663227,0.036018085,0.032740388,0.0075701303,0.8567617,0.0063103763,0.014521415,-0.0049580927,0.023018429
-0.75153846,5.6016164,0.21381134,-0.0042775837,0.016366273,0.9211791,0.14548819,0.012820433,0.9689858,-0.029032735,0.12339921,0.081767745,-0.006714508,0.049163274,0.013135176,-0.020331504,0.001152487,0.029189922
-0.7366333,0.87654966,0.043819115,0.008121713,0.0034005046,0.9656701,0.027462812,0.0039294255,-0.011949449,-0.0031113052,0.012845228,0.02124732,0.006363803,-0.0097966455,0.9887022,-7.3069874e-05,-0.0025540758,0.00805749
0.08714067,0.57787675,0.05698086,-0.0139147155,-0.005675859,0.9820771,0.04264998,0.008189859,0.98569196,-0.06672923,0.021671945,-0.08089111,-0.00839193,-0.04210467,-0.009732602,0.0026921837,0.0038352516,0.00407355
1.3769194,-0.6758526,0.0,1.0,0.0,0.0,0.0,0.0,0.0,1.0,0.0,0.0,0.0,0.0,0.0,0.0,0.0,0.0
0.0753718,0.57129955,0.06316757,-0.013675296,-0.0082960995,0.97903436,0.045700803,0.007944067,0.9867282,-0.07354894,0.023137927,-0.09052924,-0.0110395225,-0.04594522,-0.009373968,0.0033517322,0.0049138884,0.005812438
1.8415632,0.0338602,0.0,0.0,0.0,0.0,1.0,0.0,1.0,0.0,0.0,0.0,0.0,0.0,0.0,0.0,0.0,0.0
0.08209728,0.6050751,0.058360722,-0.016100714,-0.006995939,0.9809237,0.04931911,0.008695696,0.98269147,-0.06915619,0.024913372,-0.08777983,-0.009211156,-0.044471685,-0.007851478,0.0020077864,0.003239072,0.003877923
0.11403435,-0.14901356,0.09713612,-0.028075943,-0.020244721,0.9694395,0.030730866,0.010265903,0.01957996,-0.09866604,0.026078109,-0.12559818,-0.010188438,-0.010522896,0.9740883,-0.00020547822,0.0013586798,-0.0023881798
0.10221322,0.61651605,0.049542706,-0.014493383,-0.0064299004,0.9842978,0.04013228,0.0073005133,0.98551035,-0.055814587,0.021684306,-0.07175975,-0.006961511,-0.035918165,-0.0074206865,0.001925675,0.0021435833,0.0040859925
-0.72315466,2.391069,0.12779708,0.032428216,0.0036115919,0.88522685,0.10049663,0.020722061,-0.04831188,-0.017218497,0.043146756,0.08086649,0.007718795,-0.0040836614,0.9671604,0.017695522,-0.008416032,0.016647387
-0.5750944,-0.23530369,0.0,0.0,0.0,1.0,0.0,0.0,0.0,0.0,1.0,0.0,0.0,0.0,0.0,0.0,0.0,0.0
0.39198598,2.1133916,0.0,0.0,0.0,1.0,0.0,0.0,1.0,0.0,0.0,0.0,0.0,0.0,0.0,0.0,0.0,0.0
-0.6374642,-0.66844285,0.0,0.0,0.0,0.0,1.0,0.0,0.0,0.0,0.0,1.0,0.0,0.0,0.0,0.0,0.0,0.0
-0.75153846,-0.68556106,0.025518034,-0.014440974,0.0015861985,0.99233717,0.018295806,0.002466001,-0.0026395693,0.009448126,0.02889236,0.018004943,0.0027095152,0.012886423,0.98570675,-0.028978184,0.0023317821,0.0185851
-0.645193,-0.33859846,0.026508212,0.0008169952,0.0028020262,0.9828318,0.0167384,0.0027449403,-0.0022393551,-2.582441e-05,0.013974601,0.013081614,0.004452235,0.0009980823,0.9862188,-0.0034550817,-0.003131413,0.0066080983
0.61804765,-0.6903109,0.0,0.0,0.0,1.0,0.0,0.0,0.0,0.0,0.0,0.0,0.0,0.0,1.0,0.0,0.0,0.0
-0.2581443,-0.71103734,0.0,0.0,0.0,0.0,1.0,0.0,1.0,0.0,0.0,0.0,0.0,0.0,0.0,0.0,0.0,0.0
2.9934344,1.7580234,0.0,0.0,0.0,1.0,0.0,0.0,1.0,0.0,0.0,0.0,0.0,0.0,0.0,0.0,0.0,0.0
-0.73052496,-0.0023034632,0.11385776,0.020022519,0.010708343,0.9092117,0.074134745,0.010695896,0.945505,-0.030693626,0.021552473,0.027964972,0.0011234379,-0.069012806,-0.0070938393,0.008422286,0.0022788986,0.002961418
-0.73762697,1.3733166,1.0,0.0,0.0,0.0,0.0,0.0,1.0,0.0,0.0,0.0,0.0,0.0,0.0,0.0,0.0,0.0
-0.664314,-0.6676302,0.046172544,-0.023156343,0.003625079,0.9859872,0.038928222,0.007830696,-0.0054593417,0.015557086,0.055251904,0.033608977,0.008089854,0.021581009,0.9719819,-0.053768866,-0.0024047592,0.03104176
-0.75153846,-0.5785381,0.1303876,0.87911475,0.008366632,-0.04272354,0.090145,0.007995243,-0.004030106,0.038599066,0.16071953,0.11109783,0.004058218,-0.011527889,-0.097961485,0.8133867,0.01668608,0.078517914
-0.11341847,-0.55641526,0.07324074,-0.018323515,-0.02504309,0.9588563,0.027979894,0.014801174,0.057339195,-0.044111528,1.0441154,-0.08605348,0.065216415,0.018328058,-0.07136367,0.01856805,0.036902647,-0.024434838
-0.5804103,-0.603748,0.061573014,-0.031839147,0.0042381687,0.97745013,0.05243067,0.0126024205,-0.0006446053,0.023855176,0.06633091,0.042869586,0.012482773,0.029635955,0.9585025,-0.06341845,-0.0047155423,0.04379502
-0.58599174,3.9911394,0.0,0.0,0.0,1.0,0.0,0.0,0.0,0.0,0.0,0.0,0.0,0.0,1.0,0.0,0.0,0.0
-0.7500423,0.39607102,0.16291644,0.024947751,0.0131318,0.86864555,0.11299804,0.012655139,0.91682863,-0.032688927,0.035008587,0.051013965,0.0025455125,-0.09134751,0.0027408611,0.0063238028,0.0005217218,0.0050091636
-0.23627412,-0.6077663,0.034593612,0.022416377,0.0024599165,0.9681718,0.012566208,-0.0003938972,0.0025473586,-0.017020583,0.97646576,0.010116488,0.0001905759,-0.0227589,-0.020501047,0.0137914745,-0.0012895663,-0.002710878
-0.75153846,2.41554,0.2542467,0.037836455,-0.0115262205,0.77516866,0.1799442,0.030155115,0.88110834,-0.06411248,0.035825152,0.07716639,0.01712406,-0.08081969,-0.028973822,0.022461345,0.011314868,0.01743944
-0.5741303,-0.6002979,0.064809665,-0.02974574,0.0061227363,0.9797542,0.052225944,0.013769282,-0.00017055131,0.026902335,0.06568187,0.041781235,0.012146938,0.035335988,0.9594221,-0.06579165,-0.00467606,0.046290345
2.7068577,0.07474193,0.0,0.0,0.0,1.0,0.0,0.0,1.0,0.0,0.0,0.0,0.0,0.0,0.0,0.0,0.0,0.0
-0.73762697,1.8873767,1.0,0.0,0.0,0.0,0.0,0.0,1.0,0.0,0.0,0.0,0.0,0.0,0.0,0.0,0.0,0.0
-0.57894313,-0.60289806,0.061461378,-0.032010164,0.004289943,0.977916,0.052512415,0.012488279,-0.0007724987,0.024169255,0.066969395,0.04293369,0.012188608,0.03058794,0.958872,-0.06417133,-0.0047490736,0.044203997
-0.6694468,-0.23735102,0.10203739,0.02056298,0.0062321005,0.91621757,0.06521891,0.013471414,0.9557648,-0.03097653,0.014116829,0.019720536,0.0011995964,-0.06360281,-0.0062494697,0.009822741,0.0012079525,0.00642586
1.8366941,0.09126118,0.0,0.0,0.0,1.0,0.0,0.0,1.0,0.0,0.0,0.0,0.0,0.0,0.0,0.0,0.0,0.0
-0.7515383,2.3307004,0.11960424,0.021749021,0.010704767,0.897703,0.094919905,0.016924676,-0.052225452,-0.01302888,0.03921356,0.07269101,0.016008489,-0.004918747,0.9741982,0.008506186,-0.010155359,0.012601393
0.07738714,0.50965554,0.059676565,-0.010901233,-0.0102852145,0.9787133,0.03619403,0.009539101,0.9947187,-0.068470985,0.020884203,-0.08332004,-0.009044463,-0.040974665,-0.011308632,0.004388933,0.0032391525,0.005888056
0.63961047,-0.6606043,0.0,0.0,0.0,1.0,0.0,0.0,0.0,0.0,0.0,0.0,0.0,0.0,1.0,0.0,0.0,0.0
0.07147484,0.6017645,0.0674554,-0.014236897,-0.008752678,0.97772634,0.049031895,0.008203211,0.98573,-0.07748047,0.024501396,-0.09533682,-0.011905177,-0.049594924,-0.009658058,0.0030822686,0.0055696294,0.00673175
1.049072,0.7824063,0.0,0.0,0.0,0.0,1.0,0.0,1.0,0.0,0.0,0.0,0.0,0.0,0.0,0.0,0.0,0.0
0.65352196,-0.6643058,0.0,0.0,0.0,1.0,0.0,0.0,0.0,0.0,0.0,0.0,0.0,0.0,1.0,0.0,0.0,0.0
-0.61373794,2.7407975,0.20004168,0.021656947,-0.016043674,0.78118134,0.15568592,0.020457452,0.8875389,-0.06376311,0.05598451,0.063038915,0.01063285,-0.040522523,-0.0201655,0.023968033,-0.0129705975,0.005772649
0.66372377,-0.6735243,0.0,0.0,0.0,0.0,1.0,0.0,1.0,0.0,0.0,0.0,0.0,0.0,0.0,0.0,0.0,0.0
2.4165714,0.6191807,0.0,0.0,0.0,1.0,0.0,0.0,1.0,0.0,0.0,0.0,0.0,0.0,0.0,0.0,0.0,0.0
0.052542817,-0.5636441,0.024543805,0.010611024,0.004148729,1.0031596,0.027703146,0.00819927,0.032118633,0.023212295,0.9801787,0.013212735,0.012232711,0.020883422,0.013477785,-0.017746933,0.0054536727,0.014420207
-0.43659952,2.7288702,0.07470602,0.0038585074,-0.0067846635,0.92916167,0.04954919,0.005516296,-0.03840961,-0.03009987,0.034339387,0.017825527,0.016653392,-0.019281942,0.9600937,0.010025735,-0.014530681,-0.010065868
2.629881,-0.6450392,0.0,0.0,0.0,0.0,1.0,0.0,1.0,0.0,0.0,0.0,0.0,0.0,0.0,0.0,0.0,0.0
-0.75153846,-0.5712948,0.12468886,0.893337,0.009177308,-0.036619183,0.09252605,0.0077145523,0.008156684,0.023440683,0.17221667,0.09735431,0.011330861,-0.028874176,-0.09132402,0.8066201,0.013145115,0.08080116
1.2579762,0.19507754,0.0,0.0,0.0,1.0,0.0,0.0,1.0,0.0,0.0,0.0,0.0,0.0,0.0,0.0,0.0,0.0
-0.75153846,-0.71229726,0.0,1.0,0.0,0.0,0.0,0.0,0.0,1.0,0.0,0.0,0.0,0.0,0.0,0.0,0.0,0.0
-0.73762697,5.667548,1.0,0.0,0.0,0.0,0.0,0.0,1.0,0.0,0.0,0.0,0.0,0.0,0.0,0.0,0.0,0.0
0.07858216,0.6141425,0.06064444,-0.016916651,-0.007090824,0.9808093,0.05133501,0.00883731,0.98076963,-0.070971794,0.026311522,-0.09109656,-0.009506824,-0.04707473,-0.0077978643,0.001792854,0.0031592243,0.0035195064
-0.63550067,-0.31274956,0.032187387,0.0011078372,0.0033898167,0.9791873,0.020238163,0.0033132615,-0.0026978974,-0.00016003656,0.016846392,0.015897177,0.005352024,0.0012767228,0.9833337,-0.004211176,-0.0037525792,0.007935681
-0.29655015,2.3316736,0.15016733,-0.0042081284,-0.01755568,0.8915325,0.130963,0.022823067,0.8791659,-0.068577126,0.05233535,-0.012228018,0.023153458,-0.08741625,0.04827693,0.002126967,-0.017789595,-0.00524139
-0.58460057,-0.7066436,0.0,0.0,0.0,1.0,0.0,0.0,0.0,0.0,1.0,0.0,0.0,0.0,0.0,0.0,0.0,0.0
0.65352196,-0.6633631,0.0,0.0,0.0,1.0,0.0,0.0,0.0,0.0,0.0,0.0,0.0,0.0,1.0,0.0,0.0,0.0
-0.64627355,-0.56220734,0.036836065,-0.017802138,0.0044075185,0.9881664,0.029400984,0.0056653824,-0.0056015975,0.014566557,0.042621557,0.025623705,0.0051497435,0.020025562,0.97852516,-0.03952723,-0.0024732968,0.022463439
-0.67234945,-0.23672853,0.101074226,0.020294623,0.006026418,0.91701216,0.06482605,0.013300672,0.95638305,-0.030827224,0.01415551,0.019279102,0.0014851051,-0.06299508,-0.00616655,0.00972155,0.0012603231,0.006442638
0.07094529,-0.55909425,0.010797188,0.0051099467,0.0012408254,1.0012305,0.012172516,0.003535253,0.012642669,0.010736458,0.9918422,0.006473111,0.005136949,0.009074006,0.00523774,-0.0080861375,0.0023360532,0.0058079995
-0.6904703,-0.23241106,0.0943139,0.019441517,0.0067010815,0.92170185,0.062639646,0.011000338,0.95610464,-0.027209502,0.015297632,0.020184642,0.0019115445,-0.05652319,-0.008319874,0.008631267,0.0027777941,0.0062952237
41.644764,1.8136177,29.60453,-0.75153846,-0.75153846,-0.75153846,31.051792,43.309727,30.779154,18.8815,-0.75153846,22.60847,19.137207,-0.75153846,-0.75153846,-0.75153846,39.88395,2.6717834
-0.6642419,-0.66760075,0.04609931,-0.023119718,0.003605655,0.98598355,0.038988512,0.0078237355,-0.005498704,0.01570659,0.055239394,0.033618283,0.008217402,0.02164813,0.9720216,-0.053770717,-0.0024707888,0.031120732
0.0887437,0.5661963,0.057729192,-0.01073981,-0.00872397,0.9806716,0.03660597,0.008232126,0.9915812,-0.06586289,0.01863032,-0.079480305,-0.008668801,-0.040389657,-0.0108199585,0.0028729108,0.004071668,0.0075779497
0.25915068,-0.31968695,0.027736051,-0.013111319,-0.002139567,0.9958786,0.0025051832,0.004265029,0.0030507627,-0.044539068,0.014133302,-0.04570031,-0.0029024442,-0.012838419,0.9828391,-0.002008296,-0.0020090367,0.0018532503
0.1794311,-0.3710781,0.0577964,-0.028270371,-0.004404213,0.99009955,0.0047898544,0.009010287,0.004820846,-0.096760854,0.028009603,-0.10280448,-0.0075692665,-0.025935337,0.96357703,-0.006955327,-0.004482088,0.007938924
-0.22963105,-0.6204934,0.037907682,0.024914844,0.0027241176,0.9652803,0.013059276,-0.0006467585,0.003729107,-0.019225305,0.9747297,0.011080358,3.2041775e-05,-0.02500088,-0.02204795,0.014436305,-0.00097464665,-0.0037936114
1.8424906,2.114182,0.0,0.0,0.0,1.0,0.0,0.0,1.0,0.0,0.0,0.0,0.0,0.0,0.0,0.0,0.0,0.0
-0.11601523,-0.7111519,0.0,0.0,0.0,0.0,1.0,0.0,1.0,0.0,0.0,0.0,0.0,0.0,0.0,0.0,0.0,0.0
0.08453995,0.6142521,0.05739369,-0.01603205,-0.006683644,0.9817526,0.048619106,0.00829578,0.981866,-0.06716887,0.024938116,-0.08632613,-0.00896769,-0.044580348,-0.0073948186,0.0016717999,0.0030752688,0.0033803447
-0.6629749,-0.66292095,0.045782022,-0.02276519,0.0037631297,0.9861594,0.038817633,0.007366416,-0.0054014036,0.015346799,0.05515773,0.033107597,0.008066835,0.02176168,0.9718906,-0.05304271,-0.0023821509,0.030720163
-0.58599174,3.9883492,0.0,0.0,0.0,1.0,0.0,0.0,0.0,0.0,0.0,0.0,0.0,0.0,1.0,0.0,0.0,0.0
-0.75153846,2.327939,0.12370726,0.028275097,0.0043088603,0.89559776,0.0849068,0.018626243,-0.04906709,-0.011553516,0.041425038,0.070937745,0.0072340863,-0.012652374,0.96985096,0.019531485,-0.005483497,0.015525001
-0.2340788,-0.6154374,0.03468019,0.022576679,0.002443188,0.96794754,0.012514087,-0.00062295684,0.0026915604,-0.017045816,0.9761555,0.010301768,8.653803e-05,-0.022883855,-0.020845473,0.013832956,-0.0013136467,-0.0025597613
-0.6398706,-0.06822489,0.034406956,0.004024125,0.003439108,0.9791666,0.020734316,0.0044718077,-0.0044317264,-0.0015689416,0.017488284,0.015967352,0.0040256055,-0.0038331468,0.98093915,-0.002368397,-0.0024420265,0.0069447863
-0.75153846,-0.6912644,0.02924381,-0.01498919,0.0005372098,0.9913727,0.018562833,0.0057645086,-0.0036506674,0.00364736,0.030643472,0.019250782,0.0054431274,0.009878304,0.9833685,-0.02830916,-0.00074042176,0.015843295
1.9394073,0.087648764,0.0,0.0,0.0,0.0,1.0,0.0,1.0,0.0,0.0,0.0,0.0,0.0,0.0,0.0,0.0,0.0
1.3908309,-0.67675465,0.0,0.0,0.0,0.0,1.0,0.0,0.0,0.0,0.0,1.0,0.0,0.0,0.0,0.0,0.0,0.0
-0.23654008,-0.6020194,0.036168363,0.022902371,0.0026898514,0.9671245,0.01349071,-0.0005537582,0.00218569,-0.01763986,0.9758694,0.010095181,-3.000762e-05,-0.023767613,-0.02062547,0.0140450895,-0.0010706163,-0.0027791893
-0.73391724,-0.71221733,0.0,0.0,0.0,0.0,1.0,0.0,1.0,0.0,0.0,0.0,0.0,0.0,0.0,0.0,0.0,0.0
0.65352196,-0.66111845,0.0,0.0,0.0,1.0,0.0,0.0,0.0,0.0,0.0,0.0,0.0,0.0,1.0,0.0,0.0,0.0
-0.5792754,-0.35782224,0.11469388,0.017791994,0.007019262,0.90838134,0.07741359,0.015456696,0.9530533,-0.032855805,0.020335184,0.023702893,0.0024752147,-0.06918562,-0.0070384312,0.004229655,-0.0025153446,0.010465896
-0.1261757,-0.7224194,0.081965834,0.01809203,0.008818167,0.9792121,0.054958735,0.00928856,0.039964706,-0.0055207703,-0.022596989,0.037354715,0.020835154,-0.035872776,0.98706794,-0.0020956316,-0.0067678047,0.017192448
-0.73762697,1.5504925,1.0,0.0,0.0,0.0,0.0,0.0,1.0,0.0,0.0,0.0,0.0,0.0,0.0,0.0,0.0,0.0
-0.66691023,-0.7120058,0.0,0.0,0.0,1.0,0.0,0.0,0.0,0.0,1.0,0.0,0.0,0.0,0.0,0.0,0.0,0.0
-0.73762697,1.358629,1.0,0.0,0.0,0.0,0.0,0.0,1.0,0.0,0.0,0.0,0.0,0.0,0.0,0.0,0.0,0.0
-0.75153846,-0.5797099,0.1317435,0.8904267,0.013051266,-0.031181892,0.09162151,0.013274755,0.006605533,0.03045448,0.17288134,0.11019152,0.016449178,-0.014679162,-0.09243317,0.8163517,0.017981904,0.08422839
-0.75153846,0.9950579,0.21605228,0.018743152,0.007580464,0.81046814,0.1500094,0.029959498,-0.10262337,-0.07328688,0.062445696,0.05026096,-0.0020614031,0.82534903,0.008552452,0.012728888,0.011222753,0.0043055345
-0.5877756,-0.6036739,0.06071072,-0.027161704,0.006239631,0.9766099,0.046619564,0.011324524,-0.0032995236,0.025540994,0.06720656,0.042675294,0.0108327465,0.028746963,0.95664424,-0.05860346,-0.006488717,0.039456144
0.071719736,-0.5740262,0.011024491,0.0049341214,0.0017671353,1.0012106,0.012436682,0.0038350543,0.013497519,0.011264671,0.9911591,0.0063587814,0.0055495277,0.009841651,0.006338182,-0.007935427,0.0023185187,0.0062314672
-0.23975667,-0.5882661,0.036481213,0.023214145,0.002767056,0.96682173,0.013633991,-0.00054031925,0.0021596411,-0.017905725,0.9756372,0.010176516,-5.2260977e-05,-0.024016747,-0.020848375,0.014183522,-0.0010915194,-0.0028246474
-0.73762697,2.577662,1.0,0.0,0.0,0.0,0.0,0.0,1.0,0.0,0.0,0.0,0.0,0.0,0.0,0.0,0.0,0.0
0.0701789,-0.5503507,0.0106212655,0.0051187305,0.0011995201,1.0013299,0.01199864,0.0035738654,0.012527863,0.010589628,0.9919285,0.0064892625,0.005086624,0.00909197,0.0051611383,-0.008004245,0.0023093813,0.0056751966
-0.6641753,-0.6674476,0.0460409,-0.023048121,0.0036278416,0.9859222,0.038901072,0.007868816,-0.005563574,0.015679477,0.05532285,0.033612452,0.008114602,0.021562064,0.971968,-0.05382685,-0.0023817995,0.031084822
-0.68282,0.09341407,0.14976273,0.027013354,0.014875077,0.8786198,0.0936906,0.014112062,0.93776876,-0.046386577,0.02372231,0.034705844,1.8108738e-05,-0.08481422,-0.0068028313,0.011195656,0.0031358174,0.0051208693
-0.63879836,-0.019854764,0.036981817,0.0062763714,0.003979027,0.9774786,0.021197058,0.0042934907,-0.0049689044,-0.0021664852,0.01777429,0.01587467,0.0046698395,-0.0056861867,0.98216194,-0.0009811411,-0.0037434213,0.0073817973
-0.75153846,-0.6879347,0.023740105,-0.014937989,0.0047608456,0.9929954,0.0209567,0.002402567,0.000109610955,0.0054537,0.02875734,0.01854349,0.0043975404,0.0072773905,0.9803015,-0.03118063,-0.0025697348,0.015482815
2.9934344,1.7575337,0.0,0.0,0.0,1.0,0.0,0.0,1.0,0.0,0.0,0.0,0.0,0.0,0.0,0.0,0.0,0.0
-0.64998454,2.6559606,0.0,0.0,0.0,1.0,0.0,0.0,0.0,0.0,1.0,0.0,0.0,0.0,0.0,0.0,0.0,0.0
-0.58033556,-0.603717,0.061708003,-0.031741075,0.004221534,0.97744286,0.052445915,0.012618458,-0.000676787,0.023861056,0.06633068,0.04299767,0.012462956,0.02950021,0.9585442,-0.063423745,-0.004808936,0.04379646
0.07746365,0.5803298,0.06300346,-0.013056071,-0.007998049,0.9792301,0.045676067,0.0075065675,0.98671824,-0.07248948,0.022764727,-0.08919799,-0.011389723,-0.046154533,-0.009189895,0.0029983714,0.004968338,0.0060815196
-0.66421264,-0.66759145,0.046125595,-0.023143794,0.0035019931,0.9860287,0.038888283,0.0078111812,-0.0055008205,0.015599568,0.055343624,0.033618655,0.008235273,0.021683112,0.971982,-0.053833075,-0.002385542,0.030986708
0.072107434,-0.5787317,0.011074657,0.004924654,0.0017306221,1.0011858,0.01251159,0.0038907782,0.013498715,0.011391632,0.9911731,0.0063558733,0.005558197,0.009794633,0.0064420095,-0.008015651,0.002329359,0.006248373
0.04303946,-0.7097482,0.0,0.0,0.0,0.0,1.0,0.0,1.0,0.0,0.0,0.0,0.0,0.0,0.0,0.0,0.0,0.0
0.63961047,-0.6300054,0.0,0.0,0.0,1.0,0.0,0.0,0.0,0.0,0.0,0.0,0.0,0.0,1.0,0.0,0.0,0.0
-0.6170418,-0.4331875,0.04067242,-0.0057515395,0.0066767028,0.9783251,0.018992627,0.0026238188,-0.005847873,0.0044896235,0.029945517,0.021748902,0.0074363905,0.008386075,0.9744659,-0.015341558,-0.004836093,0.016726663
-0.6748123,2.9844453,0.18919906,0.010799025,-0.0139097925,0.81253237,0.1418982,0.01530983,0.90331453,-0.05019847,0.06503987,0.07136544,0.015028659,-0.022604838,-0.013999881,0.015418535,-0.009491818,0.009043468
-0.75153846,0.7566199,0.22391719,0.019598722,0.030070424,0.8571605,0.15582295,0.017953776,-0.10672465,-0.06344495,0.04850066,0.034472283,-0.0013103432,0.81728214,0.028842626,0.0034870098,0.01702029,0.014092052
-0.12373677,-0.5893089,0.05066758,0.0011053437,0.0020812394,0.9395743,0.051725946,0.025246782,0.03448827,-0.09620678,1.0364124,-0.050335877,0.022587368,-0.034896404,-0.047778077,0.008715824,-0.010351279,0.029001037
-0.73762697,1.3439412,1.0,0.0,0.0,0.0,0.0,0.0,1.0,0.0,0.0,0.0,0.0,0.0,0.0,0.0,0.0,0.0
-0.75153834,0.34039563,0.16193588,0.022560135,0.017491579,0.8684216,0.109261684,-0.0021889617,0.9235216,-0.030063067,0.018921606,0.04024318,0.0025345187,-0.07920647,0.0044509685,-0.0008154881,0.0089510605,0.008049311
0.07038489,-0.552942,0.010661058,0.005126616,0.001200697,1.0012888,0.012025717,0.0036166268,0.012613506,0.010663633,0.99187833,0.0064754775,0.005104183,0.009113811,0.005218806,-0.0080904225,0.0023014443,0.0056828232
1.5547546,0.61672366,0.0,0.0,0.0,1.0,0.0,0.0,1.0,0.0,0.0,0.0,0.0,0.0,0.0,0.0,0.0,0.0
-0.17318544,-0.7052784,0.11505829,0.021388805,0.00418458,0.9924954,0.09366558,0.022710217,0.061407417,0.042324804,-0.031444643,0.09021924,0.03212742,-0.02305497,1.0068629,-0.03716706,0.008549811,0.037250232
-0.65428394,-0.65735763,0.047226977,-0.023705924,0.0036253228,0.98563534,0.03985175,0.008066876,-0.0056500547,0.016110042,0.056621235,0.034374095,0.008397222,0.022012066,0.97142905,-0.05489483,-0.002492001,0.031786915
-0.6755291,-0.07407031,0.013613086,0.0013316618,0.0013727918,0.9918814,0.008314901,0.0016334328,-0.0018570315,-0.000550029,0.0071848114,0.006302506,0.001571477,-0.0016640222,0.99256796,-0.0015014288,-0.0011022717,0.003033151
-0.6360725,-0.40768194,0.030509727,-0.0015312653,0.0031279854,0.9812403,0.018278684,0.0036291457,-0.0030713605,0.0012108701,0.018291308,0.016771477,0.004717032,0.0021393523,0.9848247,-0.0072285775,-0.004396262,0.009329066
-0.64998454,2.6736245,0.0,0.0,0.0,1.0,0.0,0.0,0.0,0.0,1.0,0.0,0.0,0.0,0.0,0.0,0.0,0.0
-0.75153846,-0.57297665,0.12803197,0.89711934,0.018452266,-0.042357672,0.08773852,0.008639571,0.0017058703,0.033544295,0.16646063,0.10793853,0.01363354,-0.019558597,-0.090275295,0.80719155,0.018197438,0.083002806
-0.56324494,-0.051961433,0.07669543,0.011539688,0.006743204,0.9498046,0.044077944,0.010353593,-0.003650318,0.0012553607,0.039164796,0.03888201,0.012990547,-0.003207191,0.95552397,-0.0047147735,-0.010253595,0.019130241
-0.57441247,-0.60068065,0.06481071,-0.029760048,0.0061303116,0.97966325,0.052240454,0.013786971,-0.00015109559,0.026769245,0.065650284,0.041844334,0.012106905,0.03522417,0.95947045,-0.065803,-0.0048236656,0.04618924
1.4047424,-0.6779681,0.0,0.0,0.0,0.0,1.0,0.0,0.0,0.0,0.0,1.0,0.0,0.0,0.0,0.0,0.0,0.0
0.076172054,0.5211743,0.06282913,-0.009579548,-0.009854883,0.9795267,0.039583877,0.010035962,0.9943523,-0.06916988,0.020351097,-0.08518409,-0.009685512,-0.04233424,-0.010729904,0.005967555,0.0023995119,0.0037942622
-0.6402465,1.5774797,1.0,0.0,0.0,0.0,0.0,0.0,0.0,0.0,0.0,1.0,0.0,0.0,0.0,0.0,0.0,0.0
-0.5750915,-0.6009174,0.0646714,-0.029557558,0.0061284103,0.9797462,0.05204177,0.013805592,-9.29303e-05,0.026753023,0.06552071,0.041720897,0.0122267315,0.035182666,0.9595264,-0.0656457,-0.00461133,0.04608975
0.65352196,-0.66071546,0.0,0.0,0.0,1.0,0.0,0.0,0.0,0.0,0.0,0.0,0.0,0.0,1.0,0.0,0.0,0.0
-0.73332405,0.79097706,0.03809256,0.0071559576,0.003427911,0.9710007,0.02368848,0.002876999,-0.0111001665,-0.003325141,0.010336409,0.016411465,0.0042451085,-0.0086388355,0.98963284,0.00041867452,-0.0020701361,0.006720789
0.65352196,-0.65905523,0.0,0.0,0.0,1.0,0.0,0.0,0.0,0.0,0.0,0.0,0.0,0.0,1.0,0.0,0.0,0.0
-0.16486548,-0.6801675,0.11307215,0.024362756,0.008468071,0.98079956,0.08788725,0.015776658,0.056811243,0.03432098,-0.0330049,0.08208543,0.031341877,-0.026278695,0.9935974,-0.02255418,0.004664718,0.026318587
0.10656859,2.663992,0.0,0.0,0.0,1.0,0.0,0.0,1.0,0.0,0.0,0.0,0.0,0.0,0.0,0.0,0.0,0.0
-0.58599174,4.8892493,0.0,0.0,0.0,1.0,0.0,0.0,0.0,0.0,0.0,0.0,0.0,0.0,1.0,0.0,0.0,0.0
-0.7336077,2.26117,0.12237014,0.027481757,0.0059103603,0.8919419,0.09105231,0.020815443,-0.051638056,-0.013590612,0.04262116,0.0764961,0.005970805,-0.006765206,0.96705407,0.014971077,-0.0053991075,0.019429293
0.07410845,2.7003226,0.0,0.0,0.0,1.0,0.0,0.0,1.0,0.0,0.0,0.0,0.0,0.0,0.0,0.0,0.0,0.0
-0.57402486,-0.60037166,0.06481492,-0.029775588,0.0061518974,0.9795877,0.05227721,0.013795479,-0.00015944094,0.026835313,0.065654136,0.0418494,0.012340853,0.035357498,0.95936346,-0.06578907,-0.004588537,0.04635901
0.22328176,-0.31391504,0.04014315,-0.018582758,-0.0037590237,0.9937106,0.0035425583,0.005871783,0.003287722,-0.06596219,0.020449577,-0.06832009,-0.00459121,-0.02036452,0.97615284,-0.0034259083,-0.0027702204,0.003532381
1.5535953,0.10274769,0.0,0.0,0.0,1.0,0.0,0.0,1.0,0.0,0.0,0.0,0.0,0.0,0.0,0.0,0.0,0.0
-0.75153846,-0.68822706,0.026703589,-0.01249358,0.0027930296,0.99328595,0.017945306,0.0029873762,-0.0012006193,0.0067368173,0.032106053,0.019281432,0.005719329,0.006961826,0.98257464,-0.029143417,-0.0017158701,0.015247431
-0.57440585,-0.60087055,0.06483008,-0.029696628,0.0061742463,0.97975796,0.052265488,0.013796953,-0.000113287795,0.02686729,0.06567879,0.0418034,0.012211526,0.035183717,0.959454,-0.06589332,-0.004603891,0.046265922
-0.5809503,-0.6038273,0.06141132,-0.03174956,0.0041932594,0.9773935,0.05238036,0.012662785,-0.000605135,0.02382902,0.0661693,0.042779367,0.012372995,0.02943181,0.95862144,-0.06336106,-0.004763163,0.04352389
0.053805448,-0.54844695,0.022176882,0.00980553,0.0036175228,1.0030192,0.025243688,0.0075807963,0.029381117,0.021522926,0.9818482,0.012431384,0.011221807,0.019538563,0.012314104,-0.016491527,0.005019563,0.013018168
-0.66434354,-0.66751057,0.046092346,-0.023140235,0.00355696,0.98601735,0.038904667,0.007817438,-0.0054011014,0.015654732,0.055263877,0.0335813,0.008238045,0.021627272,0.97209734,-0.053694118,-0.0025422545,0.031101713
-0.75153846,-0.5807106,0.12290955,0.90009755,0.02103217,-0.03258424,0.090954036,0.007884703,0.0017211683,0.019701535,0.17641321,0.11011106,0.012004789,-0.02526481,-0.08406271,0.804505,0.009990302,0.08973497
0.071519375,-0.57120746,0.010968911,0.0049053864,0.001742908,1.0012382,0.012393575,0.0038078292,0.013460711,0.011225281,0.9912082,0.006336765,0.0055078217,0.009806321,0.0063304924,-0.007888983,0.002268325,0.006156293
0.63961047,-0.6301545,0.0,0.0,0.0,1.0,0.0,0.0,0.0,0.0,0.0,0.0,0.0,0.0,1.0,0.0,0.0,0.0
0.39198598,2.11405,0.0,0.0,0.0,1.0,0.0,0.0,1.0,0.0,0.0,0.0,0.0,0.0,0.0,0.0,0.0,0.0
0.63961047,-0.63698167,0.0,0.0,0.0,1.0,0.0,0.0,0.0,0.0,0.0,0.0,0.0,0.0,1.0,0.0,0.0,0.0
-0.75153846,1.9240209,0.2507987,0.016506584,-0.0070519154,0.7884898,0.18208522,0.02248552,0.872434,-0.058856003,0.046731655,0.08390772,0.019705912,-0.10614078,-0.015035298,0.009817521,0.024324972,0.013252779
1.2607585,0.6176043,0.0,0.0,0.0,1.0,0.0,0.0,1.0,0.0,0.0,0.0,0.0,0.0,0.0,0.0,0.0,0.0
-0.6472518,0.32622808,0.040989127,0.005263843,0.0045333807,0.97366124,0.023633689,0.0034270727,-0.00940066,-0.0011231037,0.019436194,0.019620134,0.004750954,-0.011163752,0.98122346,-0.0026462935,-0.003590865,0.008183733
-0.4664285,2.745122,0.09084013,0.0038695857,-0.0074949106,0.9184411,0.0575597,0.006912769,-0.041937135,-0.03635444,0.042799924,0.021669121,0.020770567,-0.020399107,0.95531315,0.011733497,-0.015713044,-0.012816344
0.07371668,-0.56173265,0.008827927,0.004185106,0.0010022536,1.0009564,0.009922864,0.0029180718,0.010332235,0.008777626,0.99332637,0.005325242,0.0041696858,0.0073837987,0.004306268,-0.0065900767,0.0019141962,0.004734557
-0.15528952,-0.6817925,0.108214825,0.027196236,0.007636387,0.9784644,0.08584974,0.022557903,0.061705764,0.0136431,-0.04045183,0.051308855,0.031243676,-0.030267918,0.99702907,-0.018689128,-8.361558e-05,0.028882451
2.414021,0.08818876,0.0,0.0,0.0,1.0,0.0,0.0,1.0,0.0,0.0,0.0,0.0,0.0,0.0,0.0,0.0,0.0
-0.66427004,-0.6675192,0.046177596,-0.02311519,0.0035792599,0.9860063,0.038896553,0.007782567,-0.0054609673,0.015659431,0.05521615,0.033615127,0.008155433,0.021641865,0.97202384,-0.05379587,-0.0024577673,0.0310142
0.7784935,-0.70061946,0.0,0.0,0.0,0.0,1.0,0.0,1.0,0.0,0.0,0.0,0.0,0.0,0.0,0.0,0.0,0.0
0.65352196,-0.6645713,0.0,0.0,0.0,1.0,0.0,0.0,0.0,0.0,0.0,0.0,0.0,0.0,1.0,0.0,0.0,0.0
0.15757738,2.677808,0.0,0.0,0.0,1.0,0.0,0.0,1.0,0.0,0.0,0.0,0.0,0.0,0.0,0.0,0.0,0.0
0.14329346,0.12725593,0.052033167,-0.02479458,0.0034964061,0.9941175,-0.005915119,0.012570209,-0.021717798,-0.068184376,0.020825796,-0.051596586,-0.0060464367,-0.020535726,0.97808903,-0.0057175676,-0.013232075,-0.0019503812
-0.6516076,-0.70723724,0.0,0.0,0.0,1.0,0.0,0.0,0.0,0.0,1.0,0.0,0.0,0.0,0.0,0.0,0.0,0.0
2.7149727,0.60858166,0.0,0.0,0.0,1.0,0.0,0.0,1.0,0.0,0.0,0.0,0.0,0.0,0.0,0.0,0.0,0.0
-0.08938018,1.5511754,0.09001697,-0.015980612,0.024789443,0.9973786,0.055719703,0.049340162,0.005644317,-0.03739669,0.010825966,-0.037588704,0.011205845,-0.011092859,0.96490383,-0.01018577,-0.003873996,0.022723299
-0.6354174,-0.24392034,0.11393827,0.020312417,0.0062939925,0.9075873,0.07411823,0.015819915,0.9527655,-0.034460843,0.012471815,0.02303662,0.0012467051,-0.07013251,-0.0045957183,0.009212859,-0.00045500425,0.00768011
-0.58599174,4.6300206,0.0,0.0,0.0,1.0,0.0,0.0,0.0,0.0,0.0,0.0,0.0,0.0,1.0,0.0,0.0,0.0
1.5533634,0.056683607,0.0,0.0,0.0,1.0,0.0,0.0,1.0,0.0,0.0,0.0,0.0,0.0,0.0,0.0,0.0,0.0
