SrcBytes,SIntPktMax,Proto_arp,Proto_icmp,Proto_ipv6-icmp,Proto_tcp,Proto_udp,State_CLO,State_CON,State_ECO,State_FIN,State_INT,State_NRS,State_REQ,State_RST,State_TST,State_URH,State_URHPRO
1.174597,-0.6842204,-0.06513809,1.030201,0.008289624,0.008576251,-0.00578149,-0.0008905765,-0.019403156,1.119749,-0.036506683,0.09927912,-0.00056963286,0.030036416,0.03390932,-0.0037261406,0.0047305073,-0.010877678
0.4923286,-0.6747922,-0.050929688,0.023651883,0.0050500333,1.0048732,-0.0014934634,-0.0039861463,-0.014568514,0.09387608,-0.027600119,0.09992923,0.004385133,0.025954379,1.0384127,0.0035302215,0.003209504,-0.0112554245
-0.7026356,0.99108213,0.07442263,0.012489782,0.004738039,0.9429849,0.047852296,0.0055607557,-0.01537121,-0.0052462085,0.020589521,0.036191326,0.012800722,-0.014276157,0.9791463,-0.00016612244,-0.0052676355,0.015163855
0.49240988,-0.6752216,-0.05096,0.023532383,0.0050771153,1.0047956,-0.00128319,-0.004149545,-0.014620119,0.0940193,-0.027547276,0.099899516,0.004262125,0.026042404,1.0383648,0.0037180642,0.0030704394,-0.011292834
-0.6397215,0.16529596,0.04176124,0.0049680416,0.0035415518,0.97479296,0.024464224,0.0040601003,-0.007921464,-0.0026240847,0.018719116,0.018242575,0.0048219683,-0.008790086,0.98378974,-0.0028454838,-0.0027272378,0.00982992
-0.74977535,-0.7136914,0.0038416053,0.00051115244,0.0003033651,0.99691945,0.002778447,0.00045289024,0.9983614,-0.0008701234,0.00092289795,0.0010112969,8.226831e-05,-0.0018555392,-0.00046953492,-3.153884e-05,-6.4565815e-05,0.00043695734
-0.75153846,4.8370028,0.17361736,-0.0001366381,0.009670836,0.9197803,0.11627335,0.010753202,0.98407304,-0.024726212,0.09623896,0.06332299,-0.0036416103,0.030938236,0.000793026,-0.010057222,-0.0020107264,0.025806608
0.4921802,-0.6690053,-0.050919514,0.023682827,0.0051897615,1.0048642,-0.001202965,-0.0040665865,-0.014329603,0.09401377,-0.027699841,0.10007667,0.004476892,0.025942089,1.0384806,0.0035581654,0.003154955,-0.0110921925
-0.75153846,2.329315,0.12151325,0.023974814,0.0018773844,0.89943737,0.08465216,0.026679209,-0.052973323,-0.021474704,0.037707508,0.07859815,0.012177119,-0.010882851,0.9693638,0.007947111,-0.004247245,0.01722678
0.6306809,-0.7065946,-0.23418742,0.07605431,0.049988944,0.06535255,0.95019823,-0.012622412,0.8717418,0.38247934,-0.10459524,0.39994636,0.004256473,0.097983666,0.09497102,-0.057193663,-0.0031762428,-0.033593252
0.044463158,0.55980194,0.08206355,-0.012232761,-0.00885935,0.9706455,0.0563053,0.011180205,0.9883222,-0.09013739,0.028319186,-0.11391268,-0.014197323,-0.0534781,-0.0125101125,0.011723414,0.0058219586,0.004058822
-0.54753107,-0.09545003,-0.06727112,-0.011140256,-0.0130500235,1.0428954,-0.043358725,-0.0048226677,0.039499175,0.022947507,1.0011822,-0.021709904,0.0007693153,0.056547713,0.015483607,0.005039236,-0.002935798,0.0015843458
-0.4549564,-0.6243762,0.0072770957,-0.03239198,-0.0051976466,1.0263588,0.0069910465,0.010995832,0.0049399403,0.026543885,0.049044445,0.0046727676,0.009606462,0.044217948,1.0038269,-0.061206877,0.0057890783,0.03530154
-0.75153846,0.11652973,0.16979946,0.014819592,-0.0066198953,0.87441,0.11945863,0.014151894,-0.08707377,-0.05830195,0.026645515,0.032973003,0.013778688,0.86518157,-0.00577587,0.025532315,-0.006764202,0.015867395
0.4924791,-0.6753685,-0.0509526,0.023628905,0.0051030195,1.0049442,-0.0013903865,-0.004056411,-0.01455805,0.09391457,-0.027682353,0.100026436,0.004327129,0.026034728,1.038437,0.003616735,0.0031953624,-0.0111757
-0.75153846,2.1206012,0.26025578,0.03868082,-0.004186522,0.78546065,0.18717796,0.022523252,0.8842716,-0.062366683,0.047587298,0.086717755,0.006724643,-0.09304039,-0.016300477,0.019047549,0.023358205,0.0050858683
-0.68820155,0.85411584,0.070701666,0.011873828,0.0041440353,0.94593394,0.04319489,0.0059638713,-0.014168415,-0.0055304943,0.0171071,0.032637592,0.011467055,-0.013419089,0.97923875,0.0006396855,-0.004228716,0.013400869
-0.6542407,-0.6603393,0.047544885,-0.023788378,0.0036802352,0.98550624,0.040238395,0.008148653,-0.0056774965,0.016221004,0.057078425,0.03471858,0.008434357,0.022287382,0.9710412,-0.0556026,-0.0024707112,0.03205568
-0.75153846,-0.68920016,0.025317553,-0.013139262,-0.0011956363,0.9951771,0.014561799,0.00325432,-0.00079895876,0.010056552,0.03040482,0.019956853,0.005584773,0.010041722,0.98099226,-0.029917587,-0.0004615776,0.01967549
-0.43495837,-0.59617704,0.0052355225,-0.027191978,-0.0063948263,1.0220376,0.00844883,0.0048918743,-0.0011124468,0.01997579,0.042111866,-0.001849115,0.009306487,0.031171946,1.0086595,-0.04441752,0.005808781,0.02868161
0.49232313,-0.6696144,-0.0508529,0.023726437,0.005084071,1.0049326,-0.0013162355,-0.004014374,-0.014488789,0.0940657,-0.027628433,0.10012362,0.0043602353,0.026204681,1.0385729,0.0035846443,0.0031902045,-0.011106295
0.34366927,-0.5109025,-0.15128441,0.03926666,0.033652533,0.09190165,0.9511762,0.00656343,0.86331904,0.31206638,-0.028615037,0.28429148,-0.0033204777,0.10815319,0.08424285,-0.069184124,-0.017027037,-0.035361473
-0.09607544,-0.55050796,0.0,0.0,0.0,1.0,0.0,0.0,0.0,0.0,1.0,0.0,0.0,0.0,0.0,0.0,0.0,0.0
0.49231127,-0.67371136,-0.050842635,0.02356816,0.005003211,1.0048554,-0.001350117,-0.0039566294,-0.014649751,0.09389647,-0.02781079,0.0999941,0.0044667977,0.0259329,1.038405,0.0038102379,0.0032021077,-0.011097842
1.8688029,-0.75153846,-0.58536625,0.2653505,0.09205052,1.1356584,0.008820409,0.0061279368,0.9110529,1.0470644,-0.34653836,0.9758814,-0.029863592,0.33931792,0.3241809,-0.038033877,0.048954464,-0.09992347
0.77221835,0.16001076,-0.23728485,0.13071583,0.03474389,1.0727319,-0.02631047,-0.0056874724,1.0056871,0.44179744,-0.1310552,0.38693327,-0.03148518,0.22824909,0.12947243,-0.013374836,0.03001956,-0.030768992
0.40731528,0.7186745,-0.12924014,0.052872352,0.020267243,1.0773311,-0.060534175,-0.011388703,1.059542,0.19191276,-0.07505679,0.18546604,-0.0099095,0.14299618,0.070540726,-0.0062833335,0.0144886235,-0.011721645
-0.71980494,-0.116578735,0.100265905,0.018071659,0.008295128,0.9194668,0.06622923,0.009860583,0.952329,-0.027529728,0.017611498,0.02409557,0.0022429558,-0.063576445,-0.0055354885,0.008374225,0.0030060103,0.0041476665
-0.729875,0.019511405,0.16263303,0.027036982,0.0015498658,0.86274695,0.11059219,0.017298346,-0.08196929,-0.059438065,0.026236104,0.03314804,0.010016279,0.8593324,0.0057914034,0.01550973,-0.0026516805,0.010956084
0.08058428,0.5197933,0.05872086,-0.010621374,-0.010027888,0.9790902,0.035560284,0.0093635,0.99479026,-0.06737165,0.020552225,-0.08192244,-0.008896082,-0.040386207,-0.011195935,0.0041561713,0.0032079981,0.005695183
-0.75153846,56.67486,-0.75153846,56.67486,-0.75153846,56.67486,56.67486,-0.75153846,-0.75153846,-0.75153846,56.67486,-0.75153846,56.67486,-0.75153846,56.67486,56.67486,-0.75153846,-0.75153846
-0.4685576,2.7531486,0.09123762,0.0038011537,-0.0072372667,0.9196737,0.05793035,0.006841416,-0.04048123,-0.03589169,0.043767754,0.022325339,0.019555612,-0.019809034,0.9572553,0.010679776,-0.016040351,-0.012578682
0.040160153,0.55210584,0.083751805,-0.012712482,-0.009043269,0.9704471,0.058050543,0.011481589,0.9878021,-0.091863796,0.029589344,-0.116290204,-0.014423558,-0.05460183,-0.01231466,0.011896278,0.006136984,0.003989897
-0.6641998,-0.66758597,0.046126164,-0.02309524,0.00365518,0.9859261,0.038945496,0.007948815,-0.0054597,0.015685778,0.055389557,0.033656318,0.008199924,0.02150849,0.9720835,-0.053774506,-0.0024465127,0.031036302
-0.09376591,-0.5639447,-0.00033861,0.0004489081,-3.5205728e-06,0.9996765,-0.0007258307,-3.3766362e-05,0.00037364024,0.00082007126,1.0002333,0.0016076323,0.0002036521,0.0007436427,-0.0010251146,-3.159646e-05,-6.1473336e-05,0.0002678472
1.1094003,-0.7514879,-0.34510684,0.14199331,0.070364036,0.10317376,0.96576977,-0.022378076,0.8485212,0.6386765,-0.17292239,0.64603543,0.007059516,0.13541684,0.21440245,-0.06877193,0.035543695,-0.018129183
-0.75153846,0.5627936,0.1870264,0.040060293,0.01525996,0.8508718,0.12513739,0.01506557,0.91056806,-0.034742687,0.035433464,0.056095056,0.008904825,-0.09884073,-0.0036048503,0.007332683,-0.003877332,0.0005959443
-0.024681022,1.2650439,-0.004824398,0.003812569,-0.0021284788,1.0008526,-0.0031357943,-0.003994085,0.003101717,0.0063939705,-0.001757169,0.0026488919,0.00010940057,0.0047931215,1.0033652,0.00055477564,0.0015709397,-0.00094486144
-0.7515349,2.3269114,0.12409494,0.029159363,0.002571256,0.9110183,0.10029439,0.016105521,-0.04397513,-0.007865231,0.04636131,0.07774174,0.012169067,-0.002199857,0.97335553,0.009710533,-0.0035867596,0.0126037
-0.39670098,1.4657724,0.4619901,-0.011100615,0.033966746,0.47447413,-0.34028155,-0.048787408,0.2712655,0.22132327,-0.16978563,0.9095751,-0.061501395,0.38588476,-0.00015628657,0.0062681753,0.008788773,-0.051061023
-0.6400314,0.17227335,0.041774865,0.0050760866,0.0035402025,0.9746971,0.024381345,0.004077719,-0.008000498,-0.002705222,0.018641427,0.018193739,0.004750719,-0.00909221,0.98379046,-0.00270823,-0.0027376632,0.009778273
0.35280243,1.1336962,-0.13924451,0.062206462,0.022106284,1.0861604,-0.08198541,-0.009611055,1.1039273,0.17961885,-0.082158834,0.15972273,-0.012666689,0.16557744,0.04541135,-0.005748861,0.013370995,-0.007260942
-0.09602813,-0.5836621,-0.00045682702,0.00059165375,-1.1521205e-05,0.99956214,-0.0009411066,-6.438868e-05,0.00049991603,0.00106891,1.0003016,0.0021102347,0.00026497743,0.0009562245,-0.0013443909,-3.8076694e-05,-9.418261e-05,0.0003495741
0.49240223,-0.6738252,-0.050976712,0.02369189,0.005106991,1.0047824,-0.0014003485,-0.0040533766,-0.014545331,0.09396001,-0.027512379,0.10002505,0.0043585147,0.02595681,1.0384396,0.003685048,0.003232734,-0.011348824
-0.6506887,0.37487122,0.041808587,0.0068988674,0.0036612495,0.9695572,0.025513493,0.0024381375,-0.011095547,-0.0021182054,0.014635937,0.01980312,0.0057757255,-0.011418012,0.9843063,0.00029272382,-0.0044233114,0.0077496353
-0.4580624,-0.5938261,0.007186961,-0.025906177,-0.0039241235,1.0209014,0.004896095,0.008504553,0.0038245274,0.023069495,0.039541833,0.0031396488,0.008577922,0.03804794,1.0021416,-0.049216237,0.004450004,0.028159147
-0.65339977,-0.34761035,0.09099769,0.013842688,0.005744916,0.927254,0.061870433,0.012258724,0.9631138,-0.026292939,0.016580736,0.018258221,0.0019245225,-0.054956555,-0.005390552,0.0033470462,-0.0016324231,0.007964291
-0.5112283,0.64362293,0.05283337,0.013146577,0.0030403775,0.9560204,0.028684225,0.009117353,-0.033484716,-0.015823629,0.99003875,0.018307826,0.009347566,-0.031122776,-0.006328838,0.0018208651,-0.00045617938,-0.0016864137
-0.09500369,-0.56300193,0.00022286891,-0.0002921194,1.409077e-05,1.0002158,0.00046125223,2.6976753e-05,-0.00024383493,-0.000530423,0.99985147,-0.0010352534,-0.00013327475,-0.00047213343,0.0006660343,1.6513775e-05,4.5459736e-05,-0.00017093228
0.48455757,-0.6385783,-0.04890555,0.022581585,0.00500878,1.0047541,-0.0013564362,-0.0037579,-0.013739862,0.09051536,-0.026527528,0.09638357,0.004204744,0.025135858,1.0370257,0.0033023045,0.0032394517,-0.0106456075
0.2659751,-0.32095712,0.025076728,-0.011892728,-0.0019734132,0.9962805,0.0022845326,0.0038359386,0.0027395189,-0.04039038,0.012847187,-0.041441206,-0.0026250351,-0.011680801,0.98435193,-0.0018686563,-0.0017688778,0.0016667914
-0.72402793,-0.060747474,0.10702665,0.019270377,0.008844947,0.9142741,0.070542365,0.010528335,0.94914174,-0.029271407,0.018835314,0.02567057,0.0024543006,-0.06774864,-0.005841414,0.009015271,0.0031959512,0.004350297
-0.08420692,-0.5615918,-0.004163534,0.0057599926,0.0003226439,0.9964609,-0.008707284,-0.00080911693,0.0049906047,0.010916327,1.0028766,0.019041799,0.0022997072,0.009718748,-0.012262175,-0.0008287492,-0.0010004744,0.0027088856
0.49225718,-0.6697967,-0.050864134,0.02362988,0.005101703,1.0050306,-0.001130867,-0.0039112996,-0.014370005,0.09404991,-0.027634203,0.10004873,0.0043556713,0.02632587,1.0385143,0.0035657585,0.0031361303,-0.011050328
0.38819614,0.8721149,-0.12559582,0.05701564,0.021770803,1.0749768,-0.067753635,-0.0073629445,1.0757864,0.18864092,-0.08236753,0.18337624,-0.008492854,0.149644,0.062641285,-0.008417984,0.014048275,-0.012345818
1.3890998,-0.7515382,-0.4402765,0.18218273,0.086279266,0.11337619,0.9779304,-0.012468519,0.84297824,0.8069533,-0.23443891,0.78322864,-0.019490447,0.18394175,0.27426857,-0.061386198,0.045877982,-0.044197578
0.48481026,-0.6457208,-0.04888104,0.022701269,0.0048916372,1.0047225,-0.0012328464,-0.0041640433,-0.013843849,0.09037042,-0.026684422,0.09623888,0.004305147,0.025087243,1.036948,0.0033295318,0.0030995004,-0.010690357
1.4523689,1.3722744,-0.51513153,0.277943,0.0716187,1.1083033,-0.061776374,0.025444556,0.91561574,1.1040851,-0.32284543,0.8773846,-0.07244183,0.38488218,0.28858158,-0.06582098,0.038567018,-0.081237
-0.56520915,4.430677,0.52632207,0.02033441,-0.018633412,0.1799513,-0.3094563,-0.04408874,1.0298574,0.08118378,-0.22679266,-0.12839974,0.013700335,-0.080884874,0.006047735,0.033015933,0.009797614,-0.07937782
-0.5688178,-0.62514,0.0020641836,-0.035610043,-0.00079958496,1.028379,0.007837985,0.006565491,0.004344257,0.033386797,0.044627484,0.009815549,-4.080165e-06,0.05346738,0.9992971,-0.07528164,0.0035322076,0.03757101
-0.4345358,-0.59631443,0.005126492,-0.027082957,-0.00629418,1.0222265,0.008413353,0.0049918178,-0.0010862106,0.019965002,0.042118676,-0.0020948148,0.009359011,0.031232795,1.0087615,-0.044248108,0.0059241587,0.028568482
0.29329166,0.90542626,-0.08165239,0.031887747,0.011702402,1.0452222,-0.047380064,-0.0058047953,1.056974,0.106408074,-0.042735845,0.108642735,-0.0036365776,0.080681376,0.039639376,-0.005965107,0.008251205,-0.009137025
-0.75153846,2.3297133,0.12245211,0.021007696,0.0030821462,0.9024537,0.09211235,0.025300646,-0.045009125,-0.02595849,0.049878426,0.07465765,0.010376471,-0.0094290655,0.9799621,0.009867573,-0.00095973886,0.01761419
-0.6155595,1.5489494,0.6337324,-0.027141303,-0.009677338,0.31662142,-0.23299553,-0.04861696,1.1465262,0.0821802,-0.07808892,-0.07718622,-0.023320206,0.14246395,0.014654445,-0.015802292,-0.008132829,-0.0034226123
0.49245116,-0.6748777,-0.05096281,0.023651905,0.0050833225,1.0047634,-0.0013564235,-0.0039631133,-0.014602468,0.09391733,-0.027677417,0.10003136,0.004447816,0.025984202,1.0384167,0.003593259,0.0033055635,-0.01120691
0.4924197,-0.67282516,-0.050947007,0.02362001,0.005162068,1.0049084,-0.0013776413,-0.004078012,-0.014546414,0.094000645,-0.027581556,0.10010675,0.004363266,0.02602063,1.038434,0.0036918812,0.0033539063,-0.011208447
-0.7515383,0.91975963,0.21290104,0.018747594,-0.010591419,0.82792115,0.1443742,0.029879086,-0.11244336,-0.06977199,0.04026912,0.051672038,0.011600604,0.8103743,0.034146857,-0.014462669,0.01522658,0.010416842
-0.75153846,0.95120716,0.22371545,0.018759754,-0.005031622,0.8328161,0.15983292,0.025318261,-0.108595036,-0.08785424,0.037328392,0.035482615,0.007936731,0.82757974,0.023927774,-0.00017518258,0.017261196,0.026219338
0.056435086,-0.11850316,-0.0064860308,0.00026617717,0.00035652178,1.0033764,-0.0038807716,-0.0010501887,0.9989416,0.009851143,-0.0005542475,0.010089555,0.00085502333,0.0066429083,0.0026820013,-0.0026968915,-0.0008516319,-0.00071531784
0.49226707,-0.6697961,-0.05083219,0.023672493,0.0051339213,1.0050304,-0.0012126421,-0.004036083,-0.014354383,0.094032444,-0.02766459,0.100133985,0.004303616,0.02632891,1.0383565,0.0034691724,0.0031734696,-0.011084471
-0.5842103,1.4207433,0.6376596,-0.020444246,-0.009945442,0.30332822,-0.23186746,-0.048882797,1.1435591,0.08426192,-0.08227156,-0.06633291,-0.0146097075,0.15648629,-0.0018238823,-0.012608031,-0.008876589,-0.011961315
-0.082348116,-0.5466,-0.004230446,0.005460102,0.00036202613,0.99642766,-0.008143459,-0.000642193,0.0049778647,0.011075763,1.0026467,0.018645838,0.0022369819,0.009689893,-0.0116470605,-0.00074842584,-0.0009905625,0.002702143
-0.7515384,2.3330767,0.12144965,0.03129338,0.007741462,0.898949,0.08247099,0.0192381,-0.050679956,-0.0056084353,0.05451251,0.07630872,0.0054759155,-0.0024013396,0.9732568,0.012832377,-0.009791406,0.01567936
1.1820872,-0.68873996,-0.0675069,1.0311496,0.008543976,0.008805192,-0.005987207,-0.0007117654,-0.020035308,1.1240062,-0.03794131,0.102900326,-0.00063005387,0.031153869,0.035073783,-0.003619496,0.0047664815,-0.011180601
-0.40069658,-0.60722065,0.0054061473,-0.020632941,-0.0015623173,1.021122,0.01300836,0.0028414025,-0.0037913148,0.020848537,0.031131169,0.0022285231,0.0053259768,0.021099757,1.018974,-0.04505185,0.0055384114,0.01923028
0.07170059,-0.57375586,0.011034876,0.004921572,0.0017127723,1.0012115,0.012400471,0.003797075,0.013534195,0.011302282,0.9912029,0.0063533876,0.0055570425,0.009824115,0.006343698,-0.007916527,0.0023546754,0.006209851
-0.65458107,-0.3463353,0.09080917,0.013704202,0.0058571827,0.9273475,0.06169451,0.012313133,0.9632,-0.02617912,0.016583918,0.018158322,0.0020399757,-0.054798312,-0.0053183073,0.0034179671,-0.0016773749,0.00782605
-0.59459794,1.4605268,0.6388476,-0.02171956,-0.010009776,0.30985966,-0.23425089,-0.048456904,1.1423274,0.08205591,-0.08591457,-0.068164006,-0.018839069,0.15116845,0.004603306,-0.015603308,-0.01132917,-0.0050623906
-0.14083716,-0.5213452,-0.0062749484,-0.0025479665,3.673187e-05,0.9995961,-0.0068251095,-0.0021896006,-0.0055704936,-0.005287642,0.003346724,-0.002569032,-0.002948432,-0.003990938,0.9968263,0.0035861079,-0.0016135051,-0.0035067452
-0.09289007,-0.5628252,-0.00065422215,0.0008463538,-2.3649438e-05,0.99938077,-0.0013438959,-9.3024195e-05,0.0007131555,0.0015644702,1.0004565,0.0030342431,0.0003838436,0.0013900191,-0.0019375037,-5.0197425e-05,-0.00011487171,0.0004971976
-0.12886989,-0.33358595,-0.026631493,-0.01125962,-0.0010761293,0.99789673,-0.026052002,-0.008903166,-0.025912458,-0.020390576,0.013516061,-0.0107958615,-0.011224362,-0.01561096,0.98904324,0.013806931,-0.006451469,-0.012801807
-0.6182021,1.5601392,0.633921,-0.027533492,-0.009695529,0.31750047,-0.2324836,-0.048103653,1.1491629,0.08233151,-0.07706835,-0.07731998,-0.025200125,0.14275426,0.014488583,-0.015873762,-0.008552648,-0.0046101627
-0.7217749,1.7501769,0.109572604,0.019087218,0.010451811,0.90489906,0.072870255,0.014133288,-0.041980233,-0.009333383,0.035496917,0.06895161,0.004350892,-0.009585086,0.97901815,0.009965402,-0.0030791385,0.019467061
1.7773864,2.0174668,-0.7445437,0.43121317,0.0908609,1.1101807,-0.097923875,0.01255283,0.8858953,1.4348562,-0.5239219,0.98555773,-0.11755295,0.54710037,0.2744346,-0.047000233,0.05736074,-0.069324546
-0.75153846,-0.75153846,-0.75153846,-0.75153846,-0.75153846,56.67486,-0.75153846,56.67486,-0.75153846,56.67486,56.67486,-0.75153846,-0.75153846,-0.75153846,-0.75153846,56.67486,56.67486,-0.75153846
-0.751537,2.1605685,0.03493084,0.011035995,-0.0037766963,0.97123295,0.030036781,0.007457972,-0.023369897,-0.010581975,1.0000173,0.011805454,0.008361691,-0.017845353,0.0004786586,0.00057885685,0.0013424951,-0.0021740284
0.8875382,-0.5200047,-0.29544246,0.111229695,0.06464532,0.091158755,0.9602095,-0.019664163,0.8668995,0.52979046,-0.13932697,0.5414051,0.0022538078,0.109792866,0.17632079,-0.05833862,0.026156723,-0.017394831
-0.66057813,-0.66070044,0.046160817,-0.023021009,0.0036714035,0.9862876,0.039030436,0.007416387,-0.0053656083,0.015312878,0.05539324,0.033339903,0.008254514,0.02172564,0.9716346,-0.053455878,-0.002442593,0.03098202
-0.75153846,-0.57139367,0.11914723,0.89354426,0.03126657,-0.046819545,0.087441765,0.008274344,-0.009742502,0.032980304,0.17113504,0.10097788,0.017840127,-0.014905387,-0.09362306,0.8154239,-0.0063387845,0.10234483
-0.5797954,-0.54766065,-0.0017545464,-0.023130406,0.00015985491,1.0199727,0.0033380745,0.002372347,0.0032392007,0.022009792,0.027321544,0.0048105204,-0.0009762645,0.03284746,0.99990475,-0.04482917,0.0029556684,0.020014105
-0.45655143,-0.5938182,0.007246047,-0.025843691,-0.003914221,1.0208611,0.004862241,0.0084756715,0.003825823,0.022972234,0.039401293,0.0032405602,0.008583583,0.037910767,1.0020819,-0.049153086,0.0044901394,0.028137935
-0.45707673,-0.593825,0.0071506193,-0.025887974,-0.003918599,1.0208913,0.004954717,0.008369943,0.003799412,0.022982622,0.039426487,0.0031968167,0.008663337,0.037989303,1.0021256,-0.049185067,0.0044435207,0.028137177
0.49235323,-0.66910285,-0.050808404,0.023735743,0.0050391364,1.0050857,-0.0011641185,-0.004099359,-0.014325178,0.09421355,-0.02769236,0.10006168,0.004448891,0.026248932,1.0385889,0.0036486883,0.0032108526,-0.011218358
-0.0683853,-0.3877392,0.0009908305,-0.00086726656,-0.000100224424,1.0002301,0.00073613494,0.00018309617,-0.00054087286,-0.0022002517,0.99946696,-0.0030489664,-0.00038342905,-0.0014958185,0.0015141265,-9.8225515e-05,9.847753e-05,-0.00032283517
-0.75153846,-0.5796544,0.13213289,0.8935404,0.020784544,-0.03620371,0.08958057,0.015503764,0.00044670296,0.028670618,0.1733704,0.10483043,0.010921115,-0.01518241,-0.09988762,0.81504565,0.0061558746,0.082533605
-0.4565785,-0.5940147,0.007096601,-0.025875857,-0.0039766557,1.0208205,0.004818973,0.008439362,0.0037985377,0.023062587,0.03948425,0.0031507676,0.008581852,0.037991412,1.0022415,-0.049211964,0.0044588544,0.028226875
-0.75153846,-0.5859071,0.11820173,0.90230125,0.02002204,-0.030254565,0.09145126,0.015365507,0.011068701,0.030907562,0.18307252,0.105419435,-0.002185904,-0.01718097,-0.11333861,0.8146046,0.021599466,0.08865013
-0.656006,2.667666,-0.010497009,-0.0029798849,0.0013894198,1.0104724,-0.008292061,-0.0007743905,0.005719689,0.004410971,0.999416,-0.0030933262,-0.0025549864,0.0030190793,0.0022964764,-0.0025764576,0.0012935329,0.000713084
-0.46765617,2.7493615,0.09127982,0.0037453,-0.0064890366,0.91896504,0.058026582,0.006651313,-0.041049298,-0.035772074,0.04314725,0.021836113,0.019727677,-0.020763075,0.9560036,0.010437583,-0.014752962,-0.013652327
-0.75153637,2.487497,0.1824945,-0.00030131353,-0.008402477,0.860918,0.16328765,0.03224453,-0.10099433,-0.08309508,0.056574438,0.0642663,0.0014500973,0.8879758,0.010203216,0.02207127,0.015906608,0.020182736
-0.66433436,-0.66138536,0.045204908,-0.022573745,0.0036606744,0.9865058,0.038443983,0.0072355717,-0.005262817,0.015026313,0.054516975,0.03263774,0.007944514,0.02156684,0.97220504,-0.05233037,-0.0024257002,0.030317206
56.67486,-0.75153846,-0.75153846,-0.75153846,56.67486,-0.75153846,56.67486,-0.75153846,-0.75153846,-0.75153846,-0.75153846,-0.75153846,-0.75153846,56.67486,-0.75153846,-0.75153846,-0.75153846,56.67486
0.4922765,-0.67077154,-0.05084127,0.023593143,0.005060533,1.0049682,-0.0012244198,-0.003988876,-0.014420934,0.094047695,-0.027587157,0.10007423,0.0044481563,0.026187131,1.0384772,0.003602231,0.0031040513,-0.010986876
0.070895135,-0.55851424,0.010805953,0.005099183,0.001260534,1.0012115,0.012159563,0.003582727,0.01261411,0.010726536,0.99184185,0.006510849,0.005130548,0.0090182815,0.005257839,-0.008063547,0.0023344792,0.005831546
-0.41231683,-0.59868973,0.0047775484,-0.023642398,-0.0057850643,1.0227948,0.0071156844,0.0033958638,0.00032427703,0.023813065,0.03653052,0.0019340164,0.008690221,0.027484445,1.0087837,-0.03890797,0.0055395993,0.025224572
-0.7342517,0.2540788,0.17936698,0.029343758,0.0009195822,0.8488569,0.12589498,0.02038032,-0.09129958,-0.06595095,0.03244248,0.036054436,0.010056161,0.84452134,0.0076662214,0.014339028,-0.0011269428,0.011777615
0.49228337,-0.6714646,-0.05088477,0.02377765,0.005158201,1.0050195,-0.0012583991,-0.003989749,-0.014478498,0.0939358,-0.02769644,0.100006625,0.0044095954,0.026222873,1.0384623,0.0035183842,0.0033156446,-0.011019213
0.4846686,-0.6359323,-0.048812855,0.022529403,0.0050243237,1.0047269,-0.0014131607,-0.0038569383,-0.013773986,0.09070255,-0.026635265,0.09658628,0.0043721,0.025221212,1.0370941,0.0034284666,0.003210621,-0.010642141
-0.50532943,0.7321791,0.63177806,-0.0431085,0.00426278,0.28670016,-0.23030908,-0.0520992,1.1321338,0.14268273,-0.060808357,-0.01204804,-0.007045694,0.2120608,0.0043908833,-0.007603357,-0.0062623434,-0.042279225
0.49229637,-0.6681919,-0.05100349,0.023584066,0.00526598,1.0049585,-0.0012387716,-0.0039960467,-0.01456027,0.09408489,-0.027662283,0.10017284,0.0044834916,0.026143676,1.0384579,0.0035267102,0.0031715361,-0.011139275
0.48531902,-0.6668328,-0.048645947,0.022657556,0.004998192,1.0047649,-0.0011922235,-0.003905931,-0.013833338,0.090018846,-0.026482807,0.0957353,0.004257223,0.02507793,1.0368387,0.0033732627,0.0030877169,-0.010580434
0.49228916,-0.67019117,-0.05091725,0.02358668,0.005149229,1.0050191,-0.0012348405,-0.003996938,-0.014373778,0.094026975,-0.027637616,0.10013435,0.00442626,0.026160756,1.0384138,0.0035303347,0.0031438028,-0.011111482
0.49230665,-0.6721069,-0.050872866,0.023647534,0.0050497833,1.0050409,-0.0013193949,-0.0040090783,-0.0144687835,0.094043404,-0.027620342,0.099970944,0.0044052955,0.02613981,1.0384691,0.0035401671,0.0031555847,-0.011019334
-0.75153846,-0.0025548053,0.11035135,0.0132085625,0.012717171,0.9189203,0.06825468,0.0054346444,0.9464702,-0.035331313,0.018782431,0.025232892,0.0039778585,-0.058964513,-0.007394999,0.005263835,0.0033538581,0.005132341
-0.40338144,1.4870715,0.44146404,0.0034706178,0.025159312,0.4354547,-0.34798077,-0.055420134,0.24775524,0.2602461,-0.18860884,0.9001379,-0.044228703,0.38971436,-0.019822352,0.008842616,0.0024534275,-0.051712323
-0.09633052,-0.5892122,-0.0006394053,0.0008401364,5.9735075e-06,0.99943846,-0.0013183777,-0.000108204295,0.0007591038,0.0015090621,1.0004019,0.002946254,0.00035811702,0.0013293574,-0.0018082117,-8.122626e-05,-0.00015560731,0.000456556
-0.7082657,2.2572606,0.03262099,0.014157297,-0.0040883785,0.968448,0.034725476,0.00631904,-0.025000382,-0.010679055,0.99866825,0.015396642,0.006507898,-0.017945226,0.0030488637,0.0076664444,0.00023048394,-0.0029541918
-0.65221524,-0.3476478,0.091399156,0.013831993,0.0057686344,0.92699605,0.06217751,0.012448321,0.96280926,-0.026402911,0.016659373,0.018242199,0.002113321,-0.055130776,-0.005326605,0.003436229,-0.0016288456,0.007995221
0.492457,-0.67530084,-0.05099492,0.02367789,0.0051369965,1.0048381,-0.0014434096,-0.004052136,-0.014651406,0.093874514,-0.027702725,0.099969186,0.004424974,0.026041493,1.0384511,0.0037215173,0.0032285939,-0.011171103
-0.58325857,-0.44193777,-0.0014932464,-0.003980578,8.373929e-05,1.0041208,-0.00065369275,0.00037057107,0.00030572517,0.0034242913,0.003915498,0.00012881338,-0.0004258156,0.0048742606,1.000427,-0.0069541903,0.0007217179,0.0028865093
0.035516936,0.57933635,0.088014685,-0.013406148,-0.009469249,0.9689304,0.06103322,0.0118728345,0.98712546,-0.0966247,0.031159144,-0.12223419,-0.015319243,-0.05752617,-0.012974822,0.012562278,0.0063557075,0.0041905493
-0.43580452,-0.5959291,0.0050920956,-0.027090827,-0.00634231,1.0223014,0.0084105795,0.004901376,-0.0011426107,0.020101197,0.042284608,-0.002020252,0.009382259,0.03126697,1.008757,-0.04433968,0.0060026674,0.02866382
1.0918574,-0.714275,-0.10343744,0.04504132,0.015957434,0.02144067,1.0057055,0.00012042012,-0.035110414,0.18723756,-0.05380743,1.1847032,-0.002599027,0.03324103,0.06387016,-0.009480903,0.010292515,-0.011171481
0.074336216,-0.5690051,0.008911995,0.0042133364,0.001058452,1.0009815,0.010047196,0.002932935,0.01046014,0.00889533,0.99325407,0.0053433697,0.00424819,0.007465965,0.0043551405,-0.006670131,0.001943599,0.0047938614
-0.5448302,1.033383,0.65053046,-0.031924993,-0.0015222764,0.29871443,-0.22868738,-0.047461256,1.1358386,0.12125281,-0.06954822,-0.03524861,-0.010385873,0.18744098,0.0023021183,-0.012094329,-0.010383358,-0.026410041
0.4923791,-0.6732366,-0.050924256,0.023674553,0.005022201,1.0048081,-0.0013623947,-0.0039970754,-0.014547747,0.09392456,-0.027809002,0.100012735,0.0043953625,0.025988,1.038453,0.003704328,0.0031416996,-0.011382929
-0.67156905,-0.66420054,0.04378341,-0.021794608,0.0034998846,0.9869474,0.037190888,0.006990877,-0.0053025833,0.014591262,0.052810535,0.031656586,0.007745585,0.020902848,0.97312206,-0.050610088,-0.0023694313,0.029386068
-0.5793215,-0.54253244,-0.002477077,-0.021198181,-0.00058122276,1.019586,0.002627086,0.0024474205,0.0021297657,0.021438029,0.025578642,0.005115704,-0.00085739547,0.032620903,0.99977195,-0.04250041,0.0022946086,0.019242974
0.4922812,-0.6695855,-0.05082508,0.023678064,0.0051303073,1.0049715,-0.0012838807,-0.003977529,-0.0144793885,0.09406062,-0.027700804,0.10011963,0.004485222,0.026169183,1.0384696,0.003488095,0.0031385275,-0.011079194
-0.75153846,-0.5872482,0.12569003,0.88733375,0.017984271,-0.033828195,0.09640068,0.008876667,0.0037683195,0.037911993,0.16983946,0.1000843,-0.0018088012,-0.025444042,-0.097777314,0.806625,0.00795468,0.08321869
-0.621743,-0.4209772,-0.0011942879,-0.0025568965,-4.2705095e-05,1.0024021,-0.000325923,4.165267e-05,0.00022456504,0.0018481428,0.0024204866,0.00023204148,-0.00035384335,0.0025258681,1.0000211,-0.003941276,0.00041131806,0.0015467001
-0.75153846,2.3361523,0.1234122,0.021780962,0.0025073346,0.9007551,0.095730886,0.018138489,-0.042001028,-0.016946005,0.04352891,0.071734816,0.013165782,-0.002390908,0.9726765,0.017550664,-0.0060720686,0.01912864
-0.43484005,-0.5962593,0.004938888,-0.026991371,-0.006284115,1.0223057,0.008295102,0.0049107797,-0.0011312708,0.020007966,0.042276595,-0.0019439575,0.0091963215,0.031222595,1.0087105,-0.04430026,0.0059355586,0.028661815
0.1368404,0.73589677,-0.011053619,0.017530445,-0.010519197,1.0029869,0.014625323,-0.005722501,0.023689695,0.049132276,-0.0060385778,0.019990081,0.00042864578,0.028375886,1.0132008,0.0018100165,0.005605432,-0.0037448693
0.03368216,0.56037587,0.08773382,-0.013154925,-0.009416215,0.9688185,0.060636442,0.01202704,0.98746884,-0.09645332,0.030753573,-0.121795714,-0.015116395,-0.05719252,-0.013336392,0.012776163,0.0064187255,0.004322314
1.6075102,0.9469664,-0.5822329,0.28935924,0.08279785,1.10779,-0.037047446,0.005461593,0.8895055,1.1049535,-0.33344385,0.93993497,-0.046611466,0.34586194,0.30436218,-0.06848217,0.060937986,-0.079985246
-0.3989731,1.4671053,0.4605781,-0.014431908,0.03813604,0.48327062,-0.33773002,-0.050277557,0.27604067,0.22170396,-0.16030973,0.9074926,-0.055098217,0.37751,0.004803073,-0.00061463955,0.007306992,-0.047711015
0.78413075,0.084231764,-0.23758815,0.12779985,0.03275911,1.0639447,-0.028076477,-0.0039167413,0.99956506,0.4406203,-0.13689445,0.39616644,-0.0292879,0.2204409,0.1252361,-0.015823169,0.021899793,-0.026907176
0.29384965,0.90420824,-0.08166288,0.031727176,0.011753199,1.0463618,-0.048136547,-0.0060927933,1.0565981,0.10690185,-0.04386304,0.108238645,-0.0038699063,0.08101029,0.039882656,-0.0057556415,0.0084439935,-0.008995202
-0.68939936,2.1182027,0.62015575,-0.028542414,0.003738383,0.32924554,-0.25066462,-0.04597253,1.1931745,0.08534614,-0.08658368,-0.076261826,-0.04198334,0.19033393,0.017328164,-0.021027507,-0.006252586,-0.016162522
-0.10450164,2.6444497,-0.07395771,0.03269906,-0.0015616916,0.997771,-0.06444473,-0.016233478,1.0360113,0.040863555,-0.049730744,0.0098067755,-0.0021933753,0.06181316,-0.023257745,0.015629888,0.0029778106,-0.0063026645
0.357995,1.1018144,-0.13902791,0.06160796,0.022079224,1.0860753,-0.08210094,-0.009813011,1.1035002,0.17981069,-0.08133733,0.15979709,-0.012412023,0.16534644,0.04581733,-0.005877104,0.013152924,-0.007059641
0.49236462,-0.6738206,-0.050847493,0.023648776,0.005060423,1.0047357,-0.0013361577,-0.0039798687,-0.01447016,0.094017304,-0.027587134,0.10000776,0.004397271,0.02600838,1.0384102,0.0037428094,0.0031324003,-0.011129787
0.07337832,-0.59199893,0.011262885,0.0048802416,0.0017208325,1.001038,0.012577614,0.0039484166,0.013643413,0.011079926,0.9910371,0.00617545,0.0056271786,0.009806715,0.006196795,-0.007881473,0.002346177,0.0061322185
-0.75153804,0.10161791,0.12476506,0.023069449,0.012107412,0.899097,0.07913708,0.011976891,0.9455123,-0.035696365,0.016406907,0.029801525,0.001305096,-0.07161579,-0.006037936,0.013781158,0.0033747377,0.0042904397
-0.41130632,-0.6528706,-0.09896463,-0.018955896,-0.011274497,1.072154,-0.059779588,-0.007484906,0.06287973,0.03825424,1.0031239,-0.028218511,0.0005639037,0.10233268,0.025295435,-0.013159791,-0.001545354,0.0041551567
-0.7515384,2.3331072,0.124395475,0.031300146,0.010699022,0.8943006,0.08456029,0.016821615,-0.050467584,-0.011988689,0.04588109,0.07022833,0.013779023,-0.0070965444,0.98583734,0.014195264,-0.00450893,0.017427854
1.349899,-0.7515012,-0.43153653,0.16423205,0.08029568,0.11487995,1.0000744,-0.011417651,0.8608881,0.78623927,-0.22331315,0.76086324,-0.01260841,0.18111736,0.26797596,-0.059971865,0.0433381,-0.047987506
0.4854384,-0.6693494,-0.048841152,0.022577357,0.004833856,1.0046004,-0.0013124585,-0.0037661018,-0.013885153,0.08989281,-0.026419569,0.09578194,0.0042600464,0.02485527,1.0368754,0.0035840725,0.003067739,-0.010794516
0.0713283,-0.5688288,0.010954638,0.0049306187,0.0017089702,1.001202,0.012310207,0.0037994687,0.013392389,0.01121036,0.99124074,0.0063338513,0.0055178944,0.009797242,0.0063061914,-0.007915932,0.0023039484,0.006191002
1.0923731,-0.71783245,-0.102692194,0.044078097,0.016360939,0.021448331,1.0059323,-7.578122e-05,-0.035212126,0.18699795,-0.05321711,1.1854934,-0.0024583146,0.033003446,0.064454585,-0.01001734,0.009787848,-0.011472798
-0.6467202,1.8481648,0.6292401,-0.035474125,-0.008428816,0.32120842,-0.23774639,-0.044114776,1.1719581,0.07710853,-0.08418863,-0.08120234,-0.03606122,0.15872931,0.011124785,-0.014721056,-0.007851144,-0.013532517
1.1825395,-0.7007466,-0.06728981,1.0309364,0.008481718,0.009684743,-0.0065217298,-0.0010832166,-0.0195421,1.1235604,-0.037519272,0.1013688,-0.0005937872,0.032133386,0.034978487,-0.0037317518,0.0047428836,-0.010988569
-0.09824155,-0.58955836,0.00015782446,-0.00020757676,4.232197e-06,1.0001554,0.00032762077,1.746352e-05,-0.0001729406,-0.0003737835,0.99989015,-0.0007384336,-9.402977e-05,-0.0003380006,0.00047433676,1.3483099e-05,3.082134e-05,-0.00011594958
-0.6506753,-0.34784678,0.09195303,0.0139353,0.0058705076,0.92657936,0.062378988,0.012485961,0.96266574,-0.026459312,0.016820364,0.01850408,0.0021183623,-0.05542074,-0.005369682,0.0034130106,-0.0016470953,0.008072034
-0.4357075,-0.59595114,0.005096364,-0.02706607,-0.0060728155,1.0223266,0.008399835,0.005055077,-0.0011148249,0.02004297,0.042231094,-0.0020123473,0.009337302,0.031238422,1.0086906,-0.044450667,0.0059358543,0.028664181
0.07260943,-0.58527935,0.01119243,0.0049803033,0.0017764703,1.0012239,0.012601368,0.003915525,0.013604753,0.011440203,0.9910605,0.006414577,0.0056105917,0.009867746,0.0064462493,-0.008076444,0.0023426502,0.006299919
-0.42386568,-0.4582502,-0.07238204,-0.018531112,-0.009078273,1.0534389,-0.04501459,-0.0062800664,0.03943613,0.023918208,1.0096388,-0.029110054,-0.002930176,0.068381116,0.026136085,-0.0085391775,0.0011862358,0.002929992
0.38602784,-0.63740784,-0.16889043,0.039516293,0.026918432,0.08831842,0.95224017,0.0027936231,0.85630053,0.32361636,-0.030892344,0.2969762,0.0011357724,0.10792984,0.083114795,-0.064448826,-0.018234676,-0.037605044
-0.7515383,0.10055894,0.12279269,0.02094836,0.009900646,0.8987478,0.08005459,0.017106287,0.9402434,-0.035595074,0.014902835,0.028598774,-0.0006987865,-0.0696908,-0.009912673,0.014280018,0.0031396803,-0.0015699298
-0.75153846,0.7957439,0.19499345,0.011157608,0.004076107,0.8201593,0.1510798,0.030331649,-0.11501783,-0.08521528,0.06697226,0.03016165,0.004423677,0.82392,0.018168082,0.0018680051,0.013837099,0.008415569
-0.75153846,-0.6905655,0.029119896,-0.014670322,0.0009285045,0.99529046,0.018520847,0.005131381,-0.0015294588,0.005688412,0.030531604,0.021215169,0.0037741477,0.008406655,0.9843404,-0.029257873,-0.0021455006,0.015416127
-0.69250154,-0.23296823,0.09340484,0.019210726,0.006585421,0.9223696,0.062025405,0.010926094,0.95659995,-0.027166316,0.01523402,0.020015538,0.0018420607,-0.056096222,-0.008270896,0.008578118,0.0027339307,0.0062845224
0.09593546,0.63120013,0.055160288,-0.01766394,-0.005673609,0.98497653,0.045262266,0.0058526713,0.97856236,-0.05584371,0.026826084,-0.07614622,-0.007022763,-0.039554473,-0.0018454615,-0.0019440011,0.0006521583,0.0023755576
-0.6613015,-0.66197354,0.046038847,-0.022906624,0.0036195603,0.98613757,0.03907633,0.0076992796,-0.00554512,0.015417217,0.055459358,0.033447884,0.008239382,0.02173857,0.97186875,-0.053460028,-0.0024384197,0.030944346
-0.5753527,-0.6266904,0.0007519538,-0.036693487,-0.0009355345,1.0299215,0.007705312,0.0063765533,0.0042070854,0.03372135,0.045372427,0.00976902,-0.00021648465,0.052969057,1.0002725,-0.07614304,0.004123237,0.03731561
0.07239274,-0.5822901,0.011129248,0.004946359,0.0017752653,1.0011861,0.012530301,0.0038919162,0.013556787,0.011435966,0.99114746,0.006380791,0.0055465647,0.009812893,0.006476346,-0.008072598,0.0023400066,0.0062555936
0.4923679,-0.6735233,-0.050851796,0.023629127,0.0051515386,1.0047861,-0.0014402723,-0.0040394883,-0.014559156,0.09394982,-0.027617825,0.10003559,0.0044149575,0.026013684,1.0384711,0.0036984175,0.0032788021,-0.011214354
-0.5888342,-0.631706,-0.008359408,-0.042390265,-0.0036795628,1.0305607,0.0091366405,0.0024107064,0.0003107912,0.032113165,0.04998183,0.0128460135,-0.0003476602,0.049836133,0.9974423,-0.078128554,0.006615223,0.03534795
-0.09333183,-0.56341684,-0.000503414,0.0006448004,-1.744982e-05,0.99952006,-0.0010333329,-6.5193766e-05,0.000541861,0.0011823886,1.0003356,0.0023306306,0.00029046516,0.0010560066,-0.0014852356,-4.0761046e-05,-8.63593e-05,0.00037738105
-0.59846574,-0.3388309,0.0053086,0.016656442,-0.00053465593,0.9832836,0.002067705,-0.00097354193,-0.0008859882,-0.012887755,-0.015601446,-0.0009861349,0.0018898721,-0.017350614,0.997921,0.027869282,-0.0030133135,-0.011698955
-0.0969967,-0.5819616,4.322817e-05,-5.6334127e-05,1.441033e-06,1.0000402,8.891788e-05,7.0948945e-06,-4.761101e-05,-0.0001058364,0.9999697,-0.00020258632,-2.2728847e-05,-9.250121e-05,0.00013250003,4.7789204e-06,6.438461e-06,-3.0078554e-05
-0.27009666,-0.5964435,-0.3432644,-0.041139353,0.02073028,0.24947439,0.75471365,-0.03574369,1.0591494,0.16130076,-0.040752653,0.032889575,-0.0068680337,0.24573806,0.0021812087,-0.030649558,-0.012499986,-0.02177104
1.0926657,-0.7204373,-0.10241277,0.043828968,0.016869467,0.021219403,1.0056652,-0.0005342239,-0.034927882,0.1868015,-0.05250309,1.1857737,-0.002171889,0.033543427,0.064897105,-0.010669027,0.008860893,-0.011409611
0.07148362,-0.57099706,0.010969534,0.004913289,0.0017363168,1.001205,0.012380021,0.0038397065,0.013443587,0.011225784,0.99118674,0.006311094,0.005554986,0.009855122,0.006333683,-0.007920676,0.0023357687,0.0061853705
-0.43571693,-0.59600425,0.005140559,-0.027067376,-0.0062650014,1.0223894,0.008449762,0.0048398483,-0.0010471166,0.019926758,0.04219845,-0.0019704099,0.009239916,0.03127349,1.0086967,-0.04454638,0.0059804968,0.028674712
-0.75153834,-0.6893658,0.026760533,-0.014937194,-0.00039515275,0.9924964,0.017838674,0.0036498937,-0.0026528412,0.0074776984,0.0319709,0.019129671,0.004728539,0.007907149,0.98359334,-0.029138597,0.0006416155,0.015337007
-0.094654754,-0.57332563,-0.00046723764,0.0006239419,-1.7999995e-05,0.999536,-0.0009770477,-6.075442e-05,0.000507176,0.0011224941,1.0003206,0.0022174222,0.00027399373,0.0010110108,-0.0014174646,-3.898177e-05,-8.618891e-05,0.00035945998
-0.75153846,-0.5663796,0.13002841,0.8922152,0.013061091,-0.042374965,0.09095588,0.015091208,0.009839926,0.030066252,0.16773988,0.099395275,0.016395273,-0.014924861,-0.09764484,0.8119932,0.007477661,0.073082365
0.48462665,-0.6359188,-0.048892237,0.02257173,0.0049605914,1.0047696,-0.0013622992,-0.00403417,-0.013775379,0.090635054,-0.02670462,0.09653131,0.004388131,0.025209825,1.0370029,0.0032523184,0.003324284,-0.010793814
-0.7104271,1.4034663,0.09504726,0.017464276,0.01112524,0.91898775,0.06472843,0.0099569,-0.031937964,-0.009102529,0.031314917,0.05579976,0.006616625,-0.003795474,0.9828338,0.009410138,-0.0038020103,0.01932412
-0.75153846,1.0559931,0.21793136,0.008353032,0.025472043,0.83019674,0.17080308,0.019811332,0.884112,-0.033094414,0.05387599,0.07281277,0.024272887,-0.11419373,0.009425808,-0.011916761,0.028251396,0.028365934
-0.43825826,-0.59497374,0.0062593343,-0.027114488,-0.006487422,1.0216215,0.008852271,0.0050710486,-0.0017225201,0.02003128,0.042381145,-0.001203724,0.009588975,0.030972902,1.0083421,-0.04476415,0.00582837,0.02922334
-0.75153846,2.3346627,0.12687542,0.029045517,0.00648168,0.9051071,0.08613517,0.023780964,-0.057703573,-0.00988393,0.04598786,0.07184729,0.0059880842,0.0006550542,0.97319096,0.0018457744,0.0019649006,0.022843482
-0.5922052,-0.3774074,0.0029470713,0.00883036,-0.0004203728,0.99081796,0.0013469573,-0.0008717136,-0.00060560537,-0.007072513,-0.008370538,-0.0004612401,0.0010735351,-0.009662909,0.998871,0.014919041,-0.0016203962,-0.0062390454
-0.469661,-0.64330596,-0.12976255,-0.021755623,-0.017105632,1.0863136,-0.079822704,-0.009562362,0.08032464,0.04735083,0.9956033,-0.028408818,-6.0350976e-07,0.1222313,0.029286126,-0.016862417,-0.003521504,0.0023432197
-0.6406074,0.19248177,0.041658435,0.0048447317,0.0036585438,0.97484756,0.024125338,0.0040977853,-0.008394413,-0.002445581,0.019488368,0.018505836,0.0048613227,-0.00992016,0.98339343,-0.003086577,-0.0025793056,0.009712139
-0.664212,-0.66758025,0.046129756,-0.02307016,0.0035635934,0.98597455,0.038943492,0.007803985,-0.00544053,0.015706727,0.055369046,0.033644766,0.008245065,0.021634096,0.9719554,-0.05371671,-0.0023479355,0.031016922
1.0918286,-0.71414596,-0.10335907,0.044824403,0.015984626,0.02151973,1.0057487,0.00015546607,-0.035001572,0.18714578,-0.053803097,1.1848905,-0.002471344,0.03282087,0.064055964,-0.009628773,0.0102325445,-0.011242814
1.0929781,-0.72153276,-0.10197059,0.04325211,0.0165555,0.02077717,1.0053599,-0.00056502805,-0.035828985,0.18716355,-0.05259396,1.1857386,-0.002289628,0.033902463,0.065125965,-0.010603145,0.009103426,-0.011869611
-0.7135869,-0.11744847,0.10259925,0.01828879,0.008606444,0.91773057,0.06766781,0.010064687,0.95135117,-0.02828808,0.018047057,0.024456538,0.0025056282,-0.064816296,-0.0057245386,0.008569221,0.003208903,0.0042525018
-0.56776655,-0.5038749,-0.0026369991,-0.014215786,-0.0015249734,1.0142782,0.0013870785,0.0014008521,0.0027275071,0.014473341,0.016058186,0.0023914848,-4.0579125e-05,0.021782525,1.0009187,-0.026616372,0.0017175087,0.012374634
0.04937224,0.02115985,-0.034316503,-0.019712366,-0.0017821752,1.0013288,-0.025570633,-0.008537526,-0.037930682,-0.02286654,1.0126023,-0.008688487,-0.012061223,-0.013800561,0.004345391,0.015985483,-0.0088641625,-0.00969349
0.094277635,-0.630066,-0.22484812,0.015234048,0.038573332,0.1717934,0.9399679,0.0036567417,0.85158014,0.29727718,-0.028715828,0.214574,-0.02451132,0.13490763,0.052837238,-0.073579244,-0.03241588,-0.027423117
-0.6045901,1.4979045,0.63455635,-0.029061185,-0.007309127,0.31470704,-0.2335102,-0.051100258,1.1401232,0.08201033,-0.082134224,-0.07472046,-0.020907266,0.13964327,0.014037126,-0.01671512,-0.0084194075,-0.0008942275
-0.096435554,-0.5870085,-0.00047680316,0.00061828614,1.3228579e-05,0.9995777,-0.00097307266,-8.0249025e-05,0.0005553857,0.0011152347,1.0002971,0.0021616942,0.0002742635,0.00097603496,-0.0013311503,-5.778399e-05,-0.000112494075,0.00033544734
-0.7515383,-0.69005245,0.025786098,-0.014151171,0.0016522243,0.9916343,0.018039322,0.0022365802,0.0016390014,0.005345432,0.030883841,0.021126335,0.0052916054,0.006943582,0.98202395,-0.029477729,0.00080243684,0.016741453
-0.14640585,-0.5785388,-0.28364852,-0.014212646,0.026689408,0.2262435,0.83716726,-0.011099701,0.96414196,0.270403,-0.03335648,0.15149891,-0.013636255,0.2590844,-0.040216204,-0.084764905,-0.05099473,-0.01124964
-0.67148197,-0.3438048,0.08558073,0.013412099,0.0051617627,0.93154186,0.057452433,0.011719004,0.9645864,-0.023925342,0.014364215,0.018882819,0.0018967924,-0.0512972,-0.0038929917,0.0041214293,-0.0012788172,0.006225039
-0.46964332,-0.64358443,-0.12970874,-0.021609312,-0.017181525,1.0863162,-0.07997053,-0.0095400335,0.0803751,0.0473712,0.99565876,-0.028510857,4.9905495e-05,0.12228306,0.029275453,-0.016832823,-0.003420885,0.0022287206
-0.1162122,2.6297734,-0.065724954,0.027387924,-0.0012636135,0.9974011,-0.056875452,-0.015662773,1.0310338,0.03544333,-0.042290553,0.0070191934,-0.0017951021,0.052141715,-0.02106,0.0112664215,0.0012300832,-0.0046036663
1.0999653,-0.72291654,-0.104502596,0.0447733,0.016984913,0.021739965,1.0052947,-0.00012835568,-0.036001544,0.1915002,-0.054474447,1.1893806,-0.0019922801,0.03382431,0.06625062,-0.010870399,0.00976177,-0.011759094
0.21033303,0.06433517,0.022684915,-0.010291917,-0.0009639023,0.9963237,-0.0034797913,0.0054468913,-0.00343457,-0.035322197,0.007961285,-0.028894098,-0.003248462,-0.010554014,0.9906036,-0.0034916415,-0.0024498913,0.0023782966
1.0998162,-0.7224459,-0.104702786,0.044766974,0.016318062,0.021754527,1.0057697,-5.4603857e-05,-0.036149852,0.19107246,-0.054111905,1.1895294,-0.002057931,0.03473321,0.066232234,-0.010421446,0.010231924,-0.0118622845
0.07231012,-0.5815044,0.011118514,0.00494091,0.0017658016,1.001208,0.012531129,0.0039015461,0.013583225,0.011412784,0.991116,0.006412729,0.005582958,0.009834666,0.006468786,-0.008031163,0.0023232466,0.006270138
1.1826091,-0.7003807,-0.06736744,1.0310585,0.008582513,0.009879134,-0.006660479,-0.0010715243,-0.019399889,1.1236205,-0.03750427,0.1013991,-0.00068067125,0.03223554,0.03490823,-0.0036993227,0.004804608,-0.011073385
0.2579164,1.7941068,-0.15262353,0.073574424,0.028751487,1.0974869,-0.104851395,-0.014394679,1.1572865,0.18866017,-0.09194744,0.1654875,-0.016908366,0.2086399,0.02780153,-0.007172,0.008354222,0.005172842
0.08008769,0.5134699,0.058401953,-0.01065595,-0.010078697,0.9791936,0.03544767,0.009230415,0.9948282,-0.067138806,0.02049182,-0.08168361,-0.008902959,-0.040166218,-0.011078945,0.004146106,0.0031433732,0.0056445976
-0.31819695,2.359743,0.079839684,-0.008094925,-0.004696235,0.939248,0.055373687,0.009415006,-0.04794196,-0.044799443,0.03896148,-0.0085461,0.015965536,-0.022334497,0.9585429,0.0043219225,-0.016536025,-0.018554023
0.082999185,0.51852375,0.057308022,-0.010450698,-0.009766009,0.9795755,0.03469744,0.009154778,0.9949789,-0.06570322,0.020128462,-0.079905726,-0.008613677,-0.039255857,-0.0109614525,0.004088319,0.0030805578,0.005592099
-0.259622,-0.5985057,-0.34992492,-0.038135547,0.011216426,0.2557796,0.75690335,-0.043620408,1.0454427,0.14707217,-0.037317857,0.047001764,-0.011760921,0.24057612,-0.0033709868,-0.026311398,-0.026672104,-0.02449071
-0.45613477,-0.75153846,-0.2319071,0.16398801,-0.0037176511,0.10796462,0.8002979,-0.033776335,0.917193,-0.04098858,-0.19552048,-0.1460845,-0.013285457,-0.091395564,0.11335674,0.24138701,-0.010833136,-0.12931512
-0.75153846,1.79019,0.2503013,0.03473623,-0.011304622,0.795865,0.17621881,0.006920791,0.8743189,-0.050193716,0.035749443,0.09342089,0.012056735,-0.1180421,-0.003676036,0.0040093632,0.027327938,0.025384512
0.49237308,-0.67101884,-0.050925154,0.023609772,0.005147437,1.0050396,-0.001264652,-0.0040120017,-0.014439163,0.09402552,-0.027689332,0.10007025,0.004408722,0.026202274,1.0386032,0.003658041,0.0032118112,-0.011123837
-0.75153846,-0.6243193,0.09769102,0.012039778,-0.0006401453,0.92057616,0.06727729,0.008315738,-0.045904517,-0.042934578,0.012833123,0.018324494,0.001707238,0.9051382,-0.00018939444,0.010085419,-0.00090668735,0.014802428
-0.6820398,0.76913226,0.06558915,0.011602362,0.0048496337,0.9487538,0.039483767,0.0057212827,-0.017114522,-0.0060572713,0.016480163,0.030017778,0.00902347,-0.015284379,0.9821203,1.5729225e-05,-0.003650449,0.0113656055
-0.65720093,-0.65993804,0.046805397,-0.023360694,0.0035434961,0.98580897,0.039519474,0.007881073,-0.0056381347,0.015831681,0.05612075,0.034040462,0.008286651,0.02198675,0.97147804,-0.054582447,-0.0024890527,0.03160546
-0.39785436,1.4693543,0.46125445,-0.012269806,0.036016203,0.4769036,-0.337632,-0.048732273,0.2740066,0.22358227,-0.16879714,0.906869,-0.0567398,0.3826468,0.0008221502,0.004011088,0.0069448375,-0.05343496
1.1604214,-0.6844026,-0.061006516,1.0275228,0.0077537643,0.009221134,-0.0069581433,-0.0012940047,-0.018234637,1.1111369,-0.032953586,0.09092794,-0.00045987376,0.029041387,0.031262595,-0.0038143832,0.0041057346,-0.010402132
-0.48212728,-0.5163522,0.001423626,-0.012621439,-0.0008562784,1.012334,0.00068304635,0.0038165594,0.00059075066,0.011719651,0.017744105,0.0007300309,0.0028116824,0.019315563,1.0027508,-0.024687639,0.0034358876,0.01219559
-0.72203386,1.7646385,0.110060975,0.018780116,0.010837316,0.9043097,0.07354314,0.014214038,-0.042151693,-0.0094490815,0.035208188,0.06930129,0.004241013,-0.009781484,0.9788444,0.009659573,-0.0033206777,0.019713487
-0.60074437,-0.4220621,-0.0006142668,-0.0014792494,-2.057029e-05,1.0013824,-0.0002191383,4.2966687e-05,0.00012773622,0.0009888755,0.0013656977,0.00010788421,-0.00018287983,0.0013612363,1.0000826,-0.0022385644,0.00024058043,0.0009065524
-0.5346026,-0.08709166,-0.062408518,-0.011315006,-0.01281276,1.0391381,-0.039275423,-0.0059958487,0.034386523,0.019560345,1.0003526,-0.017492643,0.0002992773,0.046174627,0.013109292,0.0062928484,-0.0038203998,0.0012665818
-0.7024169,2.8716545,0.53883564,0.0009766958,-0.0012940016,0.3081804,-0.3186406,-0.04720202,1.1596179,0.12145948,-0.17232813,-0.11148709,-0.02336435,0.14154246,0.0270841,0.0064225807,-0.009649187,-0.037708446
-0.59180033,-0.62203825,-0.009201694,-0.040600505,-0.0037502828,1.0307229,0.008207365,0.0019128515,-0.00030914263,0.031274173,0.047628067,0.012104762,-0.0007334235,0.04648825,0.9972998,-0.07427106,0.0067931814,0.032818656
-0.7515382,2.682973,0.114303626,0.027824065,-0.0008425397,0.894259,0.09914902,0.01317245,-0.051326096,-0.017066168,0.049844988,0.08015704,0.0052930857,-0.009757898,0.96312404,0.017945966,-0.0013009422,0.0047701187
0.08072899,0.5042301,0.057356827,-0.010488266,-0.009899065,0.9796075,0.034723744,0.009164714,0.9949571,-0.06587629,0.020107701,-0.080148034,-0.008752302,-0.03940378,-0.010943414,0.0040778257,0.0031898844,0.0056048464
-0.43510133,-0.5961537,0.0050319247,-0.02693754,-0.006236027,1.0220578,0.008562498,0.00475955,-0.0009821518,0.02018997,0.042202037,-0.0021133847,0.009362894,0.03116537,1.0087711,-0.044384893,0.0061132717,0.028732527
-0.6224165,-0.33423877,0.006498157,0.016918229,0.00028710192,0.9849559,0.0016319361,-0.00013794452,-7.434225e-05,-0.011426737,-0.015866797,-0.0019241476,0.0016956447,-0.014951366,0.998773,0.026259035,-0.0030523967,-0.0106144
0.49232668,-0.6702197,-0.050882217,0.023600986,0.0051025613,1.0048994,-0.0012204747,-0.00411617,-0.014491181,0.09406782,-0.027609969,0.10012468,0.00446293,0.026214954,1.0384783,0.003595354,0.0032732822,-0.01103043
-0.6509889,0.37708583,0.041775335,0.006927676,0.0036512953,0.9692914,0.025665196,0.0023513117,-0.010844866,-0.0021016905,0.014723118,0.019629996,0.0057853325,-0.011197037,0.9843386,0.00050271547,-0.0043660942,0.0075062397
27.140692,-0.75153774,-0.75153846,6.153897,1.0752946,1.8932453,-0.090472676,-0.7038371,-0.7514361,21.440166,-0.75153846,16.402985,-0.47664464,4.409174,4.2136297,0.36551598,2.2374692,-0.6783457
0.07530568,-0.5846974,0.009111267,0.0039425455,0.0011457886,1.0010403,0.010353462,0.0031194177,0.011235013,0.0091494545,0.9925146,0.0051128813,0.0046319426,0.007948493,0.005282884,-0.0066305264,0.00197728,0.0050515803
0.4853424,-0.66683465,-0.04879825,0.022614872,0.0049665524,1.0046704,-0.0012300399,-0.0037482076,-0.013785342,0.08999012,-0.026474966,0.095752746,0.0041603358,0.025078764,1.0368373,0.0034981498,0.002990995,-0.010618853
0.06442631,2.046672,-0.07276456,0.02982775,0.013627268,1.0421518,-0.051972363,-0.013156283,1.0744268,0.07988397,-0.036152925,0.0658561,-0.008690703,0.095233,0.0073309243,-0.0025702415,0.0039194827,0.0010365443
-0.082523644,2.629588,-0.06961112,0.03398537,0.0048687863,1.0228595,-0.064554006,-0.018899588,1.066958,0.058322888,-0.037354257,0.022746814,-0.0051795254,0.09176055,-0.025104532,0.004610042,0.0053718206,0.0002249438
0.07516124,-0.30845448,0.638196,-0.015371961,-0.0071747215,0.24213174,-0.04722446,0.0245738,-0.044918634,0.29779968,-0.0063736658,1.0295906,-0.058595195,0.10630182,0.04284187,-0.042780504,-0.002054574,-0.04044808
0.49231523,-0.67108095,-0.050962072,0.023645356,0.005112021,1.0049071,-0.0013226299,-0.004110945,-0.014475759,0.09402303,-0.027695896,0.09997329,0.0045173955,0.02628354,1.0384704,0.0036687679,0.0031521625,-0.011092369
1.360987,0.38106474,-0.48085847,0.24922568,0.070251375,1.0811046,-0.028978039,-0.008199167,0.9214632,0.8860979,-0.28499112,0.7359998,-0.03204796,0.29473877,0.23015273,-0.03414703,0.04316084,-0.07323306
-0.75153846,-0.75153846,-0.75153846,-0.75153846,56.67486,-0.75153846,56.67486,-0.75153846,-0.75153846,-0.75153846,56.67486,-0.75153846,56.67486,-0.75153846,56.67486,-0.75153846,-0.75153846,-0.75153846
0.94111764,-0.043704465,-0.2971331,0.15401869,0.056041252,1.0706152,-0.031073548,-0.0115006715,0.99306554,0.52239895,-0.17172705,0.4858731,-0.023395786,0.23897736,0.15870342,-0.012722139,0.037362155,-0.035339538
0.68082774,1.8257092,-0.37397563,0.16373272,0.05112994,1.1576731,-0.15686202,-0.045762446,1.1455606,0.598771,-0.23027839,0.4015367,-0.04120114,0.42981666,0.08329432,-0.036163937,0.02957506,-0.021828283
-0.71675754,-0.11694418,0.10140725,0.018291013,0.008388567,0.91860926,0.066861734,0.010139821,0.95189613,-0.027863346,0.017764088,0.024421152,0.002369319,-0.064257525,-0.0054729967,0.008535069,0.0031200496,0.004229899
-0.75153846,-0.5704325,0.124503,0.8898984,0.013812747,-0.03460974,0.09291293,0.003311681,0.0053695585,0.03178911,0.16523102,0.105268404,0.007672037,-0.028847205,-0.09705792,0.80997276,0.010003226,0.078473896
0.073335305,-0.55741894,0.008777404,0.0041409372,0.0010179168,1.0009927,0.009902838,0.002887324,0.010255893,0.008710273,0.9933691,0.00528366,0.0041704727,0.0073349727,0.0043043587,-0.006547449,0.001915845,0.004717197
0.0748493,-0.3091839,0.6400875,-0.019012013,-0.0069743223,0.24423595,-0.046329442,0.026344918,-0.043527745,0.29939425,-0.003262375,1.0313365,-0.057792533,0.10570905,0.03964855,-0.04460219,0.0055832425,-0.041148633
-0.6643361,-0.66762793,0.04617334,-0.02297712,0.003496809,0.98597646,0.038924135,0.007740115,-0.005486975,0.015666533,0.05544067,0.03366344,0.008192989,0.021479316,0.9720082,-0.053621504,-0.0024550315,0.031016007
0.03399699,0.43591312,0.0,0.0,0.0,1.0,0.0,0.0,0.0,0.0,0.0,0.0,0.0,0.0,1.0,0.0,0.0,0.0
0.5562271,-0.039671518,-0.24323988,0.071019515,0.058449242,0.09548178,0.949781,-0.012659532,0.9020286,0.37756106,-0.0903858,0.38597572,0.0045555825,0.085584275,0.11643808,-0.052079655,0.01809133,-0.023006765
0.07078455,-0.557222,0.010804294,0.0050772573,0.0012473634,1.0012103,0.012139893,0.0035652695,0.012598781,0.010726062,0.99185133,0.0064536687,0.0051067993,0.009038581,0.005243324,-0.0080318395,0.0023493795,0.0057982244
1.4514558,1.3698972,-0.5129761,0.27710265,0.07563842,1.1074568,-0.06144574,0.028760007,0.91559124,1.1056651,-0.32041857,0.87575924,-0.07109119,0.3844916,0.2871433,-0.06264129,0.038231894,-0.08223371
-0.1318104,-0.42764446,-0.02039011,-0.0079216175,-0.0006478751,0.99885505,-0.020680685,-0.0067553404,-0.018480496,-0.01658983,0.010021974,-0.0082403915,-0.008652238,-0.0119617535,0.99059576,0.010861867,-0.004525462,-0.010535114
-0.75153846,-0.58893734,0.13569577,0.877899,0.019238142,-0.047058836,0.08970836,0.0064153946,-0.008850498,0.02550419,0.1683656,0.10759188,0.012077818,-0.023109265,-0.09554343,0.81972635,0.012007184,0.088107094
-0.46954572,-0.6436932,-0.1297947,-0.02160219,-0.017200897,1.0863118,-0.07966101,-0.009490669,0.080412194,0.047399566,0.9955829,-0.028409889,2.2970917e-05,0.1222917,0.02915806,-0.01706383,-0.0033159698,0.0020002592
-0.09565741,-0.58202475,-0.0005273012,0.00067652215,-1.28003085e-05,0.9995043,-0.001082024,-6.4983986e-05,0.00056359876,0.0012349488,1.0003626,0.0024245256,0.000303442,0.0010989995,-0.0015506991,-4.394725e-05,-8.965155e-05,0.00038830106
-0.6818244,0.76721036,0.06556087,0.011632294,0.0047365557,0.94881237,0.039408404,0.0057452703,-0.017157035,-0.0059757438,0.016476551,0.029998071,0.00906863,-0.015265061,0.9821837,-1.2512864e-06,-0.0037465685,0.011170129
-0.75153846,1.8663139,0.2451908,0.02913403,-0.0076944283,0.78135395,0.17844714,0.026721071,0.8758925,-0.053182393,0.041754283,0.09094012,0.022016,-0.107509844,-0.005044886,0.005808472,0.01422482,0.014073476
-0.4012901,-0.64825267,-0.09320027,-0.017559543,-0.010629174,1.067249,-0.056026764,-0.006932774,0.059700035,0.037047926,1.0032836,-0.028320767,-5.7601872e-05,0.09677124,0.023176078,-0.011183706,-0.0009726298,0.0041016117
-0.75153846,1.0024815,0.2050348,0.0131965075,0.020033637,0.8242041,0.16570717,0.026344104,0.87094414,-0.035815757,0.052561007,0.07605599,-0.00027328904,-0.1122703,0.0045609726,0.0038502393,0.011474205,0.0038305891
-0.6301281,1.6771368,0.6296934,-0.03269751,-0.013617205,0.31967652,-0.22876734,-0.045449506,1.154892,0.08165953,-0.08549136,-0.078155145,-0.027836204,0.147927,0.0067983367,-0.018416647,-0.007399914,-0.010803654
0.092655554,0.60186046,0.052546307,-0.014690863,-0.0061258655,0.9833286,0.044554718,0.0076075327,0.9834014,-0.06149149,0.022834187,-0.07904631,-0.008301551,-0.040804926,-0.006714019,0.0015037721,0.0027755622,0.0030930352
-0.5818561,-0.6317891,-0.0028316488,-0.036593586,-0.00053102477,1.0325257,0.009676199,0.0042115455,0.0019192267,0.035861015,0.045686662,0.01189387,-0.000836226,0.05520373,0.9969775,-0.07772161,0.0066581573,0.036619063
-0.6801691,2.082166,0.6212965,-0.031221194,0.0038767555,0.32567018,-0.24729483,-0.046288192,1.1897005,0.08550397,-0.08515577,-0.07624905,-0.043396033,0.19034861,0.014857386,-0.01950074,-0.007534949,-0.013349612
-0.29043677,2.2677689,0.0065565975,-0.0190827,0.005221837,1.0087968,0.04697067,-0.0006892491,-0.046319567,-0.009728921,-0.0146461,-0.018715225,0.0072889864,-0.04167635,1.0800219,-0.010021827,-0.0010859974,-0.0054285508
-0.58175606,-0.6321007,-0.0028345275,-0.036527555,-0.0003432633,1.032515,0.009665139,0.0044323294,0.0021387876,0.03588777,0.04593629,0.011769379,-0.0008508432,0.055219773,0.996966,-0.07787383,0.0066340463,0.036688697
-0.5794128,1.3373702,0.64064056,-0.026221829,-0.0034640029,0.29976794,-0.23213875,-0.044381186,1.1442034,0.08893704,-0.076804735,-0.06064622,-0.018977182,0.16887905,0.005841549,-0.012070069,-0.011857682,-0.012806038
-0.4263874,-0.5679572,-0.35158643,-0.059635345,0.008924219,0.29698548,0.7567273,-0.041648526,1.1391033,0.14021222,-0.030239182,-0.020606793,-0.0040788837,0.26672015,0.02031618,-0.050162766,-0.012882737,-0.042770818
-0.45751688,-0.59375197,0.007156112,-0.025847238,-0.0038435273,1.0208681,0.004793995,0.0084088035,0.0038320269,0.022948867,0.039421685,0.0031541155,0.008565084,0.038006335,1.0021234,-0.049238462,0.0044648508,0.028193695
-0.75153846,2.275246,0.25536063,0.06412,-0.0029279895,0.77287954,0.18484841,0.020984493,0.89276135,-0.05734439,0.0494779,0.076474845,0.013879708,-0.08171339,-0.033931203,0.030498823,0.016240623,0.018508472
-0.43609625,-0.5960379,0.00532834,-0.027235758,-0.006299703,1.0223131,0.008308506,0.0050872588,-0.0012340603,0.019885866,0.042273972,-0.0019314964,0.009407948,0.031253815,1.0089793,-0.044621952,0.005863118,0.028741576
-0.3428799,2.4742332,0.06842203,-0.0067699705,-0.008768022,0.94144243,0.049730744,0.00879015,-0.04666482,-0.042331327,0.028813927,-0.0036674317,0.01994572,-0.02666528,0.9669161,0.0047491523,-0.01454119,-0.01583408
-0.5460878,1.0384338,0.6437745,-0.037875574,0.006295491,0.29699025,-0.2285663,-0.04585345,1.1331272,0.11021489,-0.07222078,-0.033781927,-0.0069649974,0.18470743,0.0029499251,-0.01134931,-0.01710651,-0.024342999
-0.53431463,0.1450906,-0.023921529,-0.0047279377,-0.0030364296,1.0148159,-0.015496817,-0.0026012128,0.017451167,0.005352018,1.0005552,-0.008219187,6.154047e-05,0.015399058,0.0036485095,0.002935206,-0.0017238529,0.0020019014
-0.688589,0.8567257,0.070616096,0.011446121,0.004187546,0.94589365,0.04350001,0.00610161,-0.014179802,-0.005637552,0.016933467,0.032789018,0.011073428,-0.013146015,0.9791331,0.0007380729,-0.004374742,0.013519967
-0.120186806,-0.4275175,-0.03323142,-0.012161161,-0.0006036083,0.99816924,-0.032791853,-0.011649726,-0.03001466,-0.026578255,0.015086351,-0.012272706,-0.013852192,-0.01946688,0.98386043,0.018277483,-0.00801998,-0.017451875
-0.065326124,-0.651937,-0.20300487,-0.020083498,-0.0013819219,0.1423043,0.94952184,0.019809177,-0.044285648,0.17405795,1.0646745e-06,1.0184644,-0.018439785,0.061463714,0.0219973,-0.040496636,0.006521331,-0.020570299
0.29312962,0.90574265,-0.08133674,0.03269817,0.011214421,1.0462033,-0.047783703,-0.0063717216,1.0564936,0.10632589,-0.043350093,0.10794608,-0.0035221667,0.08021445,0.039992597,-0.005501321,0.008006868,-0.0094141215
0.4923069,-0.66956306,-0.05096258,0.023659728,0.0051049157,1.0050527,-0.0012420658,-0.004055217,-0.014438934,0.0940938,-0.027564129,0.10008757,0.004451702,0.026251324,1.0384372,0.0036043145,0.003189401,-0.011111335
1.0260775,-0.43112558,-0.33669618,0.13737088,0.07263378,0.09941475,0.9632942,-0.024840927,0.8660979,0.6075992,-0.16914962,0.6284794,0.005291647,0.12300905,0.20646057,-0.06974498,0.037545264,-0.02190776
-0.75153846,-0.5733346,0.11559308,0.8784806,0.021218758,-0.046371866,0.09390747,0.014597473,-0.003971854,0.012549185,0.17618369,0.1032556,0.026474966,-0.024613438,-0.11220671,0.8241032,-0.006018486,0.07393801
0.48461983,-0.63854796,-0.049054366,0.022495195,0.0050177732,1.004814,-0.0012845319,-0.0039168084,-0.013686946,0.09054777,-0.026646424,0.096345566,0.004304731,0.025196746,1.0370069,0.0033113086,0.0032464908,-0.010712877
-0.75153846,-0.5874411,0.12789573,0.8956658,0.017004702,-0.043505948,0.092609406,0.0124071445,0.0030061053,0.025235793,0.16555347,0.11300958,0.012186864,-0.02859868,-0.10569132,0.8088617,0.011657237,0.0809128
0.3432111,-0.51115793,-0.15113999,0.03948389,0.033634048,0.09189993,0.95100725,0.0066990633,0.863343,0.31196463,-0.02866351,0.2842109,-0.003173344,0.10848495,0.08386625,-0.06907708,-0.01694794,-0.035517313
-0.36861822,2.4800093,0.09003459,0.008560316,-0.010070427,0.91646004,0.059806947,0.00755913,-0.05523468,-0.04612585,0.035382476,0.011040807,0.020912759,-0.023940405,0.9525667,0.015208786,-0.016291803,-0.013436225
-0.59795564,1.4733808,0.6360926,-0.023122704,-0.008476228,0.31272787,-0.23153982,-0.05148647,1.141919,0.08096842,-0.08262315,-0.071144216,-0.017888036,0.14585833,0.008182424,-0.018536856,-0.009078335,-0.0056711873
-0.75153846,0.93735117,0.20677094,0.011682445,0.008737424,0.8135598,0.14776014,-0.0010606836,0.8940471,-0.038669854,0.04987719,0.074796274,0.005510262,-0.1251024,0.0010087049,-0.0017380377,-0.007123225,0.011310838
-0.45602173,-0.5938361,0.0070040883,-0.02583477,-0.003918897,1.0208848,0.004786282,0.008388385,0.0036268074,0.022992529,0.03942464,0.00318228,0.008592226,0.03787405,1.0020684,-0.04906378,0.0044794045,0.028229743
-0.43472213,-0.59620583,0.0051279035,-0.027119555,-0.006268356,1.0220643,0.008436802,0.004954734,-0.0008845785,0.02001082,0.042122766,-0.002003401,0.009341774,0.03121868,1.008733,-0.04424426,0.0057821902,0.028699892
-0.4696212,-0.6435606,-0.12974374,-0.021647623,-0.017204614,1.0862674,-0.07990874,-0.009578279,0.08047935,0.047372404,0.99552524,-0.028478814,-3.1599552e-06,0.12215595,0.029363558,-0.016906297,-0.0035173348,0.002356919
1.1675355,-0.6871976,-0.06303097,1.0290434,0.008102255,0.009288091,-0.006532396,-0.0011500118,-0.01848166,1.1153032,-0.03462805,0.09452064,-0.0006408072,0.030082736,0.032189287,-0.0038984707,0.0044901194,-0.010995724
0.48458317,-0.6381404,-0.04906514,0.022666497,0.0051375204,1.0045929,-0.0012666084,-0.0039609787,-0.013740845,0.090547666,-0.026453817,0.09634152,0.0043305666,0.02515004,1.036989,0.0033676203,0.0033271338,-0.010695395
-0.75153846,-0.68993556,0.025966022,-0.0161436,0.00078030874,0.9914472,0.018629253,0.0027598345,-0.0026991954,0.009333387,0.030778134,0.020368317,0.0055593075,0.008160323,0.98308516,-0.028804636,-0.003426425,0.014641452
0.49223393,-0.6708873,-0.050868295,0.023649868,0.005077416,1.0049667,-0.0012732781,-0.0039856234,-0.01446248,0.09398971,-0.027624369,0.09998021,0.0045454726,0.026274627,1.0384198,0.0035393646,0.0032113406,-0.011154655
-0.43550023,-0.59615016,0.0050495025,-0.02710211,-0.0064289877,1.0221226,0.008498259,0.004931688,-0.0010317558,0.019945329,0.04221018,-0.0019396553,0.009277752,0.031252768,1.0087911,-0.044558547,0.0060504237,0.028765533
-0.45676997,-0.5937986,0.007178917,-0.025957283,-0.0039300383,1.0208591,0.00485134,0.008472437,0.0038204738,0.023004284,0.039389603,0.0031932052,0.008573042,0.03792984,1.0021621,-0.049116995,0.0043961382,0.02814967
56.67486,-0.75153846,-0.75153846,-0.75153846,-0.75153846,-0.75153846,-0.75153846,-0.75153846,-0.75153846,56.67486,-0.75153846,56.67486,-0.75153846,-0.75153846,56.67486,56.67486,-0.75153846,-0.75153846
-0.45582443,-0.5939085,0.007077034,-0.02589599,-0.004033496,1.0207366,0.0048399437,0.008471407,0.0037789347,0.023003954,0.039463807,0.0033078499,0.008671104,0.03797986,1.0021296,-0.049123663,0.004349869,0.027931236
-0.72278386,2.3947945,0.12782006,0.0324638,0.0039445315,0.8850313,0.10040598,0.020404348,-0.04875681,-0.016580071,0.043478422,0.081182234,0.008258114,-0.0040798066,0.96700203,0.017828982,-0.008432487,0.017042927
2.0010655,-0.26330215,-0.7113108,0.34129092,0.096141525,1.1129872,-0.04662472,-0.010941134,0.8832831,1.1988059,-0.4012541,1.0342138,-0.036504894,0.36329737,0.3145584,-0.041374814,0.068870835,-0.082354225
0.55778694,0.66926473,-0.18513593,0.08950283,0.028469851,1.1047697,-0.04166942,-0.011276823,1.0281605,0.33440167,-0.08922062,0.28926262,-0.021218974,0.20064512,0.11766841,-0.01079521,0.023545329,-0.026753303
-0.6353902,-0.28024983,0.033048,0.00048292257,0.004001737,0.9800675,0.02050994,0.0033844623,-0.0018235557,-0.00071148475,0.016950838,0.016505986,0.0049046976,0.00089843216,0.9826573,-0.0041124537,-0.004208988,0.008156079
0.070552625,-0.5546599,0.0107721295,0.0050774794,0.0012531348,1.0012056,0.012129933,0.0035588283,0.01256595,0.010681405,0.9918763,0.0064356034,0.005148804,0.008996914,0.005218053,-0.008043781,0.002284387,0.0057802196
-0.60105884,4.6320534,-0.013429136,0.0022325688,-0.002002831,0.9999498,-0.009672497,-0.0023224505,0.005128073,0.00455473,-0.008755591,-0.0029455116,0.00014011581,-0.00053235504,0.99716574,0.0025646833,0.00057313027,-0.0017099319
56.67486,56.67486,56.67486,-0.75153846,-0.75153846,-0.75153846,-0.75153846,-0.75153846,-0.75153846,-0.75153846,56.67486,56.67486,56.67486,-0.75153846,-0.75153846,-0.75153846,-0.75153846,-0.75153846
-0.75153846,-0.577704,0.13600104,0.89499384,0.0074940166,-0.03339999,0.1014909,0.003581111,0.0053510205,0.031043423,0.16754664,0.10415083,0.008638529,-0.019018074,-0.09648725,0.81851995,0.004421227,0.09097454
-0.35510832,0.8737727,0.009241155,-0.005349184,0.01019596,1.0049989,0.036550745,-0.0017597195,-0.037520625,0.0015842716,-0.0057384307,-0.016094375,0.0013134773,-0.040179648,1.0598533,-0.007753246,0.0054693585,-0.012831334
-0.096401535,-0.5751687,0.00015208352,-0.00020549825,7.0168253e-06,1.0001463,0.00033077813,1.778858e-05,-0.00016904912,-0.00037107634,0.9998933,-0.000738664,-9.176385e-05,-0.0003347626,0.00046635384,1.0799218e-05,2.4162393e-05,-0.00012138054
-0.75153846,0.3946469,0.16616768,0.031003067,0.017017119,0.87456584,0.11013759,0.015776455,0.9164578,-0.03432392,0.038226258,0.04799286,0.010988018,-0.090061165,0.0028266008,0.011390068,0.0029246116,0.0030799184
0.07119111,0.56842786,0.06524349,-0.014178969,-0.008357519,0.9784132,0.04713456,0.008231012,0.9862361,-0.07604594,0.02404285,-0.09343691,-0.01119265,-0.047459185,-0.009615629,0.0035522506,0.005088017,0.006067802
1.1901472,-0.7022625,-0.069750264,1.0322931,0.009147343,0.010443744,-0.007572285,-0.0013784415,-0.019985171,1.1281036,-0.038428966,0.10496449,-0.0011465835,0.034332417,0.036481738,-0.0038625344,0.005035963,-0.011807123
0.18158254,0.8423326,-0.005782579,0.0019107645,0.0007521954,1.0024997,-0.0030843439,-0.00045719265,1.003054,0.005669865,-0.0026704166,0.0063336045,0.000114637725,0.0035469292,0.0015759616,-6.6531014e-05,0.0006082915,-0.000118128075
-0.43874374,-0.37785435,-0.06586738,-0.016537808,-0.008536097,1.0483736,-0.040094405,-0.005560036,0.036623344,0.020800019,1.0084516,-0.025710525,-0.0021920684,0.061763454,0.022801057,-0.0075576976,0.00026364042,0.002716625
-0.73131675,-0.0021913624,0.113549896,0.020028714,0.010691909,0.9094578,0.07390705,0.010643387,0.9456517,-0.030704219,0.021638509,0.02800767,0.0012767133,-0.06880958,-0.0070402557,0.008311768,0.0024010174,0.003043847
-0.5694004,-0.62684536,0.0014611053,-0.035447516,-0.00038222087,1.0288954,0.008396978,0.006566835,0.0054702987,0.034364756,0.044588238,0.010423428,-0.000109698696,0.054073527,0.9987713,-0.07586333,0.0034243548,0.037767626
-0.43708402,2.7289424,0.07639613,0.003997456,-0.0060185483,0.92964816,0.048447818,0.0053972183,-0.037900943,-0.031326145,0.033103947,0.018715395,0.017263072,-0.019827483,0.96050924,0.010965642,-0.015948677,-0.010604239
-0.45611846,-0.593888,0.007185252,-0.025928805,-0.0038831958,1.0208656,0.0048582796,0.008376096,0.0038313572,0.022921711,0.03947206,0.0031658465,0.008541731,0.037851404,1.0021719,-0.04915114,0.0044050002,0.028123733
-0.39758527,1.4659275,0.4602964,-0.013677776,0.038813338,0.47620022,-0.33764356,-0.05394751,0.26997933,0.22672923,-0.1660561,0.90709484,-0.057122234,0.38202998,-0.0047492133,0.004239957,0.004134349,-0.05519474
-0.0964926,-0.5759713,0.00015204005,-0.00019860515,4.4656867e-06,1.0001438,0.0003159759,2.3471195e-05,-0.00016792738,-0.0003649077,0.99989754,-0.00070939417,-9.332769e-05,-0.00032774478,0.0004553963,1.641748e-05,2.7821074e-05,-0.000117768315
-0.11622793,-0.5281213,-0.03177206,-0.0122904265,0.00034002966,0.99861443,-0.033839665,-0.010228904,-0.029016893,-0.0266666,0.015575715,-0.012976692,-0.014010903,-0.020071395,0.9839225,0.017375108,-0.007995547,-0.017292144
1.4527706,1.3707069,-0.51186466,0.27952546,0.07021813,1.1080074,-0.062423933,0.027593177,0.9149242,1.1059731,-0.31999016,0.8771129,-0.069562964,0.3873924,0.28838676,-0.062380407,0.03845509,-0.07897349
-0.39929578,1.4664353,0.46090612,-0.014320363,0.037162296,0.48635444,-0.33524752,-0.049684186,0.27501222,0.22154821,-0.15966944,0.9062198,-0.05578851,0.37688348,0.005703686,0.0052238638,0.010877619,-0.048492435
0.19445264,1.66007,-0.101247855,0.044043858,0.022024266,1.067018,-0.07007529,-0.01083813,1.1085147,0.11762227,-0.056759544,0.10763305,-0.012512719,0.13621849,0.020142265,-0.0073605124,0.005740312,0.0061484594
-0.09182643,-0.5519477,-0.0005098391,0.00067860034,-1.9425788e-05,0.9994986,-0.0010679413,-6.90961e-05,0.00055837695,0.0012288378,1.0003535,0.002398856,0.00030432944,0.0010995051,-0.0015388873,-4.3333144e-05,-9.644908e-05,0.00039050076
0.07795029,0.53816164,0.061791547,-0.011937032,-0.010098534,0.9781018,0.038036913,0.009844571,0.9934711,-0.070726335,0.021172937,-0.08527268,-0.009044429,-0.04244699,-0.011272847,0.0043156315,0.0034307446,0.007002815
-0.75153846,-0.5680204,0.13491327,0.8815856,0.011844946,-0.040499818,0.09161787,0.01397534,0.0034212216,0.031091927,0.1649303,0.1016211,0.010897697,-0.024414418,-0.09360915,0.819237,0.010203254,0.07607695
-0.7024935,-0.11651434,0.10717155,0.018683592,0.009003721,0.9144025,0.07036604,0.010711738,0.94831985,-0.02792064,0.020131584,0.026510186,0.0025244437,-0.06668441,-0.0066088173,0.0071067405,0.003108798,0.005150128
-0.40099683,-0.6071352,0.0054114223,-0.02071096,-0.0016033646,1.021268,0.013084917,0.0027836128,-0.0038746358,0.020891529,0.031149054,0.0020980935,0.0053515458,0.021225536,1.0189489,-0.04516437,0.0055504288,0.01932663
-0.3234367,1.745146,0.00057535083,-0.012173975,0.0075955526,1.0126562,0.040126964,-0.0018141287,-0.03843773,-0.0039460124,-0.018374288,-0.017194137,0.0036615366,-0.036429927,1.0816871,-0.007369259,0.0056554633,-0.0049875886
-0.75153846,0.22580087,0.14704484,0.024163174,0.00945798,0.8745263,0.09533467,0.013131653,0.9493623,-0.03129082,0.028088158,0.038622357,-0.0035022264,-0.07307269,-0.008949098,0.005252302,-0.013464632,0.019940477
-0.09451649,2.6057234,-0.058214176,0.027747499,0.0049662804,1.0219569,-0.05757263,-0.0160116,1.0618608,0.04711692,-0.029748885,0.018411802,-0.0048849327,0.079514764,-0.022034483,0.0048505478,0.0028026227,0.0010826907
-0.4096507,-0.6466831,-0.096907414,-0.018456427,-0.011158969,1.0699463,-0.05863882,-0.0076738885,0.06192088,0.0384027,1.0038233,-0.028623614,0.0006685842,0.1007918,0.024535634,-0.012127367,-0.0007591768,0.0048849457
-0.72152376,1.7467357,0.10970228,0.018832628,0.010977168,0.90504307,0.07296788,0.014132917,-0.041974626,-0.009570583,0.03489922,0.06880959,0.0041238368,-0.009837135,0.9790066,0.009622307,-0.0033100662,0.019558933
1.1744087,-0.68940496,-0.06519295,1.0300757,0.008315137,0.009454818,-0.0066546565,-0.0010718517,-0.018484171,1.119627,-0.035994563,0.097758494,-0.0006235676,0.031153014,0.03374397,-0.0038182877,0.004875328,-0.010729663
-0.55721223,-0.33145797,0.008471925,0.02124571,0.00055573724,0.9765076,0.004489237,-0.0017068085,-0.002100901,-0.017030658,-0.021328771,0.00019668798,0.0014581933,-0.02333024,0.9966323,0.03542108,-0.004462373,-0.016386341
0.62542266,0.2252371,-0.17488167,0.09273137,0.015016012,1.061693,-0.028941918,-0.014306102,1.0188193,0.3460801,-0.09773856,0.30728352,-0.021153528,0.19981511,0.10451884,-0.009605354,0.018054854,-0.032115664
0.07353401,-0.5595734,0.008835197,0.0041513056,0.0010186621,1.0009882,0.009931793,0.0028475546,0.010285074,0.008714957,0.9933592,0.0052584396,0.004196837,0.0073578698,0.0042633507,-0.006551348,0.001888281,0.004760155
-0.75153774,0.21368854,0.14086764,0.030507743,0.0037698196,0.8836154,0.09158879,0.016426427,0.9201967,-0.028504042,0.020752147,0.034334414,-0.00949824,-0.07307649,0.011135399,0.008063099,0.00054580596,-0.0016699431
0.4845227,-0.6385713,-0.04894442,0.022517737,0.0050589284,1.0047222,-0.0013786377,-0.003932269,-0.013791484,0.09065779,-0.026272504,0.096271284,0.0041668997,0.025058398,1.0370059,0.0033682378,0.0030651994,-0.010698182
-0.35520715,-0.65694225,0.0051169093,-0.014456646,-0.002246937,1.0191714,0.013655286,0.0027270897,-0.0062660486,0.016805515,0.02405088,-0.00021006282,0.002902312,0.014844894,1.0205567,-0.036817532,0.0039319033,0.013316431
1.1899668,-0.7007301,-0.069708355,1.0322444,0.009181125,0.010338687,-0.0075747673,-0.0011860316,-0.019968893,1.1280955,-0.03854212,0.10502163,-0.0010624541,0.034405757,0.03647958,-0.0040015248,0.005134868,-0.011812311
-0.0925384,-0.55491,-0.00037540172,0.00048449516,-2.3796718e-05,0.99963397,-0.0007803985,-5.5303393e-05,0.00041127356,0.00089527154,1.0002533,0.0017528572,0.00021921152,0.000802126,-0.0011202766,-3.2473086e-05,-6.2437626e-05,0.0002872783
-0.45614123,-0.59385276,0.007202174,-0.02577976,-0.003920093,1.0208455,0.004843963,0.008327111,0.0037491093,0.022908572,0.039442092,0.0032523212,0.008556032,0.037973046,1.0021336,-0.04911145,0.004426402,0.02817159
0.35234272,1.1375486,-0.13869353,0.062792644,0.021912007,1.0857881,-0.08182329,-0.009396365,1.1054807,0.1797404,-0.08230706,0.15912235,-0.013196148,0.16622385,0.045324873,-0.0057839104,0.013955394,-0.006965459
-0.11918745,2.6732934,-0.06742918,0.02765762,-0.0011859564,0.99756485,-0.059579507,-0.016497407,1.0315741,0.03533945,-0.0419064,0.0059485366,-0.0021828234,0.053502865,-0.02284825,0.011481819,0.0016666544,-0.005163113
0.07447914,-0.5746625,0.009026466,0.0040498027,0.0014307663,1.0009886,0.010137547,0.0031577465,0.011041691,0.009219133,0.9927763,0.0052046683,0.004510142,0.008062037,0.0051772553,-0.0065033883,0.0019063798,0.0050803246
-0.4005378,-0.60740787,0.005490588,-0.02065211,-0.0015891088,1.0211545,0.013001134,0.002873789,-0.0039105904,0.02076733,0.031062493,0.002197545,0.005394122,0.021123143,1.0189564,-0.045021176,0.005548021,0.019265724
-0.40860638,-0.64565796,-0.09642359,-0.019054553,-0.010906302,1.0688504,-0.057899784,-0.00807373,0.062333643,0.037467647,1.0046933,-0.028413398,0.00017777094,0.100067884,0.02465587,-0.011562149,-0.0012742518,0.005105694
-0.40339243,-0.6473154,-0.09350957,-0.017846445,-0.010561126,1.067985,-0.05687022,-0.0072967825,0.059929796,0.03699461,1.0031346,-0.027107257,-0.00028722658,0.098527536,0.024074757,-0.011198656,-0.00077631616,0.0042627724
-0.5521899,1.0767665,0.64410734,-0.041931387,-0.0008150912,0.30519587,-0.23300509,-0.04758815,1.1311957,0.106260866,-0.06937463,-0.042355943,-0.00021659883,0.16709986,-0.0008438406,-0.011419359,-0.01318217,-0.024122886
-0.75153846,2.3315544,0.121875025,0.025280517,0.0026900542,0.8994827,0.09033163,0.025577208,-0.04962361,-0.015522296,0.04044968,0.0731159,0.013623166,-0.009939123,0.97634816,0.01968966,0.005919457,0.02076291
-0.6888043,2.1175587,0.6191711,-0.028989412,0.003727234,0.3281714,-0.24978518,-0.044551924,1.1941733,0.083776146,-0.086331226,-0.07598506,-0.042691156,0.19090474,0.017977064,-0.02231002,-0.0043102484,-0.015312993
-0.57953596,-0.5461044,-0.0021752042,-0.022174153,0.0005090717,1.0202839,0.0037160302,0.002636839,0.0024233293,0.02182567,0.026797285,0.0046423553,-0.00083363365,0.03337507,1.0002965,-0.043807928,0.0020092854,0.019458106
0.067108326,0.5337224,0.067542575,-0.012885301,-0.010782089,0.9761409,0.04147178,0.0109353205,0.99283236,-0.07716026,0.023222346,-0.093148075,-0.009808341,-0.04644138,-0.012286998,0.0046650968,0.0037183012,0.0075976113
-0.46957895,-0.6435529,-0.12980524,-0.02159019,-0.017161407,1.0863292,-0.07984665,-0.009485056,0.080453485,0.047258396,0.9956764,-0.02849373,-1.7730268e-05,0.12212752,0.029218046,-0.016994003,-0.0034858433,0.0022355162
-0.43865305,-0.5956291,0.006277275,-0.027190935,-0.0064892243,1.0217736,0.008953599,0.005147706,-0.0016990063,0.020045076,0.042725198,-0.0012091366,0.009651822,0.031133158,1.0083321,-0.04517439,0.0058815004,0.029388843
0.8954952,0.09750974,-0.34165016,0.20840597,0.04177393,1.0627049,0.019132799,0.029162478,-0.01914097,0.6413036,0.767767,0.5732232,-0.037697516,0.18891244,0.19751091,-0.028392756,0.060327526,0.016140845
-0.08089531,-0.5326056,-0.004788761,0.005185714,0.00026007407,0.9967008,-0.0065140356,-0.00021309852,0.0054281936,0.011838738,1.0021425,0.017784879,0.0015685402,0.009641213,-0.010536771,-0.00025231874,-0.000988771,0.0019776803
-0.5816721,-0.6321046,-0.0027100046,-0.036579005,-0.0003842624,1.03247,0.009713256,0.004428539,0.0019247811,0.036104668,0.045741227,0.0118721,-0.0008191613,0.055221125,0.9971441,-0.077826925,0.0067340313,0.036776036
-0.096321546,-0.5860479,-0.00046925552,0.00061352307,1.50681135e-05,0.9995713,-0.0009668598,-7.1090006e-05,0.00055056316,0.0010904365,1.0002939,0.002142392,0.00026580977,0.0009670046,-0.0013251065,-5.471042e-05,-0.0001112746,0.00033041893
1.1641344,-0.13053812,-0.39853182,0.17460652,0.07789828,0.11115417,0.9582826,-0.022730157,0.8636003,0.7115006,-0.19610478,0.7279484,0.0044538993,0.14440608,0.22730356,-0.06825621,0.043071166,-0.026578166
-0.094671644,-0.5750704,-0.0005546864,0.00073765643,-1.42269955e-05,0.9994616,-0.0011581887,-6.642254e-05,0.00061542104,0.0013314206,1.000382,0.0026176558,0.0003325612,0.001191359,-0.0016675269,-5.3661755e-05,-9.1221e-05,0.0004255887
-0.75029576,2.5614717,0.24348472,0.031535488,-0.01920242,0.77183443,0.16095345,0.017141335,0.8759416,-0.061264634,0.04938766,0.07708258,0.019463439,-0.08398639,-0.037920017,-0.0022706066,-0.0018670148,0.0097067
0.93928844,-0.039416604,-0.29579192,0.15489502,0.054563057,1.074909,-0.03427527,-0.011252249,0.99352676,0.520361,-0.1727713,0.48420602,-0.021860275,0.24232379,0.15853742,-0.010046551,0.03605989,-0.031833973
-0.0970365,-0.5790693,0.00021680658,-0.0002798545,4.8513566e-06,1.0002059,0.00044603186,2.8528277e-05,-0.00023248776,-0.0005101422,0.99985534,-0.0009969965,-0.0001323918,-0.0004577829,0.00064413005,1.422981e-05,4.287622e-05,-0.00016109699
-0.39781722,1.4834778,0.45045015,0.010055204,0.026161997,0.4352095,-0.35564783,-0.05637531,0.24193947,0.2679348,-0.18784358,0.896799,-0.040994234,0.3885116,-0.022195952,0.014976588,-0.003718512,-0.05826118
-0.5818046,2.7232337,0.20337756,0.015022173,-0.010885899,0.787015,0.15417153,0.020192664,0.8879197,-0.06473951,0.058536943,0.0569809,0.0062442035,-0.043749377,-0.018009683,0.02095952,-0.012781127,0.0044919113
-0.75153846,-0.57426804,0.115987994,0.88538176,0.020004002,-0.042080853,0.08530654,0.00874841,-0.0013183241,0.026045604,0.1628719,0.1048719,0.012844702,-0.0136047555,-0.09763268,0.8038532,0.004418171,0.09156145
1.450909,1.3707368,-0.51153696,0.27915615,0.07409974,1.108043,-0.06386087,0.030403225,0.9162682,1.1056309,-0.32099494,0.8757457,-0.071935475,0.38372797,0.28630462,-0.06405614,0.036065992,-0.08083999
-0.092582546,-0.55690074,-0.00045523257,0.0006049428,-1.2157219e-05,0.9995501,-0.00096652267,-5.9874637e-05,0.00050128426,0.0011005464,1.0003172,0.0021657743,0.00027348648,0.0009846124,-0.0013818056,-3.8162445e-05,-8.2835955e-05,0.00035143603
1.0922225,-0.71739995,-0.10273838,0.04427582,0.01612871,0.021255216,1.0056994,-0.00016371846,-0.034925357,0.18716885,-0.05314714,1.1852422,-0.0020956371,0.033383377,0.0642219,-0.009973115,0.010008271,-0.011452873
0.33841783,-0.40475187,-0.14691962,0.03888992,0.035413265,0.09012939,0.94551194,0.0048674657,0.86893684,0.30562147,-0.032377448,0.28263426,-0.0017746947,0.10277787,0.08682267,-0.069379285,-0.019475281,-0.038352005
0.08430221,0.58996403,0.056642037,-0.015580609,-0.006846721,0.9815116,0.047758523,0.008421285,0.9832343,-0.06699145,0.02415878,-0.085000314,-0.009020935,-0.043181706,-0.0076232925,0.0019392503,0.0030928366,0.003761747
-0.58303905,1.4349599,0.63566315,-0.018397212,-0.004613663,0.306868,-0.23081756,-0.048008975,1.1392918,0.08114851,-0.08529746,-0.065951206,-0.018706283,0.14931925,0.003389523,-0.014355986,-0.007214112,-0.00965827
-0.73768693,2.6867077,0.11718741,0.029771714,-0.0040676054,0.88946086,0.10393754,0.012121347,-0.049063325,-0.018888447,0.046123214,0.071924165,0.007818185,-0.015528576,0.95635664,0.022351332,-0.002824912,0.005801465
-0.4680754,2.7490575,0.09186096,0.0042893603,-0.007809881,0.9192588,0.057669163,0.0072133103,-0.040622104,-0.036097623,0.042989396,0.022412276,0.020094873,-0.020997673,0.95530736,0.012058717,-0.01520419,-0.013681072
0.096851125,0.60035825,0.051282037,-0.014766179,-0.006552217,0.98371375,0.042326327,0.007689754,0.98467505,-0.058705978,0.022458661,-0.074995644,-0.007574841,-0.03827538,-0.007237226,0.0018183783,0.0023325507,0.0038762297
0.07207729,-0.5784508,0.0110744415,0.0049525965,0.0017395928,1.0011859,0.0125150345,0.003892335,0.01350385,0.011366497,0.99113286,0.0063694767,0.005551916,0.009801072,0.006402898,-0.008040496,0.0023113205,0.006230283
-0.6844427,2.0236518,0.6235351,-0.027485812,0.00139229,0.3242051,-0.24697164,-0.046203583,1.1855289,0.08379163,-0.08496129,-0.07375921,-0.041914776,0.18445525,0.012185882,-0.016192792,-0.010159028,-0.014251106
-0.67682016,-0.013664057,0.13278511,0.02580561,0.010808952,0.8935503,0.084979005,0.013355743,0.9360173,-0.034504946,0.022894843,0.032427553,0.0029066321,-0.08200276,-0.007890341,0.010201502,0.0026323663,0.005758247
1.17456,-0.68825746,-0.06504702,1.0299565,0.008291372,0.009386757,-0.0064714695,-0.00085938175,-0.018913073,1.1196814,-0.03618367,0.09823537,-0.0005840989,0.03121974,0.03376741,-0.003619249,0.0044439547,-0.010878555
0.718986,0.47306526,-0.22834776,0.11734929,0.029414795,1.1089166,-0.04219339,0.003000247,1.0214282,0.43447542,-0.12554646,0.37198296,-0.029504,0.24620308,0.15519087,-0.0071041416,0.020904591,-0.043675985
0.63797677,0.12641494,-0.17526773,0.09106742,0.01715221,1.0593277,-0.028791936,-0.013647069,1.0114446,0.34863135,-0.0986731,0.3110409,-0.014734531,0.19328773,0.10660472,-0.0057093985,0.0126288,-0.037117656
-0.75153846,-0.58858716,0.124430016,0.88747436,0.014198213,-0.0391148,0.107401825,0.011168453,0.016021315,0.032712013,0.15961006,0.09757944,0.012147315,-0.02574469,-0.11073897,0.80722034,0.0010763712,0.083180554
-0.109885395,2.6051114,-0.05146697,0.024663422,0.0033298393,1.0165786,-0.049396742,-0.013583288,1.051405,0.040726334,-0.02793153,0.015521512,-0.004415232,0.06614061,-0.017764257,0.005163369,0.002247895,0.00051234703
0.6733008,1.8289628,-0.37603763,0.16234054,0.050477315,1.1615207,-0.16468534,-0.047081556,1.1481069,0.58541065,-0.22888976,0.39567065,-0.039923597,0.4318656,0.07432328,-0.035358775,0.024045907,-0.01700324
-0.65114236,2.769032,0.20030762,0.023111438,-0.017402254,0.78060573,0.15830465,0.020626405,0.8884678,-0.06374285,0.054420862,0.06319933,0.010949476,-0.038433325,-0.021763226,0.024049463,-0.012500276,0.007370077
-0.67392266,0.6233158,0.05493057,0.010203013,0.0046671196,0.95782274,0.03360634,0.003819983,-0.015073507,-0.005521903,0.0145290885,0.023621123,0.005517102,-0.014028982,0.98578334,0.0006858236,-0.003357693,0.009486068
-0.12683102,2.619061,-0.043933492,0.019869333,0.001800478,1.0145062,-0.04458076,-0.011976395,1.0425394,0.03363441,-0.021293128,0.010304458,-0.0030897905,0.054785278,-0.015845884,0.0027321316,0.0018966595,1.3897078e-05
-0.41755116,-0.64471185,-0.10107897,-0.017682305,-0.011182381,1.0726537,-0.061263185,-0.008317071,0.06327606,0.040291842,1.0041522,-0.027563615,2.8105998e-05,0.10468416,0.025170848,-0.012772701,-0.0022834379,0.0035119066
-0.75153846,-0.5732961,0.13025586,0.8883899,0.02160076,-0.038771443,0.096802235,0.008979511,0.0022031008,0.038638018,0.16661052,0.10518652,0.0023190395,-0.025359705,-0.094548516,0.8196856,0.00421261,0.08548457
-0.52744305,0.93971384,0.6389597,-0.038418066,0.00671506,0.29548576,-0.22578064,-0.049585395,1.1196162,0.13033697,-0.05412782,-0.031542756,-0.005847413,0.1925384,0.0065549845,-0.014055139,-0.0117870765,-0.024790112
-0.6001761,1.4835271,0.6358005,-0.027162012,-0.008913835,0.3162765,-0.22976264,-0.050620962,1.1403612,0.0847242,-0.07867973,-0.077321865,-0.017657937,0.14028618,0.011575544,-0.01836092,-0.00831419,-0.0033634594
1.180879,-0.6833707,-0.06849689,1.0319562,0.008888774,0.007368801,-0.0056066895,0.00030026142,-0.018428296,1.1227092,-0.039378602,0.10309232,-0.0011253156,0.030567493,0.034159474,-0.0030048632,0.0052788993,-0.011689312
0.675917,1.8345538,-0.3808635,0.16857141,0.049839344,1.156998,-0.17082617,-0.048173934,1.140795,0.5875763,-0.23384787,0.38836104,-0.03573969,0.43847498,0.079961084,-0.03096519,0.022415724,-0.022446075
0.08129519,0.5189563,0.058206458,-0.0106412005,-0.009985915,0.97933483,0.035244774,0.009251853,0.99490356,-0.06680983,0.02043198,-0.08135048,-0.008881634,-0.040073257,-0.0110432785,0.004182914,0.0031901654,0.00566706
-0.44795188,-0.75153846,-0.19669431,0.18130761,0.024034223,0.095772356,0.815432,-0.025016045,0.8935811,-0.058739007,-0.20072176,-0.13875392,-0.003404856,-0.08700168,0.11776852,0.2565207,-0.00011005348,-0.13305977
-0.31805655,2.3591242,0.07990372,-0.00798169,-0.0047517377,0.93929744,0.055419292,0.009418388,-0.04800487,-0.04477449,0.038931157,-0.008487473,0.016079707,-0.022355756,0.958536,0.0043099653,-0.01655519,-0.018748868
-0.44250858,-0.5940064,0.005769586,-0.028737495,-0.0062345257,1.0226791,0.006031493,0.006447712,-0.00042799965,0.019877117,0.03982017,-0.0017844081,0.008527024,0.03146481,1.00699,-0.046153873,0.006862647,0.030966645
-0.03374729,-0.6119736,0.16225244,1.0230254,0.0070536206,0.04148181,0.16386174,0.03649446,0.12177818,0.16166174,0.0033404154,0.074788615,0.044151418,0.106947996,0.015970292,0.8232769,0.038391806,0.13511695
1.0996449,-0.72006917,-0.1055011,0.04551074,0.01640014,0.022040932,1.0054611,-5.0030623e-05,-0.035970442,0.19122218,-0.054746214,1.1891226,-0.0025899548,0.03422727,0.06589057,-0.010075627,0.0100832665,-0.0115253925
-0.12342998,0.4382205,-0.02837593,-0.0130380085,-0.0007909781,0.9966515,-0.026704572,-0.00736759,-0.02867784,-0.019711647,0.013350704,-0.007629912,-0.009534059,-0.016728586,0.991443,0.013586025,-0.005950606,-0.012858795
-0.084221564,-0.5616827,-0.004113444,0.00579207,0.00035156644,0.99656415,-0.008689183,-0.00082516915,0.0049460335,0.011006266,1.0028938,0.01900861,0.0022627625,0.009758366,-0.012239192,-0.0008532425,-0.00095592276,0.0027700916
0.49227116,-0.6690398,-0.050924912,0.023690743,0.0051086093,1.0050493,-0.0012704924,-0.004009016,-0.014435863,0.09398864,-0.027600063,0.10019322,0.0043230667,0.026192358,1.038452,0.0034737608,0.0030594997,-0.011208024
-0.3049024,-0.0126869,0.0034487469,-0.0032570157,0.004977539,0.9968548,0.0113404775,-0.0021497195,-0.025249489,0.00068693294,-0.0021766676,-0.010726141,-0.00060268695,-0.023808368,1.0225513,0.010728232,0.0036632714,-0.00019894245
56.67486,56.67486,-0.75153846,-0.75153846,56.67486,-0.75153846,56.67486,-0.75153846,-0.75153846,-0.75153846,-0.75153846,-0.75153846,-0.75153846,56.67486,-0.75153846,-0.75153846,-0.75153846,56.67486
-0.40097746,-0.6425753,-0.09196226,-0.016650395,-0.010254231,1.0664835,-0.055875838,-0.0071571367,0.058887843,0.0358838,1.0033514,-0.027286092,0.00038889403,0.09625148,0.023320358,-0.009974668,-0.001480602,0.0040229056
-0.75153834,0.102420524,0.12689458,0.021489523,0.008972524,0.9000192,0.080106646,0.012249904,0.9492577,-0.038924627,0.015976785,0.029028961,0.0015265029,-0.070514806,-0.008757617,0.016076343,0.008598562,0.0049551516
-0.096105225,-0.57095575,0.00025408965,-0.0003365772,1.0509156e-05,1.0002494,0.0005396244,3.311104e-05,-0.00028142464,-0.0006100659,0.9998219,-0.0012062531,-0.00015310304,-0.00055535196,0.00076741126,1.8501267e-05,4.5280045e-05,-0.00019594787
0.5513527,-0.6680641,-0.22652684,0.06663293,0.044821292,0.06709344,0.9499984,-0.01637904,0.8723861,0.35694572,-0.0865719,0.365349,0.0015214102,0.09151052,0.08087712,-0.05693425,0.00048593816,-0.037391275
-0.12303972,0.03782389,-0.035212677,-0.014907065,-0.0010758258,0.99618363,-0.033073466,-0.009430136,-0.03348757,-0.02458585,0.016023431,-0.01115007,-0.011665727,-0.020207409,0.9890218,0.016665922,-0.007318914,-0.016108463
-0.67311656,-0.23606677,0.10091026,0.020112777,0.005996609,0.91731954,0.06484745,0.012964237,0.9565434,-0.030941505,0.014407906,0.019070625,0.0014526086,-0.06300206,-0.0060719023,0.0099642845,0.001214516,0.0065427045
1.0924976,-0.71924186,-0.102039665,0.04392291,0.016127266,0.021645717,1.0059543,-0.00042439607,-0.035293438,0.18674545,-0.05337114,1.1856531,-0.0023350292,0.03352378,0.064865395,-0.010469011,0.009809544,-0.012023431
-0.7515384,-0.57478905,0.13738582,0.88220584,0.026110118,-0.04258711,0.10775232,0.01232012,-0.0140905855,0.028537484,0.16392325,0.104672365,0.0088629685,-0.043573443,-0.08537282,0.827254,0.0057154004,0.084531434
-0.42918807,-0.5952861,0.005313382,-0.02604241,-0.005781841,1.0240933,0.0074293427,0.0031092623,0.00065870926,0.024233114,0.040560868,0.001077728,0.009401802,0.028559534,1.0091904,-0.041811887,0.0051976945,0.026415989
-0.72172046,3.583585,0.1694937,-0.0075442274,0.0025242479,0.89545286,0.11911241,0.016145885,0.95313936,-0.050965622,0.071171835,0.06151189,0.0028298793,-0.0029207047,0.0060208547,0.0002573198,-0.0070468187,0.016734844
-0.6579838,-0.66090846,0.046799976,-0.023448765,0.0036345343,0.98575634,0.039375663,0.007976546,-0.0056056115,0.015901607,0.056026354,0.034030452,0.008253666,0.02190802,0.9715878,-0.054527417,-0.0024003577,0.03150635
1.1725203,-0.6737028,-0.06611963,1.0311183,0.008838622,0.0072673736,-0.0054561733,0.0002675098,-0.01748971,1.1180476,-0.038918518,0.099508435,-0.0011913308,0.02955816,0.032815557,-0.002408663,0.005352307,-0.011067244
-0.5470867,-0.6254666,0.0038948292,-0.035052087,-0.005913873,1.0278368,0.0082328925,0.0074330987,0.012065591,0.031049797,0.044816703,0.010037846,0.002512542,0.05404603,0.99805766,-0.072639175,0.004477161,0.039503038
1.1669955,-0.68375695,-0.06270329,1.0290326,0.008109366,0.009074707,-0.0062457724,-0.00084745284,-0.018199632,1.115286,-0.034957517,0.09459938,-0.0005694431,0.030118657,0.032501474,-0.0034131357,0.004434738,-0.010475913
-0.6642466,-0.6675988,0.04609719,-0.023079302,0.0035940385,0.9859828,0.038911868,0.007861447,-0.0055108564,0.015608418,0.05523429,0.03362535,0.008152979,0.021651024,0.9719821,-0.05383001,-0.0024657433,0.03115257
-0.12550187,2.6025248,-0.04255865,0.019161481,0.0017360088,1.0139161,-0.043327484,-0.011594372,1.0412545,0.032734685,-0.0205882,0.010029743,-0.0029574886,0.053187955,-0.015375523,0.0027041899,0.0017990362,3.61836e-05
-0.75153846,0.2164572,0.1788771,0.025586633,0.0039062246,0.86562407,0.12579219,0.030886667,-0.07413231,-0.053582896,0.026432393,0.042809892,-0.0009129133,0.85239476,-0.00829428,0.030458935,-0.002524571,0.011085678
-0.09248048,-0.55601317,-0.00045764653,0.00060361857,-1.4803685e-05,0.99956244,-0.0009519741,-5.6591714e-05,0.0005070242,0.0010910932,1.000322,0.0021413947,0.00026783446,0.00097080367,-0.0013691835,-3.7424936e-05,-8.5050546e-05,0.00034623125
-0.41192833,-0.5895619,-0.08657943,-0.017423024,-0.01007941,1.0645835,-0.05257113,-0.006335956,0.058349174,0.03341256,1.0068029,-0.029266383,-0.00046657748,0.094298005,0.022409786,-0.0099837445,-8.233657e-06,0.0032978542
-0.664278,-0.66758966,0.046055384,-0.02306913,0.0036164278,0.98596764,0.039050214,0.007876592,-0.00544337,0.015693828,0.055225458,0.033587888,0.008209624,0.021610526,0.97197646,-0.053800534,-0.002472439,0.031027077
56.67486,-0.75153846,-0.75153846,-0.75153846,-0.75153846,56.67486,-0.75153846,56.67486,56.67486,-0.75153846,-0.75153846,-0.75153846,-0.75153846,-0.75153846,-0.75153846,-0.75153846,56.67486,-0.75153846
-0.5695945,4.486974,0.53434825,0.024740232,-0.026476882,0.18869703,-0.3084755,-0.039995417,1.0374758,0.084919855,-0.23506732,-0.11944664,0.013301324,-0.07814116,-0.007289416,0.018869791,0.002115715,-0.07871538
0.19508633,1.6561968,-0.10101641,0.04419708,0.021824744,1.0669634,-0.069837175,-0.011051439,1.1082252,0.1177676,-0.056517053,0.10763925,-0.012421099,0.13606174,0.020260071,-0.0073080407,0.0056143245,0.006134702
0.48530567,-0.6668667,-0.048687212,0.022606678,0.0049964106,1.004798,-0.0010873909,-0.0038435806,-0.013757227,0.09005625,-0.026419604,0.095709264,0.004225315,0.025034579,1.0368388,0.0033723384,0.003124391,-0.010577923
-0.5890541,-0.6315463,-0.008891849,-0.04175333,-0.0042032865,1.0307585,0.008804569,0.0029194301,-0.00027370526,0.03213166,0.050891,0.013423152,-0.00032606345,0.049793992,0.9963486,-0.07734451,0.007241653,0.035484325
-0.6032974,-0.30535793,0.0076799714,0.023156945,-0.00094468106,0.9766251,0.003367171,-0.001111701,-0.0013600531,-0.01797889,-0.021695193,-0.0013238719,0.0026359095,-0.024131972,0.9969775,0.03877733,-0.0044178083,-0.016372146
-0.45610076,-0.5940039,0.007192178,-0.025832053,-0.0039426093,1.0208789,0.004807682,0.008409613,0.0037932424,0.023074357,0.03938915,0.0032857796,0.008474353,0.037985336,1.0021347,-0.049193762,0.004296659,0.028202094
-0.7217024,1.7481505,0.109480344,0.018859413,0.011097679,0.9049789,0.073063545,0.01414447,-0.042054962,-0.009518241,0.034850527,0.0688862,0.004385265,-0.009748921,0.97902703,0.009758926,-0.003049302,0.019565381
-0.6497153,0.36693972,0.041544814,0.007309815,0.0035225,0.9698966,0.025445629,0.002779617,-0.011769852,-0.0019194288,0.0147651825,0.019909473,0.0055582942,-0.012317731,0.9844831,0.000537135,-0.003760825,0.0073250737
56.67486,-0.75153846,-0.75153846,56.67486,-0.75153846,-0.75153846,-0.75153846,-0.75153846,-0.75153846,56.67486,56.67486,-0.75153846,-0.75153846,-0.75153846,-0.75153846,-0.75153846,56.67486,-0.75153846
1.0831071,-0.0811736,-0.36431536,0.16439444,0.07207638,1.0871177,-0.029971097,-0.00978793,0.9844924,0.61772394,-0.20185743,0.557852,-0.0233573,0.24828744,0.1862633,-0.017969307,0.031111505,-0.051802475
-0.65626734,2.6698272,-0.010717483,-0.0031209185,0.0014213455,1.0107635,-0.008531313,-0.0007606167,0.0058469307,0.0045189247,0.9993867,-0.0031168163,-0.0026189482,0.003202331,0.00241933,-0.0026838658,0.0014031179,0.0007913907
-0.66423833,-0.6675864,0.046111066,-0.023058912,0.0035876231,0.9860505,0.038944516,0.007939167,-0.005435197,0.015645225,0.055308826,0.0335081,0.00823369,0.021643912,0.971977,-0.053844567,-0.002418054,0.031067414
-0.73871356,-0.058508642,0.10181574,0.018354764,0.008275097,0.9183385,0.06715339,0.01004002,0.95170784,-0.027819984,0.017849224,0.024365174,0.0022995872,-0.06465969,-0.005664628,0.008632775,0.0030957432,0.0042063077
0.091474414,0.55279326,0.055214483,-0.010221831,-0.008452136,0.98162234,0.03498413,0.007802707,0.991935,-0.0630607,0.017918056,-0.07599778,-0.008279757,-0.038694963,-0.010425066,0.0027044013,0.0037904356,0.0072002183
0.32588086,-0.17276353,-0.15045775,0.03758198,0.03253032,0.0825435,0.9512371,-0.0015256488,0.8787461,0.2967084,-0.041173115,0.28417018,0.0034143403,0.08549366,0.07779579,-0.069364645,-0.017131861,-0.03332432
0.4922559,-0.6695442,-0.050894372,0.02360122,0.0050991843,1.0050155,-0.001182328,-0.004101354,-0.014436247,0.09395237,-0.027694587,0.10015005,0.0044104946,0.026248114,1.0384799,0.0036099635,0.003144624,-0.0110327015
0.48474365,-0.6385734,-0.049005255,0.022838872,0.005164558,1.0047483,-0.0012900619,-0.003851305,-0.013587611,0.09047299,-0.026429566,0.096596524,0.00427773,0.025166657,1.0371213,0.0033256991,0.0029758746,-0.010767351
0.081811085,0.50768375,0.056938358,-0.010416003,-0.0097467685,0.9796349,0.034586642,0.009093274,0.994957,-0.065527074,0.0199617,-0.079685055,-0.008658616,-0.039213873,-0.010889904,0.004142071,0.0030981237,0.005518468
1.0999422,-0.722847,-0.1044223,0.0447244,0.016862834,0.022127425,1.0058779,-0.00030769157,-0.036149625,0.19099975,-0.05436315,1.1898692,-0.0023455506,0.034058925,0.066134304,-0.010493866,0.009952918,-0.011903424
0.49239618,-0.6745137,-0.05097067,0.023750566,0.005086517,1.0048208,-0.0015081518,-0.0039800396,-0.014592019,0.093913965,-0.027664201,0.09991842,0.0044050817,0.026011245,1.0384654,0.0036365513,0.0033077965,-0.01127278
1.0924158,-0.71761984,-0.10289831,0.044244014,0.01640024,0.021293145,1.0053364,-0.00031077303,-0.03520596,0.18723096,-0.05315225,1.1853318,-0.0025305715,0.03315677,0.064189695,-0.009940773,0.0097914385,-0.011666698
-0.14346506,-0.4313072,-0.0076184017,-0.0029865187,-0.00023408399,0.9995533,-0.00773715,-0.0025415695,-0.0068969545,-0.0061723716,0.0037771245,-0.0030655442,-0.0032247775,-0.0045128693,0.99640566,0.004058094,-0.0016793059,-0.0039864033
-0.39544424,-0.65021604,-0.090495095,-0.016512906,-0.009991969,1.0661677,-0.054077372,-0.0063347816,0.058654875,0.03490544,1.0037711,-0.026548224,-5.2825817e-06,0.094561815,0.022917446,-0.010403505,-0.0010083622,0.0039957166
0.49232632,-0.671173,-0.050909463,0.023552472,0.005063764,1.0050007,-0.0012351648,-0.0039636567,-0.014376396,0.09402137,-0.027678082,0.10011003,0.0044593574,0.026240787,1.0384033,0.0035505095,0.0031436074,-0.011012415
-0.75153846,2.3346395,0.12656875,0.020805877,0.010144156,0.89522743,0.076265275,0.023300117,-0.050304085,-0.0006599146,0.046847552,0.07456231,-0.0012496937,-0.0030429638,0.9632199,0.010682759,-0.0027654318,0.022485048
-0.65805775,-0.6340306,0.042942073,-0.021347677,0.003415196,0.98717356,0.036474332,0.006743905,-0.0051673627,0.014170736,0.051593248,0.031070124,0.007625324,0.020466669,0.97370625,-0.049508803,-0.0023214722,0.028828628
-0.64055884,0.1911897,0.04164754,0.0048223427,0.0037457792,0.97480255,0.02407507,0.00404653,-0.008370241,-0.002467054,0.019531779,0.01845059,0.0048881616,-0.009892625,0.9833642,-0.0030824777,-0.0025762757,0.009682471
-0.11886822,2.609678,-0.04710063,0.02188457,0.002066071,1.0152652,-0.046781726,-0.012611106,1.0462846,0.037442353,-0.024574379,0.011699768,-0.0036293028,0.059323892,-0.016683303,0.0034131492,0.0015938645,0.00037754822
-0.58114576,1.3633659,0.63845235,-0.021829594,-0.005344959,0.30275828,-0.2326971,-0.04975285,1.1387929,0.084307685,-0.08315312,-0.06285582,-0.015319169,0.16161959,-0.0043696705,-0.010258957,-0.0065673324,-0.013972912
0.28763106,0.048514444,-0.0051508434,0.0020753697,0.00023325042,1.0006332,0.00020190382,-0.0013210102,0.0006076219,0.009026392,-0.00199196,0.007719498,0.0007880941,0.0031671776,1.0027784,0.0004583163,0.00065066776,-0.0007243207
0.35274714,1.1335862,-0.13886209,0.061857637,0.021823736,1.0858679,-0.08221296,-0.009726783,1.1042454,0.17989908,-0.081907,0.15975516,-0.012776973,0.16537134,0.045487642,-0.005923027,0.013348582,-0.007397251
0.49228293,-0.6692025,-0.050953694,0.023635374,0.005106016,1.0050637,-0.0011238762,-0.0040246504,-0.0145744495,0.09395091,-0.02755594,0.10020349,0.0043624095,0.026176175,1.0385325,0.0035808834,0.0033040892,-0.011034468
-0.435053,-0.5961807,0.0050575426,-0.02713259,-0.006335843,1.022161,0.008391908,0.0049734837,-0.0010474655,0.019905634,0.042175483,-0.0020375894,0.009291567,0.031250376,1.0087748,-0.044435926,0.005949998,0.028578293
-0.45705134,-0.5938824,0.0071363724,-0.025871882,-0.0039362567,1.0207918,0.0049396865,0.008455686,0.0037698608,0.023007354,0.03946419,0.0031406656,0.008617205,0.037994992,1.0021513,-0.04920883,0.0044119665,0.028221738
-0.39986736,1.4619482,0.46216005,-0.016101092,0.041785628,0.48636428,-0.34084952,-0.05393071,0.2702756,0.21884915,-0.15771408,0.90436065,-0.05747078,0.37671295,0.0041214344,0.0015854905,0.009794967,-0.049110077
-0.06516959,-0.65028554,-0.20339769,-0.019132046,-0.001980218,0.1420381,0.9494353,0.019655408,-0.04417055,0.17364138,0.00023339687,1.0175805,-0.017899685,0.060954668,0.021575293,-0.04040634,0.0063077747,-0.020831259
-0.5631965,-0.5683874,-0.0015276265,-0.024394339,-0.003179526,1.0226849,0.0023320785,0.0039741085,0.0072943303,0.023544233,0.030004738,0.0041996078,0.0016989573,0.040181264,1.0017295,-0.051211838,0.00363471,0.026127033
-0.651983,-0.12855226,0.12640853,0.022866484,0.009106467,0.89762396,0.08029044,0.015318865,0.94564015,-0.032921292,0.018441226,0.028875504,0.0025810394,-0.07658176,-0.0048016785,0.010637143,0.00033167587,0.00552529
-0.43794096,-0.59572095,0.0063077747,-0.027188929,-0.0064589763,1.0217849,0.008843548,0.0050490894,-0.0016942811,0.020044561,0.04256384,-0.0011276611,0.009686279,0.031015528,1.0084395,-0.04502691,0.005927075,0.029403733
0.53893906,1.8582971,-0.3254105,0.13504204,0.048497975,1.1489943,-0.14462012,-0.046955824,1.1539575,0.4820158,-0.19176841,0.3145007,-0.03607821,0.38437378,0.06358492,-0.0340187,0.018727409,-0.015079286
-0.075175196,-0.64453423,-0.20865919,-0.02210549,-0.0001398827,0.15190555,0.9490518,0.023288697,-0.03831499,0.18595229,0.0025819265,1.021336,-0.018132225,0.07409698,0.024785737,-0.045545626,0.0078499485,-0.020250905
-0.6642175,-0.66750616,0.046091747,-0.02308368,0.0034319677,0.9860093,0.03891041,0.007836651,-0.0054682977,0.015618883,0.055224143,0.033623975,0.008126582,0.02162437,0.97187626,-0.05384116,-0.0023821755,0.03107542
-0.4259625,-0.51048535,-0.08353355,-0.021273151,-0.00988709,1.0622592,-0.048918307,-0.0067695007,0.047735915,0.0294057,1.0116318,-0.031632524,-0.0037812386,0.07953999,0.027241586,-0.010784844,0.0013466912,0.0040573715
-0.08347225,-0.55590934,-0.0042695957,0.0057507944,0.00035518233,0.99657214,-0.008647762,-0.0008544502,0.0049268804,0.010950523,1.0028046,0.018975763,0.0022775629,0.009591586,-0.012109932,-0.00080847373,-0.0009556349,0.002722265
-0.66428417,-0.66768056,0.046124388,-0.023017036,0.003602906,0.9859472,0.03895623,0.007888782,-0.0054044724,0.015716163,0.05528706,0.033563744,0.008202352,0.021637449,0.9719351,-0.053783536,-0.002446398,0.031074934
-0.39904898,1.4657252,0.4631875,-0.01841849,0.04117057,0.48433942,-0.33554772,-0.049113177,0.27643308,0.2207224,-0.16139117,0.90563667,-0.060319792,0.379767,0.005137927,0.0050470573,0.0072310097,-0.046770282
-0.14303365,-0.5206823,-0.004037644,-0.0016320047,2.0702193e-05,0.9997413,-0.004373227,-0.0014018959,-0.003566171,-0.0033929886,0.0021494278,-0.001642349,-0.0019045583,-0.0025587394,0.99794525,0.002302155,-0.0010372031,-0.002238661
-0.52771,0.9214709,0.640512,-0.036389776,0.004984009,0.2936463,-0.23037672,-0.054848097,1.1214573,0.13198784,-0.052008614,-0.03076757,-0.007884604,0.19687131,0.005260855,-0.01250087,-0.009283652,-0.023491688
-0.3373202,1.498455,0.0020459944,-0.014348692,0.0072034923,1.0111405,0.03814932,-0.0018089142,-0.036392502,-0.004379985,-0.019665025,-0.017658906,0.0012197017,-0.037214622,1.0743544,-0.008664098,0.004298333,-0.0068529835
1.0918363,-0.7135687,-0.10329432,0.04518735,0.01590155,0.021565087,1.0059149,0.0001968572,-0.035300527,0.18719733,-0.053956456,1.1847725,-0.002667787,0.03301602,0.06418299,-0.009671542,0.010111369,-0.011011685
0.49236518,-0.6712867,-0.05098985,0.023637239,0.005040891,1.004845,-0.0013438994,-0.0040537273,-0.014446159,0.0939799,-0.02754146,0.10013307,0.004349747,0.026156083,1.0385443,0.0034592757,0.003196777,-0.0111339465
-0.6252233,-0.35124394,0.10002831,0.015614205,0.006168717,0.919979,0.06753323,0.0135129,0.9589384,-0.028512627,0.017698156,0.020685514,0.0022663097,-0.060380284,-0.0060654883,0.00382848,-0.0021383055,0.008982791
0.48467365,-0.63574636,-0.048764296,0.02262625,0.005071739,1.0046448,-0.0011700025,-0.0039439355,-0.013688615,0.090783216,-0.02655782,0.09655085,0.004313433,0.025264196,1.0370998,0.0033823315,0.0032361457,-0.010742324
1.1746534,-0.68942094,-0.06518887,1.030123,0.008276849,0.009416309,-0.0063483287,-0.001003146,-0.018885402,1.1195626,-0.036270034,0.09811674,-0.00057842524,0.031188035,0.03377767,-0.0035442824,0.004562901,-0.010643176
-0.75153846,0.2768281,0.18763262,0.013952417,0.0054887664,0.84277564,0.12531231,0.02276297,-0.08128126,-0.058728706,0.024656165,0.02669701,0.0036319941,0.8625653,0.023654243,0.0040201806,0.018672867,0.0048785657
1.0855732,-0.0801179,-0.3650085,0.16408513,0.071060486,1.0869318,-0.03238535,-0.00992057,0.984764,0.6206194,-0.20063949,0.5597527,-0.022127867,0.24930042,0.18430021,-0.017573055,0.03212006,-0.05311806
1.2295349,-0.11100494,-0.42397496,0.19621152,0.07763746,1.0954099,-0.032675073,-0.010056121,0.9780383,0.7047905,-0.23573951,0.6405123,-0.026512079,0.2765901,0.2078831,-0.014007399,0.03855492,-0.057919767
-0.43511707,-0.5960423,0.005047391,-0.026923308,-0.0064349794,1.0220978,0.008452802,0.005014391,-0.0011614817,0.020002656,0.04227903,-0.0020317086,0.009290579,0.03129042,1.0088078,-0.04420046,0.0059393905,0.028661536
1.0931133,-0.7216064,-0.10181499,0.04353269,0.017282339,0.021031572,1.0050584,-0.00060512,-0.035119426,0.18705893,-0.05292236,1.1860878,-0.0019674269,0.03357755,0.06515736,-0.0105639575,0.009156162,-0.011595434
-0.59473497,1.4701005,0.6357119,-0.023865642,-0.008559168,0.31199658,-0.2301964,-0.050302148,1.1416607,0.08314197,-0.081301086,-0.07407367,-0.019073231,0.1441381,0.01013618,-0.016723275,-0.00682315,-0.0019201381
-0.40279013,1.4832453,0.44330463,0.0003661425,0.02623038,0.43529728,-0.353597,-0.054853518,0.24578552,0.2574163,-0.19007415,0.8993453,-0.046703134,0.38788158,-0.01878284,0.008883449,0.0034717382,-0.053828917
-0.09675877,-0.5897649,-0.0004889292,0.00064202683,8.179923e-06,0.9995557,-0.0009991323,-8.060372e-05,0.0005738201,0.0011368607,1.000307,0.0022363586,0.00027851263,0.0010023158,-0.0013732879,-5.071956e-05,-0.00011396786,0.0003443011
0.16665947,1.8371031,-0.10944179,0.051012725,0.019595187,1.0665995,-0.07459661,-0.013592737,1.1131473,0.12602223,-0.063022405,0.10771468,-0.010464224,0.14323471,0.014114765,0.0017627652,0.0056410455,0.0029872654
-0.5983883,-0.33939886,0.0052619097,0.016444216,-0.0005785469,0.9833585,0.0020387347,-0.00088377827,-0.00092647324,-0.012776788,-0.015495405,-0.0009350336,0.0018332157,-0.017250516,0.99795246,0.027685408,-0.0029446462,-0.011741081
-0.7171082,-0.116942175,0.10128455,0.018118393,0.008261798,0.9188148,0.06683502,0.010050449,0.9518305,-0.02781602,0.017804967,0.024333408,0.0022815603,-0.06421719,-0.005555656,0.008544724,0.0030537422,0.0040547764
0.4923757,-0.67486876,-0.050950363,0.023712603,0.005138232,1.0048529,-0.0014587363,-0.0040336447,-0.014649846,0.09383914,-0.027633008,0.09994622,0.004420102,0.025981812,1.038479,0.0037346708,0.0031979566,-0.011207064
-0.75153846,-0.5652381,0.12436151,0.8983594,0.020741211,-0.03586229,0.096458025,0.011095045,0.00040966625,0.031115513,0.15947121,0.10822548,0.0051188534,-0.016127016,-0.094698325,0.80913615,0.0023789401,0.08865584
-0.6971301,2.6939316,0.12690298,0.031164154,0.002650738,0.889742,0.11161307,0.01311958,-0.045887522,-0.014902444,0.05674913,0.076406315,0.011952747,-0.0069316346,0.94806397,0.01596713,-0.0039685294,0.0066530947
-0.43611574,-0.5959827,0.005097323,-0.027202012,-0.0062486655,1.0222166,0.008612018,0.0049619465,-0.00119253,0.020058224,0.04235693,-0.0018706615,0.0095524,0.031283278,1.0086842,-0.04445662,0.00582377,0.028781774
-0.071384035,-0.56696373,-0.20578147,-0.019878583,-0.00013951506,0.14579052,0.9485472,0.019211872,-0.044065624,0.17723082,0.0028152175,1.0190953,-0.018230876,0.06469489,0.023131724,-0.04298375,0.0059284074,-0.019154184
0.071228854,-0.5677315,0.010942665,0.004938737,0.0017509359,1.0011969,0.012329504,0.0038274762,0.013394483,0.011190815,0.9912549,0.00632985,0.005519913,0.00981207,0.006323307,-0.007889655,0.0022976443,0.0061437185
0.07202342,-0.54215723,0.008475653,0.004090377,0.0009162139,1.0010406,0.00958423,0.0028805821,0.010048724,0.008492072,0.9935302,0.0051660235,0.004076508,0.007267163,0.004142697,-0.006412036,0.0018491779,0.004557536
-0.41650456,-0.5159559,-0.07967424,-0.019871507,-0.0096950615,1.0589285,-0.046515696,-0.006149575,0.045100294,0.028336694,1.0114422,-0.030023534,-0.0037659798,0.075753935,0.025501553,-0.0098788785,0.0016337149,0.00401205
-0.6546119,-0.34623107,0.09083569,0.013736443,0.0058176345,0.9274172,0.0617537,0.0122782625,0.9632045,-0.026281932,0.01655646,0.018153964,0.002045051,-0.054781683,-0.005284358,0.003393479,-0.0016780385,0.0077984766
0.082136415,0.6248767,0.05905238,-0.016525136,-0.0069133285,0.9812066,0.049999412,0.008610356,0.9812788,-0.06930086,0.025628965,-0.08884127,-0.00929493,-0.04578221,-0.007673496,0.0017544699,0.0030911101,0.0035650854
0.5908105,0.46117064,-0.17498049,0.092539124,0.02599499,1.0866543,-0.034381516,-0.013445367,1.021375,0.33518484,-0.09150111,0.2955794,-0.026889957,0.20930073,0.11648128,-0.0076852557,0.03123008,-0.02227641
-0.6397311,-0.069991015,0.03447482,0.004076573,0.003393195,0.9791328,0.020765014,0.004506464,-0.0043612253,-0.0016121995,0.017408157,0.015955992,0.0040336684,-0.0038272322,0.9808328,-0.002284328,-0.0024499563,0.007052197
-0.65638125,-0.23920968,0.106531,0.021674816,0.0062945774,0.9126455,0.06799244,0.013887966,0.9538617,-0.03227204,0.014684232,0.020515485,0.001408147,-0.0663405,-0.0066148676,0.0104655465,0.0011057401,0.0068035587
-0.75153846,-0.57838833,0.13756672,0.8921401,0.025852088,-0.0377239,0.083978936,0.017466044,-0.000751753,0.03359066,0.17064196,0.10126252,0.006367207,-0.019635743,-0.09416643,0.81432426,0.009108157,0.086460516
0.07634554,-0.31540847,0.6443998,-0.013657386,-0.012423871,0.24307813,-0.042019583,0.02218944,-0.050508413,0.30301327,-0.0054853936,1.0321449,-0.057748012,0.100087866,0.044373773,-0.04306452,0.0016107066,-0.04280026
-0.65221167,-0.6602071,0.048220843,-0.024042781,0.0037290703,0.9853869,0.040686868,0.008190326,-0.005705967,0.01640208,0.057719383,0.035054296,0.008510555,0.022475505,0.97080284,-0.056045588,-0.0025830609,0.032410968
-0.09577594,-0.56972766,0.00018777786,-0.00024032051,7.5237645e-06,1.0001788,0.00038975745,2.5064284e-05,-0.00020531111,-0.00043764926,0.9998719,-0.00086921477,-0.00011504354,-0.00039731798,0.0005562911,1.4635429e-05,3.4971847e-05,-0.00013922708
-0.6357016,-0.24380784,0.113880865,0.020355543,0.006172128,0.90772593,0.0739793,0.015882961,0.952823,-0.03438582,0.012596093,0.023157317,0.0013132307,-0.07020741,-0.0045794435,0.009039957,-0.0005051513,0.0076722456
-0.75153846,-0.57955587,0.13378496,0.8901806,0.025051896,-0.03880112,0.08442699,0.018910568,-4.0370574e-05,0.037266586,0.16875285,0.09545134,0.011525528,-0.015770568,-0.08953764,0.8086348,0.0064283586,0.093103126
-0.10699543,-0.60676414,0.0026924538,-0.003656546,0.00026888918,1.0029489,0.0058688256,0.0003032654,-0.0034211108,-0.006461348,0.99774307,-0.013439438,-0.0017307709,-0.006153801,0.009074761,0.00037863414,0.00046338735,-0.0023006327
-0.40832496,-0.6405728,-0.09493831,-0.017874908,-0.010758047,1.0687829,-0.057663154,-0.007767737,0.060670324,0.03704432,1.0034523,-0.028233033,0.0007214357,0.09989997,0.024394404,-0.011198205,-0.0015856618,0.004145331
-0.4568191,-0.5938777,0.0071346518,-0.025971046,-0.0039529083,1.0208473,0.0047947476,0.0084341625,0.0038343458,0.023025803,0.039415054,0.003219368,0.008659531,0.037900116,1.002136,-0.049212378,0.0044536316,0.028148646
0.79048896,0.08302603,-0.2421676,0.13102823,0.035522625,1.0645043,-0.027356353,-0.0027087443,1.0020789,0.44136736,-0.14045592,0.39772722,-0.028872615,0.22597688,0.12874284,-0.014540018,0.02518649,-0.025586477
-0.75153816,-0.6880709,0.025679752,-0.01409052,0.00060433033,0.9906563,0.018999187,0.004880952,-0.002786046,0.006059153,0.029592542,0.02075484,0.0055494923,0.008858757,0.9840153,-0.028968284,0.00053409213,0.016428633
-0.75153846,-0.575295,0.12619977,0.88706934,0.0049381284,-0.04481041,0.09268357,0.012390699,0.0132376645,0.027425453,0.1741934,0.09692324,0.02534599,-0.018322077,-0.10264493,0.81755346,0.011766683,0.080263026
0.4068221,0.7118252,-0.12937804,0.052613467,0.021587769,1.076685,-0.057512455,-0.012303231,1.0572666,0.192022,-0.07319127,0.18394911,-0.011648399,0.14202836,0.071405254,-0.005801505,0.014499041,-0.013073216
0.5361948,1.8595842,-0.32225525,0.1333096,0.043169513,1.1514894,-0.14409135,-0.052259907,1.1528386,0.48165488,-0.19334616,0.31279758,-0.036971312,0.3811326,0.06742665,-0.034349274,0.018633105,-0.01482974
1.1744303,-0.6876226,-0.06516262,1.0301384,0.008352938,0.0095183635,-0.0063260924,-0.00092708686,-0.018847626,1.1196799,-0.03619765,0.09809792,-0.0006488533,0.03096734,0.03386711,-0.0036592204,0.0045156223,-0.010642643
-0.52931064,0.9670257,0.6364319,-0.036677953,0.0073998766,0.29208326,-0.22928666,-0.05271283,1.1198003,0.124382205,-0.05547948,-0.030008383,-0.013252841,0.184848,0.0034758828,-0.0114931315,-0.012446253,-0.024083437
-0.43665594,2.7286594,0.075884745,0.0051801265,-0.0061789984,0.9292831,0.048274092,0.0052597024,-0.03838571,-0.030487997,0.034244664,0.017830513,0.017272452,-0.019007122,0.9603941,0.010433144,-0.015143413,-0.009028133
-0.17387472,1.1051962,0.106384166,-0.026255438,-0.00026826345,0.96464723,0.0492903,0.0155002205,-0.038153674,-0.07498282,1.0147734,-0.063544184,0.016730165,-0.03149729,-0.009979645,-0.0069340453,0.001008239,-0.01348814
0.066300765,0.54169196,0.068614334,-0.0132211195,-0.011061767,0.97589576,0.042253617,0.010979121,0.99268717,-0.07836904,0.023578245,-0.094568424,-0.010041751,-0.04708463,-0.012526522,0.004776432,0.003779232,0.007606731
-0.6400695,0.17340373,0.041777864,0.0051081167,0.0036395853,0.9746913,0.0244338,0.004038973,-0.008010779,-0.002709576,0.018643357,0.018141225,0.004804298,-0.009099101,0.9837694,-0.0026824856,-0.0027061026,0.009732984
-0.43560967,-0.596075,0.005104646,-0.027240306,-0.006253857,1.0221658,0.008414086,0.0049510505,-0.0010591057,0.01993963,0.04224891,-0.002115683,0.009336762,0.03128216,1.0088389,-0.044453807,0.0058574234,0.028694618
-0.75153846,-0.51222193,0.10847175,0.016284104,0.0031323917,0.90895015,0.071843535,0.014345315,-0.046392832,-0.047445014,0.024576833,0.023163982,0.0014767334,0.9020352,-0.00074530806,0.011095809,-0.009592406,0.0062476443
0.22728775,0.046744667,0.018322356,-0.007825661,-0.00063244207,0.99709255,-0.0020698342,0.004011215,-0.002321431,-0.027691483,0.006900358,-0.0223049,-0.0021657222,-0.007781285,0.99228185,-0.0026788593,-0.0021425136,0.0015799375
-0.396879,1.4680322,0.45955613,-0.01217784,0.03697977,0.47533268,-0.33490783,-0.053457048,0.273432,0.22378379,-0.16654302,0.9060515,-0.054072995,0.3845945,-0.004777986,0.004860999,0.00971572,-0.051214054
-0.56071603,-0.60602933,8.4799816e-05,-0.0319786,-0.0050770454,1.0275292,0.0048987106,0.0065554027,0.01023271,0.028841427,0.0388472,0.0069319056,0.0012429934,0.050931502,1.0012614,-0.065351695,0.004776364,0.034495343
1.4557196,1.3809896,-0.5281152,0.2872939,0.06272447,1.0990661,-0.07172002,0.028600764,0.9022948,1.1099546,-0.33576748,0.86374855,-0.061448626,0.37886396,0.29793048,-0.057715397,0.036361523,-0.09306755
-0.75153846,0.46477824,0.18151282,0.039604984,0.0011999622,0.832294,0.15106918,0.019037561,-0.09227468,-0.07750429,0.05156786,0.02911159,0.0015511372,0.85345674,0.0067348336,-0.0043066954,-0.008139624,0.017767636
-0.07012307,-0.39745456,0.00084421743,-0.0007224814,-8.596188e-05,1.0001906,0.000628509,0.00014286111,-0.00046192226,-0.0018534433,0.9995607,-0.0025795002,-0.0003283055,-0.0012620139,0.0012672408,-8.276514e-05,8.5268126e-05,-0.0002593341
0.17974257,0.771158,0.00042091944,-0.00013307891,-5.556402e-05,0.99986243,0.0002229993,5.5383927e-05,0.99979717,-0.00040534625,0.00019291152,-0.00046526387,3.7350312e-06,-0.00026637415,-8.265377e-05,1.2882489e-05,-4.42806e-05,6.1505534e-07
-0.64985424,0.36858118,0.041741516,0.007109573,0.0037950855,0.9696911,0.025364896,0.002883975,-0.011501189,-0.0019831336,0.0147440955,0.019676099,0.00565735,-0.01214125,0.98448014,0.0004017972,-0.0037163529,0.0076881326
-0.41952512,-0.4970983,-0.0773149,-0.018580308,-0.009209356,1.0570694,-0.046343442,-0.0064117187,0.044689015,0.026712362,1.008889,-0.029500732,-0.0035527456,0.07394343,0.026130762,-0.009144231,0.00084327266,0.0033110597
-0.5817037,-0.63206935,-0.0027668073,-0.036521886,-0.0004050858,1.0325515,0.009610701,0.0043393406,0.002000276,0.0359275,0.045830276,0.011791841,-0.0008550247,0.055156633,0.99716824,-0.07784049,0.006634956,0.036891803
0.3527422,1.1335895,-0.13883975,0.061875675,0.02200719,1.086029,-0.08193994,-0.00982691,1.1043168,0.17983472,-0.08169844,0.15984802,-0.01289574,0.16539548,0.045646694,-0.0055816127,0.013299346,-0.007274853
-0.58111066,-0.09186832,-0.08292823,-0.014760566,-0.0149072,1.0474833,-0.055352326,-0.0059582833,0.05305701,0.024572073,0.99815345,-0.02848549,0.0014448643,0.06494507,0.010518172,0.00646881,-0.0034248475,0.001949679
56.67486,56.67486,-0.75153846,-0.75153846,56.67486,56.67486,-0.75153846,-0.75153846,-0.75153846,-0.75153846,-0.75153846,56.67486,-0.75153846,-0.75153846,56.67486,56.67486,-0.75153846,-0.75153846
-0.6642628,-0.6674131,0.0461611,-0.02304132,0.0036080424,0.9859777,0.03897689,0.007839627,-0.005430317,0.015593125,0.055329427,0.033581145,0.008217493,0.02163295,0.9721166,-0.053735234,-0.0024145418,0.030883886
-0.5584755,1.1338923,0.6443412,-0.03424231,-0.003667818,0.30118454,-0.23050295,-0.041291725,1.1350741,0.10118176,-0.074312836,-0.04477338,-0.0034956047,0.17686877,0.0044608284,-0.014654099,-0.013420889,-0.024417905
-0.4419979,-0.5941837,0.0057718325,-0.028418628,-0.006296241,1.0227377,0.0059029153,0.00651315,-8.281113e-05,0.019752873,0.0402,-0.0018664383,0.008579234,0.031586673,1.0072647,-0.04591145,0.0067720776,0.030889818
-0.096525975,2.6357105,-0.07781642,0.035779126,-0.0012702427,0.99742293,-0.06586281,-0.017759202,1.0423161,0.044866838,-0.05301569,0.010948188,-0.0023833248,0.06590317,-0.026076287,0.017676648,0.0029007222,-0.005937456
0.071224965,-0.5677126,0.010948567,0.0049042753,0.0017455894,1.0012293,0.012343964,0.0038190219,0.013422625,0.011159702,0.9912368,0.0063353316,0.0055457326,0.009794037,0.0063088345,-0.007863596,0.0023152612,0.006166729
1.3618556,0.38731462,-0.48371333,0.25661594,0.06995885,1.0700179,-0.030366791,-0.0020495465,0.9256998,0.8821232,-0.28760043,0.7373806,-0.030568529,0.30090278,0.23327848,-0.028702168,0.037532322,-0.07639314
-0.57962805,-0.5456158,-0.0022542817,-0.022186821,0.00010753288,1.020223,0.0033058524,0.0022215268,0.002650698,0.022070969,0.026555251,0.005309815,-0.0005958519,0.033086266,0.9995267,-0.043711405,0.0026985088,0.01901243
1.0923585,-0.71763283,-0.1026512,0.04416584,0.01610757,0.02151834,1.0051495,-0.00027577995,-0.035097986,0.18705168,-0.05352105,1.1852782,-0.002560064,0.03313892,0.064839266,-0.009852921,0.009979338,-0.011439464
1.1746172,-0.6897045,-0.06508844,1.0300686,0.008315945,0.009423872,-0.006451009,-0.0008347177,-0.018786475,1.1195277,-0.03613681,0.09810358,-0.00064515887,0.03108826,0.03398499,-0.0034695724,0.0044596554,-0.010915346
0.02763588,0.5062417,0.0901093,-0.01042309,-0.0105977515,0.9677348,0.05425832,0.013559995,0.9936104,-0.09775557,0.026623407,-0.11971153,-0.011499492,-0.056400817,-0.01662884,0.013156558,0.005910307,0.008086406
-0.56109375,1.1526693,0.64518714,-0.034344904,0.0036430126,0.29950902,-0.23251763,-0.045119375,1.1347978,0.105560325,-0.07123916,-0.049087886,-0.0053991806,0.17769551,0.0015459179,-0.0065362835,-0.010865101,-0.016450305
-0.39896455,1.4707055,0.46218652,-0.01349169,0.034980465,0.47905093,-0.3389518,-0.04626503,0.27335647,0.22044481,-0.16849467,0.9048965,-0.0552684,0.38357583,-0.0010723285,0.006575936,0.009712179,-0.05394017
0.07179155,-0.57496357,0.01103221,0.004942204,0.0017300877,1.0012186,0.012435127,0.0038496335,0.01351098,0.011289049,0.9911439,0.006351181,0.0055950796,0.009886233,0.0063814553,-0.007907494,0.00231387,0.006191715
-0.4084319,-0.5447869,-0.08032905,-0.020149965,-0.010460189,1.0600961,-0.046608865,-0.0054881563,0.045978256,0.028245797,1.0114589,-0.0316062,-0.0032377674,0.07763155,0.025289347,-0.010191307,0.002252222,0.0048492467
0.43152508,-0.68025625,-0.030761814,0.012867095,0.003106118,1.0025485,-0.0017882418,-0.0036551747,-0.009106824,0.05734569,-0.015689991,0.061615113,0.0038281542,0.01359122,1.0257429,0.001656458,0.0029554665,-0.007217618
0.2170582,-0.31292123,0.04240006,-0.019501187,-0.004070235,0.99346465,0.0036949932,0.006186369,0.003455776,-0.06962466,0.02172489,-0.07203766,-0.004783549,-0.021341115,0.9748342,-0.0037063023,-0.0028519572,0.0036939913
-0.6556417,-0.23938595,0.106728755,0.021649363,0.0064190156,0.9123096,0.06806498,0.013960785,0.95382863,-0.03244221,0.014634737,0.020538483,0.001425249,-0.066494636,-0.006600341,0.010398826,0.0010791814,0.0068894564
-0.09341865,-0.55405647,3.9120536e-05,-4.9692862e-05,-2.739052e-06,1.0000376,7.700738e-05,3.9863758e-06,-3.958393e-05,-9.0648886e-05,0.99997455,-0.00017359175,-2.1102182e-05,-7.9891885e-05,0.000113600116,5.181559e-06,5.3543927e-06,-2.7225218e-05
-0.7071602,1.3436592,0.092722274,0.016733065,0.011257212,0.92236716,0.06279737,0.00940573,-0.029802872,-0.009425604,0.032228474,0.0553415,0.0075119957,-0.0065164664,0.9830816,0.007855651,-0.005284369,0.019128345
-0.6561137,2.6679144,-0.010479326,-0.0030199478,0.00139846,1.0105155,-0.008277966,-0.0007643218,0.0057434454,0.0043666293,0.99941236,-0.003089307,-0.0024911675,0.0030591341,0.0023810097,-0.0026329416,0.0014022565,0.00080959464
-0.09585486,-0.5821215,-0.00044573558,0.0005765531,-1.453748e-05,0.99957997,-0.00091646524,-5.430802e-05,0.00048281022,0.0010467133,1.0003012,0.0020669645,0.00026104847,0.0009410099,-0.0013154201,-3.7509177e-05,-8.248596e-05,0.00033980582
0.06447527,2.0470564,-0.07283219,0.02989124,0.013762138,1.042166,-0.051968776,-0.013129788,1.0745023,0.080190815,-0.035843275,0.06576247,-0.008752887,0.09543521,0.007354904,-0.002610451,0.0038650373,0.0013720987
0.075458564,0.5878058,0.064611524,-0.013393709,-0.008231122,0.9788257,0.046774883,0.0076522967,0.9863964,-0.07425429,0.023311138,-0.0912576,-0.011571819,-0.04726121,-0.0093343705,0.003075389,0.005242951,0.006182462
0.48465127,-0.63579816,-0.049034745,0.022770742,0.005130176,1.0047503,-0.0013801117,-0.0039975164,-0.01390048,0.090800926,-0.026302407,0.09645218,0.0042084595,0.02512535,1.0369431,0.0033039595,0.0032222196,-0.010753602
-0.5776708,-0.54296684,-0.0010939636,-0.021173988,-1.8562365e-05,1.0195605,0.0037283462,0.0024696551,0.0022651064,0.021460114,0.025979737,0.0046692286,-0.00029782875,0.032621697,0.99974984,-0.04258824,0.0020446377,0.019047573
-0.09171653,-0.5477509,-0.00033059457,0.00043507267,-9.118659e-06,0.9996724,-0.00069784303,-4.0100065e-05,0.00036429416,0.00080462516,1.0002267,0.001576213,0.00019647456,0.0007188913,-0.0010065375,-2.1577745e-05,-6.4257365e-05,0.00025399175
-0.45666477,-0.59393644,0.007171253,-0.025929559,-0.003917677,1.0208406,0.0048647434,0.008462598,0.0038132358,0.023075711,0.03947916,0.00311948,0.008573373,0.03799828,1.0022238,-0.049119033,0.004349403,0.028177366
-0.7044257,-0.22882469,0.090178326,0.016031045,0.0076666437,0.92578804,0.05949061,0.009407216,0.9579989,-0.024953356,0.015224012,0.022578832,0.002184914,-0.05288203,-0.005429514,0.007315063,0.0019708995,0.0048541427
-0.43569392,-0.59605193,0.0051462594,-0.027181214,-0.006425315,1.0221905,0.008569698,0.0050162673,-0.0010986814,0.020130988,0.042230327,-0.0019268114,0.009315007,0.031195564,1.0087411,-0.04443767,0.0060225944,0.028708322
-0.43538636,-0.5960016,0.004976139,-0.027155843,-0.0061297966,1.0222317,0.008436955,0.004932862,-0.0010453515,0.020043075,0.04223573,-0.0019033533,0.009198545,0.031211948,1.0087371,-0.044314224,0.0057888725,0.028706715
-0.40533787,-0.5617192,-0.077829815,-0.018193359,-0.008854574,1.060039,-0.046483766,-0.0056439415,0.051003367,0.029951777,1.0095907,-0.02682479,-0.0012465593,0.08580088,0.021104148,-0.0115234675,0.0005049804,0.003969438
-0.59269863,1.4599911,0.6369329,-0.026840644,-0.011693024,0.31314194,-0.23078328,-0.04925022,1.1405462,0.08458609,-0.07973197,-0.07759177,-0.016845683,0.14084113,0.007986584,-0.01657607,-0.004973175,-0.008023589
-0.5738345,1.3164527,0.6420999,-0.031050885,-0.007297598,0.29694542,-0.23326369,-0.05738251,1.1451062,0.09130777,-0.07559871,-0.056806523,-0.009058517,0.16611023,0.0011705175,-0.009669407,-0.011738849,-0.018816764
-0.033897858,-0.6119811,0.16224544,1.0228847,0.0070021586,0.041477315,0.16385913,0.03653702,0.121832736,0.16186714,0.003194729,0.074814096,0.044363137,0.1070893,0.01598235,0.8230204,0.03849413,0.13508122
1.4538429,1.3790901,-0.5278899,0.28619012,0.06508955,1.0955268,-0.070520915,0.02772001,0.90127707,1.1079179,-0.33473006,0.8630659,-0.061250117,0.3800014,0.29775193,-0.05503516,0.038245574,-0.09225568
-0.6642459,-0.6674744,0.04619017,-0.023077717,0.0034753936,0.986015,0.03884772,0.0077805687,-0.00553463,0.015614315,0.055246346,0.033562228,0.008238674,0.021726534,0.97198665,-0.053709835,-0.0025138953,0.031140475
-0.718326,2.70324,0.5631951,-0.000658065,-0.002941269,0.32283756,-0.30779263,-0.046767116,1.1718886,0.12951839,-0.14073592,-0.099666186,-0.022114687,0.17458142,0.033365276,0.0004770513,-0.0055724634,-0.03705059
0.90703404,0.15983197,-0.28846377,0.16025344,0.04379644,1.0944009,-0.03424342,-0.0034103913,0.9968708,0.52946234,-0.17488158,0.4648226,-0.02835687,0.25287437,0.16944525,-0.016476192,0.027331265,-0.04464209
-0.45610353,-0.59401095,0.007221393,-0.025906352,-0.003941699,1.0209436,0.004867956,0.008438367,0.003871482,0.022977058,0.03946078,0.0031335775,0.008582774,0.038021263,1.0021527,-0.049116272,0.004408146,0.028097013
0.071026035,-0.56012285,0.010854403,0.0051268223,0.0012466118,1.0012188,0.012223198,0.0035661284,0.012642281,0.0107251005,0.99182403,0.0064946814,0.0051483065,0.0090807015,0.0052639837,-0.008056883,0.0023550072,0.0058179707
-0.12802741,-0.52533513,-0.019723196,-0.00776083,0.00029471144,0.99906963,-0.020902641,-0.0066654636,-0.017058104,-0.01630008,0.01008642,-0.008169565,-0.008958797,-0.011867556,0.9897646,0.01094026,-0.0052429596,-0.010852964
-0.45658618,-0.5938595,0.007169973,-0.025837673,-0.003915748,1.0209212,0.0048142504,0.008461003,0.0037663071,0.022994114,0.03946196,0.0031753886,0.008534897,0.03791652,1.0021561,-0.049150556,0.004374972,0.02817105
0.5003649,1.0204246,-0.18738486,0.09404764,0.030722518,1.1109551,-0.08151663,-0.011337415,1.0836323,0.31221896,-0.11234082,0.27002054,-0.024090802,0.23938271,0.07590003,-0.0075509027,0.019124089,-0.011361641
-0.75153846,0.98336506,0.21406712,0.016198207,0.011901124,0.8298019,0.15490258,0.017546078,0.8751443,-0.033756737,0.052346822,0.07467562,0.009249339,-0.11714076,0.0065011694,-0.0072812606,0.00909021,0.014507583
-0.75153846,-0.57122064,0.12836406,0.897776,0.019786099,-0.03743409,0.094463795,0.00869162,0.0034304042,0.029774848,0.17079942,0.10256266,0.009988042,-0.02490993,-0.10154301,0.81350255,0.005189808,0.07599427
1.093325,-0.7215914,-0.10191846,0.043571968,0.016495312,0.021065159,1.0058233,-0.0008805045,-0.03574996,0.18681768,-0.05294811,1.1863611,-0.0015787624,0.033490006,0.06573724,-0.010294765,0.009270003,-0.011428465
-0.08676404,-0.57689995,-0.0015751079,0.0056275288,-0.0003956352,0.99591637,-0.008580096,-0.0005246527,0.0051042265,0.009278083,1.0033953,0.017833633,0.0017010422,0.009670085,-0.012624726,-0.00090988405,-0.001548288,0.0030428763
0.492332,-0.6696059,-0.050776698,0.023583107,0.0051538255,1.0050136,-0.0011771016,-0.0040626167,-0.01444355,0.094112694,-0.027534483,0.10018921,0.0044232775,0.026359607,1.0384597,0.0035677818,0.0031304194,-0.011154291
-0.12472574,-0.6225335,-0.017531939,-0.0067569637,0.00012889341,0.99882996,-0.019023187,-0.0061185528,-0.015587372,-0.014703117,0.009337988,-0.007047941,-0.008280551,-0.010848589,0.99086064,0.010511009,-0.0045256587,-0.009993072
-0.12574512,-0.7125424,-0.01078307,-0.004535258,4.922519e-05,0.9991047,-0.011938791,-0.003767994,-0.010156556,-0.009718118,0.0066003627,-0.004885691,-0.005330811,-0.008239295,0.9944311,0.0067949737,-0.0030584142,-0.0062717847
0.7699239,0.15698408,-0.23719047,0.12746157,0.03341144,1.0727466,-0.029637465,-0.009114868,1.0093826,0.44023907,-0.12721239,0.38607094,-0.033440612,0.22935548,0.12631501,-0.017082924,0.027672498,-0.02493192
-0.06562469,-0.6519621,-0.2034613,-0.019434582,-0.0014628273,0.14258124,0.9501,0.019713093,-0.0435431,0.17454147,0.0010421523,1.0180732,-0.018201776,0.062051874,0.022018097,-0.0405013,0.006073945,-0.020914044
-0.44822073,-0.14942367,-0.025951326,-0.007959654,-0.0038281728,1.0196992,-0.013559769,-0.0046978085,0.012353892,0.009582708,1.0058566,-0.009317074,7.393847e-05,0.02231651,0.009306591,-0.00084924465,-0.0029388645,0.003728482
0.14988616,0.7677987,-0.013145251,0.02309725,-0.013355041,1.0035117,0.020605028,-0.006592119,0.030971907,0.06457104,-0.008938134,0.026497463,0.0004482657,0.035968315,1.0172722,0.002549493,0.0071844296,-0.0049171103
-0.75153846,-0.56943583,0.1203556,0.8897488,0.026230942,-0.027979106,0.085915074,0.027071003,0.0072085476,0.016975226,0.1684723,0.094343014,0.016698044,-0.031156028,-0.09229496,0.8056295,0.010079752,0.09376531
1.18252,-0.70064586,-0.06745619,1.0311722,0.008692092,0.009562155,-0.006655181,-0.00076130993,-0.019653518,1.123472,-0.03741258,0.10134429,-0.00082737085,0.031959694,0.034972414,-0.0036700221,0.0047278875,-0.011034332
-0.45772994,2.7410593,0.08615786,0.004425679,-0.0066008833,0.9216243,0.055001587,0.006401654,-0.040446796,-0.035796728,0.040150445,0.02087806,0.01922095,-0.020033835,0.9577001,0.0107356515,-0.016305301,-0.011497712
-0.4302947,-0.59509414,0.005407834,-0.026194047,-0.0059233857,1.0242805,0.007580937,0.0031961792,0.0007480433,0.024404887,0.040656995,0.0011643578,0.009493999,0.02855774,1.0091894,-0.042027727,0.0052187317,0.026478918
1.1901665,-0.6990486,-0.06972779,1.0319799,0.008868394,0.009055438,-0.0061915778,-0.0007268703,-0.020867435,1.1282576,-0.039264392,0.10637051,-0.00048955635,0.03209221,0.036172796,-0.0037757133,0.00462835,-0.0113867745
0.49244797,-0.6740007,-0.05089469,0.023589583,0.0050169104,1.0048262,-0.0014040453,-0.0040384145,-0.0144812055,0.094001785,-0.02768204,0.100066066,0.00432537,0.026062503,1.0384048,0.0037610962,0.0031928045,-0.011301823
1.0929452,-0.7216796,-0.10151536,0.04328476,0.016745439,0.0213609,1.0055233,-0.0005586508,-0.035405416,0.1869665,-0.0530614,1.1858374,-0.0023582927,0.03360775,0.06554777,-0.010651424,0.009315919,-0.011957926
-0.6024497,1.4851646,0.6355601,-0.024789521,-0.007756284,0.31226572,-0.23465985,-0.04920925,1.1417632,0.08177572,-0.07949315,-0.07394893,-0.019449012,0.14526433,0.008806351,-0.019891096,-0.008338437,-0.0025157828
-0.40246713,1.4842114,0.4445154,0.0017599448,0.025397267,0.4384432,-0.35361817,-0.05475436,0.24148428,0.2625964,-0.18970332,0.8996274,-0.044425,0.3858946,-0.016691072,0.014037202,-0.00045939212,-0.05401433
-0.66425455,-0.667611,0.04607104,-0.023150196,0.0035339466,0.9859622,0.03892737,0.0078307055,-0.005560006,0.01565487,0.055303387,0.033585597,0.008212182,0.021635698,0.9720357,-0.053743366,-0.0025114594,0.03119999
0.07159442,-0.57247126,0.010988078,0.0049462053,0.0017443788,1.00119,0.012383474,0.003817099,0.013486895,0.0112339165,0.991185,0.006363506,0.0055651395,0.009894015,0.006357742,-0.007925131,0.0023175792,0.006186433
0.49234194,-0.6709953,-0.050881576,0.023674117,0.0050368276,1.0049144,-0.0011199432,-0.0040468858,-0.014515256,0.09408184,-0.02769849,0.10001216,0.004337649,0.026241258,1.038522,0.0034878443,0.003139587,-0.011081618
0.49265316,-0.6681243,-0.050830208,0.02429476,0.0049014073,1.0053384,-0.0009903449,-0.004351054,-0.014469412,0.0941718,-0.028451439,0.10010272,0.0035285563,0.026654486,1.0388837,0.0044540395,0.0032137642,-0.010986688
-0.5746622,1.3220218,0.64412653,-0.029434508,-0.001830168,0.3020482,-0.23765223,-0.044955235,1.1422623,0.09035142,-0.07708511,-0.055298068,-0.01251541,0.16264494,0.003251545,-0.012389329,-0.011679277,-0.01403883
-0.60272634,1.4860269,0.63427246,-0.027023872,-0.009002635,0.31504408,-0.23212343,-0.048061475,1.138776,0.07975627,-0.0803377,-0.074188754,-0.0213955,0.14310223,0.008025636,-0.021406734,-0.010260116,-0.004897644
0.06561162,-0.5596709,0.102590606,-0.017499605,-0.016935159,0.96119267,0.025031593,0.012467643,0.051266186,-0.1284536,0.020222863,-0.14184004,-0.015707642,-0.035351753,0.95293605,0.0057391506,0.009705989,0.00050729036
-0.6734134,-0.23543902,0.10094747,0.020106634,0.005913649,0.9172784,0.06485108,0.013312248,0.9567746,-0.030632656,0.0141774705,0.018848704,0.0012543052,-0.06327713,-0.00592929,0.009855997,0.0010440771,0.0062876744
-0.69282955,2.1320868,0.6184519,-0.029499162,0.0048989044,0.33390257,-0.25058764,-0.042701118,1.1912935,0.08815084,-0.09972623,-0.082756214,-0.038526703,0.1783491,0.024743516,-0.01627222,-0.0067922375,-0.019901963
-0.44160172,-0.5941759,0.0055131046,-0.029136099,-0.0059670852,1.022511,0.0062494674,0.0065962384,-0.00029456595,0.019810354,0.03971637,-0.0020731958,0.008438481,0.031467617,1.0069842,-0.045955967,0.006848681,0.030772062
-0.75153846,-0.57766134,0.13629119,0.8950451,0.02329533,-0.046021063,0.09366823,0.012324763,-0.00075806276,0.018114546,0.16526647,0.098894596,0.0147536965,-0.014961,-0.08955144,0.80629385,0.014050145,0.08366979
1.1824505,-0.69727224,-0.067391776,1.031262,0.008557204,0.009815378,-0.0064683864,-0.0008965636,-0.019680869,1.1237829,-0.03741801,0.101554245,-0.0008368895,0.03216348,0.035124913,-0.0038476451,0.0048816535,-0.011123909
1.0930829,-0.7210485,-0.10204944,0.043402053,0.016972508,0.021118402,1.0056595,-0.00010955555,-0.035426017,0.18715553,-0.0531061,1.1859145,-0.0026189913,0.032911394,0.06548585,-0.0102707045,0.008527662,-0.011534455
0.485403,-0.6708541,-0.048836943,0.022688812,0.0048169424,1.0045735,-0.0013048848,-0.0038272361,-0.013868019,0.08987362,-0.026430251,0.095623866,0.0042514224,0.024946826,1.0367411,0.0035139509,0.0030558407,-0.01068407
-0.11129031,2.618481,-0.052150987,0.025099175,0.0031899363,1.0167935,-0.05022257,-0.01381146,1.0521865,0.04143953,-0.028359456,0.015820606,-0.004551609,0.06735417,-0.018193226,0.005377671,0.0021959376,0.0003646793
1.0997381,-0.723006,-0.10392279,0.044413272,0.016859349,0.021415267,1.0055801,-0.00018744079,-0.035786282,0.19161569,-0.054535575,1.1893293,-0.0020148142,0.034210976,0.06615182,-0.010326886,0.010056836,-0.011696742
-0.4589503,-0.28955007,-0.061268672,-0.014460546,-0.010281242,1.0431916,-0.03494827,-0.0046733054,0.02942831,0.022588558,1.006982,-0.021665866,-0.00060594373,0.05385843,0.022680115,-0.006468559,-0.0010900543,0.0045440085
-0.39975744,1.4842024,0.4468558,0.0043521477,0.026083535,0.43801835,-0.35428607,-0.05717684,0.24511555,0.26061228,-0.1882686,0.90068436,-0.044003926,0.38723454,-0.01589792,0.012676473,-0.0019310956,-0.053711217
-0.72876537,3.815848,0.15989976,-0.007907327,0.0029378203,0.90180224,0.11372287,0.01437993,0.9591157,-0.047638275,0.06786584,0.0579714,0.0022401428,-0.0008320735,0.0057152137,-0.0006434471,-0.00614996,0.018842276
0.0950162,-0.6318146,-0.22446264,0.015327194,0.038367197,0.16433261,0.92942244,0.012810389,0.86143786,0.30525503,-0.029943196,0.216068,-0.025248574,0.13192734,0.0451954,-0.071655534,-0.035843663,-0.027699523
0.49235246,-0.67385787,-0.05091561,0.023709318,0.005090548,1.0048069,-0.0014671078,-0.004076723,-0.014578903,0.093880884,-0.02768877,0.10001634,0.004390888,0.026058784,1.038334,0.0036780462,0.0032411693,-0.011202228
-0.6517713,2.614199,-0.0030595397,-0.0009433715,0.00042626422,1.0031034,-0.0024876278,-0.00022553245,0.0016572822,0.0013458556,0.999832,-0.00087980524,-0.0007541572,0.00088930316,0.0007217921,-0.0008145632,0.0004113477,0.00025802155
-0.46968317,-0.6434118,-0.12976876,-0.02156891,-0.017173782,1.0863569,-0.07988957,-0.009574583,0.08038123,0.047319736,0.99567634,-0.02858829,6.327522e-05,0.122218385,0.029239882,-0.016878823,-0.0034365398,0.0021492147
-0.7247771,-0.30829054,-0.014487749,-0.00096825405,-0.0014439763,1.0084741,-0.009097457,-0.0014750645,0.002477558,0.0002051795,-0.008208215,-0.0069583203,-0.0018799314,0.0014258935,1.0076176,0.0022205152,0.001273437,-0.003714433
-0.6584059,1.8843495,0.6254459,-0.032966364,-0.0071295486,0.32198802,-0.23708063,-0.044973038,1.1721328,0.08000866,-0.08232396,-0.08355127,-0.036628347,0.16394925,0.014124239,-0.014589864,-0.0068021235,-0.012535948
1.1819386,-0.6879942,-0.06755066,1.031312,0.008274832,0.008329309,-0.00570119,-0.00084089837,-0.019545183,1.1239448,-0.038241465,0.102911204,-0.0006784066,0.031087756,0.03502321,-0.0038969505,0.0049879723,-0.011057571
-0.45327145,-0.35394907,-0.06967929,-0.01622589,-0.009288021,1.0498115,-0.041694794,-0.006227231,0.037164286,0.023310347,1.0078795,-0.025725204,-0.00264933,0.06448407,0.025576757,-0.008477338,-3.9323393e-05,0.0045148595
0.49234116,-0.6721891,-0.050873484,0.023616577,0.0050723623,1.0050708,-0.0012398865,-0.0040605203,-0.0143895885,0.09396012,-0.027702773,0.10012002,0.0043840245,0.026142403,1.038407,0.0035100617,0.0031520312,-0.010970076
-0.624906,-0.3523035,0.099885106,0.01545638,0.006166535,0.92004985,0.06759397,0.013518997,0.95901054,-0.028655635,0.01771037,0.02067764,0.0022051525,-0.0603816,-0.0060884003,0.0037681325,-0.0022076708,0.009175976
-0.094052754,-0.5713256,-0.0006152307,0.0007947438,-2.651646e-05,0.9994042,-0.0012844842,-6.5657216e-05,0.00067767105,0.001475907,1.0004224,0.002897625,0.00036020533,0.0013184556,-0.0018400426,-4.410394e-05,-9.559429e-05,0.000455941
0.0708436,-0.5581779,0.01081911,0.005108747,0.0012396286,1.0012507,0.012191003,0.0035552676,0.012647533,0.010739447,0.9918108,0.0064697447,0.00516754,0.009041431,0.005252123,-0.008038445,0.002357419,0.0058120093
1.0996243,-0.7203681,-0.105284154,0.045453202,0.016729098,0.021860173,1.0056872,4.7657937e-05,-0.03607938,0.19120954,-0.054205395,1.1895356,-0.0020547705,0.033940997,0.065476365,-0.009805333,0.01006961,-0.010980576
1.1901281,-0.698895,-0.06987505,1.0323788,0.008749129,0.009095823,-0.006274473,-0.00072725985,-0.020689083,1.1280916,-0.039129198,0.10628804,-0.00043588076,0.03230115,0.036277235,-0.0038141443,0.0049554245,-0.011438245
-0.4179564,-0.5682048,-0.34890676,-0.058246695,0.00838728,0.2960186,0.7584041,-0.040271025,1.1378889,0.13943827,-0.029326297,-0.019321851,-0.0037835103,0.2647908,0.019485468,-0.049925625,-0.011598109,-0.04267099
-0.46979725,-0.6426232,-0.1296711,-0.021621862,-0.017242808,1.0863456,-0.07977019,-0.009455978,0.080415875,0.047339123,0.99564236,-0.02856778,4.4243716e-05,0.122125566,0.029161856,-0.016924426,-0.0034231183,0.0022267806
-0.75153846,-0.6789365,0.09275155,0.009490788,-0.006409413,0.9246984,0.06179502,0.027933976,-0.04609354,-0.04410215,0.018884694,0.017496847,0.0072353138,0.9125978,-0.006499666,0.010749854,0.007074223,0.0054131984
-0.4304373,-0.59505576,0.005365217,-0.026145983,-0.0058572786,1.0242556,0.0076185064,0.0031426093,0.0006366604,0.024393015,0.040610254,0.0011421615,0.009572504,0.02859064,1.0092039,-0.042105705,0.005265125,0.026573997
-0.7515382,0.108668044,0.1253131,0.022207156,0.015411998,0.8983541,0.08381761,0.013334153,0.9527912,-0.036962565,0.014269744,0.03131367,0.0018531363,-0.07501383,-0.005298394,0.010967992,0.0011230912,0.008886625
-0.09452177,-0.5705313,-0.0003759663,0.00050272915,-8.423506e-06,0.9996282,-0.0007907197,-3.9479266e-05,0.00041551914,0.0009000542,1.0002623,0.0017760836,0.00022254049,0.0008106239,-0.0011341305,-3.1651063e-05,-6.399176e-05,0.00029648517
0.3402893,1.1896361,-0.13919806,0.061261635,0.0266757,1.0910363,-0.089878626,-0.010626218,1.1137784,0.17433214,-0.080072135,0.15369175,-0.016653104,0.15374273,0.046972614,-0.015438668,0.00792986,0.0012159398
0.37645116,0.9411582,-0.12612663,0.059859924,0.018039918,1.0730308,-0.07197241,-0.00441242,1.0862807,0.183297,-0.078672186,0.17952639,-0.0063436707,0.14637443,0.061424803,-0.008272365,0.012290149,-0.01664347
-0.62472373,-0.35206684,0.100097746,0.015412362,0.0062546288,0.91989464,0.06750209,0.013508469,0.95909965,-0.028813409,0.017757786,0.020733392,0.0021976647,-0.060361996,-0.0061128936,0.003688167,-0.0022015427,0.009086286
-0.7328491,2.277116,0.12327739,0.02731359,0.005537579,0.8915442,0.09152631,0.021373449,-0.051341366,-0.014463799,0.042221226,0.07894062,0.0063669304,-0.006567857,0.9680771,0.014020898,-0.0054058363,0.018747877
-0.75153846,-0.75153846,56.67486,-0.75153846,-0.75153846,56.67486,56.67486,-0.75153846,-0.75153846,-0.75153846,56.67486,-0.75153846,56.67486,-0.75153846,56.67486,56.67486,-0.75153846,56.67486
-0.5159718,0.05514563,-0.026227595,-0.005435917,-0.0035624343,1.0162323,-0.01609282,-0.0032156408,0.018641207,0.0061794654,1.0012264,-0.008785963,7.814864e-05,0.017463494,0.0045042415,0.0030017614,-0.0017659573,0.0027050695
0.4922641,-0.6701315,-0.05097393,0.023536356,0.0050457306,1.004961,-0.0012088228,-0.0039867787,-0.014443791,0.09401824,-0.027645038,0.100063235,0.004439841,0.026210533,1.0384558,0.0035420062,0.0031643803,-0.011050851
0.49230278,-0.6701546,-0.050989635,0.023663016,0.0052349395,1.00495,-0.0012007616,-0.0040879706,-0.014418341,0.09401518,-0.027461367,0.10015475,0.004371434,0.026227593,1.0383775,0.0035165634,0.0032105115,-0.011078394
-0.09545248,-0.56690055,0.00020244319,-0.00025984008,-7.367721e-07,1.0001925,0.0004173526,2.6180134e-05,-0.00022533762,-0.00047928916,0.99985397,-0.0009471521,-0.00011839779,-0.00043158978,0.0005958226,1.7564078e-05,3.707035e-05,-0.00014807626
-0.46970686,-0.64354724,-0.12981974,-0.021792153,-0.017308386,1.0863234,-0.08008821,-0.0095147835,0.08044935,0.047249813,0.9954325,-0.028585214,-7.2780866e-05,0.12203552,0.029364007,-0.017075097,-0.0034190856,0.0021908754
-0.58043414,1.3599852,0.6400041,-0.026117912,-0.007922875,0.30269206,-0.23116066,-0.046844933,1.1469073,0.08744058,-0.079551265,-0.062083676,-0.014202774,0.1597725,0.0057701766,-0.01508813,-0.008885882,-0.014362726
1.0915294,-0.70902485,-0.10360691,0.04509585,0.015870554,0.021220583,1.0057966,3.5507474e-05,-0.03514547,0.18738426,-0.05386045,1.1852025,-0.0026300806,0.03299752,0.06399554,-0.009497489,0.01041319,-0.011153762
1.174624,-0.6891539,-0.06518087,1.0300654,0.008348899,0.009468602,-0.00652459,-0.00096534623,-0.018822428,1.1195353,-0.036412835,0.09814054,-0.00075304206,0.031049848,0.033874087,-0.0037045653,0.0045423666,-0.010541035
1.0997369,-0.7223021,-0.10460166,0.044894435,0.016878827,0.02145302,1.0060152,-0.00020635243,-0.03643185,0.19117461,-0.05413602,1.1893419,-0.0023776358,0.034112852,0.06639586,-0.010234957,0.0101959305,-0.011810131
-0.75153846,0.5828177,0.20099956,0.022717869,0.014456463,0.82916385,0.13378909,0.023137907,-0.10646018,-0.0652658,0.0370396,0.028278215,-0.0031458954,0.8340323,0.016728608,0.016851723,-0.01109192,0.014341637
0.4923366,-0.67270154,-0.05098161,0.023716748,0.0049378085,1.0048985,-0.0013988824,-0.00403582,-0.0144824395,0.09395514,-0.027570307,0.09999929,0.0045691095,0.0260974,1.0383931,0.0036995327,0.00320298,-0.011243651
-0.6711532,-0.23685524,0.10158333,0.020715361,0.0061735944,0.91682076,0.064888366,0.013355456,0.9561459,-0.030795591,0.014033982,0.019590722,0.0013150871,-0.0633585,-0.0060892524,0.009996695,0.0010071133,0.0064276606
-0.5599229,1.2057744,0.6489867,-0.030306932,0.0014028865,0.30063763,-0.23138648,-0.044370938,1.1375474,0.105275616,-0.07278078,-0.045760095,-0.01269766,0.17656898,0.0020288746,-0.0071128453,-0.017035132,-0.020519655
0.063419454,0.5788301,0.06981076,-0.015419301,-0.009036114,0.97679394,0.050750315,0.008992779,0.9851417,-0.08151628,0.025838748,-0.10007215,-0.011835592,-0.051076286,-0.010259811,0.003567759,0.0057263356,0.0067063076
0.014695264,2.5464468,-0.1275485,0.050651964,0.007630951,1.045999,-0.08018582,-0.022930764,1.1105467,0.12480043,-0.06639541,0.054155488,-0.006616849,0.14037037,-0.01495173,0.0046469546,0.005561948,-0.007598419
-0.75153846,-0.57792526,0.12842472,0.893922,0.0156202875,-0.04610487,0.08777677,0.011585,0.0006722958,0.03442915,0.17057577,0.10614106,0.011555371,-0.022582863,-0.091756076,0.81338567,0.010041803,0.090630524
0.071225874,-0.5674974,0.010954621,0.0048755044,0.0017143734,1.0012217,0.012292741,0.0038095803,0.013363379,0.011167878,0.991221,0.0063203187,0.0055312277,0.00981363,0.006317453,-0.007860774,0.002290966,0.006154408
-0.75153846,-0.57858855,0.13770321,0.89549714,0.013293723,-0.042722452,0.09169476,0.019806644,-0.0026507038,0.030612173,0.16773136,0.09943756,0.0071782675,-0.01196895,-0.08544794,0.8018984,-0.002660565,0.076855265
-0.43594754,-0.38014132,-0.065196924,-0.017720155,-0.0075156908,1.0483027,-0.038980726,-0.0059402767,0.035851616,0.019623602,1.009261,-0.0265003,-0.0029506648,0.05914246,0.022729872,-0.008200156,-0.00010686531,0.0021606989
-0.412509,-0.38403454,-0.32851934,-0.05249556,-0.0025278926,0.27583808,0.7724645,-0.04015032,1.1352671,0.12921669,-0.02630031,-0.02715539,-0.0011417613,0.23041052,0.014164482,-0.031724315,-0.010479473,-0.035106692
0.49239445,-0.67481667,-0.051022552,0.023715978,0.0049956036,1.004615,-0.001412372,-0.004123668,-0.014492409,0.0938453,-0.027600914,0.09998963,0.004446651,0.025971696,1.0384604,0.0037599248,0.003204331,-0.01123629
1.0081257,0.5791745,-0.3399463,0.19332431,0.058951024,1.1065232,-0.023862235,-0.008144517,0.9956013,0.6566224,-0.20249017,0.54998386,-0.045597315,0.332155,0.19923863,-0.037265584,0.03381679,-0.056881014
-0.75153786,-0.6897629,0.02679616,-0.015582974,0.0008901868,0.99221015,0.019440407,0.0037876123,-0.000961819,0.006883442,0.030087443,0.019859852,0.0029174655,0.007925399,0.98324126,-0.02869686,0.0007831345,0.01716155
-0.09538148,-0.5826299,-0.0006739152,0.0008997373,1.700168e-05,0.99937856,-0.0014043656,-0.0001143241,0.000798793,0.0015983717,1.0004222,0.0031396835,0.0003905624,0.001414212,-0.001931004,-7.897333e-05,-0.00016554339,0.00049502804
-0.75153846,-0.5826755,0.13378659,0.88298863,0.00903481,-0.044294797,0.09505464,0.025377585,0.001595063,0.029132627,0.16323154,0.10157892,0.0074078124,-0.021467643,-0.09766015,0.810765,-0.0031331463,0.07895062
0.0885345,0.607188,0.054919846,-0.015372038,-0.00643136,0.98254985,0.046539005,0.007946702,0.9825873,-0.06444258,0.023907632,-0.082661785,-0.008669862,-0.04266746,-0.0069870027,0.0016215536,0.002967515,0.003246011
-0.75153846,-0.5823815,0.145667,0.8970005,0.02990466,-0.023940919,0.09342272,0.009920084,0.002605434,0.027008167,0.16497368,0.104916394,0.017972173,-0.01739571,-0.088585496,0.81167644,0.00042654778,0.09111624
-0.75153846,1.8342872,0.25653923,0.024425954,0.0015977714,0.7940855,0.17393772,0.030983252,0.8788712,-0.0476467,0.035102364,0.09050751,0.012301675,-0.11923293,-0.029785387,0.0031110966,0.0167854,0.021203898
-0.15031733,-0.5772841,-0.29393363,-0.014714466,0.019001588,0.21709765,0.82060236,-0.026281083,0.9677985,0.26011845,-0.026076892,0.15171295,0.0029727358,0.25702554,-0.030012878,-0.079186395,-0.05021398,-0.013763504
-0.6923803,2.7440012,0.55810624,-0.0013933579,-0.0055191983,0.3131562,-0.3162464,-0.04679703,1.171892,0.117628776,-0.15560593,-0.10799953,-0.022750875,0.1618287,0.033074733,0.0068735452,-0.0066255904,-0.042287435
0.7845127,0.08163093,-0.23938885,0.12734167,0.032980226,1.0654347,-0.02927802,-0.008027306,1.0046183,0.43753582,-0.13334467,0.39832568,-0.031555217,0.22187479,0.1230637,-0.021769522,0.024052849,-0.032010656
-0.09557673,-0.56798714,0.0001922808,-0.00025041393,6.0012444e-06,1.0001915,0.00040946613,2.4963458e-05,-0.0002080863,-0.0004550435,0.99986404,-0.0009207733,-0.000109977256,-0.00041568838,0.0005874711,2.1438567e-05,3.3490378e-05,-0.00014588951
-0.58554894,-0.61566204,-0.0066894684,-0.03853737,-0.0034068327,1.0282316,0.009078265,0.0020557519,-0.00019886452,0.030461987,0.046233505,0.012474166,-0.00039413891,0.046078533,0.99672,-0.07190291,0.006381627,0.03228497
0.3044663,1.4711889,-0.14754136,0.06844221,0.02871508,1.0940465,-0.098499455,-0.014482483,1.1410524,0.17275093,-0.08412602,0.15058543,-0.018489897,0.18605231,0.032322597,-0.009920162,0.009979891,0.0035023945
-0.13387723,-0.53076285,-0.013106245,-0.005077129,0.00013920669,0.9991405,-0.014143344,-0.0045422656,-0.011623593,-0.010873119,0.006857959,-0.005291666,-0.0061397813,-0.00824208,0.9933876,0.0074897325,-0.0033838886,-0.007248717
-0.75153846,0.30180877,0.18001156,0.01806657,0.0030674753,0.8658247,0.13242297,0.023711544,-0.09534734,-0.056570005,0.038242936,0.026161544,-0.0014416266,0.83997285,0.022204107,0.0049076574,-0.0009197853,0.00853203
-0.75153846,-0.56950986,0.11755733,0.88567287,0.01490427,-0.03386264,0.08966875,0.0071231727,0.008381147,0.03155782,0.16366,0.09793493,0.017220614,-0.016387489,-0.10027934,0.8028183,0.0039184145,0.08039513
-0.41735795,-0.5677151,-0.3481999,-0.05864596,0.00794575,0.29583105,0.75878364,-0.041121114,1.1376549,0.13942,-0.02948697,-0.018486666,-0.0041491664,0.2653691,0.019167941,-0.049420856,-0.011792379,-0.042647887
0.49226648,-0.6698257,-0.05091443,0.023581328,0.005152727,1.0049871,-0.0011875054,-0.004068464,-0.014445461,0.09396578,-0.02777059,0.100123435,0.004379204,0.026224867,1.0384291,0.003484404,0.0031571232,-0.011112432
-0.5828032,1.4239504,0.64115965,-0.018292457,-0.009200426,0.3059318,-0.23215032,-0.050130926,1.1406977,0.08729852,-0.08544021,-0.06629911,-0.013631846,0.15675418,-0.00042759482,-0.012934811,-0.010998279,-0.010996298
0.07163375,-0.57276833,0.011018474,0.004928854,0.0017449596,1.0012387,0.012406928,0.0038656509,0.013439377,0.011231691,0.9911689,0.0063381894,0.005534359,0.009824289,0.0063535245,-0.007924187,0.0023034918,0.00619314
-0.647496,-0.65787834,0.049034268,-0.024450809,0.0037478514,0.98505986,0.04143475,0.008338455,-0.0058361287,0.016642876,0.058704644,0.035696536,0.008694265,0.022943042,0.97031444,-0.05711223,-0.0025093034,0.033062167
0.074690886,-0.57300586,0.008968475,0.0042606345,0.0010229798,1.0010005,0.010101206,0.0029497687,0.01053059,0.008917188,0.99324554,0.005358716,0.004273311,0.007513589,0.004380659,-0.0067052618,0.0019460847,0.00480358
-0.58159703,-0.63199645,-0.0027729855,-0.036488906,-0.00013052404,1.0325444,0.0096024405,0.0043154373,0.00171271,0.03577157,0.045682676,0.011890146,-0.0006502095,0.055416092,0.9970934,-0.07780025,0.0066795326,0.036773533
-0.75153846,4.3847537,0.15867218,-0.009669622,0.012406998,0.91577643,0.10906105,0.01300371,0.972352,-0.036525067,0.073511876,0.06110954,0.0025599538,0.020329757,0.0035441294,-0.006641815,-0.009241555,0.025955385
1.1900645,-0.69914204,-0.06975475,1.0322762,0.008796022,0.00928112,-0.0062123155,-0.0008317081,-0.020842439,1.128157,-0.03911658,0.106178075,-0.00042389933,0.032072514,0.03627959,-0.003738189,0.005052555,-0.011382147
1.0845577,-0.7115925,-0.10121683,0.04375217,0.015569621,0.02070785,1.0055901,9.293124e-05,-0.03455897,0.1828463,-0.052419655,1.1808368,-0.002407334,0.032264125,0.06260183,-0.009534141,0.00993737,-0.010899522
0.49228284,-0.6695025,-0.05091135,0.023702482,0.005157192,1.00501,-0.0012390832,-0.00406956,-0.0144520085,0.09403179,-0.027686372,0.10007814,0.0043870704,0.026210854,1.0384914,0.003589609,0.0032315175,-0.011160058
-0.71384305,0.1528282,0.14883624,0.027049458,0.014902073,0.88043195,0.09259846,0.014171985,0.9386451,-0.045158625,0.02295348,0.03375375,-6.142974e-05,-0.08291555,-0.006687603,0.010998637,0.0030273893,0.005351175
-0.45681116,-0.5939626,0.0072269225,-0.02589788,-0.003946819,1.0209671,0.004885787,0.008427188,0.0037677765,0.022976812,0.039476115,0.0032028728,0.00860153,0.037959404,1.0021653,-0.04918162,0.004385472,0.0282359
-0.50275856,-0.06798759,-0.042151976,-0.009490665,-0.0070372443,1.0272356,-0.024060588,-0.003561189,0.021840487,0.015388693,1.0035514,-0.012343477,7.589513e-05,0.033729464,0.010888241,0.003678387,-0.0026420928,0.0021629308
-0.68872786,0.85753155,0.070796564,0.011639065,0.0037638997,0.9461372,0.043539993,0.0061902213,-0.013951468,-0.005568932,0.017298985,0.03257022,0.011189253,-0.013256908,0.9789627,0.00032963764,-0.004199561,0.013224733
-0.09689375,-0.5794615,0.00013251387,-0.00017475881,3.9278984e-06,1.0001316,0.0002798481,1.6852513e-05,-0.00014875902,-0.00031423208,0.9999115,-0.00062500074,-8.13285e-05,-0.00028323414,0.00040161976,8.552208e-06,2.470754e-05,-0.0001026098
0.9930915,-0.04396411,-0.3508029,0.15002203,0.06824762,0.09818459,0.9622298,-0.020816514,0.8796674,0.6240376,-0.1698314,0.635811,0.0036468073,0.12538558,0.20020896,-0.06326397,0.038078345,-0.022477392
-0.75153846,-0.57328635,0.13129525,0.88731164,0.007493764,-0.037385438,0.09141328,0.015298273,0.003293537,0.026947511,0.16302751,0.11021797,0.008659617,-0.027591549,-0.097595096,0.8144645,-0.0041680164,0.08003641
-0.65216154,-0.34657106,0.09165087,0.013879109,0.0057736593,0.92685133,0.062220786,0.012381081,0.9627379,-0.026462909,0.0166404,0.01835633,0.0019932196,-0.05523256,-0.0053314078,0.003463129,-0.0017076335,0.007929787
-0.03384696,1.3229644,-0.00429794,0.0018855915,-0.0012788282,1.000319,-0.0029207596,-0.0029883669,0.0007645619,0.0032572455,-0.0008871337,0.0016937862,-8.236317e-05,0.0021625364,1.0020376,0.00073367526,0.0006263707,-0.001218644
-0.75153846,0.9927352,0.21645093,0.021362484,0.011937554,0.8309575,0.16039899,0.021632906,0.88072324,-0.03242626,0.053231034,0.07379414,0.01701251,-0.11115839,0.016332528,-0.014660805,0.011854634,0.017158175
-0.5618657,-0.6255097,0.0045836945,-0.035947196,-0.001063126,1.0255516,0.009603461,0.008044107,0.0052847774,0.032183703,0.04445335,0.010349854,0.0014120004,0.05510094,0.99868065,-0.074742384,0.0033590782,0.03843239
-0.66424125,-0.66756123,0.046146747,-0.022957902,0.0035900793,0.98599607,0.038890943,0.007886409,-0.0054847808,0.01568127,0.055322632,0.033628326,0.0081858495,0.02169155,0.9720322,-0.053785034,-0.0022790483,0.031063274
0.29318973,0.9069594,-0.08145929,0.03204638,0.011440264,1.0460473,-0.047153503,-0.0064756228,1.0567889,0.10682816,-0.0434988,0.108096585,-0.0034227837,0.08062726,0.039914224,-0.00577611,0.00804033,-0.009462906
-0.5346325,-0.08716572,-0.06244211,-0.011349281,-0.012818565,1.0392137,-0.039163545,-0.0059931464,0.034427203,0.019511232,1.0003233,-0.017407302,0.00016799843,0.046290718,0.013136969,0.0062833843,-0.0037759691,0.0011925232
-0.13509135,-0.52508116,-0.012124729,-0.004705789,0.00014126778,0.9992013,-0.013097905,-0.004229999,-0.010727867,-0.01006063,0.006326929,-0.004925919,-0.0056868675,-0.007635663,0.993846,0.0069369217,-0.0031210324,-0.0067239637
-0.58767945,-0.14676493,0.06152985,0.0061900876,0.006603023,0.9601354,0.035219297,0.008297441,-0.004909484,0.002050939,0.031742517,0.031123428,0.012892709,-0.0028204012,0.96513027,-0.005139656,-0.0087912865,0.016555376
1.1747086,-0.6898478,-0.065054916,1.0301913,0.008344478,0.009541348,-0.006448007,-0.0008934672,-0.018975727,1.1196077,-0.03620757,0.09811168,-0.00059920474,0.031076675,0.033819582,-0.0035840946,0.004581726,-0.010734061
-0.7240003,-0.3056352,-0.014061736,-0.00090492325,-0.0013724213,1.008217,-0.008846666,-0.0014443989,0.0024171202,0.00017990872,-0.007951875,-0.0067456113,-0.0018605117,0.001366602,1.007401,0.002154629,0.0012548161,-0.003553724
-0.09275142,-0.5551195,-0.00029430044,0.0003895349,-1.2360973e-05,0.9997231,-0.0006185227,-3.624049e-05,0.00032715377,0.0007092577,1.0002077,0.0013905369,0.00017094737,0.0006365961,-0.0008893258,-2.5717472e-05,-4.9017417e-05,0.00022861143
-0.708909,1.3797245,0.094252005,0.0172348,0.0105985645,0.92019504,0.06439368,0.009692188,-0.031345524,-0.008586578,0.0310452,0.05578593,0.0065367506,-0.004020067,0.9825132,0.009397704,-0.0038781555,0.01904411
-0.4370678,-0.5957423,0.006184338,-0.02706628,-0.0063823652,1.0216651,0.008919206,0.0050986987,-0.0017320177,0.020012423,0.042465564,-0.0012036973,0.009638743,0.030875523,1.0083522,-0.044937823,0.005847543,0.029239628
-0.7020304,2.156719,0.6163847,-0.029678766,0.002672319,0.33247864,-0.2520259,-0.04520553,1.1956826,0.08972458,-0.08433849,-0.07619321,-0.041859414,0.19068976,0.023148973,-0.022126492,-0.004504708,-0.012296136
-0.69691527,2.182125,0.6135492,-0.027680837,0.0036026393,0.33229914,-0.25812596,-0.04387847,1.1933433,0.087074675,-0.10824209,-0.085346185,-0.034176342,0.17703916,0.031235425,-0.00862231,-0.0015665964,-0.021420976
1.1746447,-0.68975097,-0.06514667,1.029921,0.008250686,0.009437055,-0.0065028127,-0.0009874848,-0.018828833,1.1194617,-0.0360164,0.09823045,-0.00072210823,0.031159133,0.0340561,-0.003522099,0.0045488514,-0.010727853
-0.31591782,-0.09095497,0.0033041618,-0.0033672017,0.007726545,0.9955901,0.016184077,-0.0031936406,-0.04013212,-6.851017e-05,-0.0028593922,-0.014989523,9.53681e-05,-0.035502307,1.0328431,0.017679628,0.003637204,-0.002337707
0.9073944,0.15375127,-0.2879021,0.16512159,0.044976264,1.0941737,-0.03470012,0.0020648509,0.9957978,0.5316555,-0.17228712,0.46389163,-0.03158864,0.24839257,0.1651006,-0.015214395,0.032830227,-0.04422263
-0.6843543,-0.19102076,0.0073133456,0.00045972172,0.00078270433,0.9957628,0.0044994745,0.0007272177,-0.0013620087,-0.00010664267,0.0039914823,0.0034937456,0.0009544415,-0.00068127224,0.9963919,-0.0010792285,-0.0005954958,0.0017974004
-0.7292912,2.641482,0.11952024,0.031588115,-0.0031355934,0.8850958,0.10648834,0.013272745,-0.050103977,-0.019151662,0.046678897,0.07271855,0.0072856355,-0.013635358,0.9540309,0.023705306,-0.0023291588,0.006337299
-0.4754919,-0.25717866,-0.06515482,-0.012424089,-0.010086499,1.0435348,-0.03872191,-0.00558924,0.031465363,0.025135031,1.0034815,-0.022040822,-0.00019028797,0.05537991,0.019939313,-0.002278656,-0.00080233644,0.0034636685
-0.71524715,1.4999566,0.09735916,0.016770901,0.009871408,0.9149793,0.06652088,0.010581812,-0.034809705,-0.007674277,0.033782806,0.05972426,0.0044648857,-0.0011513182,0.9802081,0.009372198,-0.0041178754,0.019219946
-0.63979447,-0.06942508,0.03439867,0.004047107,0.0033264374,0.97914726,0.020787446,0.004502719,-0.004429755,-0.001575037,0.017517086,0.015942844,0.0039383327,-0.0037739612,0.980859,-0.0023175217,-0.0025134627,0.006940245
-0.63974214,-0.06986964,0.034450658,0.0040146187,0.0034006983,0.9791417,0.02081624,0.0045141866,-0.00446868,-0.0016085565,0.017434025,0.01590272,0.003951405,-0.0038204603,0.9808302,-0.00233571,-0.002521658,0.0070050512
-0.52572954,0.93806845,0.64092577,-0.03602036,0.008581466,0.29589778,-0.22533762,-0.0498294,1.1234169,0.13077812,-0.053633995,-0.026328687,-0.0061491253,0.19344382,0.0010255049,-0.015883079,-0.007827182,-0.026641475
-0.060873456,0.2674514,-0.18895881,0.008566227,0.015341664,0.14242257,0.95085377,0.009700301,-0.028757611,0.16260915,-0.020685254,1.0088427,-0.01887126,0.0448345,0.010934944,-0.015418118,-0.006780226,-0.026332833
-0.5308057,0.9310659,0.63898814,-0.03964594,0.0071736,0.29452953,-0.23206721,-0.051824447,1.1199145,0.1286318,-0.05784481,-0.033229813,-0.006502968,0.19160639,0.00448499,-0.017282791,-0.011611303,-0.023155017
-0.0934324,-0.56429225,-0.00050377456,0.0006665771,-5.761363e-06,0.9995165,-0.0010547333,-5.205756e-05,0.00055164093,0.0011981993,1.0003369,0.0023432365,0.00030228376,0.0010706977,-0.0014890676,-3.5845453e-05,-9.073804e-05,0.00038889685
1.362247,0.38239944,-0.48531386,0.254364,0.06846436,1.086644,-0.031198962,-0.0057161865,0.9224034,0.882318,-0.28554225,0.7342789,-0.032760695,0.3017248,0.23228256,-0.031749677,0.042896252,-0.07602075
-0.44226697,-0.59418803,0.005750124,-0.028990544,-0.0061785746,1.0229425,0.0059255436,0.0066167125,-7.500184e-05,0.019762164,0.040008325,-0.0017752526,0.008481691,0.03156265,1.0068891,-0.04581073,0.0069365003,0.030944208
0.48528817,-0.66584235,-0.048729576,0.022629965,0.004856403,1.0047928,-0.001156398,-0.0039235787,-0.013787943,0.09003708,-0.026440699,0.09576718,0.0041976576,0.02510834,1.0367751,0.0033838402,0.0030111794,-0.010576039
-0.75153846,-0.5771597,0.13727215,0.8845429,0.006253054,-0.03841985,0.08978722,0.005974784,0.008043091,0.03819689,0.1590001,0.10305615,0.013440624,-0.020798922,-0.093540415,0.8092513,0.012692789,0.081233956
0.484693,-0.63854843,-0.048886433,0.022696735,0.005072683,1.0047394,-0.0014044734,-0.003987852,-0.0138787795,0.09077494,-0.026569862,0.096344955,0.0042791967,0.025053432,1.0369685,0.0033854141,0.00307504,-0.0106140515
-0.12991957,-0.5320317,-0.017389413,-0.0068674,0.00031029372,0.99914426,-0.018424435,-0.00587817,-0.015094898,-0.014355115,0.008904155,-0.0071734246,-0.007850261,-0.01046078,0.9910142,0.009582622,-0.0046295966,-0.009549111
-0.44999957,-0.33765638,-0.06463906,-0.014983322,-0.0087181255,1.0463662,-0.038753185,-0.0057284385,0.034431733,0.02155679,1.007327,-0.023884552,-0.002357628,0.059793457,0.023761885,-0.0078073316,-6.160143e-05,0.0041256472
-0.0606968,0.26436782,-0.18846294,0.008232112,0.0153678665,0.14247416,0.9511282,0.009368095,-0.028549792,0.16256611,-0.020460509,1.0086528,-0.019104391,0.044625092,0.010839252,-0.016108552,-0.0065815807,-0.026007826
-0.75153846,0.8131556,0.2006349,0.01751486,0.01150803,0.82436186,0.13606657,0.014760156,0.89545566,-0.042780668,0.04233727,0.061058395,-0.004209234,-0.12508789,0.008451372,0.014772515,0.011867282,0.008312864
-0.5984706,-0.3390466,0.005337146,0.016596729,-0.0005454693,0.9833429,0.0020888338,-0.0009159341,-0.0008599478,-0.012797726,-0.01552515,-0.00089171116,0.0018522219,-0.01736876,0.99794114,0.027781095,-0.00299317,-0.011740853
-0.75153846,-0.57341844,0.13006388,0.8900401,0.017932393,-0.038162217,0.08809093,0.018229166,-0.007356225,0.026456356,0.16357157,0.105040394,0.020159129,-0.017008394,-0.09162323,0.80743045,0.008641197,0.08289838
-0.75153846,-0.5767635,0.12435116,0.8873982,0.015427305,-0.038477343,0.08242147,0.01388056,0.003978757,0.02974575,0.16811907,0.105749406,0.013123702,-0.021554818,-0.10564609,0.81129915,0.007885349,0.08220738
-0.75153846,1.7306247,0.24126653,0.024426334,-0.0021336223,0.79506195,0.17973103,0.02064065,0.8755179,-0.05173314,0.046105582,0.08956211,0.011500339,-0.123689085,0.005496837,0.00031586588,0.016279891,0.012443013
-0.3359036,0.49612567,0.01007702,-0.006817412,0.0046595302,0.9977451,0.017298039,0.00061811035,-0.019434618,0.0012506412,-0.0013783121,-0.0047077932,0.0006640844,-0.019158274,1.0284581,-0.0039682114,0.0005268534,0.00044139623
0.08638942,1.8842481,-0.06667589,0.027490273,0.011710314,1.0385008,-0.04766305,-0.009849896,1.0669675,0.07146769,-0.0353481,0.06150614,-0.008686018,0.08539629,0.0073795873,-0.0005778216,0.002973705,0.0036304009
0.49246565,-0.67556036,-0.050957497,0.02362842,0.005183675,1.004878,-0.0014238235,-0.004002514,-0.014515656,0.093870886,-0.02758985,0.10005296,0.00449045,0.026096584,1.0383816,0.0036822602,0.003231002,-0.011175967
0.49235475,-0.671049,-0.05095951,0.023683207,0.005139956,1.0050112,-0.0012445769,-0.004029609,-0.014397232,0.09397824,-0.02764144,0.100133985,0.0044268295,0.0262011,1.038453,0.0035014246,0.0031684958,-0.011109977
-0.75153846,-0.6901371,0.023496365,-0.0128751,0.0010807259,0.9924775,0.018722748,0.00088231335,-0.00050495204,0.0063171196,0.032170124,0.019029066,0.005421665,0.009127467,0.9830615,-0.029977791,-0.003942894,0.020078165
-0.6339883,0.2282673,0.045757372,0.005558001,0.0044694603,0.9718562,0.0261507,0.004140242,-0.010779455,-0.0019223193,0.021124905,0.021534646,0.0051604686,-0.011206003,0.9809739,-0.004079213,-0.0032625257,0.009100918
-0.7165852,-0.11697206,0.10146276,0.018252114,0.008324654,0.91867685,0.06698464,0.010078864,0.95172435,-0.027858794,0.017796077,0.024331104,0.0023281125,-0.06432519,-0.005570121,0.0086087715,0.0030216784,0.0041683195
0.4924099,-0.675114,-0.05091959,0.023730518,0.005072951,1.004936,-0.0012793856,-0.0041584736,-0.014619439,0.094021276,-0.027657865,0.09987774,0.004449405,0.025923872,1.038327,0.0035669433,0.0033144588,-0.011300149
0.49248847,-0.67507213,-0.05095303,0.02378478,0.005026363,1.0047976,-0.0015756782,-0.00393915,-0.014460235,0.09396173,-0.027681498,0.10001824,0.0044786753,0.026030716,1.0384095,0.0036636288,0.0032842602,-0.01114834
-0.75153846,-0.57187986,0.1323824,0.8898376,0.022825358,-0.033521295,0.084447324,0.011239954,0.011290856,0.034070317,0.16970809,0.093824774,0.0043324037,-0.01632305,-0.09662429,0.8091452,1.2094716e-05,0.082444586
-0.63975513,-0.07116697,0.03440453,0.0039785914,0.0034182912,0.97915787,0.020775532,0.0045157047,-0.004451562,-0.0016106026,0.017446905,0.015907232,0.00398546,-0.0037942864,0.98083115,-0.0023243462,-0.002520253,0.006987917
0.08023199,0.5286057,0.05987426,-0.01154699,-0.009614957,0.978934,0.03682639,0.009634507,0.99362046,-0.06847171,0.0205215,-0.08249664,-0.008675229,-0.041046932,-0.010903506,0.0041933293,0.0033492213,0.0067519424
1.0919521,-0.71317345,-0.10339628,0.044942852,0.015784513,0.021371,1.0059972,0.00037887204,-0.03569501,0.18747757,-0.053788073,1.1848584,-0.0027778482,0.033064805,0.06387653,-0.009454679,0.010101713,-0.011480833
-0.75153846,-0.75153846,-0.75153846,-0.75153846,56.67486,-0.75153846,56.67486,56.67486,-0.75153846,-0.75153846,-0.75153846,56.67486,56.67486,-0.75153846,-0.75153846,-0.75153846,56.67486,56.67486
-0.75153846,1.06431,0.21887383,0.016794894,0.019956421,0.8147928,0.17586613,0.02313855,0.8939817,-0.037001822,0.048428886,0.079443745,0.014843063,-0.095002405,0.00082474924,-0.009688304,0.007945778,0.0133431945
0.071506396,-0.57119405,0.01095885,0.0049378164,0.0017587282,1.0012074,0.012392493,0.0038487585,0.013452002,0.011244604,0.9912135,0.006363344,0.005553284,0.00982512,0.0063331607,-0.007861937,0.0023138935,0.0061654914
-0.75153846,-0.75153846,-0.75153846,56.67486,56.67486,-0.75153846,-0.75153846,-0.75153846,-0.75153846,56.67486,-0.75153846,-0.75153846,56.67486,56.67486,-0.75153846,-0.75153846,-0.75153846,56.67486
-0.46732858,2.7458785,0.091041274,0.0043036104,-0.0067210663,0.9183156,0.058783434,0.006495184,-0.04201013,-0.03663119,0.043300495,0.021777134,0.018596802,-0.02120312,0.9556215,0.011788696,-0.016026651,-0.01318966
-0.75153846,0.76980376,0.19961199,0.022926683,0.011958519,0.8300235,0.1700073,0.019852763,-0.09783427,-0.062651135,0.050369263,0.0364021,0.018697333,0.8226441,0.029685497,-0.012741871,4.03097e-05,0.031364825
1.8515702,-0.20800841,-0.65898216,0.3173637,0.09050755,1.1045167,-0.043848846,-0.009171793,0.89263076,1.1120282,-0.37021568,0.95910865,-0.032230128,0.33808285,0.292074,-0.03831949,0.063199855,-0.07630884
-0.5631303,-0.62545955,0.00472316,-0.035509177,-0.0018042673,1.0270318,0.008979292,0.0077020065,0.0050935196,0.032426402,0.043664318,0.009999652,0.00096911675,0.055135474,0.9995849,-0.074862726,0.003515388,0.038476948
1.182032,-0.68860215,-0.06757573,1.0313271,0.00857762,0.0091035105,-0.005953198,-0.0007120414,-0.019769883,1.1239339,-0.037925027,0.10284985,-0.00029351166,0.031268846,0.034994047,-0.0036724817,0.0049967756,-0.011067635
-0.06758753,0.19543476,0.09104935,-0.0014779522,-0.0010749863,0.9575165,0.0617644,0.013922438,1.0063261,-0.12723935,0.014675857,-0.13382718,-0.010550714,-0.09093111,-0.024110071,0.019922392,0.009043047,0.012056453
-0.72156787,1.7449203,0.10950582,0.018811656,0.010997933,0.90493137,0.072785296,0.014086713,-0.041688297,-0.009619902,0.035008594,0.068782724,0.004393733,-0.009642292,0.97905105,0.009777944,-0.0030175152,0.019644368
0.2492948,-0.3181783,0.030738644,-0.014873142,-0.0024390677,0.99558455,0.0024883198,0.004531308,0.0032219018,-0.050628107,0.016247645,-0.052095175,-0.0035447094,-0.014769182,0.9811727,-0.002953547,-0.0021964845,0.0021230637
-0.631932,0.0234727,0.042153835,0.0077081933,0.004348917,0.9740489,0.02392708,0.0049318387,-0.006553744,-0.0021901634,0.019358521,0.01856046,0.0053324997,-0.0067570256,0.97986597,-0.00085438107,-0.004311693,0.009059593
-0.11854651,2.6653893,-0.0671451,0.027920235,-0.0012401064,0.9981416,-0.059242383,-0.016226957,1.0316331,0.03583637,-0.041753836,0.005927075,-0.0020415646,0.053214353,-0.02242101,0.011256035,0.0015694258,-0.004755815
-0.75153846,-0.6881883,0.023254022,-0.012049082,0.0020231886,0.990742,0.016800705,0.0031199255,-0.0023290408,0.00549404,0.030555535,0.019844322,0.0041258233,0.007973326,0.97902477,-0.031052575,-0.0023118767,0.016315775
1.0998907,-0.72344977,-0.10421685,0.045149088,0.017557856,0.021311166,1.0058619,-0.00013139522,-0.03620285,0.19082677,-0.054191366,1.1896554,-0.0024925647,0.034419663,0.066571176,-0.011041993,0.010039563,-0.011804025
-0.09423914,-0.5696839,-0.00045158758,0.00058726734,-1.4941235e-05,0.9995595,-0.00093584514,-6.01787e-05,0.0004914331,0.0010700737,1.0003122,0.0021185502,0.00026543177,0.00097141997,-0.0013566389,-3.388464e-05,-8.202153e-05,0.00034651536
-0.73838055,0.7593028,0.20063004,0.017371003,0.013229395,0.8350824,0.14779387,0.016091937,0.8899374,-0.03652313,0.045008484,0.06621706,0.0071259346,-0.117767096,0.010325259,-0.004204651,0.009516778,0.008441032
-0.45679474,-0.5937737,0.0071622487,-0.025845876,-0.003868925,1.0209128,0.0048956615,0.008435327,0.0037896396,0.022972323,0.039423272,0.0032342079,0.008627248,0.03794435,1.0021497,-0.049114436,0.0044157347,0.028130278
0.07627934,0.74355453,-0.0015741994,0.002304694,-0.0010384455,1.0004754,-0.0001163722,-0.0018009613,0.0020562338,0.0046566525,-0.0007653618,0.0020775613,0.00046672596,0.0028629603,1.001685,-0.00014314525,0.00097181293,-0.00018331621
0.085588686,0.60139585,0.056400567,-0.015395789,-0.006719123,0.9815729,0.047655392,0.008318802,0.9832156,-0.06666252,0.024095945,-0.084714346,-0.008928099,-0.042975836,-0.007572651,0.0021102957,0.003134542,0.0037060755
-0.5888948,-0.6313012,-0.008164309,-0.042614557,-0.0036475393,1.0313977,0.008666093,0.0032969622,0.00040190833,0.032267306,0.049984355,0.013592418,-0.00015147355,0.049445163,0.9972155,-0.077511765,0.0064213267,0.035016194
-0.43834347,2.733834,0.075544424,0.0038719105,-0.006420489,0.92948055,0.04990065,0.005692227,-0.036554884,-0.03174415,0.03452955,0.017142298,0.017401338,-0.018438986,0.9614645,0.010148587,-0.013889364,-0.008582569
1.0929213,-0.7205645,-0.10223729,0.043332197,0.016256187,0.021096027,1.0052407,-0.000718713,-0.035362665,0.18686542,-0.053035084,1.1860679,-0.0021398135,0.033545386,0.064888716,-0.010494046,0.009763086,-0.012177171
1.1743475,-0.682881,-0.06572839,1.0300943,0.008273801,0.008570811,-0.005903051,-0.00066160597,-0.019228434,1.119463,-0.03642368,0.09948115,-0.0003849973,0.029943308,0.033181883,-0.0036761106,0.00447375,-0.01113432
-0.34689084,-0.60205,-0.0511812,-0.018358134,-0.003938021,1.0424554,-0.024256594,-0.0022790984,0.02550558,0.023673702,1.017472,-0.01983595,-0.0020805818,0.05509339,0.019169305,-0.012363774,0.002400608,0.0060358066
-0.43584839,-0.59590536,0.00501951,-0.026968995,-0.006338004,1.0220767,0.008303546,0.005015774,-0.0009922823,0.019969048,0.04219376,-0.0021094084,0.009360618,0.03133798,1.0090216,-0.04444268,0.005942022,0.028907768
-0.09731246,-0.58309966,0.00011170837,-0.00015280461,7.0619253e-06,1.0001097,0.00023851194,1.3238485e-05,-0.00012319235,-0.000273173,0.99992234,-0.0005362033,-6.30236e-05,-0.0002443935,0.0003429256,6.7861815e-06,2.0811089e-05,-8.566963e-05
-0.598557,-0.3381845,0.0053543057,0.01672832,-0.00052665995,0.98310924,0.0020746859,-0.00093595154,-0.0008459185,-0.013001586,-0.015731612,-0.000912093,0.0018917882,-0.01749126,0.99789995,0.028034678,-0.00303884,-0.0118792085
-0.14779781,-0.38499048,-0.0046428205,-0.0021257338,-3.426868e-05,0.99958366,-0.004213721,-0.0017290578,-0.0046727355,-0.0033417405,0.0025461891,-0.0019732127,-0.0019059087,-0.0028179511,0.99832046,0.0025519405,-0.00096442964,-0.0021957238
1.1825552,-0.6985537,-0.06752765,1.0310135,0.008630734,0.009904714,-0.0066187135,-0.0009161117,-0.019469516,1.1237239,-0.037325885,0.10153132,-0.0007457822,0.03228487,0.035033993,-0.0037497834,0.0046913344,-0.011130361
1.1000662,-0.7229106,-0.10466841,0.04479604,0.016791185,0.02155553,1.0054929,-0.00046846844,-0.036455214,0.19142604,-0.053953324,1.1895672,-0.002187667,0.034048405,0.06635365,-0.01036661,0.009923901,-0.011605785
-0.63978493,-0.06828289,0.034494728,0.004018938,0.0033617062,0.979175,0.020756407,0.0045243152,-0.0044195186,-0.0016156232,0.017456202,0.015937384,0.003944268,-0.0038344404,0.98082364,-0.002320937,-0.0025267059,0.0069830017
0.07178032,-0.57477444,0.011003148,0.0049947375,0.0017107872,1.0012006,0.012423036,0.0037888682,0.013523126,0.0112034,0.9911324,0.0063622585,0.0056568985,0.009948937,0.0063227457,-0.007921063,0.00228613,0.0061985343
-0.40959138,-0.6464134,-0.09787376,-0.018376634,-0.011083174,1.0699204,-0.058699083,-0.0068868035,0.06107107,0.03743102,1.0029951,-0.02864613,2.286957e-05,0.10061566,0.024733545,-0.0118785715,-0.0014185989,0.0034000746
-0.7468791,-0.0007035412,0.107913785,0.018970978,0.010048387,0.91403145,0.07029162,0.010206051,0.9484622,-0.029092737,0.020388396,0.026515406,0.0011431677,-0.06523124,-0.0068310653,0.008055555,0.0023815199,0.0026617646
0.49223366,-0.6689895,-0.050926257,0.023722928,0.0050840424,1.0050435,-0.0012988682,-0.003961009,-0.014486199,0.09399667,-0.02760439,0.10012065,0.00443192,0.02614788,1.0384618,0.003599556,0.0032299622,-0.011106806
-0.16416141,0.8513517,0.25989264,-0.016467294,-0.026254708,0.8961555,0.14933527,0.04320991,0.9611741,-0.18286906,0.086259514,-0.21611229,-0.0076452987,-0.13652246,-0.0104853185,0.017996378,0.010810212,0.008968717
-0.6977229,2.1446495,0.6177249,-0.028656768,0.007379938,0.33286473,-0.25083113,-0.045670427,1.1933922,0.086677425,-0.08444248,-0.0734059,-0.04206112,0.19310622,0.020467633,-0.020573199,-0.004133305,-0.014996035
0.49222144,-0.67298555,-0.05054581,0.02363542,0.004960885,1.004962,-0.0015208088,-0.0039416426,-0.015022095,0.09375635,-0.027780555,0.10030086,0.0045052976,0.025742153,1.0382092,0.0034535741,0.002875688,-0.010902122
0.49234214,-0.6724808,-0.050927,0.023725946,0.0050429353,1.004934,-0.0013490522,-0.0039155865,-0.014544564,0.09389957,-0.027646638,0.10009059,0.004451689,0.02599184,1.0384324,0.0037294244,0.0032140226,-0.011244429
-0.75153846,-0.56660694,0.126004,0.8969577,0.019281859,-0.031878915,0.08803866,0.012597816,0.002452363,0.03357632,0.16058365,0.112187,0.01641417,-0.011339808,-0.09161163,0.8115548,0.0065624453,0.09679664
-0.3660843,-0.6203096,0.0043652453,-0.011743784,-0.0014072062,1.0143322,0.010814478,0.001749692,-0.0042325323,0.014306151,0.018896734,0.00072387804,0.002687037,0.01233349,1.0156107,-0.030010968,0.0033761747,0.010562786
0.49244964,-0.674097,-0.050976057,0.023635073,0.0050737294,1.0049546,-0.0014341407,-0.004029836,-0.014614709,0.0939667,-0.02770472,0.10006064,0.004366898,0.026004616,1.0383195,0.0036225687,0.0032414321,-0.011253747
1.093024,-0.72140557,-0.10180761,0.043282054,0.016597647,0.02140569,1.0053315,-0.000458445,-0.03561124,0.18721257,-0.052863576,1.1857269,-0.0020568168,0.033909295,0.06518503,-0.010660177,0.009410468,-0.011874354
-0.6840825,-0.23504727,0.09728938,0.018789995,0.0054679867,0.9204999,0.0629076,0.012409483,0.9590189,-0.029701648,0.014454948,0.01741392,0.0015942878,-0.061281648,-0.0055536577,0.009427458,0.0014498064,0.0057445345
-0.64161646,-0.657688,0.05048192,-0.025290575,0.003933553,0.9846349,0.04266707,0.008509595,-0.0059986445,0.017115084,0.060487323,0.036704235,0.008947867,0.02359179,0.9693843,-0.058904525,-0.002572934,0.034033198
-0.75153846,-0.688534,0.025466185,-0.015499855,0.00075053703,0.9945458,0.01587357,0.0038590075,1.6726173e-05,0.004319246,0.032678008,0.02103585,0.0047973245,0.009903665,0.98108315,-0.028133748,-0.003078981,0.014856183
-0.030596318,2.5652974,-0.09238588,0.040997334,0.009367281,1.0360045,-0.07175416,-0.020788718,1.0887141,0.08963094,-0.04431505,0.040520564,-0.004319618,0.11160643,-0.020484108,-0.0013432576,0.004891616,0.002622263
-0.11724818,2.666732,-0.068397306,0.027882718,-0.0014224392,0.99744177,-0.059375517,-0.016652212,1.0323483,0.035934974,-0.043751135,0.0071518165,-0.0014659329,0.054055393,-0.02248794,0.011839745,0.0019876482,-0.005062279
0.49238566,-0.6751511,-0.050806522,0.023210498,0.0055064484,1.0045067,-0.0013904935,-0.005516497,-0.014146893,0.093944006,-0.027273221,0.10054986,0.0044192127,0.026081813,1.0372623,0.0040629404,0.003088139,-0.011435848
-0.066007964,-0.69165534,-0.20110938,-0.021778584,-0.001230032,0.14518902,0.9515433,0.022130657,-0.037515145,0.1787863,0.0032160752,1.0194948,-0.018062389,0.067403205,0.024056237,-0.04317908,0.008162709,-0.02100014
-0.69050324,-0.117138915,0.111846626,0.020209169,0.009013815,0.9103711,0.07274623,0.011621811,0.94545805,-0.02767405,0.02116963,0.02854616,0.0029751954,-0.068678215,-0.007930549,0.006705792,0.002268992,0.0060841255
0.5073815,0.9637474,-0.18922527,0.086176366,0.026196634,1.1098554,-0.08071033,-0.009913521,1.0700636,0.31402567,-0.10826244,0.2778885,-0.020396262,0.22228992,0.09181226,-0.0046853763,0.020923797,-0.015387462
-0.3997903,-0.6489355,-0.09224566,-0.016849238,-0.010406379,1.0674363,-0.055208392,-0.0072332043,0.05917999,0.03607173,1.0028577,-0.026928145,7.7682e-05,0.09692949,0.02363138,-0.0111762,-0.0012664588,0.0036693036
-0.54245806,1.0285919,0.6339354,-0.036794845,0.002497745,0.29083902,-0.22991748,-0.04762786,1.1267257,0.11431374,-0.06259026,-0.036911283,-0.011123111,0.17747286,1.0866933e-05,-0.0072814333,-0.013896665,-0.019455563
-0.4027278,-0.6487929,-0.09359027,-0.017435143,-0.010724207,1.068219,-0.056688234,-0.0072569987,0.059358,0.036668222,1.0034025,-0.02760366,9.894679e-05,0.09854947,0.023576312,-0.011411594,-0.0010541742,0.0046024523
-0.75153846,-0.49660027,0.103308074,0.017481465,0.00036686877,0.9068871,0.068132624,0.009766619,-0.058055542,-0.04127886,0.015848028,0.02180441,0.0020468533,0.89131504,0.0022763924,0.0076241917,-0.0036399506,0.0012881748
-0.75153774,0.9480228,0.21047813,0.022585215,0.014440311,0.8297229,0.14336757,0.021458998,0.8732803,-0.042263836,0.049688097,0.07894211,0.010113435,-0.11944679,0.014033839,-0.0013650734,0.0115165915,0.003493201
0.08724362,0.61361426,0.0558837,-0.015620094,-0.006435694,0.98220646,0.047417272,0.008132604,0.9822894,-0.06548367,0.024171017,-0.08409074,-0.008815708,-0.04337113,-0.0072105196,0.0015446553,0.0029946167,0.0032534772
0.4922477,-0.67066556,-0.050843272,0.023728356,0.00520186,1.0050306,-0.0011690395,-0.0038826051,-0.01444486,0.0939703,-0.027657898,0.10002649,0.004418718,0.026204716,1.0384916,0.0035180033,0.0032186739,-0.011102728
0.49226603,-0.6690492,-0.050946604,0.02364364,0.0051241,1.0049616,-0.0013027032,-0.004008764,-0.014352754,0.09400997,-0.027682412,0.100115895,0.0044765426,0.026183937,1.0385796,0.0035425078,0.003220361,-0.011023273
-0.656122,2.66791,-0.010462603,-0.0030421703,0.0014149558,1.0105122,-0.008261776,-0.0008036878,0.0057916064,0.004403988,0.9994154,-0.0030680252,-0.002527711,0.0030400679,0.0023847679,-0.0025601615,0.0013445484,0.00080958975
1.1824607,-0.69738996,-0.06741095,1.0313265,0.008661629,0.009799247,-0.0066404236,-0.0010444635,-0.019519951,1.1237929,-0.037473015,0.10153443,-0.00067396974,0.032152887,0.03505534,-0.0038560978,0.00468252,-0.011045621
0.9938218,-0.043736715,-0.35133553,0.1502109,0.0677259,0.098430306,0.96142995,-0.02059441,0.8802486,0.62475926,-0.16993837,0.63606125,0.0031602138,0.12521382,0.20023113,-0.06262876,0.037956204,-0.022524921
1.0924119,-0.7176382,-0.10253197,0.044526525,0.01658872,0.021337833,1.0057788,0.00027084159,-0.035341132,0.18704778,-0.05319132,1.1854719,-0.002442481,0.033399086,0.06442239,-0.009874812,0.009855385,-0.01126027
-0.6729961,-0.66277575,0.04322037,-0.021426266,0.0034610154,0.98712635,0.03667402,0.0069231424,-0.0051095346,0.014286015,0.052101176,0.031259555,0.0077249873,0.020587139,0.9734527,-0.050097134,-0.0022288726,0.028956756
0.4923057,-0.6737632,-0.050965372,0.023712795,0.004847803,1.0046828,-0.0013710604,-0.003972749,-0.014708088,0.093968675,-0.027513469,0.09992768,0.0043487353,0.025932716,1.0383315,0.0037142488,0.003240269,-0.011213564
-0.10164003,-0.56181437,0.0,0.0,0.0,1.0,0.0,0.0,0.0,0.0,1.0,0.0,0.0,0.0,0.0,0.0,0.0,0.0
-0.63045603,0.25166148,0.048244238,0.0055846646,0.0051060203,0.9695447,0.027880006,0.0041825003,-0.010576564,-0.0012877234,0.022576015,0.023031905,0.0053383447,-0.011096577,0.9801395,-0.0045187557,-0.0032659345,0.010103554
0.041422654,0.5221893,0.0829737,-0.01089947,-0.010917251,0.970397,0.05032241,0.013123193,0.99279827,-0.0906594,0.026234645,-0.1121236,-0.012127879,-0.05181015,-0.01591842,0.011896398,0.0052219788,0.0070081777
1.3304574,-0.7515383,-0.43095505,0.17208351,0.0799451,0.1206523,1.0033021,-0.02138759,0.85383207,0.763489,-0.20591444,0.76300955,-0.013673761,0.17140108,0.25619212,-0.061429426,0.04143493,-0.01917271
-0.3405187,1.4117799,0.0011851984,-0.015998056,0.0043112137,1.0094807,0.03827248,-0.0026195596,-0.033149965,-0.006773586,-0.016047176,-0.021287777,0.0013840352,-0.039593384,1.0694019,-0.0074143014,0.004344684,-0.0073044794
-0.75153846,-0.57632107,0.13258691,0.889157,0.017613277,-0.04699901,0.08716116,0.013175819,0.0097385235,0.030123182,0.16415922,0.10105091,0.011568977,-0.01860816,-0.10389482,0.80938447,0.009688123,0.07328208
-0.43772376,-0.5957623,0.0062746024,-0.027212834,-0.006502809,1.0217423,0.008869244,0.0051431046,-0.0017581591,0.020037005,0.042582765,-0.0011269028,0.009642544,0.030913174,1.0082909,-0.04503235,0.0058163395,0.029393153
-0.7515384,-0.5865673,0.1264603,0.889684,0.020674322,-0.02806419,0.09350627,0.009199197,-0.001902004,0.021942068,0.16707264,0.10680242,0.012212115,-0.021282624,-0.09201978,0.80312175,0.00042123388,0.09078631
-0.09542284,-0.566654,0.00019996079,-0.00026764636,2.9051478e-06,1.0001924,0.000420391,2.7691947e-05,-0.00022757342,-0.0004857379,0.99986017,-0.0009478851,-0.00012224169,-0.00043003837,0.00059833354,1.7184067e-05,3.545223e-05,-0.0001509767
0.18765509,-0.6463497,-0.19245921,0.012033311,0.03715225,0.13299303,0.935722,0.0024141425,0.85770345,0.3052106,-0.012622301,0.24756719,-0.009285481,0.11074912,0.07319488,-0.0598819,-0.020379176,-0.050291885
0.40595865,-0.65251976,-0.1732181,0.055749416,0.036897894,0.07920543,0.94963545,0.0016926863,0.8661463,0.32984677,-0.049416132,0.30142334,0.0043947743,0.10790605,0.08947296,-0.06433034,-0.013736336,-0.03015164
-0.75153846,-0.5679878,0.14810096,0.889476,0.015987568,-0.026493253,0.08584885,0.01681897,-0.013045537,0.017471947,0.17394435,0.10169516,0.011383701,-0.027057596,-0.09095192,0.8261652,0.01429586,0.08122998
0.49230632,-0.67238766,-0.050985754,0.02353162,0.004982693,1.0046524,-0.0013526985,-0.004120941,-0.014521493,0.09382731,-0.027614605,0.1001238,0.0044351905,0.026052017,1.0384835,0.003587026,0.0032522576,-0.011170403
-0.75153846,0.44264603,0.18039702,0.046255372,0.000693455,0.83565664,0.13520072,0.014764434,-0.08701776,-0.059255235,0.036081202,0.039544906,-0.0022882272,0.8316113,0.016586654,0.01203125,0.009100689,0.008305503
-0.75153846,5.6056604,0.21820724,-0.00034342209,0.014957478,0.92276025,0.14513403,0.011211667,0.97166294,-0.026340198,0.122398496,0.07107274,-0.010671831,0.0529947,0.012373889,-0.02326615,0.00097095186,0.034444205
-0.7366888,0.8766431,0.043832798,0.007883878,0.0032041105,0.96556944,0.027507728,0.0038517732,-0.012017385,-0.0032357771,0.012730783,0.02110832,0.0063909306,-0.009757161,0.98869085,-0.0002278957,-0.002553179,0.007855249
0.08477229,0.5754,0.058834117,-0.012233642,-0.00760646,0.98068166,0.04261704,0.0070414157,0.9876924,-0.06765751,0.02118868,-0.083257005,-0.010546166,-0.043088414,-0.008519968,0.0028890914,0.004724884,0.0055816863
1.1901611,-0.7023646,-0.0698612,1.0322186,0.009000922,0.010363871,-0.0075353384,-0.001177841,-0.020087836,1.1280603,-0.038481325,0.10486155,-0.0010634285,0.034536704,0.03657396,-0.003947445,0.0048932214,-0.011772379
0.07528444,0.57144123,0.06330173,-0.01377026,-0.008101025,0.9790336,0.04566535,0.007911383,0.98658246,-0.07368555,0.023298604,-0.090509385,-0.010819895,-0.046026226,-0.009161858,0.0034242126,0.0049133603,0.005890663
0.94237363,-0.096674964,-0.3317303,0.14383514,0.06407152,0.091619104,0.96491843,-0.02002434,0.8850923,0.5914322,-0.1626504,0.60183954,0.0020903423,0.117668726,0.19207664,-0.059916053,0.036745682,-0.019341854
0.0821182,0.605038,0.058402043,-0.016008962,-0.0071121044,0.98092085,0.04930315,0.008583633,0.9827101,-0.0690462,0.024954015,-0.08775597,-0.0092232805,-0.04455454,-0.007894467,0.002048653,0.0032055392,0.003875178
0.14998417,-0.12813461,0.07422103,-0.030607427,-0.0008446262,0.9880255,-0.0062444527,0.015417388,-0.012844845,-0.09889771,0.022641473,-0.08694103,-0.011792595,-0.022399332,0.96774256,-0.007793472,-0.010249474,0.0075201574
0.102195255,0.61651087,0.049596254,-0.014489893,-0.0064646793,0.984273,0.0401359,0.007333166,0.9855317,-0.055738527,0.021673575,-0.07181744,-0.0069212513,-0.03591858,-0.007430467,0.0019214393,0.0021466045,0.004119289
-0.7231542,2.391289,0.1280515,0.03256437,0.0039291666,0.88560015,0.100571655,0.0203454,-0.04818889,-0.017108751,0.043683622,0.08069347,0.0075323978,-0.0044161463,0.96732646,0.018032502,-0.008743506,0.016758997
-0.48104975,-0.19977093,-0.056481544,-0.011151883,-0.01140803,1.0368881,-0.03408778,-0.0035216573,0.029518688,0.02116506,1.0046402,-0.019618018,5.256738e-05,0.045583654,0.018054673,-0.00060840556,-0.002196546,0.0033065248
0.064653896,2.04605,-0.072964266,0.029873487,0.013625931,1.0421857,-0.05183087,-0.01315355,1.074355,0.08005982,-0.035988376,0.06599456,-0.0087740915,0.09532936,0.007431931,-0.0027289842,0.003736845,0.0013334934
-0.06551267,-0.6511019,-0.20308152,-0.019612275,-0.0010379974,0.14221123,0.94982964,0.019190893,-0.044522673,0.17464232,0.00086147245,1.0177965,-0.017659279,0.062121876,0.022070313,-0.04062222,0.005988504,-0.020413078
-0.75153846,-0.69111246,0.028376147,-0.01273786,9.404226e-06,0.99192876,0.018212637,0.0033807948,0.0013457083,0.008530503,0.028805422,0.022332441,0.0069528813,0.004347419,0.98203415,-0.029934516,-0.0020925282,0.016119491
-0.6103144,-0.3578722,0.0050670803,0.012593243,0.0003156741,0.98877335,0.0013003272,-0.0004045783,-0.000119221055,-0.008502851,-0.011648242,-0.001387462,0.0013436541,-0.011380696,0.99929696,0.019134777,-0.0023169739,-0.0077367183
0.47626883,-0.69855297,-0.04476791,0.020014333,0.005271013,1.0037963,-0.0022270887,-0.0035704558,-0.012021187,0.0840316,-0.024089834,0.08930617,0.0039539416,0.022740625,1.0336932,0.0022856395,0.0037579557,-0.010442453
-0.24657185,-0.5777201,-0.33297232,-0.036467563,0.022988966,0.2535559,0.76552284,-0.033742055,1.0423946,0.1798536,-0.024428306,0.059865706,0.01021782,0.24189042,-0.010399414,-0.03977683,-0.024902197,-0.015693529
1.4509469,1.3695575,-0.5157833,0.27663666,0.07113076,1.1089771,-0.061158087,0.027713617,0.9147586,1.1013349,-0.3222249,0.87722194,-0.07013945,0.3846905,0.29025835,-0.065864325,0.035897173,-0.07969239
-0.73055995,-0.0023121908,0.11385752,0.020024672,0.010798088,0.9093433,0.07416009,0.01068201,0.94526994,-0.0307894,0.021765452,0.028020343,0.0012001076,-0.068783134,-0.0070665223,0.008225021,0.0024579472,0.0028458168
-0.5828183,1.3789225,0.6370175,-0.021630365,-0.008819967,0.30007237,-0.23470134,-0.051015023,1.1454283,0.08576731,-0.08232159,-0.06650363,-0.013585169,0.15323773,-0.0018816433,-0.011601886,-0.008876785,-0.014848934
-0.66418463,-0.66761786,0.046149883,-0.023024261,0.003547884,0.9858773,0.03896752,0.007829153,-0.005462565,0.015674934,0.055244725,0.03361918,0.008244239,0.021634728,0.97197086,-0.05384162,-0.0025080598,0.03111166
-0.75153846,-0.5731207,0.12807502,0.89351517,0.019784244,-0.034267414,0.09268149,0.007808005,0.0010328913,0.023168275,0.16485506,0.10630952,0.01064746,-0.015315568,-0.092540696,0.80876815,0.013329432,0.08810863
0.070934616,-0.5589421,0.010789407,0.0051167477,0.0012344891,1.0011909,0.012168372,0.0035886276,0.012657423,0.010710057,0.9918496,0.006479424,0.005144996,0.009069337,0.005214577,-0.008061783,0.0023261888,0.0058226488
-0.4122197,-0.59908247,0.00033253522,-0.021509156,-0.0029653455,1.0247365,0.009839096,0.002200127,-0.0021126901,0.023832506,0.03525749,0.00012590489,0.00645869,0.026157232,1.0137889,-0.043077007,0.0076865684,0.021409089
-0.58619064,3.9911807,-0.0018531185,0.00016458743,-0.0002342613,1.0000772,-0.0012358788,-0.00028412006,0.00039198456,0.00044828848,-0.0012113767,-0.00074410316,-6.722875e-05,-0.00036288955,0.9998566,0.0003310984,3.568474e-05,-0.00030158384
-0.75009114,0.39594364,0.16294868,0.024818452,0.013076055,0.86863726,0.1129309,0.012689768,0.91691685,-0.03255882,0.034914453,0.05105473,0.002577953,-0.09135905,0.0029113484,0.00635458,0.00048770793,0.004847953
-0.096450165,-0.5739588,0.00023943234,-0.0003162715,8.53969e-06,1.0002348,0.00050240115,3.3191387e-05,-0.00026343335,-0.0005757724,0.99983096,-0.0011276848,-0.00014609871,-0.00051789265,0.00072446006,1.9357507e-05,4.0935378e-05,-0.00018331295
-0.75153846,2.417799,0.25161752,0.051810425,-0.018863568,0.7692404,0.17131667,0.011997094,0.8806777,-0.06525079,0.048849188,0.077239186,0.014773183,-0.0797726,-0.023322105,0.015926434,0.017260393,0.021893805
-0.42991093,-0.59485066,0.0053934054,-0.025992688,-0.0058129677,1.0241526,0.007536837,0.0030584268,0.0007207709,0.024281548,0.040452417,0.0012554658,0.0093956925,0.028565051,1.0092684,-0.041815102,0.005266558,0.026498334
1.3890814,-0.15728049,-0.47305515,0.23727927,0.08249409,1.1020298,-0.015830977,0.0031483746,0.9449829,0.80572486,-0.2687183,0.73625344,-0.03206089,0.2755211,0.23114218,-0.018038662,0.060901266,-0.064061575
-0.64578503,1.8425037,0.62975776,-0.033148475,-0.009285366,0.32213774,-0.23495218,-0.04303117,1.1714327,0.07810919,-0.08092912,-0.08684335,-0.03382692,0.15998578,0.0098586995,-0.015056785,-0.013875214,-0.013564212
-0.4001183,-0.6074765,0.005400433,-0.020597965,-0.0015286416,1.0209898,0.01294312,0.0028362966,-0.0038592957,0.020806963,0.030913126,0.0022476194,0.0053260797,0.021039123,1.0188622,-0.044803146,0.005590344,0.019167194
-0.66939855,-0.23743469,0.101949096,0.020721288,0.006046758,0.91611993,0.06519979,0.013397635,0.95568854,-0.031060195,0.013998425,0.019483935,0.0014348233,-0.06360316,-0.006383779,0.009978296,0.0009499794,0.006440824
0.9392526,-0.03778007,-0.29502428,0.15104789,0.056331553,1.0770526,-0.034548275,-0.012692282,0.9926139,0.5222682,-0.17148818,0.48493198,-0.024551835,0.23996665,0.15851115,-0.010559484,0.03719445,-0.033036955
-0.75153846,2.3258266,0.119955316,0.015654413,0.00726528,0.89809376,0.09616162,0.01077219,-0.036493167,-0.010446284,0.040516574,0.08195959,0.0048658866,-0.011589462,0.97908026,0.015380085,-0.0034826621,0.026493309
0.077500954,0.5096453,0.05956516,-0.010824303,-0.010218727,0.9788367,0.035912797,0.009415479,0.9948057,-0.06846162,0.021004356,-0.08332501,-0.009039881,-0.040922273,-0.011560494,0.004189424,0.0032208546,0.0057721385
0.48531806,-0.66931707,-0.048670474,0.022861525,0.004582426,1.0042833,-0.0013235545,-0.0036958326,-0.013807341,0.08975475,-0.026482807,0.095897965,0.004047603,0.02480455,1.0366087,0.0036064673,0.0028390004,-0.010781499
0.07621921,0.60795933,0.061647713,-0.017144823,-0.0075575532,0.9799041,0.05217995,0.009314532,0.98177034,-0.07291328,0.026345376,-0.0925468,-0.009706866,-0.047250673,-0.008212115,0.001997787,0.0035283118,0.004243589
0.4919343,0.5857988,-0.24015485,0.1136179,0.051475246,0.11696531,0.9486332,-0.0024647093,0.9219931,0.44231954,-0.09782752,0.4162256,-0.0241829,0.120146796,0.07497372,-0.086997755,0.018365042,-0.024709288
0.4922998,-0.67357796,-0.05093778,0.023531362,0.0049839616,1.004925,-0.0013318642,-0.0041416883,-0.0143396575,0.09393616,-0.027597103,0.09993067,0.0045652646,0.026229758,1.0383389,0.0037964922,0.0033021078,-0.011239576
-0.61355364,2.7408109,0.19967917,0.022353573,-0.015915906,0.78076357,0.15534833,0.020455422,0.8876399,-0.064095445,0.055661626,0.06343895,0.010444383,-0.040869974,-0.019728601,0.023555906,-0.012624909,0.0056751496
0.42824817,-0.65163714,-0.18614581,0.047060892,0.042725436,0.07486443,0.9560791,-0.0053014774,0.8682163,0.32117957,-0.053858813,0.32570192,0.0011132603,0.09891625,0.0863406,-0.059363525,-0.0075981007,-0.035948716
1.2050381,0.41797912,-0.4190661,0.23222297,0.055325966,1.0692012,-0.05474002,0.014944086,0.9476632,0.7888565,-0.2511454,0.6401128,-0.027252587,0.3108711,0.21336801,-0.03974986,0.043751355,-0.06533146
-0.0966049,-0.5785419,5.9372687e-05,-7.746505e-05,-1.1204847e-05,1.0000722,0.00013525238,3.0142423e-06,-6.7513785e-05,-0.00014006568,0.9999613,-0.0002914033,-2.5418849e-05,-0.0001419375,0.0001836995,-1.7772403e-06,1.0335155e-05,-4.6177676e-05
-0.43724304,2.7276704,0.07572947,0.0034209047,-0.006161517,0.9286082,0.04978386,0.0049430295,-0.038499635,-0.031835217,0.03343525,0.018547999,0.017135888,-0.019472903,0.95957345,0.009734471,-0.013686847,-0.009243377
1.3825657,-0.7515383,-0.43461278,0.1942231,0.076135054,0.121752486,1.0006945,-0.015744973,0.8606574,0.8098413,-0.2413821,0.7713209,-0.01738073,0.18565719,0.27174854,-0.068537585,0.0495513,-0.040809583
-0.75153846,-0.57522804,0.1336031,0.8979704,0.010435691,-0.025514314,0.09321566,0.0052840165,-0.00016082764,0.031594012,0.1660252,0.102719806,0.0053333878,-0.02644471,-0.09510608,0.80622184,0.00526187,0.08357609
0.63958573,0.12581109,-0.17725292,0.08963948,0.016355885,1.0571531,-0.02906821,-0.016624223,1.0137882,0.34857827,-0.0989277,0.31196222,-0.016883705,0.19491372,0.1076081,-0.0054430705,0.013530727,-0.038101062
-0.6862032,-0.75153846,-0.04450424,1.0264088,-0.008017543,0.0007271527,-0.040264376,-0.000840015,-0.008713063,0.9775099,-0.04330481,-0.039317477,0.0017504763,-0.025083246,0.028011704,0.06200153,-0.0023304035,-0.038780704
-0.672992,5.6969805,0.54939014,0.023062171,-0.019344626,0.16206402,-0.2715907,-0.033906393,1.0530314,0.09775283,-0.2175087,-0.09922354,0.0064116274,-0.073259436,0.0030593015,0.025386505,0.007587322,-0.07505246
0.07856308,0.61402774,0.06056718,-0.017053496,-0.006910635,0.98067313,0.051449496,0.008724836,0.98084205,-0.07103388,0.026361411,-0.09106646,-0.009492676,-0.04700196,-0.007815686,0.0016944547,0.0031897826,0.0036279324
-0.59829056,-0.33988088,0.0052563255,0.016358698,-0.00053981267,0.9834515,0.0020696723,-0.00088085,-0.00092013075,-0.012681375,-0.015431695,-0.00090475654,0.0018510238,-0.017155794,0.99793744,0.02751565,-0.002996417,-0.011660868
-0.75153846,2.2234962,0.25282836,0.042463463,-0.0072807055,0.7701925,0.18171991,0.017768944,0.87648565,-0.06482828,0.032044947,0.074680306,0.016612608,-0.09150822,-0.021688063,0.027026957,0.017222552,0.019612754
-0.40829313,-0.6487094,-0.09654832,-0.01750056,-0.010967567,1.0704591,-0.05822304,-0.0069353576,0.062078074,0.038449313,1.0037438,-0.028164636,0.0010440883,0.10004795,0.024695396,-0.012178731,-0.0016714209,0.004542144
0.49240124,-0.6723216,-0.050775357,0.02361385,0.00509513,1.0049502,-0.0012155755,-0.0041236677,-0.014438067,0.094128095,-0.02768291,0.10009495,0.004393539,0.026098587,1.038427,0.0036010153,0.0031446004,-0.011007241
-0.57933635,-0.54755616,-0.0016648392,-0.022377215,-0.00012565557,1.0203303,0.0034299428,0.0023202456,0.0025969413,0.022020165,0.027213788,0.0048060315,-0.00027367545,0.033191103,0.9997888,-0.044638153,0.0028097767,0.020183586
-0.67209387,-0.23668492,0.10122165,0.020628134,0.006089912,0.9168845,0.0646424,0.013269424,0.9562933,-0.030797368,0.014009973,0.01920691,0.0013695023,-0.063125744,-0.0059593343,0.009976686,0.0012951688,0.0063607865
0.070925936,-0.5590667,0.010846977,0.005111963,0.0012346156,1.0012048,0.012178336,0.003584862,0.012674514,0.010736871,0.99185455,0.006478655,0.0051261126,0.009063943,0.0052837753,-0.008075128,0.002313653,0.005820705
-0.6903779,-0.23245056,0.09425982,0.019434627,0.0066762003,0.9215576,0.0626647,0.011024405,0.9561522,-0.02725797,0.0152586475,0.020181898,0.0019000684,-0.05654953,-0.008316228,0.008659401,0.002786584,0.0062806555
-0.09710523,-0.5829076,4.0406732e-05,-5.040178e-05,6.428623e-07,1.0000379,7.867075e-05,3.8318785e-06,-4.183855e-05,-9.150663e-05,0.9999716,-0.00017874969,-2.2325163e-05,-8.219813e-05,0.000114465154,3.229416e-06,5.6509875e-06,-2.925322e-05
-0.5887598,-0.6319973,-0.008426175,-0.04215944,-0.0037518006,1.0307082,0.008252038,0.0025790823,0.00010320295,0.032898206,0.04978755,0.013536996,-0.000101463476,0.049493972,0.9975926,-0.078207634,0.0069986354,0.035876308
0.09184609,0.57526875,0.051958337,-0.01416887,-0.006227463,0.98302466,0.043862782,0.0076715285,0.9846307,-0.061513547,0.022165518,-0.07803453,-0.008255001,-0.039609876,-0.0069898013,0.0017562668,0.0029244751,0.0033852295
0.25915527,-0.31964862,0.027693689,-0.01309259,-0.0021786916,0.9959366,0.0025954708,0.0043014176,0.0030345484,-0.04455946,0.014098296,-0.045673806,-0.002921691,-0.012814261,0.9827563,-0.0021225407,-0.0019409839,0.0018446421
-0.102659054,-0.52064204,0.11066318,0.049125463,0.017675338,0.93851775,0.039850015,-0.011447444,0.058554176,-0.05548656,-0.055336453,0.019707542,0.01125938,-0.08011172,0.94178665,0.058923166,-0.00984327,-0.011277125
-0.75153846,56.67486,-0.75153846,56.67486,-0.75153846,56.67486,56.67486,-0.75153846,-0.75153846,-0.75153846,-0.75153846,-0.75153846,-0.75153846,56.67486,-0.75153846,-0.75153846,-0.75153846,56.67486
0.6728222,1.8301966,-0.375399,0.16236024,0.051201303,1.162408,-0.16486573,-0.045570314,1.1494522,0.58315104,-0.23014066,0.3958563,-0.040001456,0.43338618,0.07377403,-0.0339547,0.025897041,-0.01859466
0.0887625,-0.62950927,-0.22206824,0.016620483,0.03746482,0.1738393,0.9316432,0.010119648,0.85920376,0.30560824,-0.02682269,0.20801212,-0.023404801,0.13952585,0.04872237,-0.07864947,-0.03468818,-0.021771837
0.08456534,0.6142744,0.05734469,-0.016031105,-0.0066469843,0.98181736,0.04863242,0.008326332,0.98181796,-0.067171596,0.02484093,-0.08633482,-0.009026655,-0.044558868,-0.0073742894,0.0015990144,0.0030522128,0.0033590596
-0.6630215,-0.66306305,0.04582211,-0.022806227,0.0037019472,0.9862364,0.03874496,0.007424794,-0.0054775504,0.015273668,0.055227738,0.033228524,0.008205337,0.021760484,0.9719546,-0.053015772,-0.0024119732,0.0306691
-0.58617467,3.9883766,-0.0018786519,0.00020135369,-0.00024207358,1.0000533,-0.001231873,-0.00029041898,0.0003959444,0.00047497815,-0.0012503044,-0.00078811496,-0.00010714726,-0.00040154022,0.99988925,0.00032283767,1.6267468e-05,-0.000290509
-0.75153846,2.328175,0.12220558,0.026677728,0.014086267,0.9001136,0.08461721,0.008379018,-0.0498781,-0.014100703,0.041260045,0.083922505,-0.0044954247,-0.0120262075,0.96882665,0.01151309,-0.002123918,0.013339114
-0.09688256,-0.5809716,4.8654136e-05,-6.329631e-05,-1.5111889e-06,1.0000454,0.00010188832,9.664598e-06,-5.3721276e-05,-0.000117077296,0.9999673,-0.00022870292,-2.9140412e-05,-0.000101907164,0.00014253471,3.538229e-06,9.397819e-06,-3.805061e-05
-0.6397615,-0.06816125,0.034486115,0.0040181126,0.0033566614,0.979117,0.020792069,0.00451069,-0.0044768304,-0.0016235748,0.017468914,0.015951676,0.0039691776,-0.0038317502,0.98086184,-0.0023153496,-0.0025165863,0.006961357
-0.75153846,-0.68766266,0.026045857,-0.015037207,-0.0030542368,0.9911293,0.01965062,0.0048209475,-0.00206919,0.0057535763,0.028716506,0.01831417,0.0035684642,0.008934616,0.98228306,-0.030275889,0.0010082732,0.015172932
0.99147743,-0.050055124,-0.34979257,0.14979422,0.06770839,0.09721134,0.9626574,-0.020803647,0.8796071,0.6226353,-0.17067762,0.6343149,0.003156052,0.12384567,0.20052789,-0.06325441,0.037998803,-0.020986535
1.0927314,-0.72036433,-0.1018181,0.04354141,0.016375266,0.021164669,1.0052989,-0.00018543273,-0.03505539,0.18717343,-0.053305723,1.1856871,-0.0014432506,0.03312996,0.06526268,-0.010212565,0.00921392,-0.011407721
-0.095423885,-0.56666005,0.00020144992,-0.00026379307,4.87966e-06,1.0001953,0.00041887347,2.5623915e-05,-0.00022268582,-0.00048374236,0.9998545,-0.0009491405,-0.00011926248,-0.00043152514,0.0006019377,1.7293965e-05,3.9680777e-05,-0.00014770376
-0.41695586,-0.5681628,-0.3486295,-0.058174275,0.007827103,0.29496804,0.7592363,-0.04062751,1.1377255,0.13980979,-0.029485634,-0.019549595,-0.0031052518,0.26583084,0.018488705,-0.049741343,-0.010738293,-0.042798657
0.49235559,-0.6701435,-0.050923422,0.023684204,0.0051040514,1.0050229,-0.0012771573,-0.0040008905,-0.014405424,0.09411435,-0.027639668,0.100139044,0.0044708424,0.026098784,1.0384334,0.0035986379,0.003198361,-0.011086065
-0.5791954,-0.3578077,0.114638016,0.017789025,0.007025351,0.9083254,0.07744226,0.015632696,0.95299715,-0.032853585,0.020456156,0.023725202,0.0025299666,-0.06919509,-0.0069827517,0.00440288,-0.0025977434,0.010371516
-0.30271092,-0.69467294,-0.0014691548,0.0031511113,-0.0013700745,0.9962086,-0.0039987275,0.00040477907,0.0039062344,-0.0029919466,-0.0045472435,0.002324978,0.00073860877,-0.0007011121,0.9927233,0.0036547787,-0.0013151849,-0.0011369912
-0.6133241,1.5394367,0.63326377,-0.02802825,-0.0075242636,0.3173346,-0.23158012,-0.04961678,1.1435232,0.08283341,-0.07905929,-0.0755943,-0.023073137,0.14173998,0.013458919,-0.017579658,-0.00779536,-0.0037885003
-0.46961862,-0.64353055,-0.1297556,-0.021723673,-0.017169159,1.0862373,-0.07982536,-0.009502501,0.080405235,0.047464408,0.9956483,-0.028445702,8.901929e-05,0.122242294,0.029228522,-0.01696437,-0.0036515384,0.0022943981
-0.58003134,1.3628796,0.63883835,-0.026684353,-0.008230995,0.30185062,-0.23435739,-0.049818527,1.14218,0.08613021,-0.08160562,-0.061670855,-0.014123788,0.15728647,0.001147928,-0.009859971,-0.009229896,-0.012298871
-0.75153846,-0.5737448,0.1323471,0.89098793,0.00905665,-0.04525615,0.098694935,0.014753251,0.014295232,0.030152537,0.16586652,0.11046527,0.006061087,-0.029947594,-0.09777404,0.8223499,0.00797155,0.080752246
-0.75153834,0.9966564,0.20485984,0.026496999,-0.004777739,0.8229248,0.15664688,0.033148166,-0.119577274,-0.07274584,0.052141104,0.052900963,0.0039435895,0.82042843,0.027321033,-0.014785478,0.018708222,0.018274093
-0.45706195,-0.5939069,0.007162698,-0.025825312,-0.0039317003,1.0209084,0.004832976,0.008379598,0.003785658,0.023094885,0.039496176,0.0031897335,0.008622643,0.03792741,1.0021161,-0.049238086,0.0042877765,0.028207136
0.07172467,-0.5739969,0.011024677,0.004905785,0.0017353927,1.0012028,0.012406586,0.003824144,0.0134864915,0.011264016,0.99115205,0.006357482,0.005554657,0.009861035,0.00636138,-0.00794323,0.002309172,0.006196337
-0.094026774,-0.5528921,0.00034994225,-0.00046351738,6.972858e-06,1.0003403,0.00074460387,4.398677e-05,-0.0003917762,-0.0008324377,0.999756,-0.0016501972,-0.0002125686,-0.0007537842,0.0010511482,3.3064935e-05,5.466065e-05,-0.00027333378
-0.7017836,2.511207,0.57434833,-0.010653638,-0.0028525337,0.3123742,-0.28850827,-0.052748837,1.1848649,0.12611449,-0.12710662,-0.10019349,-0.018274479,0.181356,0.021227999,-0.00046674663,-0.009229083,-0.029129865
-0.75153846,-0.75153846,-0.75153846,-0.75153846,-0.75153846,56.67486,-0.75153846,-0.75153846,56.67486,56.67486,56.67486,-0.75153846,-0.75153846,-0.75153846,56.67486,56.67486,56.67486,-0.75153846
-0.6649293,-0.66883886,0.047400843,-0.0227212,0.0036984833,0.9847864,0.039601337,0.007860918,-0.006085169,0.014841417,0.05495846,0.03387162,0.007925092,0.020657998,0.9720496,-0.053031992,-0.0024810145,0.030788979
-0.6828548,0.0934425,0.14974786,0.026940614,0.0148595525,0.878616,0.09368946,0.0141222635,0.9377321,-0.046372592,0.023552531,0.034653325,-4.044047e-05,-0.08485535,-0.0070025013,0.01119296,0.0031495956,0.0050767735
-0.6387603,-0.019855881,0.036949195,0.0062280227,0.0039640022,0.9774468,0.021196501,0.0042601777,-0.005099239,-0.0021475572,0.017778087,0.015902242,0.00462071,-0.0056890636,0.9820974,-0.0009404984,-0.0037914603,0.007487323
-0.75153846,-0.6882097,0.029017692,-0.0153639605,0.00074182346,0.9925446,0.0144926505,0.005895372,0.0023056907,0.0056400914,0.028204108,0.019746423,0.0036949378,0.0052996287,0.98142487,-0.032076914,-0.0027068865,0.014238523
1.4510727,1.3690383,-0.51225966,0.27647182,0.070868365,1.1092799,-0.06445456,0.027516084,0.9149496,1.1042415,-0.3239738,0.8744721,-0.071128674,0.3842946,0.29193187,-0.064253055,0.03581604,-0.079604454
-0.65478987,2.6515388,-0.008232135,-0.0023774311,0.0010943362,1.0082532,-0.0064938352,-0.0005981667,0.0045007016,0.003455081,0.9995426,-0.0024249875,-0.0019908857,0.0024255782,0.0018713892,-0.0020371163,0.0010775399,0.00060751906
-0.43525004,-0.5961763,0.0051877312,-0.027124872,-0.00642614,1.022431,0.00834455,0.004786821,-0.0010876434,0.020126522,0.04212859,-0.0018590725,0.009576465,0.03119103,1.0086728,-0.044367973,0.005992441,0.02862459
0.077416226,0.58025455,0.063116245,-0.013107715,-0.008082186,0.97917634,0.04566091,0.007553711,0.9867032,-0.07246079,0.02277126,-0.08922223,-0.011309634,-0.04615585,-0.009040848,0.0030312634,0.0050137676,0.006067036
-0.664288,-0.6675572,0.04608512,-0.02301245,0.0035764452,0.98596686,0.038906753,0.007823739,-0.0055283094,0.015627954,0.05522295,0.033630624,0.008202729,0.021660011,0.9720185,-0.05383477,-0.0024580164,0.031074136
0.07209496,-0.5786985,0.011089411,0.004958395,0.0017282212,1.0011894,0.012509729,0.0038937237,0.0135095725,0.011378202,0.99116427,0.006388703,0.0055595413,0.009807337,0.006476167,-0.008006126,0.002285543,0.0062283194
0.12170765,-0.6367683,-0.21181196,0.010285095,0.036203086,0.15424424,0.9351778,0.0032428992,0.86849976,0.30106264,-0.020866066,0.23979683,-0.021183247,0.11457025,0.067357495,-0.06220576,-0.028722495,-0.044961512
0.48462632,-0.6384678,-0.048832707,0.022681259,0.0049026934,1.0046173,-0.0014013246,-0.0038249232,-0.013805316,0.090554215,-0.026719403,0.09649141,0.004328252,0.025033796,1.0369071,0.0033814348,0.0032486622,-0.01064621
-0.55225855,-0.44095778,-8.777102e-06,-0.0012671129,-9.156047e-05,1.0011374,7.953405e-05,0.00017237756,5.8538204e-05,0.00117719,0.0015624065,0.0002996697,0.00010516523,0.0016189942,1.0001128,-0.0023448837,0.00017271143,0.0012216053
-0.6751023,2.9845023,0.18935722,0.010631666,-0.013690364,0.8126283,0.14188448,0.015293294,0.9034519,-0.05022249,0.06509724,0.07149731,0.015138683,-0.022891436,-0.014269151,0.01504563,-0.009350841,0.009059514
-0.75153846,0.80395097,0.2137513,0.025795484,0.0119793285,0.82722473,0.15315717,0.0435651,-0.09552437,-0.056808658,0.04785084,0.028011654,0.024005227,0.8223468,0.041071914,0.0026033039,0.015877169,0.03167096
-0.0978143,-0.5890781,4.7021217e-06,-6.9261678e-06,-1.0096075e-07,1.0000057,1.193842e-05,4.1502784e-07,-6.3929538e-06,-1.2937881e-05,0.9999957,-2.5102649e-05,-2.9126486e-06,-1.2009818e-05,1.5959175e-05,6.850308e-07,1.4509237e-06,-3.8307944e-06
-0.5803826,1.3495514,0.6429059,-0.025795616,-0.004373783,0.30268693,-0.23251686,-0.052751586,1.1426506,0.09085805,-0.07900726,-0.063251846,-0.012877108,0.1644965,0.0009182195,-0.01730849,-0.010398702,-0.012708705
-0.75153846,0.32217592,0.15069081,0.028024552,0.0249277,0.8891171,0.10669107,0.017035048,0.908163,-0.0270494,0.036639985,0.048989553,0.0050418917,-0.09070573,-0.0019492824,0.0045690457,-0.006321625,0.010366877
-0.08248727,-0.5479993,-0.004187264,0.005612873,0.00032930519,0.9965971,-0.0084259,-0.0008268783,0.004819702,0.010997279,1.0028282,0.018786648,0.0022474471,0.009557502,-0.011822788,-0.0008414629,-0.00093290384,0.0026798632
0.71898216,0.47170365,-0.2275626,0.1180209,0.028245367,1.1080223,-0.043399923,0.0043417024,1.0225012,0.43445227,-0.12501809,0.37194607,-0.02808553,0.24624369,0.15559292,-0.008271442,0.021406371,-0.043442473
-0.552936,-0.62443924,0.0018947347,-0.03497818,-0.005464181,1.0295111,0.006785139,0.0074505396,0.011461752,0.031676363,0.043534648,0.008069404,0.0017708854,0.055628374,1.0004903,-0.07180134,0.004727546,0.03871091
-0.5696836,-0.6242435,0.0016224581,-0.03550641,-0.0005512968,1.0284847,0.0076981755,0.0065115355,0.004236483,0.033411607,0.044581763,0.009775719,6.6988985e-05,0.0529029,0.99952173,-0.07497697,0.0035116507,0.037332542
-0.6755272,-0.07406327,0.0136119,0.001307925,0.0013744935,0.9918834,0.008255648,0.001620514,-0.0018774341,-0.00058152474,0.007194445,0.006317435,0.0015571282,-0.0016707059,0.9925083,-0.0015208846,-0.0011145587,0.0030077754
-0.587482,-0.413572,0.00037570094,0.001612485,-0.00012598874,0.9984444,0.000155949,-0.00011170862,-7.966637e-05,-0.0012421961,-0.001418938,-9.7144395e-05,0.00018218328,-0.0018245273,0.99989915,0.0025943327,-0.0003844623,-0.0012843442
-0.6560842,2.6679912,-0.010450691,-0.0030037912,0.0013837367,1.0105414,-0.0083062565,-0.00081259373,0.0057295617,0.004445285,0.9993665,-0.0031050567,-0.0025665255,0.0030319002,0.0023978755,-0.0026284852,0.0013810456,0.0007939499
-0.75153846,-0.58269,0.135443,0.8890672,0.019917684,-0.041931953,0.08914611,0.0065470403,-0.0025871012,0.03411686,0.17017286,0.10598208,0.02240609,-0.016797151,-0.09185558,0.81467026,0.006389929,0.08479355
-0.5632139,-0.05196035,0.076710336,0.011575316,0.0067779096,0.9498658,0.04407788,0.010336071,-0.0036726152,0.0013259713,0.03908169,0.039001677,0.0130340485,-0.0032627457,0.9554893,-0.004657776,-0.0102894325,0.019206434
-0.42998675,-0.59514207,0.0053331777,-0.026143396,-0.005870261,1.0242258,0.007580621,0.0031490352,0.0007446144,0.0243994,0.040616367,0.0010907858,0.009456069,0.028590264,1.0091882,-0.041962042,0.005219458,0.026425363
1.1000743,-0.72287124,-0.10449544,0.044819057,0.016824659,0.021918876,1.0054139,-0.00019231768,-0.036111113,0.19120508,-0.054505456,1.189672,-0.0021713057,0.034145214,0.066479124,-0.01042645,0.010053856,-0.012004167
0.0771853,0.52352756,0.061178755,-0.01190162,-0.009822306,0.97858423,0.03762743,0.009811652,0.993482,-0.06996193,0.021023436,-0.084312625,-0.008770932,-0.04198438,-0.011169228,0.0041651567,0.003342785,0.00689151
-0.40077627,1.4820509,0.4452196,0.0018624199,0.026432654,0.43630302,-0.35236135,-0.057285763,0.24526882,0.26177508,-0.18774273,0.8992327,-0.04373244,0.38760844,-0.018196752,0.0119993,0.0017145593,-0.053402275
-0.41285172,-0.5988958,0.00037140833,-0.021482617,-0.003050626,1.0248567,0.009711148,0.0020817781,-0.002202621,0.024040729,0.03550113,-0.00015945292,0.00662232,0.026225282,1.0136224,-0.04331735,0.0075663473,0.02142075
0.4923181,-0.66963875,-0.05093118,0.023584172,0.0050557,1.0049559,-0.0012666017,-0.0039485395,-0.014409515,0.09409586,-0.027706422,0.10015653,0.0044154637,0.026097273,1.0384506,0.003658919,0.0031207982,-0.010997786
-0.73326457,0.79089385,0.03811224,0.007123016,0.0034238945,0.97095937,0.023677219,0.002926981,-0.011107824,-0.0033088545,0.010255607,0.01645019,0.004272848,-0.0086958455,0.98957324,0.00036577965,-0.00196016,0.006728611
0.49221203,-0.6681754,-0.051027395,0.023647664,0.0050533474,1.0049613,-0.0012531023,-0.003973125,-0.014418368,0.094082,-0.027674994,0.10004421,0.004339255,0.026219836,1.0384332,0.0035357447,0.0030519431,-0.011117932
-0.4568356,-0.5940112,0.007215407,-0.025901917,-0.0039627575,1.0209036,0.004861389,0.00843656,0.0038134619,0.023001242,0.039584413,0.003274013,0.008517474,0.037984565,1.002184,-0.04917968,0.0044371537,0.028196212
-0.09936125,2.621452,-0.061380643,0.029276025,0.0037057,1.0166475,-0.05437104,-0.016604839,1.0562782,0.049605355,-0.033454634,0.018546749,-0.0049238643,0.076870136,-0.021832228,0.005153765,0.0034203848,-0.00080070173
-0.5936013,4.889832,-0.011972163,0.0015248201,-0.0018287736,0.99868,-0.008069883,-0.0019530439,0.0042614923,0.0030655055,-0.0081268735,-0.0034215634,0.00046034166,-0.0012126463,0.9964949,0.003047625,0.00025063692,-0.0016645418
-0.31067425,2.3555038,0.0727872,-0.006754259,-0.007131879,0.94567823,0.051402926,0.0039442484,-0.03388989,-0.043871757,0.038966093,-0.012935745,0.015176189,-0.018808477,0.9539467,0.011013538,-0.013630319,-0.017877754
-0.11798707,2.6779678,-0.069532365,0.028512327,-0.0011340172,0.9977595,-0.060474224,-0.01576334,1.0315967,0.035707437,-0.04408185,0.006062038,-0.002855943,0.053843565,-0.022310138,0.011655555,0.0019082729,-0.0054388344
-0.45587656,-0.5937408,0.0071659232,-0.02593632,-0.0039647366,1.0208235,0.0048414376,0.008394361,0.0037601492,0.022905689,0.03933373,0.0031778761,0.008560799,0.03783253,1.002163,-0.049073707,0.0043939115,0.028090129
0.2232902,-0.31393147,0.040145747,-0.018552048,-0.0038147068,0.993837,0.0035044006,0.005873603,0.0032481204,-0.06601439,0.020546831,-0.068280265,-0.004513775,-0.020313568,0.9761937,-0.003450708,-0.002835046,0.0035271656
0.79994863,0.0056504332,-0.23682915,0.122941084,0.03266373,1.0556829,-0.030111402,-0.013023656,0.9969501,0.4418941,-0.13901767,0.40980354,-0.015788686,0.21293096,0.12809844,-0.022783743,0.016427465,-0.04248056
-0.75153786,-0.6895767,0.025872711,-0.013409754,0.0019647502,0.99075335,0.018258004,0.0031421608,-0.0022908137,0.008138638,0.030563263,0.021307288,0.003158203,0.010285713,0.98431814,-0.029518647,-0.0012939415,0.01603746
-0.45632702,-0.59400964,0.007177653,-0.025885008,-0.003963645,1.0208324,0.004777022,0.008463941,0.0037667642,0.022997672,0.039433174,0.0032424429,0.008618616,0.037940934,1.0021417,-0.04925466,0.004385553,0.028191581
-0.40080872,-0.60719466,0.0054611214,-0.020744568,-0.0015684464,1.0212488,0.013023692,0.0027950564,-0.0038074516,0.020850472,0.03110159,0.002215396,0.0053551863,0.021205371,1.018851,-0.045077953,0.005548255,0.019261423
-0.093009524,-0.5606173,-0.0004760932,0.00063491537,-1.7806386e-05,0.9995339,-0.0010114129,-6.263371e-05,0.00052521034,0.0011434248,1.0003271,0.0022570768,0.00028872755,0.0010247813,-0.0014428749,-3.5446123e-05,-8.605355e-05,0.0003731722
-0.66425014,-0.66760105,0.046127323,-0.023090495,0.0035509146,0.98590267,0.038927756,0.0077896053,-0.0054639834,0.015599945,0.05534883,0.03354497,0.008229716,0.021659616,0.97200876,-0.053769577,-0.0024235777,0.031062242
-0.75153846,-0.5718291,0.123028174,0.88942486,0.030212488,-0.035124283,0.0993451,0.016195048,0.017245082,0.027788678,0.16136797,0.09659343,0.0135888895,-0.014897918,-0.09650655,0.80286855,8.578453e-05,0.07761279
0.07151211,-0.5711815,0.010980018,0.0049392553,0.001739628,1.0011957,0.01237058,0.0038421322,0.013445405,0.011217545,0.9912252,0.006333008,0.0055353222,0.009811997,0.006355369,-0.00790982,0.0022827738,0.0061815465
0.48457628,-0.6388701,-0.04890803,0.022711413,0.004991797,1.0047699,-0.001401301,-0.0037846265,-0.013743725,0.09059991,-0.026602073,0.096295804,0.0042804363,0.025137004,1.0368757,0.0032723849,0.0031628732,-0.010782792
0.06457175,2.0466616,-0.0729297,0.029834086,0.013737016,1.0421246,-0.05186581,-0.013360681,1.0744445,0.08019758,-0.036051616,0.0658468,-0.008879995,0.095356196,0.0075821397,-0.0025734392,0.0037729768,0.0012117845
0.4847477,-0.64567745,-0.048939705,0.022657877,0.00501327,1.0047916,-0.0012515587,-0.0038815765,-0.013860855,0.09034859,-0.026744276,0.09606553,0.004225612,0.02528914,1.0369848,0.0033569054,0.003083395,-0.010653259
-0.1931775,2.0194745,0.11162,-0.027553702,-0.020074166,0.92148834,0.07711472,0.015196522,0.93028283,-0.09108994,0.041624837,-0.08146026,0.012358459,-0.086948745,0.0006491927,0.002645076,0.002991291,-0.009661674
0.5810043,0.51077133,-0.1803827,0.0901233,0.02910265,1.097415,-0.03903371,-0.010451198,1.0199986,0.33269024,-0.093252525,0.28774112,-0.025724817,0.2050324,0.119901806,-0.009528535,0.025196789,-0.024330392
-0.6472374,0.32617503,0.04097829,0.0052088,0.0045283255,0.97363347,0.023686262,0.0034968324,-0.009371219,-0.001108951,0.019431364,0.019642629,0.00476706,-0.011120442,0.9812326,-0.002736364,-0.00356957,0.0081308
-0.7014146,2.694532,0.12737694,0.031125002,-0.00013845529,0.8906991,0.11132293,0.012290938,-0.048228156,-0.0156127205,0.054951794,0.07392715,0.010207653,-0.010019405,0.95016515,0.01930514,-0.0033251971,0.0046722367
0.07371373,-0.56173486,0.008818696,0.0041614524,0.0010369511,1.0009601,0.009945397,0.0029450275,0.010329585,0.008804678,0.9933332,0.0052292924,0.0042061894,0.0073782555,0.0042876834,-0.0066348678,0.0018778921,0.00475592
-0.4354568,-0.59608,0.0050058477,-0.027128182,-0.006255294,1.0221463,0.00842466,0.0048781754,-0.0011615447,0.01996802,0.042242967,-0.001983405,0.009483544,0.031288378,1.0087303,-0.044421103,0.005806724,0.02870915
1.2300832,-0.11394655,-0.42290846,0.19510116,0.07812516,1.0958394,-0.031330388,-0.011001046,0.9786974,0.7051067,-0.2354211,0.6414148,-0.026246848,0.27713156,0.20692553,-0.0145182,0.03782418,-0.05862061
-0.66421777,-0.66760844,0.046088457,-0.023133032,0.0036301287,0.9860032,0.03895351,0.007839523,-0.0055169566,0.015728226,0.055385236,0.033674803,0.008205955,0.021620374,0.9721878,-0.05382862,-0.0024966449,0.030979857
0.4887784,-0.68412817,-0.20349956,0.051691845,0.0436532,0.06483761,0.9509213,-0.006485787,0.87256265,0.33989194,-0.07614842,0.35136563,0.0079220245,0.085532255,0.08452889,-0.051739085,-0.0053824917,-0.033650197
0.49237227,-0.67365575,-0.05090663,0.023677064,0.0050338684,1.0048244,-0.0014512717,-0.003993915,-0.01452948,0.09387104,-0.027683377,0.10002826,0.004377252,0.026083943,1.0384793,0.0036526115,0.0033273175,-0.0112961605
-0.0834889,2.630013,-0.073979326,0.036740664,0.0019790484,1.0174265,-0.064842515,-0.019047664,1.0620022,0.059105895,-0.041159887,0.019450257,-0.0038357973,0.08845446,-0.021611942,0.00704258,0.0054280106,-0.0024676835
-0.13094819,0.09722077,-0.025248922,-0.011213012,-0.0005190889,0.99699163,-0.023796234,-0.0064353216,-0.024975093,-0.017594079,0.011407052,-0.006983734,-0.008133971,-0.014994218,0.9922848,0.012165606,-0.0051674424,-0.011687147
-0.46092203,-0.64109284,-0.12541303,-0.020937366,-0.016616538,1.0834746,-0.077215955,-0.009135653,0.07773625,0.045857966,0.99577,-0.027541585,-5.7922254e-05,0.118232705,0.028359212,-0.016454319,-0.0034453298,0.002088477
1.3680075,0.37981454,-0.48271608,0.2571707,0.0770846,1.0820593,-0.028425213,-0.0065026833,0.93125415,0.8893788,-0.2890737,0.73525065,-0.035880152,0.29322335,0.24505872,-0.025913049,0.044504605,-0.073072776
-0.33709207,1.5015291,0.0018287922,-0.0140969185,0.00691045,1.0110282,0.038465086,-0.0019035971,-0.03634066,-0.0041627814,-0.019907901,-0.01780609,0.001358447,-0.036632378,1.074343,-0.00846024,0.004326624,-0.007230145
-0.63587344,-0.24429761,0.113383025,0.020542005,0.0061606835,0.90754235,0.073493,0.015755441,0.9528,-0.03469224,0.012632263,0.022877572,0.0015188366,-0.070475616,-0.0046571684,0.009786162,-0.0009655677,0.007164089
-0.60100377,4.628989,-0.01330705,0.0022937835,-0.0019517109,0.99987435,-0.009585518,-0.0023042602,0.005094666,0.004586105,-0.00874246,-0.0030332543,0.0001510394,-0.00055835996,0.9972038,0.0026044727,0.0006102381,-0.0017838618
0.8033473,-0.03921578,-0.2385584,0.124277525,0.034295958,1.060152,-0.03164757,-0.0116966525,0.99798787,0.43866652,-0.13824745,0.40692696,-0.013938143,0.21693735,0.12505619,-0.016711015,0.020446118,-0.037492085
