SrcBytes,SIntPktMax,Proto_arp,Proto_icmp,Proto_ipv6-icmp,Proto_tcp,Proto_udp,State_CLO,State_CON,State_ECO,State_FIN,State_INT,State_NRS,State_REQ,State_RST,State_TST,State_URH,State_URHPRO
1.3490964,-0.66015685,0.0,1.0,0.0,0.0,0.0,0.0,0.0,1.0,0.0,0.0,0.0,0.0,0.0,0.0,0.0,0.0
0.65352196,-0.66574144,0.0,0.0,0.0,1.0,0.0,0.0,0.0,0.0,0.0,0.0,0.0,0.0,1.0,0.0,0.0,0.0
-0.6029598,0.95938975,0.12336165,0.01814574,0.014779329,0.8331283,0.07585716,0.010611951,-0.032764494,-0.0136425495,0.04645294,0.07107884,0.0061861873,-0.023758888,0.95300096,0.002631545,-0.0022478104,0.018325448
0.65352196,-0.6659254,0.0,0.0,0.0,1.0,0.0,0.0,0.0,0.0,0.0,0.0,0.0,0.0,1.0,0.0,0.0,0.0
-0.5912707,0.16238761,0.060089707,0.006677389,0.005039513,0.94117326,0.032840133,0.0059859157,-0.013175368,-0.002848506,0.028351009,0.028624892,0.008342564,-0.01978147,0.9520785,-0.004065335,-0.004039645,0.013790131
-0.7457144,-0.71227115,0.0036190152,0.00050759315,0.00031596422,0.9911763,0.0025956035,0.0004220605,0.9953061,-0.00078451633,0.00089782476,0.00096458197,9.858608e-05,-0.0016658902,-0.00041145086,-4.1127205e-06,-3.8325787e-05,0.00043404102
-0.74571615,4.7328105,0.23352873,-0.018331885,0.031684935,0.8557432,0.15396559,0.016732097,0.90679723,-0.028078556,0.12796712,0.08183867,-0.0013920665,0.035064995,0.033712983,-0.040512145,-0.0016949773,0.034524202
0.65352196,-0.65998256,0.0,0.0,0.0,1.0,0.0,0.0,0.0,0.0,0.0,0.0,0.0,0.0,1.0,0.0,0.0,0.0
-0.7098478,2.3461285,0.12101352,0.027065754,0.0081115365,0.8562413,0.09412855,0.018534243,-0.053007424,-0.017157853,0.04224962,0.07695937,0.0038004518,-0.026028275,0.9560234,0.009312987,-0.0051367283,0.012788892
1.0279729,-0.7009181,0.0,0.0,0.0,0.0,1.0,0.0,1.0,0.0,0.0,0.0,0.0,0.0,0.0,0.0,0.0,0.0
-0.19206472,0.5898058,0.0,0.0,0.0,1.0,0.0,0.0,1.0,0.0,0.0,0.0,0.0,0.0,0.0,0.0,0.0,0.0
-0.63908315,-0.089413166,-0.09691954,-0.025828004,-0.015138388,1.0825877,-0.066512346,-0.009018242,0.073421836,0.02408272,0.999203,-0.03574407,-0.0037093759,0.084777236,0.015985906,-0.002133131,-0.0009899139,0.0035676956
-0.45960444,-0.6998718,0.0030388236,-0.05111283,-0.010695457,1.0677786,0.016653359,0.011104882,0.0016816854,0.039963186,0.07008624,0.002102673,0.008010566,0.061032712,1.0084465,-0.083972454,0.013468385,0.054282784
-0.61103237,0.16175224,0.0,0.0,0.0,1.0,0.0,0.0,0.0,0.0,0.0,0.0,0.0,1.0,0.0,0.0,0.0,0.0
0.65352196,-0.6662842,0.0,0.0,0.0,1.0,0.0,0.0,0.0,0.0,0.0,0.0,0.0,0.0,1.0,0.0,0.0,0.0
-0.72672963,2.1403198,0.0,0.0,0.0,1.0,0.0,0.0,1.0,0.0,0.0,0.0,0.0,0.0,0.0,0.0,0.0,0.0
-0.5901685,0.8737168,0.063803494,0.0075947046,0.012207031,0.79079586,0.04288459,0.0039629936,-0.024573505,-0.006608546,0.039822817,0.03947711,0.0002731681,-0.036209583,0.8498525,-0.009755909,-0.00065612793,0.009116173
-0.5723353,-0.7058191,-0.019663393,-0.058718443,-0.011934519,1.0988395,0.005594015,0.0055238605,0.01745087,0.044753492,0.07206637,0.017254055,0.00015336275,0.0742861,0.9889515,-0.09237051,0.01057601,0.04976797
-0.73762786,-0.71207434,0.038294494,-0.022702932,0.00065135956,0.9882241,0.028073788,0.0051456094,-0.0020818114,0.012239516,0.047512293,0.031447053,0.006757796,0.013179123,0.986487,-0.045103967,0.00020301342,0.026059449
-0.45615077,-0.6525111,0.0069820285,-0.046305418,-0.0076696277,1.032268,0.012491107,0.009995818,-0.0012722611,0.03709477,0.065990746,-0.0007263422,0.00891763,0.057399333,0.999826,-0.07471532,0.012963474,0.050057232
0.65352196,-0.6605934,0.0,0.0,0.0,1.0,0.0,0.0,0.0,0.0,0.0,0.0,0.0,0.0,1.0,0.0,0.0,0.0
0.493308,-0.5411865,0.0,0.0,0.0,0.0,1.0,0.0,1.0,0.0,0.0,0.0,0.0,0.0,0.0,0.0,0.0,0.0
-0.09300548,-0.55053324,0.00017046928,-0.00020432472,1.2993813e-05,1.0000741,0.00034332275,2.8431416e-05,-0.00016838312,-0.0003771782,0.99993545,-0.00075030327,-8.7976456e-05,-0.00033783913,0.0004888177,1.9848347e-05,3.528595e-05,-0.00011533499
0.65352196,-0.66458046,0.0,0.0,0.0,1.0,0.0,0.0,0.0,0.0,0.0,0.0,0.0,0.0,1.0,0.0,0.0,0.0
3.5607915,-0.6676167,0.0,0.0,0.0,1.0,0.0,0.0,1.0,0.0,0.0,0.0,0.0,0.0,0.0,0.0,0.0,0.0
1.5471033,0.27505723,0.0,0.0,0.0,1.0,0.0,0.0,1.0,0.0,0.0,0.0,0.0,0.0,0.0,0.0,0.0,0.0
0.9709358,0.7898106,0.0,0.0,0.0,1.0,0.0,0.0,1.0,0.0,0.0,0.0,0.0,0.0,0.0,0.0,0.0,0.0
-0.61723495,-0.13282382,0.21001697,0.030914783,0.01300627,0.83702356,0.12284988,0.02780509,0.9130388,-0.05897689,0.03191769,0.03891915,0.0032527447,-0.11490673,-0.002122879,0.010611951,-0.0045051575,0.010926843
-0.5080874,0.06844448,0.0,0.0,0.0,1.0,0.0,0.0,0.0,0.0,0.0,0.0,0.0,1.0,0.0,0.0,0.0,0.0
0.056293726,0.5404721,0.079131186,-0.035687625,-0.014659166,1.0240941,0.061510205,0.014262438,0.99982935,-0.122721195,0.043620527,-0.14418435,-0.010721147,-0.13385409,0.011080921,-0.0023350716,0.010052323,0.009977043
-0.09655672,-0.579318,-2.3841858e-06,6.9499016e-05,2.8431416e-05,0.9998705,-3.4928322e-05,2.4974346e-05,6.264448e-05,0.00010198355,1.0001409,0.00017386675,4.7266483e-05,9.518862e-05,-6.401539e-05,2.670288e-05,2.3305416e-05,5.2392483e-05
-0.6361412,2.8154771,0.15301919,0.022723794,0.005797684,0.77589947,0.107085824,0.010250866,-0.04865861,-0.032069623,0.06317544,0.05827725,0.013384521,-0.023349822,0.88235956,-0.00044566393,-0.007171631,-0.009836316
-0.20249833,0.58287084,0.0,0.0,0.0,1.0,0.0,0.0,1.0,0.0,0.0,0.0,0.0,0.0,0.0,0.0,0.0,0.0
-0.5850513,-0.71180564,-0.020690262,-0.0586192,-0.012013257,1.0966403,0.003998935,0.0050668716,0.019999206,0.044002175,0.069447875,0.01623404,-0.00031387806,0.07667011,0.9882789,-0.093162894,0.010978222,0.049879253
-0.093833804,-0.56468344,-0.00035321712,0.0004733801,-5.7816505e-06,0.9997147,-0.00074344873,-4.518032e-05,0.0003963709,0.0008533597,1.0001991,0.0016799569,0.00021326542,0.0007660389,-0.0010669231,-2.8073788e-05,-6.2286854e-05,0.00027483702
2.0465257,-0.6509553,0.0,0.0,0.0,0.0,1.0,0.0,1.0,0.0,0.0,0.0,0.0,0.0,0.0,0.0,0.0,0.0
-0.7261972,0.5424488,0.21647936,0.029620945,0.015012085,0.79830223,0.15413159,0.017267764,0.9170316,-0.03559178,0.04165232,0.068321705,0.0046955347,-0.10692459,0.0070641637,0.004991591,0.006843388,0.009261608
-0.026796699,1.2686298,-0.0052325726,0.0041872263,-0.0021057725,1.0010924,-0.0016744733,-0.00414747,0.005053222,0.008092701,-0.002341926,0.0032921433,-4.005432e-05,0.0058884025,1.0025797,0.00037753582,0.0016697049,-0.0010771751
-0.70557433,2.3553822,0.12127197,0.028019011,0.0074646473,0.8502632,0.0948593,0.018751562,-0.051766574,-0.018381536,0.041790962,0.07754123,0.0039322376,-0.02707225,0.95094556,0.010307312,-0.005225718,0.012071848
-0.6402465,1.5809383,1.0,0.0,0.0,0.0,0.0,0.0,0.0,0.0,0.0,1.0,0.0,0.0,0.0,0.0,0.0,0.0
-0.5914127,0.16926414,0.0604046,0.006848514,0.0051439404,0.9415069,0.03303528,0.0059517026,-0.012939155,-0.0028690696,0.02842635,0.02885592,0.008349419,-0.019880772,0.9523249,-0.0038343072,-0.0041149855,0.013826072
0.9690809,1.2391902,0.0,0.0,0.0,1.0,0.0,0.0,1.0,0.0,0.0,0.0,0.0,0.0,0.0,0.0,0.0,0.0
-0.096098006,-0.58477914,-0.00049871206,0.00075918436,4.553795e-05,0.99932796,-0.0011216402,-6.401539e-05,0.00067192316,0.001339376,1.0004694,0.0026212335,0.00034844875,0.0011819005,-0.0016008615,-4.6908855e-05,-0.000103354454,0.00043404102
0.65352196,-0.6647122,0.0,0.0,0.0,1.0,0.0,0.0,0.0,0.0,0.0,0.0,0.0,0.0,1.0,0.0,0.0,0.0
-0.59486127,0.36422282,0.07493985,0.012172818,0.0066619515,0.94422644,0.04065287,0.0036190152,-0.012425721,-0.0032986403,0.03348708,0.034647405,0.009983838,-0.021508336,0.96015483,-0.0013766885,-0.0064048767,0.016278565
-0.45817026,-0.6524033,0.007009387,-0.046356738,-0.007686734,1.0326154,0.012504816,0.010014653,-0.0012551546,0.037142694,0.06609172,-0.0007160306,0.008939862,0.057488322,1.0000381,-0.07479745,0.012978911,0.05013597
-0.5807778,-0.3482445,0.19452673,0.030777872,0.009814441,0.9137799,0.13088685,0.024457514,1.0085337,-0.04910189,0.03418362,0.035181403,0.0025528073,-0.100263655,-0.010074198,0.0092102885,-0.0036734343,0.017529607
-0.47219038,0.6341323,0.08515543,0.02746278,-0.0011575818,0.92607826,0.051234722,0.017865062,-0.028710067,-0.019926965,0.9654414,0.035559595,0.019961536,-0.03915155,-0.009268105,0.0029002428,0.003702879,-0.0029922724
-0.094958186,-0.56242603,0.00028681755,-0.0003361106,3.0100346e-05,0.99999887,0.0005778074,4.8935413e-05,-0.00029331446,-0.00063222647,1.0000021,-0.0012568831,-0.00014442205,-0.0005723238,0.0008276701,4.8935413e-05,6.264448e-05,-0.00019407272
0.63961047,-0.6299337,0.0,0.0,0.0,1.0,0.0,0.0,0.0,0.0,0.0,0.0,0.0,0.0,1.0,0.0,0.0,0.0
-0.05141747,-0.3612326,0.10629171,0.015020609,0.016961396,0.8470389,0.020742,0.0007147193,0.04158902,-0.14828324,-0.0409469,-0.013712704,0.005327046,-0.19981128,0.83283216,0.03757912,0.00092178583,-0.018239498
-0.6157169,-0.07558131,0.1853962,0.028773785,0.01348716,0.89151233,0.11683935,0.01882857,0.9745377,-0.048952997,0.03413397,0.04074359,0.0012127161,-0.09856081,-0.0083217025,0.009270191,0.0014112592,0.009160638
-0.14181745,-0.5678633,-0.0012072325,0.011294842,0.0010005236,0.9943271,-9.137392e-05,0.0021146536,0.027505577,0.032167554,1.010437,0.027457654,0.010457933,0.045583546,-0.019028485,-0.016454458,0.0007318258,0.011710703
0.65352196,-0.66077095,0.0,0.0,0.0,1.0,0.0,0.0,0.0,0.0,0.0,0.0,0.0,0.0,1.0,0.0,0.0,0.0
0.9709358,0.95200396,0.0,0.0,0.0,1.0,0.0,0.0,1.0,0.0,0.0,0.0,0.0,0.0,0.0,0.0,0.0,0.0
2.629881,-0.6552618,0.0,0.0,0.0,0.0,1.0,0.0,1.0,0.0,0.0,0.0,0.0,0.0,0.0,0.0,0.0,0.0
0.63961047,-0.6370596,0.0,0.0,0.0,1.0,0.0,0.0,0.0,0.0,0.0,0.0,0.0,0.0,1.0,0.0,0.0,0.0
2.9996946,1.7584563,0.0,0.0,0.0,1.0,0.0,0.0,1.0,0.0,0.0,0.0,0.0,0.0,0.0,0.0,0.0,0.0
-0.75153846,4.391575,1.0,0.0,0.0,0.0,0.0,0.0,1.0,0.0,0.0,0.0,0.0,0.0,0.0,0.0,0.0,0.0
-0.5719434,-0.7040922,-0.018949747,-0.058574736,-0.011202037,1.0964727,0.005039513,0.005669296,0.016925454,0.04596007,0.071866095,0.016458213,-0.0002744794,0.07409614,0.9884158,-0.09170818,0.009826422,0.04914677
-0.45558771,-0.6525813,0.006338477,-0.045119345,-0.0073598623,1.0176728,0.012200177,0.009165823,-0.0011302233,0.036239088,0.06366831,-0.0019944906,0.008227944,0.05610031,0.9968173,-0.07175791,0.012831688,0.048700035
0.6794901,0.95200163,0.0,0.0,0.0,1.0,0.0,0.0,1.0,0.0,0.0,0.0,0.0,0.0,0.0,0.0,0.0,0.0
-0.7069281,2.3478947,0.12130791,0.02737379,0.00799346,0.8526353,0.09380162,0.018784106,-0.053106666,-0.01779449,0.042230844,0.07732731,0.0037251115,-0.027222812,0.951305,0.009810984,-0.005251348,0.012571573
-0.73762697,1.5642351,1.0,0.0,0.0,0.0,0.0,0.0,1.0,0.0,0.0,0.0,0.0,0.0,0.0,0.0,0.0,0.0
0.65352196,-0.66573375,0.0,0.0,0.0,1.0,0.0,0.0,0.0,0.0,0.0,0.0,0.0,0.0,1.0,0.0,0.0,0.0
0.65352196,-0.66362846,0.0,0.0,0.0,1.0,0.0,0.0,0.0,0.0,0.0,0.0,0.0,0.0,1.0,0.0,0.0,0.0
-0.6453474,0.9474164,0.0,0.0,0.0,1.0,0.0,0.0,0.0,0.0,0.0,0.0,0.0,1.0,0.0,0.0,0.0,0.0
-0.7139774,0.9518853,0.0,0.0,0.0,1.0,0.0,0.0,0.0,0.0,0.0,0.0,0.0,1.0,0.0,0.0,0.0,0.0
0.055978835,-0.119428396,-0.0063329935,0.0002834201,0.0003758669,1.0036116,-0.0037111044,-0.0010155439,0.9988795,0.009769917,-0.0005431771,0.010040343,0.00088757277,0.006547272,0.0027136803,-0.0026568174,-0.00082731247,-0.00074517727
0.65352196,-0.6607508,0.0,0.0,0.0,1.0,0.0,0.0,0.0,0.0,0.0,0.0,0.0,0.0,1.0,0.0,0.0,0.0
-0.73762697,1.4173876,1.0,0.0,0.0,0.0,0.0,0.0,1.0,0.0,0.0,0.0,0.0,0.0,0.0,0.0,0.0,0.0
0.085297465,-0.55542284,0.01950121,0.008349419,0.0017107725,1.0003257,0.020671785,0.0052174926,0.021471024,0.017113745,1.0084636,0.010774553,0.008905649,0.016396642,0.00889194,-0.013904393,0.00458771,0.010112226
-0.71956533,2.3486083,0.12130791,0.025126696,0.009441316,0.8510557,0.09229559,0.018855989,-0.05302453,-0.014763534,0.04166603,0.074741304,0.004864931,-0.020887077,0.9531191,0.008972406,-0.0051024556,0.014123857
1.3630079,-0.66366124,0.0,1.0,0.0,0.0,0.0,0.0,0.0,1.0,0.0,0.0,0.0,0.0,0.0,0.0,0.0,0.0
-0.45690894,-0.65231943,0.006990552,-0.04632938,-0.0076782107,1.0323792,0.0124928355,0.010004401,-0.0012637377,0.037117004,0.06603354,-0.00072288513,0.008926213,0.057443798,0.999891,-0.07475293,0.012970328,0.050091445
0.117871344,-0.57846737,0.021092832,0.008852601,0.0025168657,1.0004387,0.02367711,0.006966591,0.026966512,0.02006936,0.99164873,0.011176765,0.010187507,0.017781198,0.011700451,-0.01576817,0.004976213,0.011804819
-0.58152914,-0.34646288,0.17676711,0.030141175,0.009610772,0.96376246,0.11913437,0.022699893,1.0343628,-0.045547247,0.03197074,0.03167981,0.0014814138,-0.09573692,-0.0103001,0.009877741,-0.0043665767,0.014650941
-0.73762697,1.4614286,1.0,0.0,0.0,0.0,0.0,0.0,1.0,0.0,0.0,0.0,0.0,0.0,0.0,0.0,0.0,0.0
-0.15933233,-0.52295,0.010156691,-0.011937976,0.0079369545,0.93203074,-0.008720458,-0.016745389,-0.015715122,-0.022684097,0.00097996,0.019232512,-0.010775924,-0.065387964,1.0437655,0.017011046,0.007914722,-0.021403968
-0.09304142,-0.56427443,-0.00068181753,0.00090128183,-1.4364719e-05,1.0001187,-0.0013955235,-7.766485e-05,0.0007728934,0.0016542673,1.0000296,0.0032151341,0.0003963709,0.0014711618,-0.0020355582,-4.8577785e-05,-0.00012391806,0.00051277876
-0.16009218,-0.32781845,0.00116992,-0.01378119,-0.0067745447,0.9617327,-0.022968173,-0.020005703,-0.026534855,-0.055985272,-0.0036203861,0.004052043,-0.0064938664,-0.08074641,1.0656326,0.014407933,0.005417764,-0.015709996
-0.73762697,1.578023,1.0,0.0,0.0,0.0,0.0,0.0,1.0,0.0,0.0,0.0,0.0,0.0,0.0,0.0,0.0,0.0
-0.59081197,1.7247524,0.10327959,0.017510772,0.013458073,0.700093,0.080448985,0.021229744,-0.051259995,-0.028949678,0.03661561,0.06348348,0.0091897845,-0.05189836,0.8849421,0.008705437,-0.006878972,0.012381613
3.63174,2.6231434,0.0,0.0,0.0,1.0,0.0,0.0,1.0,0.0,0.0,0.0,0.0,0.0,0.0,0.0,0.0,0.0
0.09089905,-0.5855887,0.012544155,0.0012246966,0.0003399253,1.0015631,0.017447472,0.005279124,0.020565689,0.0111989975,1.0819168,0.0071154833,0.008253574,0.012961745,0.010560632,-0.012098849,0.0036172867,0.008248448
-0.7292675,2.1635008,0.031354606,0.01218307,-0.002834797,0.9593778,0.032063127,0.0059807897,-0.02617371,-0.0103600025,0.9987152,0.014409661,0.005633414,-0.01883334,0.005048096,0.0054947734,0.0007198453,-0.0030829906
1.6500484,-0.42911854,0.0,0.0,0.0,0.0,1.0,0.0,1.0,0.0,0.0,0.0,0.0,0.0,0.0,0.0,0.0,0.0
-0.5816815,-0.70429415,-0.021648705,-0.059136033,-0.01213479,1.1005819,0.0034359097,0.0050172806,0.020050526,0.044330776,0.06944102,0.015806198,-0.00049871206,0.07700384,0.990141,-0.09367806,0.011168182,0.049889505
-0.73762697,-0.7064894,0.0,1.0,0.0,0.0,0.0,0.0,0.0,0.0,0.0,0.0,0.0,0.0,0.0,1.0,0.0,0.0
-0.5856862,-0.59066993,-0.010421634,-0.034191847,-0.005265057,1.0482478,0.0019058585,0.0025579333,0.008323789,0.026583135,0.038381815,0.0082963705,-0.00023174286,0.044650793,0.99995774,-0.05515355,0.0050566196,0.02674228
-0.45665735,-0.65232116,0.0069871545,-0.046322525,-0.007676482,1.0323348,0.012491107,0.010002673,-0.0012654066,0.03711021,0.06601983,-0.00072288513,0.008924484,0.057431817,0.99986356,-0.074742675,0.0129686,0.050082922
-0.4571605,-0.65234685,0.0069939494,-0.046334505,-0.0076798797,1.032429,0.012494564,0.01000613,-0.0012620091,0.03712219,0.066043794,-0.0007212162,0.00892961,0.057450652,0.99992186,-0.07476151,0.012972057,0.050101757
0.65352196,-0.66006535,0.0,0.0,0.0,1.0,0.0,0.0,0.0,0.0,0.0,0.0,0.0,0.0,1.0,0.0,0.0,0.0
-0.06816393,-0.38667828,0.0010586977,-0.00088721514,-0.00010162592,1.0001922,0.00078487396,0.00018072128,-0.00057399273,-0.0022906065,0.999535,-0.0031685233,-0.0003926158,-0.0015615225,0.0015516281,-8.7976456e-05,0.00010883808,-0.0003309846
-0.73762697,-0.70654374,0.0,1.0,0.0,0.0,0.0,0.0,0.0,0.0,0.0,0.0,0.0,0.0,0.0,1.0,0.0,0.0
-0.45665392,-0.6525111,0.006990552,-0.046319067,-0.0076730847,1.0323606,0.012494564,0.010001004,-0.0012688637,0.037106752,0.066016436,-0.00072288513,0.008922756,0.057419837,0.9998842,-0.07473582,0.012966931,0.050076067
-0.73762697,-0.7065471,0.0,1.0,0.0,0.0,0.0,0.0,0.0,0.0,0.0,0.0,0.0,0.0,0.0,1.0,0.0,0.0
-0.6500398,2.659339,-0.005858958,-0.001554668,0.0008276701,1.0217135,-0.0046541095,-0.00051242113,0.00337255,0.002607584,0.99855095,-0.0016693473,-0.0014708042,0.0017809272,0.0014728904,-0.0014981627,0.00083106756,0.0005658269
-0.6384277,2.7239099,0.13798249,0.024226487,0.009550869,0.838788,0.113300085,0.01743716,-0.05120182,-0.022081673,0.06495702,0.069576204,0.013574481,-0.029666781,0.9048205,0.0046629906,0.00082081556,-0.00927496
-0.73113126,2.4438002,0.31889874,0.0020769835,-0.013543308,0.7782852,0.2407065,0.03661561,-0.11073941,-0.10242349,0.0895915,0.08571851,0.010586262,0.98452395,-0.0053369403,0.01775378,9.518862e-05,0.025326908
-0.5871358,-0.70407164,-0.021077037,-0.059094965,-0.012076616,1.0992725,0.00387913,0.005000174,0.020129263,0.044310212,0.069524884,0.016092002,-0.0002744794,0.07688749,0.98970276,-0.09358394,0.010947406,0.050065815
-0.09658235,-0.5846542,-0.00061678886,0.00093203783,4.8935413e-05,0.99912935,-0.001388669,-8.4519386e-05,0.00082594156,0.0016440153,1.000603,0.0032322407,0.00042545795,0.0014540553,-0.0019893646,-6.401539e-05,-0.00013417006,0.0005315542
0.65352196,-0.6617678,0.0,0.0,0.0,1.0,0.0,0.0,0.0,0.0,0.0,0.0,0.0,0.0,1.0,0.0,0.0,0.0
0.08545321,-0.56394064,0.0156008005,0.006294012,0.0034683943,0.9932421,0.014616728,0.002277255,0.015684664,0.012124896,1.0701113,0.013191104,0.009769917,0.01803279,0.0041923523,-0.008386731,0.004763961,0.0073003173
-0.4338969,-0.65153044,0.008222818,-0.040854454,-0.0077090263,1.0074692,0.014250457,0.0066414475,-0.0022974014,0.041701972,0.06165737,0.002424419,0.009008348,0.054459035,1.0006561,-0.06679475,0.011291385,0.044026136
-0.49092987,0.30377853,0.0,0.0,0.0,1.0,0.0,0.0,0.0,0.0,0.0,0.0,0.0,1.0,0.0,0.0,0.0,0.0
0.65352196,-0.66247517,0.0,0.0,0.0,1.0,0.0,0.0,0.0,0.0,0.0,0.0,0.0,0.0,1.0,0.0,0.0,0.0
0.63961047,-0.62728214,0.0,0.0,0.0,1.0,0.0,0.0,0.0,0.0,0.0,0.0,0.0,0.0,1.0,0.0,0.0,0.0
-0.7237155,0.6683139,1.0,0.0,0.0,0.0,0.0,0.0,1.0,0.0,0.0,0.0,0.0,0.0,0.0,0.0,0.0,0.0
0.65352196,-0.65929306,0.0,0.0,0.0,1.0,0.0,0.0,0.0,0.0,0.0,0.0,0.0,0.0,1.0,0.0,0.0,0.0
0.63961047,-0.6582539,0.0,0.0,0.0,1.0,0.0,0.0,0.0,0.0,0.0,0.0,0.0,0.0,1.0,0.0,0.0,0.0
0.65352196,-0.6611432,0.0,0.0,0.0,1.0,0.0,0.0,0.0,0.0,0.0,0.0,0.0,0.0,1.0,0.0,0.0,0.0
0.65352196,-0.6631416,0.0,0.0,0.0,1.0,0.0,0.0,0.0,0.0,0.0,0.0,0.0,0.0,1.0,0.0,0.0,0.0
-0.6695297,-0.028408885,0.20048422,0.03213334,0.01279062,0.80425113,0.11920112,0.019116104,0.9230456,-0.056312203,0.031031132,0.039379537,0.00079345703,-0.108909845,-0.012321353,0.01342386,0.0059363246,0.009011745
-0.6402465,1.5803814,1.0,0.0,0.0,0.0,0.0,0.0,0.0,0.0,0.0,1.0,0.0,0.0,0.0,0.0,0.0,0.0
-0.0964061,-0.5907624,-0.000669837,0.00091326237,2.4974346e-05,0.99822754,-0.001414299,-0.000103354454,0.000819087,0.0016200542,1.0013063,0.003186047,0.00040322542,0.0014334917,-0.001972258,-7.939339e-05,-0.00015640259,0.00050246716
-0.68965966,2.24687,0.028999686,0.010793388,-0.0020834804,0.9165712,0.028178155,0.0046766996,-0.021102726,-0.010358334,0.9988025,0.012337089,0.0042026043,-0.015294075,0.00261271,0.005414307,0.0005812049,-0.00049871206
-0.57250476,-0.335727,0.14868069,0.03179443,-0.0011644363,0.8236726,0.0953334,0.020081341,0.8914165,-0.050662696,0.018910706,0.016831338,0.004743457,-0.103566766,-0.00060993433,0.02589339,-0.00087863207,0.014731407
0.65352196,-0.66614383,0.0,0.0,0.0,1.0,0.0,0.0,0.0,0.0,0.0,0.0,0.0,0.0,1.0,0.0,0.0,0.0
-0.58556986,-0.44613713,-0.0018541813,-0.005051136,0.00011396408,1.0048113,-0.00081187487,0.0004733801,0.00039809942,0.004402876,0.0050189495,0.00020468235,-0.00053977966,0.0062289834,1.0005293,-0.008874476,0.00093376637,0.003708005
-0.21965583,0.6117686,0.0,0.0,0.0,1.0,0.0,0.0,1.0,0.0,0.0,0.0,0.0,0.0,0.0,0.0,0.0,0.0
-0.45716223,-0.65227836,0.0069939494,-0.046336174,-0.0076798797,1.0324187,0.012494564,0.010007799,-0.0012602806,0.03712386,0.06604719,-0.0007212162,0.00892961,0.057455778,0.99991494,-0.07476491,0.012972057,0.050103426
1.3908309,-0.6689255,0.0,0.0,0.0,0.0,1.0,0.0,0.0,0.0,0.0,1.0,0.0,0.0,0.0,0.0,0.0,0.0
0.07007426,-0.5737712,0.009340346,0.004188955,0.00090640783,0.9930983,0.010030091,0.0027290583,0.010908067,0.008720815,0.95503753,0.004873514,0.004129052,0.0077127814,0.005000174,-0.006752312,0.0021780133,0.0050189495
-0.73762697,0.9914481,1.0,0.0,0.0,0.0,0.0,0.0,1.0,0.0,0.0,0.0,0.0,0.0,0.0,0.0,0.0,0.0
0.65352196,-0.6639983,0.0,0.0,0.0,1.0,0.0,0.0,0.0,0.0,0.0,0.0,0.0,0.0,1.0,0.0,0.0,0.0
-0.5969903,-0.70545965,-0.021373153,-0.059332848,-0.01154089,1.0968099,0.0032647252,0.0045021176,0.02029699,0.044710696,0.074462354,0.018236399,-0.0012979507,0.08188146,0.9813579,-0.09699994,0.011510491,0.05163002
-0.58541924,-0.58231986,-0.008078694,-0.033763945,-0.004103005,1.0410392,0.0022652745,0.0038312674,0.0084863305,0.028840482,0.038872957,0.007856548,-0.00023341179,0.0487805,0.9993331,-0.05817592,0.005166173,0.02904588
0.65352196,-0.660653,0.0,0.0,0.0,1.0,0.0,0.0,0.0,0.0,0.0,0.0,0.0,0.0,1.0,0.0,0.0,0.0
-0.73762697,-0.70644,0.0,1.0,0.0,0.0,0.0,0.0,0.0,0.0,0.0,0.0,0.0,0.0,0.0,1.0,0.0,0.0
-0.62275773,-0.4234691,-0.0014622211,-0.0031685233,-4.6908855e-05,1.0027149,-0.00035494566,6.777048e-05,0.00025945902,0.0023371577,0.0030285716,0.00031250715,-0.00040626526,0.0031996965,1.0000725,-0.004927933,0.0005264282,0.0019572377
-0.71933603,2.3486152,0.12128049,0.02512157,0.009439647,0.8510744,0.09227502,0.018852532,-0.05301422,-0.014760137,0.041657507,0.0747242,0.004863262,-0.02088368,0.9531259,0.008970678,-0.0051007867,0.014118731
-0.45589748,-0.65247005,0.0069785714,-0.046300232,-0.0076696277,1.0322185,0.0124877095,0.009994149,-0.0012739897,0.037089646,0.065978765,-0.0007263422,0.008915901,0.05739075,0.99979514,-0.07470673,0.012961745,0.05004865
0.12720382,0.7362334,-0.013289988,0.015080512,-0.009083271,0.9984551,0.011293113,-0.006432295,0.018631756,0.04480654,-0.0076884627,0.016978502,0.00035870075,0.023865342,1.0103838,0.0022960901,0.0057994127,-0.003591299
-0.21965583,0.5929245,0.0,0.0,0.0,1.0,0.0,0.0,1.0,0.0,0.0,0.0,0.0,0.0,0.0,0.0,0.0,0.0
3.2793155,1.2413442,0.0,0.0,0.0,1.0,0.0,0.0,1.0,0.0,0.0,0.0,0.0,0.0,0.0,0.0,0.0,0.0
-0.6402465,1.5778861,1.0,0.0,0.0,0.0,0.0,0.0,0.0,0.0,0.0,1.0,0.0,0.0,0.0,0.0,0.0,0.0
1.5508131,0.19437282,0.0,0.0,0.0,1.0,0.0,0.0,1.0,0.0,0.0,0.0,0.0,0.0,0.0,0.0,0.0,0.0
0.6794901,0.95081675,0.0,0.0,0.0,1.0,0.0,0.0,1.0,0.0,0.0,0.0,0.0,0.0,0.0,0.0,0.0,0.0
-0.73762697,2.1958158,1.0,0.0,0.0,0.0,0.0,0.0,1.0,0.0,0.0,0.0,0.0,0.0,0.0,0.0,0.0,0.0
0.10077214,2.6694357,0.0,0.0,0.0,1.0,0.0,0.0,1.0,0.0,0.0,0.0,0.0,0.0,0.0,0.0,0.0,0.0
0.9737181,1.2067914,0.0,0.0,0.0,1.0,0.0,0.0,1.0,0.0,0.0,0.0,0.0,0.0,0.0,0.0,0.0,0.0
0.65352196,-0.6647189,0.0,0.0,0.0,1.0,0.0,0.0,0.0,0.0,0.0,0.0,0.0,0.0,1.0,0.0,0.0,0.0
0.08454102,-0.5969561,0.012884736,0.0032630563,0.0006941557,0.991558,0.014404535,0.0045534372,0.018325448,0.011287987,0.8563251,0.0058250427,0.007620394,0.012261808,0.007758975,-0.010004044,0.004399419,0.007895887
-0.63049173,0.0829494,0.19139647,0.03103286,0.010565758,0.7787165,0.12509531,0.018936396,0.8980809,-0.045119345,0.037573993,0.046461523,0.0020119548,-0.114961505,0.0034307837,0.01023376,-0.00065100193,0.0056470633
-0.5635984,-0.71155924,-0.19322056,-0.022571146,-0.02855432,1.1839375,-0.12549883,-0.016218305,0.1471318,0.086777866,0.9612432,-0.056281388,-0.00175488,0.19836205,0.051876485,0.00857532,-0.004458964,-0.0072708726
-0.7177358,2.3345711,0.1177156,0.025932789,0.00837338,0.8582248,0.09214157,0.017914653,-0.05298859,-0.015757918,0.041217625,0.07355875,0.0039852858,-0.02480799,0.95813185,0.0081115365,-0.005268514,0.012569845
2.5649607,-0.59165347,0.0,0.0,0.0,0.0,1.0,0.0,1.0,0.0,0.0,0.0,0.0,0.0,0.0,0.0,0.0,0.0
0.63961047,-0.6605601,0.0,0.0,0.0,1.0,0.0,0.0,0.0,0.0,0.0,0.0,0.0,0.0,1.0,0.0,0.0,0.0
-0.116188645,-0.5699701,0.012535632,0.011032999,0.0019863248,1.025691,0.012188196,0.004947126,0.029189646,0.029786944,1.007483,0.020493805,0.012092352,0.039884448,-0.008422673,-0.02090764,0.0029293299,0.01282829
1.3908309,-0.67317533,0.0,0.0,0.0,0.0,1.0,0.0,0.0,0.0,0.0,1.0,0.0,0.0,0.0,0.0,0.0,0.0
-0.73762697,1.8901424,1.0,0.0,0.0,0.0,0.0,0.0,1.0,0.0,0.0,0.0,0.0,0.0,0.0,0.0,0.0,0.0
1.3630079,-0.6753892,0.0,1.0,0.0,0.0,0.0,0.0,0.0,1.0,0.0,0.0,0.0,0.0,0.0,0.0,0.0,0.0
-0.0980525,-0.5891416,8.833408e-05,-0.00022315979,4.553795e-05,1.0000963,0.00040495396,2.3305416e-05,-0.00021117926,-0.00040972233,0.99995095,-0.00084102154,-8.112192e-05,-0.00045251846,0.00063598156,5.5789948e-05,6.264448e-05,-0.00013244152
-0.570475,-0.33461627,0.14133686,0.030332863,-0.0011096597,0.83866304,0.09077579,0.019167423,0.90181524,-0.048513174,0.018072128,0.016059458,0.004519224,-0.099353194,-0.00056886673,0.024705648,-0.00083070993,0.014065623
-0.4569072,-0.6524153,0.0069922805,-0.046325922,-0.007676482,1.0323913,0.012494564,0.010004401,-0.0012654066,0.037113607,0.066030085,-0.00072288513,0.008926213,0.057435274,0.99990124,-0.07474953,0.012970328,0.050088048
0.07518631,-0.59053814,0.010420263,0.0012965798,0.00016021729,1.011498,0.014472961,0.0042728186,0.016988814,0.009042561,0.8994158,0.0054673553,0.0068091154,0.010302186,0.008698583,-0.009935558,0.0034838319,0.0070367455
-0.54280436,-0.49145776,-0.13979793,-0.021900237,-0.020804942,1.0864573,-0.09095687,-0.012453139,0.10294759,0.0530591,0.95094377,-0.04181969,-0.0005774498,0.14265984,0.032687843,-0.0043340325,-0.0025438666,0.00087046623
0.52182657,-0.67440015,0.0,0.0,0.0,0.0,1.0,0.0,1.0,0.0,0.0,0.0,0.0,0.0,0.0,0.0,0.0,0.0
-0.65924907,0.03351444,0.19578123,0.048862636,0.02367711,0.78548354,0.158198,0.025022268,0.861278,-0.057056665,0.045266926,0.07021117,0.0044644475,-0.14984578,-0.0050049424,0.019828081,0.0016799569,0.011180162
-0.6281899,0.8151746,0.0,0.0,0.0,1.0,0.0,0.0,0.0,0.0,0.0,0.0,0.0,1.0,0.0,0.0,0.0,0.0
-0.73762786,-0.7120983,0.038292766,-0.022702932,0.00065135956,0.9882224,0.02807206,0.0051456094,-0.0020818114,0.012239516,0.047512293,0.031445324,0.006757796,0.013179123,0.98648363,-0.045103967,0.00020301342,0.02605772
-0.6010618,-0.2383033,0.13703603,0.024228156,0.0045158267,0.86374086,0.08759594,0.01847434,0.94406897,-0.045280218,0.020170331,0.023625731,0.0010022521,-0.09025687,-0.0020287037,0.01327157,0.0009953976,0.009982169
0.086690605,0.64342886,0.046925306,-0.032396495,-0.0023556352,0.8630015,0.046155155,0.0042214394,0.7221927,-0.05920112,0.03622365,-0.059524536,-0.0014502406,-0.10748422,0.040100098,-0.010368586,0.010444224,0.0040468574
-0.58239853,-0.7056496,-0.02147752,-0.05900085,-0.012102246,1.1002994,0.003526628,0.0050224066,0.019997478,0.04421264,0.069345176,0.015833557,-0.000474751,0.07677966,0.9899698,-0.09348637,0.011121988,0.0498091
-0.5800248,-0.7059988,-0.021652102,-0.0590505,-0.012100577,1.1007359,0.0034222007,0.004991591,0.019966722,0.04424858,0.06931263,0.01574117,-0.0005158186,0.07682073,0.9901512,-0.09353256,0.011166453,0.04977995
0.12527502,-0.58607984,0.03193134,0.013184249,0.0024654865,0.99996454,0.03747475,0.0108498335,0.039468527,0.03151375,0.9785511,0.019275248,0.016227186,0.02776742,0.01871562,-0.02678299,0.0075604916,0.018043041
0.65352196,-0.6643061,0.0,0.0,0.0,1.0,0.0,0.0,0.0,0.0,0.0,0.0,0.0,0.0,1.0,0.0,0.0,0.0
-0.5850513,-0.7118091,-0.020690262,-0.0586192,-0.012013257,1.0966403,0.003998935,0.0050668716,0.019999206,0.044002175,0.069447875,0.01623404,-0.00031387806,0.07667011,0.9882789,-0.093161225,0.010978222,0.049879253
-0.0951516,-0.564603,-0.00063735247,0.00095945597,4.208088e-05,0.99910027,-0.0014331341,-8.4519386e-05,0.0008379221,0.0016970634,1.0006373,0.0033366084,0.00043916702,0.0015053749,-0.0020646453,-6.2286854e-05,-0.00013077259,0.0005503893
-0.5870006,-0.32456842,0.0080910325,0.019122958,-0.0002539754,0.96922714,0.0041752458,-0.0013629794,-0.001019001,-0.014392197,-0.017296493,-4.6908855e-05,0.002044499,-0.0202744,0.9960317,0.032638192,-0.0039969087,-0.012778282
-0.09697431,-0.5818218,7.289648e-05,-5.030632e-05,1.9848347e-05,0.9998961,0.00012940168,2.4974346e-05,-4.005432e-05,-0.00010848045,1.0000331,-0.00023001432,-1.2636185e-05,-9.483099e-05,0.00017732382,2.3305416e-05,2.8431416e-05,-2.1219254e-05
-0.32978845,-0.7115133,0.0,0.0,0.0,0.0,1.0,0.0,1.0,0.0,0.0,0.0,0.0,0.0,0.0,0.0,0.0,0.0
1.3908309,-0.6769144,0.0,0.0,0.0,0.0,1.0,0.0,0.0,0.0,0.0,1.0,0.0,0.0,0.0,0.0,0.0,0.0
0.09730327,-0.5752978,0.016415477,0.005878091,0.00334692,0.991327,0.015831828,0.0023542643,0.018135428,0.012552738,1.0752509,0.009713471,0.008654058,0.01710689,0.0072695017,-0.009492338,0.0036190152,0.0075365305
-0.4571605,-0.65237933,0.006995678,-0.046334505,-0.0076798797,1.0324323,0.012496233,0.01000613,-0.0012620091,0.03712046,0.066043794,-0.0007212162,0.00892961,0.057448924,0.9999252,-0.07476151,0.012972057,0.05010003
-0.7125878,-0.7120983,0.037508965,-0.022709787,0.0011014938,0.9831137,0.02862829,0.0051679015,-0.0022392273,0.012506545,0.047637284,0.029027045,0.0060150623,0.016898096,0.96525663,-0.04512453,-0.00010508299,0.025587082
-0.09543055,-0.57445747,-0.00055515766,0.0007831454,2.670288e-05,1.0010855,-0.0012003779,-8.624792e-05,0.0006753206,0.0014078617,0.9991209,0.0027598739,0.00035190582,0.0012332797,-0.0016915798,-6.055832e-05,-0.00012391806,0.00043916702
-0.73762697,-0.70646644,0.0,1.0,0.0,0.0,0.0,0.0,0.0,0.0,0.0,0.0,0.0,0.0,0.0,1.0,0.0,0.0
0.63961047,-0.6272424,0.0,0.0,0.0,1.0,0.0,0.0,0.0,0.0,0.0,0.0,0.0,0.0,1.0,0.0,0.0,0.0
-0.5907196,1.361881,0.115085125,0.023148239,0.014454126,0.7336988,0.09098631,0.016964853,-0.05764538,-0.018850505,0.043404877,0.072511315,0.006319642,-0.060580492,0.88736385,0.0062769055,-0.0056313276,0.013122618
-0.7263033,1.0231426,0.2813378,0.043483615,0.022768319,0.8954453,0.20316094,0.028667629,0.89009875,-0.051016986,0.06333798,0.1156944,0.019023716,-0.11582923,0.013980091,-0.010383964,0.016054332,0.021789372
-0.45717078,-0.65149796,0.0069803,-0.04635161,-0.00769186,1.0323107,0.012479126,0.010011256,-0.0012449026,0.037144423,0.06606436,-0.00071948767,0.008931339,0.057510555,0.99983793,-0.07479572,0.012978911,0.050127387
-0.7179395,2.3175611,0.11673492,0.02418369,0.00863868,0.8555773,0.0900262,0.017469704,-0.05278319,-0.014890194,0.042271912,0.0726859,0.0040931106,-0.024118304,0.9553029,0.00694263,-0.0048166513,0.0126725435
-0.5862887,-0.37026215,0.004262507,0.012417555,-0.00038915873,0.98968226,0.002034247,-0.0010617971,-0.00075030327,-0.009612143,-0.011498153,-0.00058597326,0.0014625788,-0.01331228,0.9994443,0.021166384,-0.0023812652,-0.008624613
-0.6580459,-0.71115017,-0.17309743,-0.024575233,-0.023298502,1.5180893,-0.11850762,-0.015316367,0.11954856,0.061763465,1.0060282,-0.045738935,0.006581545,0.16098595,0.026305854,-0.0076456666,-0.0025353432,-0.011830151
-0.5914846,0.18760055,0.05980903,0.0072506666,0.0048666596,0.942414,0.0326519,0.005617976,-0.01298368,-0.002829671,0.027491868,0.028523922,0.008445263,-0.020240188,0.951714,-0.0029477477,-0.003976345,0.013179123
-0.5850513,-0.7117629,-0.02069372,-0.05862266,-0.012013257,1.0966456,0.0039972663,0.0050668716,0.020000935,0.044005573,0.06945127,0.01623404,-0.00031387806,0.076676965,0.98828226,-0.09316802,0.01097995,0.04988098
1.3908309,-0.6689529,0.0,0.0,0.0,0.0,1.0,0.0,0.0,0.0,0.0,1.0,0.0,0.0,0.0,0.0,0.0,0.0
1.3908309,-0.6783603,0.0,0.0,0.0,0.0,1.0,0.0,0.0,0.0,0.0,1.0,0.0,0.0,0.0,0.0,0.0,0.0
-0.61093855,-0.12751323,0.1744721,0.027420044,0.011976004,0.8609323,0.109933674,0.017466307,0.95984846,-0.041323423,0.030214787,0.0375278,0.0016577244,-0.08695382,-0.0062251687,0.010286808,2.670288e-05,0.007892489
-0.57493496,-0.5288442,-0.0050049424,-0.019531608,-0.0021451116,1.0243287,0.0010193586,0.0016868114,0.00449872,0.018226147,0.022307932,0.003206551,-0.000490129,0.02858895,1.0014226,-0.03466934,0.0026982427,0.01662594
0.023009658,0.03790772,-0.051309645,0.0057942867,-0.0034937263,1.013757,-0.030394137,-0.0029768944,0.041103005,0.06960702,1.1129916,0.019425869,-0.00031387806,0.07816076,-0.017070591,-0.0029340982,-0.0044846535,0.00014990568
-0.09004712,-0.7110994,0.0,0.0,0.0,0.0,1.0,0.0,1.0,0.0,0.0,0.0,0.0,0.0,0.0,0.0,0.0,0.0
-0.73762697,1.5055016,1.0,0.0,0.0,0.0,0.0,0.0,1.0,0.0,0.0,0.0,0.0,0.0,0.0,0.0,0.0,0.0
-0.096452296,-0.5881747,-0.0005055666,0.0007318258,3.3557415e-05,0.9996583,-0.0011028647,-7.086992e-05,0.0006530881,0.0012949109,1.0002229,0.0025390983,0.00033134222,0.0011459589,-0.0015580654,-5.2034855e-05,-0.00011020899,0.00041347742
-0.7125878,-0.71209145,0.037508965,-0.022709787,0.0011014938,0.9831137,0.02862829,0.0051679015,-0.0022392273,0.012506545,0.047637284,0.029028773,0.0060150623,0.016898096,0.96525663,-0.04512453,-0.00010508299,0.025587082
-0.22962573,-0.71076447,0.0,0.0,0.0,0.0,1.0,0.0,1.0,0.0,0.0,0.0,0.0,0.0,0.0,0.0,0.0,0.0
-0.5993025,-0.34424484,0.13998145,0.022530437,0.005843878,0.87476414,0.09142959,0.017514229,0.9444626,-0.039305627,0.023249209,0.02364117,0.002409041,-0.08179724,-0.0069645047,0.009756267,-0.0023624897,0.011241794
-0.65810066,-0.7114172,-0.17223144,-0.02433908,-0.023125648,1.5140383,-0.117379785,-0.0154566765,0.11988568,0.061412632,1.0055318,-0.045370936,0.0066705346,0.16020381,0.026341796,-0.00721097,-0.0022152662,-0.011482716
-0.32497573,2.5557234,-0.11297798,0.043914855,0.023216724,1.0779617,-0.08820313,-0.02904725,1.0821428,0.10804939,-0.053914428,0.07293749,-0.008075237,0.15353942,-0.011417687,-0.0039643645,0.0070983768,0.005823374
1.4047424,-0.6780067,0.0,0.0,0.0,0.0,1.0,0.0,0.0,0.0,0.0,1.0,0.0,0.0,0.0,0.0,0.0,0.0
0.21591115,0.07075536,0.01881659,-0.013546705,0.0010929108,0.99811286,-0.007356465,0.0063641667,-0.010738254,-0.03797239,0.009429336,-0.025292337,-0.002100587,-0.016036868,0.988717,-0.0038223267,-0.0040174127,-0.000854671
1.4047424,-0.67798007,0.0,0.0,0.0,0.0,1.0,0.0,0.0,0.0,0.0,1.0,0.0,0.0,0.0,0.0,0.0,0.0
0.08556962,-0.58666,0.0117637515,0.0010330081,0.0002782941,1.0011215,0.016477048,0.0049933195,0.01938653,0.010481894,1.0833135,0.0067184567,0.0077897906,0.012237847,0.010016382,-0.011467338,0.0033845305,0.0077932477
1.3630079,-0.6748662,0.0,1.0,0.0,0.0,0.0,0.0,0.0,1.0,0.0,0.0,0.0,0.0,0.0,0.0,0.0,0.0
0.9737181,1.9449806,0.0,0.0,0.0,1.0,0.0,0.0,1.0,0.0,0.0,0.0,0.0,0.0,0.0,0.0,0.0,0.0
0.13793623,0.56571585,0.07003659,-0.042927027,-0.0044744015,1.2043002,0.0712226,0.008440137,1.4167926,-0.0875836,0.048090816,-0.089327574,-0.00082045794,-0.14729744,0.057031333,-0.015061319,0.015469015,0.008541107
-0.5902079,2.389568,0.14893395,0.031380296,0.011553228,0.7941075,0.120717466,0.018934667,-0.058730423,-0.030835688,0.06628168,0.08070743,0.016047478,-0.041802585,0.85952383,0.012556136,4.4703484e-06,-0.005359173
0.1083985,0.5456167,0.06541568,-0.03912759,-0.006136179,0.99253863,0.04938978,0.009345472,0.9582363,-0.09152162,0.040397882,-0.10390389,-0.0045907497,-0.13244218,0.021062016,-0.011104524,0.0077932477,0.00822109
-0.25837615,-0.7111087,0.0,0.0,0.0,0.0,1.0,0.0,1.0,0.0,0.0,0.0,0.0,0.0,0.0,0.0,0.0,0.0
-0.7459738,-0.71229726,0.0,0.0,0.0,0.0,1.0,0.0,1.0,0.0,0.0,0.0,0.0,0.0,0.0,0.0,0.0,0.0
-0.72533846,1.8065984,0.0,0.0,0.0,1.0,0.0,0.0,1.0,0.0,0.0,0.0,0.0,0.0,0.0,0.0,0.0,0.0
0.65352196,-0.6619561,0.0,0.0,0.0,1.0,0.0,0.0,0.0,0.0,0.0,0.0,0.0,0.0,1.0,0.0,0.0,0.0
-0.64826846,-0.59765947,0.09945452,0.01504457,0.00025773048,0.84025985,0.06401402,0.01223439,-0.04291159,-0.037725925,0.021712363,0.020201147,0.008316934,0.78742427,-0.002896428,0.007887363,-0.0050442815,0.010961115
-0.6054123,0.7668219,0.09624559,0.019076765,0.012919009,0.9071258,0.068244696,0.006317973,-0.030400991,-0.010425031,0.023776352,0.05873251,0.008366525,-0.025571287,0.93693393,0.005371511,-0.0062422752,0.019003153
-0.5766892,-0.7047032,-0.022033751,-0.05926782,-0.01213479,1.1014991,0.0032134056,0.0049556494,0.020002663,0.04442662,0.06940335,0.015617907,-0.00058597326,0.077132225,0.99053115,-0.09381324,0.011265755,0.049848437
-0.6402465,1.5813771,1.0,0.0,0.0,0.0,0.0,0.0,0.0,0.0,0.0,1.0,0.0,0.0,0.0,0.0,0.0,0.0
1.3212734,-0.6623238,0.0,1.0,0.0,0.0,0.0,0.0,0.0,1.0,0.0,0.0,0.0,0.0,0.0,0.0,0.0,0.0
-0.49156046,-0.5402355,0.002268672,-0.018497944,-0.001568377,1.0162969,0.0023713708,0.005078852,0.0011186004,0.017625451,0.025486112,0.002997756,0.0035676956,0.02808404,1.0036013,-0.035044134,0.00404346,0.018114924
-0.59081197,1.7390122,0.10325736,0.017507374,0.013456404,0.70015115,0.08043188,0.021228015,-0.05125314,-0.02894628,0.036610425,0.063471496,0.0091897845,-0.051894963,0.88496095,0.00870198,-0.0068772435,0.012379885
-0.60142124,-0.42338184,-0.0007468462,-0.0017959476,-2.9742718e-05,1.0018609,-0.00025737286,9.173155e-05,0.00014477968,0.0012350082,0.0016833544,0.00016188622,-0.00020432472,0.0016953349,1.0001392,-0.0027441382,0.00029712915,0.0010997653
-0.6144795,-0.075401604,-0.09358561,-0.023449123,-0.016024888,1.0460315,-0.062132776,-0.0085014105,0.0660609,0.026312709,0.99022645,-0.03332585,-0.001939714,0.08091962,0.016256273,-0.00025224686,-0.0025199056,0.0041084886
-0.75153846,2.9154882,1.0,0.0,0.0,0.0,0.0,0.0,1.0,0.0,0.0,0.0,0.0,0.0,0.0,0.0,0.0,0.0
-0.5902866,-0.6974193,-0.020500302,-0.059921622,-0.01183188,1.0973523,0.0036566854,0.0052859783,0.020283282,0.045717,0.07018036,0.015768528,-0.00065100193,0.07773292,0.98964113,-0.09430617,0.01044935,0.05076921
-0.72838265,2.659351,0.112666845,0.026752532,0.0006582141,0.8562122,0.09897876,0.012547612,-0.04851997,-0.016493797,0.040118873,0.062458336,0.007598102,-0.025229037,0.9356641,0.013850033,-0.0012825727,0.0019828677
0.12005001,0.5277304,0.06845522,-0.03793472,-0.005799055,0.9939198,0.062210143,0.00960052,0.9865828,-0.087859154,0.041938186,-0.092743635,-0.0018353462,-0.13896102,0.038292766,-0.011164427,0.01191777,0.007822335
-0.45640236,-0.65244263,0.006985426,-0.04631394,-0.0076730847,1.0323057,0.012491107,0.009999275,-0.0012688637,0.037101626,0.066004455,-0.00072461367,0.008921087,0.057412982,0.9998482,-0.074728966,0.012965202,0.050069213
-0.6146934,-0.32083577,0.0088252425,0.018280923,-7.599592e-05,0.9709231,0.0039424896,-0.0005877018,-0.000479877,-0.013115466,-0.015966713,-0.0005774498,0.0024004579,-0.017835617,0.9966633,0.030249,-0.0038616657,-0.011297882
0.65352196,-0.66118187,0.0,0.0,0.0,1.0,0.0,0.0,0.0,0.0,0.0,0.0,0.0,0.0,1.0,0.0,0.0,0.0
-0.5948527,0.3665213,0.07485598,0.012159109,0.006655097,0.9442777,0.040606678,0.0036156178,-0.012410343,-0.0032951832,0.03345287,0.034609795,0.009973586,-0.021479249,0.96019584,-0.0013783574,-0.0063997507,0.016261399
56.67486,-0.61408156,0.0,0.0,0.0,1.0,0.0,0.0,0.0,0.0,1.0,0.0,0.0,0.0,0.0,0.0,0.0,0.0
0.10930383,-0.5890663,0.014390826,0.0058165193,0.0015002489,1.0033464,0.015068531,0.003964722,0.017534733,0.013560772,0.97247034,0.0074577928,0.006494224,0.012734175,0.0073996186,-0.010132372,0.0034803748,0.008002043
0.63961047,-0.65824187,0.0,0.0,0.0,1.0,0.0,0.0,0.0,0.0,0.0,0.0,0.0,0.0,1.0,0.0,0.0,0.0
0.39198598,2.1140447,0.0,0.0,0.0,1.0,0.0,0.0,1.0,0.0,0.0,0.0,0.0,0.0,0.0,0.0,0.0,0.0
0.15757738,2.6814253,0.0,0.0,0.0,1.0,0.0,0.0,1.0,0.0,0.0,0.0,0.0,0.0,0.0,0.0,0.0,0.0
-0.68198097,-0.31495565,1.0,0.0,0.0,0.0,0.0,0.0,0.0,0.0,0.0,1.0,0.0,0.0,0.0,0.0,0.0,0.0
0.65352196,-0.66204256,0.0,0.0,0.0,1.0,0.0,0.0,0.0,0.0,0.0,0.0,0.0,0.0,1.0,0.0,0.0,0.0
2.7001338,0.60841966,0.0,0.0,0.0,1.0,0.0,0.0,1.0,0.0,0.0,0.0,0.0,0.0,0.0,0.0,0.0,0.0
0.0786742,-0.55864036,0.018345952,0.00767684,0.0014625788,0.9949843,0.017972887,0.0055426955,0.020096779,0.013483763,1.0480099,0.0068467855,0.007411599,0.013600111,0.006843388,-0.01332593,0.0038397908,0.0090152025
1.8376216,0.09120335,0.0,0.0,0.0,1.0,0.0,0.0,1.0,0.0,0.0,0.0,0.0,0.0,0.0,0.0,0.0,0.0
1.8424906,2.1135917,0.0,0.0,0.0,1.0,0.0,0.0,1.0,0.0,0.0,0.0,0.0,0.0,0.0,0.0,0.0,0.0
-0.6218301,-0.1485588,0.2199108,0.036939025,0.017974555,0.91366357,0.14446366,0.023889303,0.92173976,-0.051730633,0.03887129,0.05238819,0.004635632,-0.10880202,-0.009461522,0.010178983,-0.00084102154,0.013894498
-0.73762697,-0.70646846,0.0,1.0,0.0,0.0,0.0,0.0,0.0,0.0,0.0,0.0,0.0,0.0,0.0,1.0,0.0,0.0
0.06960702,-0.5619006,0.009412229,0.0042728186,0.00085502863,0.9924069,0.009893179,0.0027530193,0.011043251,0.008736253,0.9536993,0.0047656894,0.004067421,0.007870257,0.0049026012,-0.0065845847,0.0021283627,0.004769087
-0.68198097,-0.31232902,1.0,0.0,0.0,0.0,0.0,0.0,0.0,0.0,0.0,1.0,0.0,0.0,0.0,0.0,0.0,0.0
-0.5850513,-0.7118142,-0.020690262,-0.0586192,-0.012013257,1.096642,0.003998935,0.0050668716,0.019999206,0.044002175,0.069447875,0.01623404,-0.00031387806,0.07666838,0.9882789,-0.093161225,0.010978222,0.049879253
0.11641663,0.50237364,0.013262987,-0.019475162,0.0070162416,0.93778116,0.00242275,0.024609804,-0.020811796,-0.06302273,-0.00026595592,-0.0037795305,0.004991591,-0.05725348,0.9660472,-0.00022655725,-0.011662424,0.00611943
1.071794,0.031820487,0.0,0.0,0.0,0.0,1.0,0.0,1.0,0.0,0.0,0.0,0.0,0.0,0.0,0.0,0.0,0.0
0.08802897,-0.56257325,0.01608342,0.006507933,0.003542006,0.9931342,0.0150514245,0.0023833513,0.016187847,0.012513399,1.0707719,0.013521433,0.010040343,0.018493116,0.0043412447,-0.008640051,0.004923165,0.007515967
2.9996946,1.7582785,0.0,0.0,0.0,1.0,0.0,0.0,1.0,0.0,0.0,0.0,0.0,0.0,0.0,0.0,0.0,0.0
-0.15310782,-0.43920067,0.019521713,-0.009098709,0.015498102,0.964928,-0.010662973,-0.0140122175,-0.022653282,-0.078073144,-0.013911247,0.018404126,-0.0068139434,-0.13157618,1.0529628,0.038416028,0.0063761473,-0.04350549
-0.73762697,-0.7064282,0.0,1.0,0.0,0.0,0.0,0.0,0.0,0.0,0.0,0.0,0.0,0.0,0.0,1.0,0.0,0.0
-0.6580476,-0.711157,-0.17304265,-0.02456671,-0.023289979,1.5178137,-0.118468285,-0.015311241,0.11949551,0.061737835,1.0059872,-0.045723498,0.006578088,0.16090894,0.02629733,-0.007642269,-0.0025336146,-0.011826754
-0.09667134,-0.5833056,-0.00062191486,0.00093889236,4.8935413e-05,0.99912935,-0.001398921,-8.624792e-05,0.00083106756,0.0016559958,1.0006046,0.0032562017,0.00042891502,0.0014660358,-0.0020030737,-6.568432e-05,-0.00013589859,0.0005350113
-0.60545164,0.76549727,0.09640473,0.019004881,0.012843668,0.9066176,0.068333685,0.006222129,-0.029772878,-0.010341167,0.023933828,0.058775306,0.008289516,-0.025092125,0.93910927,0.00538522,-0.006228626,0.019075036
-0.7258022,1.8676859,0.0,0.0,0.0,1.0,0.0,0.0,1.0,0.0,0.0,0.0,0.0,0.0,0.0,0.0,0.0,0.0
-0.52928233,-0.70355654,-0.17826599,-0.021445036,-0.02343887,1.0516689,-0.11793774,-0.014294624,0.14076698,0.082764566,0.9739644,-0.04794836,0.00082939863,0.22288358,0.036117554,-0.006012976,-0.0043682456,-0.0037178993
-0.6015262,1.04275,0.0,0.0,0.0,1.0,0.0,0.0,1.0,0.0,0.0,0.0,0.0,0.0,0.0,0.0,0.0,0.0
-0.73762697,1.7019515,1.0,0.0,0.0,0.0,0.0,0.0,1.0,0.0,0.0,0.0,0.0,0.0,0.0,0.0,0.0,0.0
0.063055634,0.6194002,0.04117483,-0.029885828,-0.002891302,0.8662737,0.041595876,0.004704058,0.73027927,-0.05279517,0.032448232,-0.052933812,-0.0005055666,-0.09693664,0.03524816,-0.010089636,0.009769917,0.00468868
-0.58504957,-0.71133673,-0.020729661,-0.05866027,-0.012025237,1.0966952,0.0039801598,0.0050686,0.02001977,0.044039786,0.069485486,0.01623404,-0.00031727552,0.07674199,0.9883148,-0.093224525,0.010988474,0.04991007
-0.73762697,2.1538026,1.0,0.0,0.0,0.0,0.0,0.0,1.0,0.0,0.0,0.0,0.0,0.0,0.0,0.0,0.0,0.0
-0.59020615,2.3873603,0.14887404,0.031368315,0.01154983,0.79423064,0.120669544,0.018927872,-0.058711648,-0.030825436,0.066257715,0.080676615,0.016042352,-0.041790605,0.8596129,0.01255101,4.4703484e-06,-0.0053557754
-0.5850513,-0.7117783,-0.02069372,-0.05862266,-0.012013257,1.0966439,0.0039972663,0.0050668716,0.020000935,0.044003844,0.06945127,0.01623404,-0.00031387806,0.076675236,0.9882806,-0.09316635,0.010978222,0.04988098
-0.73762697,1.3292565,1.0,0.0,0.0,0.0,0.0,0.0,1.0,0.0,0.0,0.0,0.0,0.0,0.0,0.0,0.0,0.0
-0.7485243,-0.71229726,0.0,0.0,0.0,0.0,1.0,0.0,1.0,0.0,0.0,0.0,0.0,0.0,0.0,0.0,0.0,0.0
-0.4576671,-0.65226465,0.007000804,-0.046348155,-0.0076850653,1.0325077,0.0124979615,0.010011256,-0.0012568831,0.03713584,0.06607115,-0.00071775913,0.008934736,0.05747801,0.9999698,-0.07478547,0.012975454,0.05012226
-0.72533846,2.2767885,0.0,0.0,0.0,1.0,0.0,0.0,1.0,0.0,0.0,0.0,0.0,0.0,0.0,0.0,0.0,0.0
-0.4574121,-0.652405,0.006999135,-0.04633963,-0.0076798797,1.0324802,0.0124979615,0.010007799,-0.0012602806,0.037127316,0.066055775,-0.00071948767,0.008931339,0.057457507,0.9999543,-0.07477009,0.012973726,0.050108552
-0.58919126,2.4898534,0.164123,0.030461252,0.01674062,0.80309254,0.13261026,0.020240545,-0.0652014,-0.028369486,0.073569,0.08565861,0.016471922,-0.036255836,0.8751835,0.008154333,-0.0019311905,-0.0020321608
-0.7237155,1.005897,1.0,0.0,0.0,0.0,0.0,0.0,1.0,0.0,0.0,0.0,0.0,0.0,0.0,0.0,0.0,0.0
-0.5621899,0.15548193,-0.03817606,-0.0090456605,-0.004880011,1.0359905,-0.023479939,-0.0037178993,0.025913954,0.008821785,1.0022614,-0.013606608,-0.0011935234,0.02476728,0.006134808,0.0032801628,-0.0017891526,0.0018322468
-0.5901702,0.87621385,0.06381035,0.007596433,0.012207031,0.790777,0.042887986,0.003964722,-0.024575233,-0.006608546,0.039827943,0.039482236,0.0002731681,-0.03621131,0.8498216,-0.009757578,-0.00065785646,0.009117901
-0.15746516,-0.41668668,0.0017312765,-0.023620248,0.0024261475,0.9723094,-0.026512563,-0.028704941,-0.033152997,-0.095009565,0.010653019,-0.020096421,-0.022367477,-0.11879003,1.1553462,0.018621504,0.016122818,-0.02164352
-0.6374642,-0.66888845,0.0,0.0,0.0,0.0,1.0,0.0,0.0,0.0,0.0,1.0,0.0,0.0,0.0,0.0,0.0,0.0
0.6794901,0.95208174,0.0,0.0,0.0,1.0,0.0,0.0,1.0,0.0,0.0,0.0,0.0,0.0,0.0,0.0,0.0,0.0
0.65352196,-0.6605768,0.0,0.0,0.0,1.0,0.0,0.0,0.0,0.0,0.0,0.0,0.0,0.0,1.0,0.0,0.0,0.0
1.9407984,-0.3137314,0.0,0.0,0.0,0.0,1.0,0.0,1.0,0.0,0.0,0.0,0.0,0.0,0.0,0.0,0.0,0.0
-0.73762697,-0.7064685,0.0,1.0,0.0,0.0,0.0,0.0,0.0,0.0,0.0,0.0,0.0,0.0,0.0,1.0,0.0,0.0
0.63961047,-0.62986845,0.0,0.0,0.0,1.0,0.0,0.0,0.0,0.0,0.0,0.0,0.0,0.0,1.0,0.0,0.0,0.0
-0.73762697,-0.7064297,0.0,1.0,0.0,0.0,0.0,0.0,0.0,0.0,0.0,0.0,0.0,0.0,0.0,1.0,0.0,0.0
0.49284428,-0.5411632,0.0,0.0,0.0,0.0,1.0,0.0,1.0,0.0,0.0,0.0,0.0,0.0,0.0,0.0,0.0,0.0
-0.5891895,2.4869542,0.16406137,0.030451,0.016735494,0.8031747,0.13255888,0.02023369,-0.06518084,-0.028359234,0.07354331,0.085627794,0.016465068,-0.036243856,0.87524337,0.008150935,-0.001929462,-0.0020304322
-0.73762697,1.4761275,1.0,0.0,0.0,0.0,0.0,0.0,1.0,0.0,0.0,0.0,0.0,0.0,0.0,0.0,0.0,0.0
-0.6915542,0.9635623,0.18079072,0.046790063,0.025251627,0.5027228,0.20880866,0.036887705,0.88891953,-0.050091088,0.089665115,0.13629669,0.022467136,-0.12410402,0.0067886114,-0.018337071,0.010509253,0.03902185
-0.45615247,-0.6523263,0.0069803,-0.046310544,-0.0076730847,1.032244,0.0124877095,0.009997547,-0.0012688637,0.037099898,0.06599587,-0.0007263422,0.008919358,0.057411313,0.99980885,-0.07472384,0.012965202,0.05006236
-0.45589748,-0.6524375,0.0069785714,-0.04630196,-0.0076696277,1.0322132,0.0124877095,0.009994149,-0.0012722611,0.037089646,0.065980494,-0.0007263422,0.008915901,0.057392478,0.9997917,-0.07470846,0.012963474,0.050050378
-0.6581058,-0.7114069,-0.17145956,-0.02427572,-0.023014426,1.5104494,-0.11728394,-0.01512295,0.11786103,0.0609591,1.0070002,-0.04522717,0.006513059,0.1586293,0.025975585,-0.0075344443,-0.0024959445,-0.011734307
1.3351849,-0.66374093,0.0,1.0,0.0,0.0,0.0,0.0,0.0,1.0,0.0,0.0,0.0,0.0,0.0,0.0,0.0,0.0
0.63961047,-0.62950075,0.0,0.0,0.0,1.0,0.0,0.0,0.0,0.0,0.0,0.0,0.0,0.0,1.0,0.0,0.0,0.0
-0.73762786,-0.712112,0.038292766,-0.022702932,0.00065135956,0.9882224,0.02807206,0.0051456094,-0.0020818114,0.012239516,0.047510624,0.031445324,0.0067560673,0.013177395,0.98648185,-0.04510224,0.00020301342,0.02605772
0.65352196,-0.66191596,0.0,0.0,0.0,1.0,0.0,0.0,0.0,0.0,0.0,0.0,0.0,0.0,1.0,0.0,0.0,0.0
-0.4569072,-0.65250087,0.0069939494,-0.046324193,-0.007676482,1.0324049,0.012496233,0.010002673,-0.0012671351,0.03711188,0.066028416,-0.00072288513,0.008926213,0.05743009,0.99990815,-0.07474613,0.012970328,0.05008632
-0.45690894,-0.6522698,0.006990552,-0.04632938,-0.0076782107,1.0323725,0.0124928355,0.010004401,-0.0012620091,0.037118733,0.06603354,-0.0007212162,0.008926213,0.057447255,0.99988586,-0.074756384,0.012970328,0.050093174
-0.093654096,-0.5613068,-0.0003618002,0.0005298853,1.9848347e-05,0.99977297,-0.0007930994,-4.172325e-05,0.00045454502,0.00094401836,1.0001545,0.0018425584,0.00024408102,0.0008379221,-0.0011353493,-2.6345253e-05,-6.568432e-05,0.00030738115
-0.45184478,-0.64958966,0.008436739,-0.037486374,-0.0075002313,1.0305445,0.008960426,0.012068391,0.0038107038,0.03209907,0.054092824,0.0046904087,0.0099000335,0.053077936,1.0041764,-0.06970078,0.0086711645,0.041838884
-0.58919126,2.489323,0.16411102,0.030459523,0.01674062,0.8031079,0.13260001,0.020238817,-0.065198004,-0.028367817,0.073563874,0.085653484,0.016470194,-0.036254108,0.87519544,0.008154333,-0.0019311905,-0.0020321608
3.8517733,0.044318713,0.0,0.0,0.0,1.0,0.0,0.0,1.0,0.0,0.0,0.0,0.0,0.0,0.0,0.0,0.0,0.0
1.2595992,0.7799769,0.0,0.0,0.0,1.0,0.0,0.0,1.0,0.0,0.0,0.0,0.0,0.0,0.0,0.0,0.0,0.0
-0.5880412,-0.30204758,0.0101071,0.02479124,-0.0004439354,0.9688147,0.00538522,-0.0015854836,-0.0011764169,-0.018405497,-0.022567749,-0.00010681152,0.0027701259,-0.025665402,0.99592215,0.042788744,-0.005482435,-0.016582847
0.07849622,-0.55784625,0.027365267,0.012338817,0.002662301,1.0090592,0.02916056,0.007861674,0.03023535,0.024649203,0.967004,0.016004682,0.012812853,0.023199618,0.0123233795,-0.02105993,0.0064154863,0.014556825
-0.58661723,4.634098,-0.018061519,0.0025168657,-0.0029221177,0.9948543,-0.012531817,-0.0027612448,0.005677879,0.004680097,-0.012061179,-0.005482435,0.00049734116,-0.0029323697,0.9870227,0.0044165254,0.00033819675,-0.0027732253
0.11361325,-0.5966121,0.018217623,0.0060869455,0.0017895103,1.0147412,0.019179404,0.005896926,0.024637222,0.016382933,1.1546805,0.008381963,0.009923935,0.016050935,0.0101104975,-0.012993932,0.0055906177,0.009703159
-0.73762697,-0.70640945,0.0,1.0,0.0,0.0,0.0,0.0,0.0,0.0,0.0,0.0,0.0,0.0,0.0,1.0,0.0,0.0
-0.5901702,0.87895554,0.06381893,0.007596433,0.01220876,0.7907564,0.042891443,0.003964722,-0.024576962,-0.006608546,0.039834797,0.03948909,0.0002731681,-0.03621304,0.8497892,-0.009759307,-0.00065785646,0.00911957
-0.096378684,-0.57476896,0.00017219782,-0.00021976233,7.867813e-06,1.0001442,0.0003553033,2.4974346e-05,-0.00018382072,-0.00040113926,0.9998961,-0.0007930994,-9.8228455e-05,-0.00036007166,0.0005093217,1.6450882e-05,3.182888e-05,-0.00012731552
-0.61175317,0.35905772,0.23504335,0.025744498,0.010973096,0.7131273,0.15711123,0.02314657,0.8731503,-0.047921002,0.04081887,0.059964776,0.005039513,-0.13301891,0.013918459,0.004909456,0.00670135,0.011406064
0.12647647,0.57651323,0.039937496,-0.04436463,-0.0037093759,0.6827218,0.056558967,0.00909394,0.50530714,-0.08191192,0.03926146,-0.09835029,-0.0024309158,-0.12808144,0.0384776,-0.011766851,0.012528777,0.005730927
1.3769194,-0.6757662,0.0,1.0,0.0,0.0,0.0,0.0,0.0,1.0,0.0,0.0,0.0,0.0,0.0,0.0,0.0,0.0
0.18022424,0.8424693,-0.005343795,0.0017929077,0.0007352233,1.0003171,-0.002848506,-0.00044053793,1.0003326,0.0052876472,-0.0024771094,0.005895257,9.173155e-05,0.0032938719,0.0014318228,-5.7160854e-05,0.0005572438,-8.9645386e-05
-0.5384265,-0.39207447,-0.15513241,-0.025268376,-0.023746908,1.0718999,-0.09837937,-0.013976276,0.11814517,0.05946672,0.9601976,-0.048840046,-0.0022067428,0.1750642,0.04225993,-0.0077055693,-0.0012414455,0.002244711
-0.62054825,-0.044296145,0.17568034,0.042684376,0.017510772,0.9525201,0.12578672,0.030550241,0.9787856,-0.07358062,0.04229927,0.046252728,0.0035676956,-0.15018469,-0.00985688,0.015876353,-0.004029393,0.011708975
-0.5726074,-0.705564,-0.01914829,-0.058805764,-0.011371493,1.0973797,0.0050960183,0.005677879,0.017219841,0.045547605,0.07162994,0.01661396,-9.23872e-06,0.07380003,0.98877686,-0.09175271,0.0100899935,0.04952842
-0.5836308,2.7230868,0.110640466,0.011705577,0.0046253204,0.7971863,0.078930914,0.010439098,-0.032451272,-0.034616232,0.05079657,0.040341377,0.012987435,-0.02009809,0.88465804,0.0076990724,-0.0047550797,-0.0049022436
-0.45615247,-0.6523229,0.0069803,-0.046310544,-0.0076730847,1.0322423,0.0124877095,0.009997547,-0.0012688637,0.037099898,0.06599587,-0.0007263422,0.008919358,0.057411313,0.99980885,-0.07472384,0.012965202,0.05006236
-0.6402465,1.5800663,1.0,0.0,0.0,0.0,0.0,0.0,0.0,0.0,0.0,1.0,0.0,0.0,0.0,0.0,0.0,0.0
-0.09641808,-0.57557845,0.00017219782,-0.00021803379,7.867813e-06,1.0001082,0.0003553033,2.4974346e-05,-0.00018382072,-0.00039947033,0.99992007,-0.00078964233,-9.649992e-05,-0.00035834312,0.00050759315,1.8179417e-05,3.3557415e-05,-0.00012558699
-0.12253463,-0.5202271,-0.009557366,-0.019699335,0.006494224,1.0441694,-0.051768303,-0.0406816,-0.036159992,-0.056864977,0.025195122,-0.0043631196,-0.04531616,-0.08345902,1.0625827,0.0237661,0.02420938,-0.03430134
2.9996946,1.7584034,0.0,0.0,0.0,1.0,0.0,0.0,1.0,0.0,0.0,0.0,0.0,0.0,0.0,0.0,0.0,0.0
-0.6402465,1.5795015,1.0,0.0,0.0,0.0,0.0,0.0,0.0,0.0,0.0,1.0,0.0,0.0,0.0,0.0,0.0,0.0
0.68180865,1.7624764,0.0,0.0,0.0,1.0,0.0,0.0,1.0,0.0,0.0,0.0,0.0,0.0,0.0,0.0,0.0,0.0
-0.09195292,-0.55301315,-0.00052779913,0.0006941557,-1.6093254e-05,0.9995418,-0.0010891557,-6.401539e-05,0.00058466196,0.0012623668,1.0003359,0.0024706721,0.0003091097,0.0011288524,-0.001575172,-4.005432e-05,-9.3102455e-05,0.00039809942
0.11873561,0.5631915,0.06326443,-0.032066226,-0.0061567426,0.9948816,0.047151208,0.00842303,0.98393863,-0.08507979,0.033721566,-0.10680306,-0.005251348,-0.09342474,0.0059996247,-0.006714642,0.007507384,0.0071908236
-0.73762697,-0.70643824,0.0,1.0,0.0,0.0,0.0,0.0,0.0,0.0,0.0,0.0,0.0,0.0,0.0,1.0,0.0,0.0
-0.6043683,-0.1412133,0.18277597,0.030081332,0.012130022,0.9063608,0.11636871,0.020916522,0.9759839,-0.052945793,0.03598064,0.03871894,0.002631545,-0.1075955,-0.0015923381,0.012369633,-4.8577785e-05,0.0117432475
-0.4574121,-0.65241873,0.006999135,-0.04633963,-0.0076798797,1.0324836,0.01249969,0.010007799,-0.0012620091,0.037125587,0.066055775,-0.00071948767,0.008931339,0.057455778,0.99995774,-0.074768364,0.012973726,0.050108552
-0.5928503,1.7211072,0.11525965,0.024849415,0.013086677,0.71144325,0.08585882,0.02137518,-0.049553692,-0.02989608,0.038410902,0.07040113,0.006066382,-0.048840046,0.8932939,0.014825523,-0.0075446963,0.012248099
-0.67425835,0.19560492,0.18395,0.028962016,0.012083828,0.7637722,0.119529724,0.017695606,0.89045805,-0.041066706,0.031091034,0.04336548,0.0019674897,-0.09800798,0.004678428,0.010808766,-0.0014742017,0.005871296
0.11607478,2.6533945,0.0,0.0,0.0,1.0,0.0,0.0,1.0,0.0,0.0,0.0,0.0,0.0,0.0,0.0,0.0,0.0
-0.51144224,-0.7043438,-0.2643771,-0.054421067,-0.037501752,1.3823361,-0.16315055,-0.024973989,0.1960482,0.14011836,0.90378505,-0.058701336,0.0065643787,0.35644776,0.055177867,-0.02321124,-0.008025646,-0.013336241
-0.592852,1.7192554,0.11528361,0.02485454,0.013088405,0.71138674,0.08587593,0.021380365,-0.049562275,-0.029901266,0.038419425,0.07041651,0.0060681105,-0.04884857,0.89326996,0.01482898,-0.007546425,0.012249827
1.3490964,-0.6650618,0.0,1.0,0.0,0.0,0.0,0.0,0.0,1.0,0.0,0.0,0.0,0.0,0.0,0.0,0.0,0.0
-0.5393815,-0.31816077,0.004640758,0.024881959,0.00013965368,0.9725285,0.0024261475,-0.0031034946,-0.0026944876,-0.019701064,-0.029078066,-0.0003874898,-6.741285e-05,-0.02922523,0.994091,0.043291926,-0.0051811934,-0.019423783
1.2602948,0.2969823,0.0,0.0,0.0,1.0,0.0,0.0,1.0,0.0,0.0,0.0,0.0,0.0,0.0,0.0,0.0,0.0
0.08351588,-0.56418884,0.010932028,0.004748583,0.0012161732,0.99578863,0.0119229555,0.003333211,0.013663471,0.010466516,1.0232077,0.006138265,0.005503297,0.009668946,0.0059859157,-0.008073509,0.002424419,0.0058695674
-0.66694367,0.16339219,0.19204682,0.033646226,0.012029052,0.7445733,0.13009274,0.017165065,0.89194196,-0.048805833,0.034989715,0.051638603,0.0028574467,-0.120011985,0.002604127,0.013167143,0.002414167,0.0077795386
0.63961047,-0.6299143,0.0,0.0,0.0,1.0,0.0,0.0,0.0,0.0,0.0,0.0,0.0,0.0,1.0,0.0,0.0,0.0
-0.3965824,-0.7000378,0.007266104,-0.036676824,-0.0039541125,1.0423963,0.02598238,0.005977392,-0.010491788,0.03333819,0.058602452,-0.0006287694,0.0060920715,0.034849405,1.0439367,-0.074477434,0.011720955,0.038676143
1.3769194,-0.6742646,0.0,1.0,0.0,0.0,0.0,0.0,0.0,1.0,0.0,0.0,0.0,0.0,0.0,0.0,0.0,0.0
-0.09252453,-0.5558062,-0.00041145086,0.00063085556,3.3557415e-05,0.9992098,-0.00092315674,-4.518032e-05,0.0005469918,0.0011117458,1.000567,0.0021745563,0.00029367208,0.0009868145,-0.0013270378,-2.8073788e-05,-7.426739e-05,0.0003655553
-0.45615247,-0.6523554,0.0069803,-0.046308815,-0.0076730847,1.0322475,0.0124877095,0.009997547,-0.0012688637,0.03709823,0.06599414,-0.0007263422,0.008919358,0.057409585,0.9998105,-0.07472217,0.012965202,0.05006236
0.9690809,1.2444307,0.0,0.0,0.0,1.0,0.0,0.0,1.0,0.0,0.0,0.0,0.0,0.0,0.0,0.0,0.0,0.0
-0.30925274,2.7602148,-0.088124454,0.026990414,0.009504676,1.0011044,-0.055283606,-0.012535274,0.9960522,0.07351935,-0.04017502,0.050038397,-0.0053061247,0.071688116,-0.00555259,0.001193881,0.0049179792,0.0043652058
0.08650917,-0.5786556,0.011110008,0.004844427,0.0010809302,0.99723655,0.0115584135,0.0033931136,0.013901353,0.01019609,1.025554,0.006158769,0.004864931,0.009728849,0.0061553717,-0.007840812,0.0019983053,0.00649935
-0.45665565,-0.65245634,0.0069888234,-0.046319067,-0.0076747537,1.032352,0.012494564,0.010001004,-0.0012688637,0.03710848,0.066016436,-0.00072288513,0.008924484,0.057423294,0.9998756,-0.07473755,0.0129686,0.050077796
-0.55355394,-0.7030482,-0.17100948,-0.02282101,-0.029572666,1.2453353,-0.1094507,-0.015754461,0.1294133,0.07097787,0.93754154,-0.044119895,0.0022173524,0.18231219,0.040031612,-0.009642899,-0.0052051544,0.00018244982
-0.53638476,-0.70354456,-0.15921938,-0.015862286,-0.026866853,1.3252852,-0.10116905,-0.01248908,0.11412668,0.06561422,0.9535127,-0.048737347,-0.00033271313,0.14958602,0.04494518,0.0052226186,-0.0026072264,-0.0032815337
-0.7237155,1.0501851,1.0,0.0,0.0,0.0,0.0,0.0,1.0,0.0,0.0,0.0,0.0,0.0,0.0,0.0,0.0,0.0
-0.707154,2.347862,0.121338725,0.027380645,0.007995188,0.85261303,0.09382391,0.018789232,-0.053116918,-0.017797947,0.042241096,0.077346146,0.0037251115,-0.027227998,0.95129806,0.009812713,-0.0052530766,0.012574971
-0.73762697,2.1958032,1.0,0.0,0.0,0.0,0.0,0.0,1.0,0.0,0.0,0.0,0.0,0.0,0.0,0.0,0.0,0.0
-0.58568454,-0.58808225,-0.010425031,-0.03427738,-0.0052633286,1.0477772,0.0018767715,0.0025972724,0.008375108,0.02671659,0.038493037,0.008313477,-0.00022143126,0.044929743,0.9998465,-0.05538118,0.005058348,0.026860356
-0.13827361,0.56178176,0.0,0.0,0.0,1.0,0.0,0.0,1.0,0.0,0.0,0.0,0.0,0.0,0.0,0.0,0.0,0.0
-0.6581075,-0.711412,-0.17142707,-0.024270594,-0.02301097,1.5102868,-0.11725825,-0.015119553,0.11782509,0.060943723,1.0070329,-0.045216918,0.006513059,0.15858138,0.0259704,-0.007532716,-0.0024959445,-0.011734307
-0.4535665,-0.6500706,0.0063744187,-0.03825307,-0.007272601,1.0351467,0.008503497,0.011407793,0.003507793,0.032217205,0.053334653,0.004830718,0.008797824,0.051914155,1.0118146,-0.07018167,0.009146988,0.04136312
1.9108888,0.32654032,0.0,0.0,0.0,1.0,0.0,0.0,0.0,0.0,1.0,0.0,0.0,0.0,0.0,0.0,0.0,0.0
0.07549095,-0.5417108,0.014002323,0.00643605,0.0023097396,0.9952119,0.013139784,0.002662301,0.014349759,0.011419773,1.0211523,0.010466516,0.007907867,0.013721645,0.0036309958,-0.007887006,0.0045534372,0.006317973
-0.5850513,-0.71179885,-0.02069199,-0.0586192,-0.012013257,1.096642,0.003998935,0.0050668716,0.019999206,0.044002175,0.069449544,0.01623404,-0.00031387806,0.07667184,0.9882789,-0.093162894,0.010978222,0.049879253
-0.09647113,-0.5872043,-0.0005055666,0.00073355436,2.8431416e-05,0.9996343,-0.0011062622,-6.741285e-05,0.0006445646,0.0013000369,1.000247,0.0025493503,0.00033307076,0.0011511445,-0.001573503,-4.8577785e-05,-0.00010508299,0.0004169345
2.2540388,0.03401367,0.0,0.0,0.0,0.0,1.0,0.0,1.0,0.0,0.0,0.0,0.0,0.0,0.0,0.0,0.0,0.0
-0.09497875,-0.5764359,-0.00062024593,0.00091153383,4.041195e-05,1.0014262,-0.0013715625,-8.7976456e-05,0.00081056356,0.0016063452,0.998859,0.003162086,0.0004118085,0.0014249682,-0.001953423,-6.741285e-05,-0.00013756752,0.0005144477
-0.70444304,2.5529132,0.3369339,0.015455365,-0.01317364,0.5255261,0.24956828,0.024330854,0.8012647,-0.08786601,0.10585874,0.11049843,0.0015601516,-0.07307404,0.00057947636,0.009301007,-0.0011148453,0.018532515
1.8348392,0.094364345,0.0,0.0,0.0,1.0,0.0,0.0,1.0,0.0,0.0,0.0,0.0,0.0,0.0,0.0,0.0,0.0
-0.097011924,-0.57851017,0.00013965368,-0.000305295,5.4061413e-05,0.99992007,0.00053840876,2.8431416e-05,-0.000295043,-0.0005568862,1.0001853,-0.0011404753,-0.00011879206,-0.0006030798,0.0008481741,6.9499016e-05,7.635355e-05,-0.00018548965
-0.6402465,1.5775086,1.0,0.0,0.0,0.0,0.0,0.0,0.0,0.0,0.0,1.0,0.0,0.0,0.0,0.0,0.0,0.0
-0.6849344,2.7472079,0.25415152,0.023363888,-0.028042614,0.593116,0.21316087,0.01853764,0.74920267,-0.078401744,0.07920647,0.09307599,0.020252526,-0.13296759,-0.0062901974,0.010983348,-0.00060141087,0.026420534
-0.73762697,-0.7065466,0.0,1.0,0.0,0.0,0.0,0.0,0.0,0.0,0.0,0.0,0.0,0.0,0.0,1.0,0.0,0.0
2.9934344,1.758203,0.0,0.0,0.0,1.0,0.0,0.0,1.0,0.0,0.0,0.0,0.0,0.0,0.0,0.0,0.0,0.0
-0.093008876,-0.558002,-0.00057572126,0.00072324276,9.596348e-06,1.0005636,-0.0009830594,-1.0967255e-05,0.00071811676,0.0014403462,0.9997712,0.0025716424,0.0002834201,0.0012212992,-0.0015341043,4.4703484e-06,-0.00010681152,0.00037240982
1.3908309,-0.67320096,0.0,0.0,0.0,0.0,1.0,0.0,0.0,0.0,0.0,1.0,0.0,0.0,0.0,0.0,0.0,0.0
0.49307615,-0.4263507,0.0,0.0,0.0,0.0,1.0,0.0,1.0,0.0,0.0,0.0,0.0,0.0,0.0,0.0,0.0,0.0
0.0322634,0.5962462,0.04633826,-0.025670588,-0.0034389496,0.7455471,0.046495736,0.00601846,0.5598319,-0.053625226,0.031111598,-0.0550012,-0.0024001002,-0.08302605,0.024724483,-0.009998918,0.007202804,0.004806757
-0.7237155,1.432061,1.0,0.0,0.0,0.0,0.0,0.0,1.0,0.0,0.0,0.0,0.0,0.0,0.0,0.0,0.0,0.0
-0.65355337,2.6709273,0.12527502,0.022458553,0.0075279474,0.8478604,0.10268229,0.015573442,-0.051739216,-0.021356046,0.05619961,0.06423992,0.012696505,-0.033330977,0.9056522,0.0057668686,0.0021780133,-0.008634865
-0.6384277,2.724124,0.13798761,0.024226487,0.009550869,0.8387812,0.11330521,0.01743716,-0.05120355,-0.022083402,0.06496048,0.06957793,0.013574481,-0.02966851,0.9048154,0.0046629906,0.00082081556,-0.00927496
0.14959627,0.6176786,0.07287073,-0.03182149,-0.006233752,0.99787146,0.04699546,0.009275317,0.98386854,-0.08635992,0.03290862,-0.104010046,-0.008725584,-0.06914455,-0.005954802,-0.0060300827,0.002607584,0.0058147907
0.101172805,-0.5828829,0.01779145,0.005342424,0.00089097023,0.99144846,0.021808207,0.0061211586,0.024024546,0.016542077,1.0503955,0.009908557,0.009319842,0.016062915,0.0115686655,-0.015124679,0.004493594,0.010603428
-0.73762697,2.0929883,1.0,0.0,0.0,0.0,0.0,0.0,1.0,0.0,0.0,0.0,0.0,0.0,0.0,0.0,0.0,0.0
-0.560232,-0.043781042,0.22071862,0.03559041,0.016578019,0.9128694,0.15087986,0.023228705,0.95886606,-0.06273693,0.045759797,0.05491942,0.0028779507,-0.12769979,-0.009689152,0.009684384,-0.0007571578,0.014560282
1.3490964,-0.6635171,0.0,1.0,0.0,0.0,0.0,0.0,0.0,1.0,0.0,0.0,0.0,0.0,0.0,0.0,0.0,0.0
1.5535953,0.61983806,0.0,0.0,0.0,1.0,0.0,0.0,1.0,0.0,0.0,0.0,0.0,0.0,0.0,0.0,0.0,0.0
1.2579762,0.19448768,0.0,0.0,0.0,1.0,0.0,0.0,1.0,0.0,0.0,0.0,0.0,0.0,0.0,0.0,0.0,0.0
-0.73762697,-0.7064664,0.0,1.0,0.0,0.0,0.0,0.0,0.0,0.0,0.0,0.0,0.0,0.0,0.0,1.0,0.0,0.0
-0.26324067,2.7575774,-0.08161926,0.02772981,0.0059277415,1.0653758,-0.04869628,-0.013144553,1.1150916,0.074929595,-0.03627634,0.06788701,-0.005018592,0.0473001,0.00091326237,0.003668666,0.0055375695,0.0043874383
1.8424906,2.1124234,0.0,0.0,0.0,1.0,0.0,0.0,1.0,0.0,0.0,0.0,0.0,0.0,0.0,0.0,0.0,0.0
-0.7264419,2.6788101,0.26801258,0.0025699139,-0.0032626987,0.63993233,0.20207757,0.01985544,0.8872252,-0.0804469,0.10682398,0.10451186,0.0012486577,-0.05660826,0.0038021207,0.004310429,-0.0066975355,0.030341446
-0.60366833,0.60001653,0.0864048,0.015303016,0.0083014965,0.87119585,0.05088216,0.0045072436,-0.017631948,-0.008934379,0.028219283,0.043777943,0.0084812045,-0.024027586,0.9977723,-1.9490719e-05,-0.006023228,0.015660703
-0.113164485,2.230216,-0.0355798,0.011982799,0.0018494129,1.0285509,-0.02569455,-0.0062696934,1.0766029,0.030798376,-0.017428279,0.025294423,-0.0008530021,0.02141285,-0.0017326474,0.002472341,0.0014917254,0.000119149685
-0.5739646,-0.70538604,-0.18816495,-0.020724475,-0.029625714,1.1745536,-0.11905527,-0.01404649,0.14416075,0.08465397,0.9889446,-0.057097733,-0.0016402602,0.19425458,0.055987358,0.0051730275,-0.0045514107,-0.0052188635
-0.73762697,-0.7065347,0.0,1.0,0.0,0.0,0.0,0.0,0.0,0.0,0.0,0.0,0.0,0.0,0.0,1.0,0.0,0.0
-0.7237155,0.8711898,1.0,0.0,0.0,0.0,0.0,0.0,1.0,0.0,0.0,0.0,0.0,0.0,0.0,0.0,0.0,0.0
-0.73762697,1.4908179,1.0,0.0,0.0,0.0,0.0,0.0,1.0,0.0,0.0,0.0,0.0,0.0,0.0,0.0,0.0,0.0
1.3630079,-0.6552934,0.0,1.0,0.0,0.0,0.0,0.0,0.0,1.0,0.0,0.0,0.0,0.0,0.0,0.0,0.0,0.0
1.8424906,2.1139162,0.0,0.0,0.0,1.0,0.0,0.0,1.0,0.0,0.0,0.0,0.0,0.0,0.0,0.0,0.0,0.0
0.15062487,0.5351803,0.07736498,-0.040353,-0.008682787,0.99182326,0.06750196,0.011428297,0.9813681,-0.093960464,0.04647863,-0.10164994,-0.0041577816,-0.14005125,0.03381908,-0.010548294,0.010750592,0.008034527
-0.7348446,-0.71226877,0.0,0.0,0.0,0.0,1.0,0.0,1.0,0.0,0.0,0.0,0.0,0.0,0.0,0.0,0.0,0.0
-0.5902079,2.3890016,0.14891857,0.03137684,0.011551559,0.7941399,0.120705485,0.018932998,-0.058725297,-0.03083229,0.06627655,0.08069885,0.016047478,-0.041799188,0.8595461,0.012554467,4.4703484e-06,-0.005359173
-0.4571605,-0.6524837,0.0069974065,-0.046331048,-0.007676482,1.0324459,0.0124979615,0.01000613,-0.0012654066,0.037118733,0.066042066,-0.0007212162,0.00892961,0.05744207,0.99993545,-0.074756384,0.012970328,0.05009657
-0.73762697,-0.706546,0.0,1.0,0.0,0.0,0.0,0.0,0.0,0.0,0.0,0.0,0.0,0.0,0.0,1.0,0.0,0.0
1.4047424,-0.6744898,0.0,0.0,0.0,0.0,1.0,0.0,0.0,0.0,0.0,1.0,0.0,0.0,0.0,0.0,0.0,0.0
0.11642516,0.50276047,0.013262987,-0.01947689,0.0070162416,0.9377726,0.0024210215,0.024613261,-0.020815194,-0.06302786,-0.00026595592,-0.0037795305,0.004991591,-0.057258606,0.96604043,-0.00022655725,-0.011664152,0.0061211586
-0.14276898,-0.5679027,-0.0011113882,0.011421502,0.00096458197,0.9934183,-0.00028133392,0.0021044016,0.027738333,0.03217441,1.0108528,0.027659595,0.010476768,0.04580599,-0.01965487,-0.0164271,0.00073355436,0.011799693
0.65352196,-0.66006035,0.0,0.0,0.0,1.0,0.0,0.0,0.0,0.0,0.0,0.0,0.0,0.0,1.0,0.0,0.0,0.0
-0.31592736,-0.012268305,0.005672753,-0.004969001,0.008162916,0.99727076,0.017746985,-0.0029836893,-0.03855598,-0.00016838312,-0.0032061934,-0.015574753,-0.0015204549,-0.03745556,1.0228312,0.014864862,0.0051028132,-0.0003874898
-0.30175662,1.1596949,-0.0016676188,0.003317833,-0.0018558502,0.99714416,-0.0101649165,0.0014129877,0.008743048,0.0016388893,0.0012863278,0.0046287775,4.7266483e-05,0.011628568,0.9817206,0.001743257,-0.00080507994,0.00061541796
-0.5188699,-0.69674844,-0.18638676,-0.03216374,-0.020354807,0.98191744,-0.12259799,-0.016379178,0.14688879,0.09472239,0.9757101,-0.041407228,0.00092864037,0.25273103,0.028414369,-0.0107142925,-0.0034886003,-0.0033533573
-0.65057206,0.09818292,0.15906054,0.028505087,0.010317624,0.7204574,0.10663229,0.015094221,0.80586165,-0.031852305,0.031012356,0.044657648,0.004894018,-0.0912649,0.0044884086,0.010500729,-0.00068694353,0.0054605007
-0.096034706,-0.57037055,0.00025260448,-0.00034469366,1.2993813e-05,1.0002196,0.0005521178,3.3557415e-05,-0.000289917,-0.00062537193,0.9998551,-0.0012346506,-0.00015300512,-0.00057059526,0.00079858303,2.4974346e-05,4.8935413e-05,-0.00020092726
0.88213414,-0.67329854,0.0,0.0,0.0,0.0,1.0,0.0,1.0,0.0,0.0,0.0,0.0,0.0,0.0,0.0,0.0,0.0
-0.14269543,0.12369704,0.0440107,-0.038193166,-0.02965653,0.9722273,-0.008340538,0.049667,0.017940342,-0.16370845,-0.049687207,-0.047070384,0.017621994,-0.20644999,0.8962,0.001738131,-0.0020013452,0.014967561
-0.5861141,-0.25085157,0.22784334,0.038347542,0.0104596615,0.8992652,0.14935154,0.027423441,1.0501456,-0.058371067,0.03973043,0.044334173,0.0035796762,-0.121482134,-0.0114245415,0.013338268,-0.00046616793,0.017877042
1.3908309,-0.675336,0.0,0.0,0.0,0.0,1.0,0.0,0.0,0.0,0.0,1.0,0.0,0.0,0.0,0.0,0.0,0.0
-0.73762697,-0.7064679,0.0,1.0,0.0,0.0,0.0,0.0,0.0,0.0,0.0,0.0,0.0,0.0,0.0,1.0,0.0,0.0
-0.45533782,-0.6524495,0.006333351,-0.045115948,-0.0073598623,1.0175908,0.012195051,0.009164095,-0.0011302233,0.03623736,0.06365973,-0.0019944906,0.008226216,0.05609864,0.9967608,-0.07175279,0.012831688,0.04869491
-0.7254681,3.5525396,0.13862425,-0.0058401227,0.00091153383,0.7853654,0.10168797,0.010042071,0.8950191,-0.038978696,0.05313438,0.044168174,0.002243042,-0.014772117,0.0078034997,-0.001359582,-0.0043237805,0.011515617
-0.5774063,-0.7056291,-0.021900237,-0.05916685,-0.012112558,1.1012733,0.0032818913,0.0049607754,0.019966722,0.044341028,0.069334865,0.015641868,-0.00056546926,0.07697135,0.99040455,-0.09367293,0.011229813,0.04979366
1.3490964,-0.64602596,0.0,1.0,0.0,0.0,0.0,0.0,0.0,1.0,0.0,0.0,0.0,0.0,0.0,0.0,0.0,0.0
-0.54740816,-0.705778,-0.0075686574,-0.052692473,-0.008535624,1.07038,0.00946188,0.010177255,0.013858557,0.04880786,0.065294206,0.01233536,0.0033092499,0.078918934,0.99544126,-0.09163976,0.00956285,0.05330038
1.3351849,-0.6600944,0.0,1.0,0.0,0.0,0.0,0.0,0.0,1.0,0.0,0.0,0.0,0.0,0.0,0.0,0.0,0.0
-0.5850513,-0.7118142,-0.020690262,-0.0586192,-0.012013257,1.0966403,0.003998935,0.0050668716,0.019999206,0.044002175,0.069447875,0.01623404,-0.00031387806,0.07666838,0.9882789,-0.093161225,0.010978222,0.049879253
-0.15388823,2.1761703,-0.049692333,0.019800663,0.0054622293,1.0730379,-0.036789775,-0.008617759,1.1580827,0.043384314,-0.026930213,0.035379946,-0.0010206699,0.040675104,-0.004989505,0.002818048,0.0021660328,0.0031124353
-0.5938749,0.27479088,0.0,0.0,0.0,1.0,0.0,0.0,0.0,0.0,0.0,0.0,0.0,1.0,0.0,0.0,0.0,0.0
-0.09304142,-0.5570983,-0.0005791187,0.0007249713,9.596348e-06,1.0005722,-0.0009864569,-1.0967255e-05,0.0007198453,0.0014454722,0.99976605,0.0025784373,0.00028514862,0.0012246966,-0.00153929,4.4703484e-06,-0.00010681152,0.00037240982
-0.5394517,-0.6390215,-0.22875345,-0.032687485,-0.03395909,1.1033938,-0.1503883,-0.018583477,0.14006186,0.085627794,1.0052257,-0.05684614,0.00046652555,0.19979113,0.04463023,-0.014804661,-0.00462842,0.0019195676
-0.5850513,-0.711804,-0.020690262,-0.05862093,-0.012013257,1.0966403,0.003998935,0.0050668716,0.019999206,0.044002175,0.069447875,0.01623404,-0.00031387806,0.07667011,0.9882789,-0.093162894,0.010978222,0.049879253
-0.09543401,-0.5796517,-0.000469625,0.0006890297,3.182888e-05,1.0001614,-0.0010275245,-6.2286854e-05,0.0006120205,0.0012127161,0.9998123,0.0023782253,0.0003142357,0.0010758042,-0.0014570951,-4.518032e-05,-9.8228455e-05,0.0003912449
-0.73762697,4.455844,1.0,0.0,0.0,0.0,0.0,0.0,1.0,0.0,0.0,0.0,0.0,0.0,0.0,0.0,0.0,0.0
0.68180865,1.7583556,0.0,0.0,0.0,1.0,0.0,0.0,1.0,0.0,0.0,0.0,0.0,0.0,0.0,0.0,0.0,0.0
0.63961047,-0.6582403,0.0,0.0,0.0,1.0,0.0,0.0,0.0,0.0,0.0,0.0,0.0,0.0,1.0,0.0,0.0,0.0
-0.5850513,-0.7117612,-0.020695388,-0.05862266,-0.012013257,1.0966473,0.0039972663,0.0050668716,0.020000935,0.044005573,0.06945127,0.01623404,-0.00031387806,0.076676965,0.98828226,-0.09316802,0.01097995,0.04988265
-0.5882928,-0.29427937,0.011637092,0.027974546,-0.0005825758,0.9691296,0.006052673,-0.0014964938,-0.0010035634,-0.020709097,-0.025039017,-5.543232e-05,0.0030987263,-0.028367817,0.99571854,0.04747635,-0.006170392,-0.01869303
-0.45615077,-0.65245974,0.0069820285,-0.046307087,-0.007671356,1.0322628,0.012489438,0.009995818,-0.0012722611,0.0370965,0.065992475,-0.0007263422,0.00891763,0.05740273,0.99982256,-0.074718714,0.012965202,0.05005896
-0.5928503,1.7210217,0.115261376,0.024849415,0.013086677,0.71144146,0.08585882,0.021376908,-0.04955542,-0.02989608,0.038410902,0.0704028,0.006066382,-0.048841774,0.89329225,0.014825523,-0.0075446963,0.012248099
-0.5944693,0.35597712,0.07430661,0.011539578,0.0063555837,0.9456795,0.04027635,0.0039476156,-0.013242066,-0.003538251,0.03417164,0.034608066,0.009708345,-0.023416579,0.96074015,-0.0017206669,-0.005838394,0.016220331
0.09149802,-0.56752443,0.01157552,0.00513196,0.0010347366,0.9987375,0.012444913,0.0034855008,0.01441133,0.010767698,1.0160708,0.0059654117,0.0051730275,0.009742558,0.006124556,-0.008025646,0.0027273297,0.006203294
2.1253576,0.09131419,0.0,0.0,0.0,1.0,0.0,0.0,1.0,0.0,0.0,0.0,0.0,0.0,0.0,0.0,0.0,0.0
-0.6500672,2.6646514,-0.008047879,-0.0021741986,0.001134038,1.0246265,-0.0064168572,-0.0006904006,0.0045757294,0.0034838319,0.9984277,-0.002357304,-0.0019842386,0.0023782253,0.0019109845,-0.0020167232,0.0011134744,0.0006958842
-0.5850513,-0.71178514,-0.02069199,-0.05862093,-0.012013257,1.0966439,0.0039972663,0.0050668716,0.020000935,0.044003844,0.069449544,0.01623404,-0.00031387806,0.07667357,0.9882806,-0.09316462,0.010978222,0.04988098
-0.6338975,-0.06866193,0.13727224,0.023790061,0.01001811,0.816274,0.08834213,0.01463896,0.9186284,-0.03915155,0.02615869,0.030213058,0.0016457438,-0.07870126,-0.0043768287,0.010545194,0.00067704916,0.0072301626
0.15366608,0.5790239,0.07569116,-0.035800576,-0.006283343,0.9985817,0.051623225,0.011370122,0.9897867,-0.09011483,0.038535833,-0.10731995,-0.005877733,-0.098694265,0.008508623,-0.010235071,0.0053869486,0.010500729
0.49469915,-0.1968195,0.0,0.0,0.0,0.0,1.0,0.0,1.0,0.0,0.0,0.0,0.0,0.0,0.0,0.0,0.0,0.0
0.65352196,-0.6605301,0.0,0.0,0.0,1.0,0.0,0.0,0.0,0.0,0.0,0.0,0.0,0.0,1.0,0.0,0.0,0.0
0.63961047,-0.6298913,0.0,0.0,0.0,1.0,0.0,0.0,0.0,0.0,0.0,0.0,0.0,0.0,1.0,0.0,0.0,0.0
0.10766089,0.53532237,0.06499469,-0.038521767,-0.0058657527,0.9929871,0.048547745,0.009129882,0.95324224,-0.08999503,0.039798856,-0.102859914,-0.0046592355,-0.12886524,0.020269632,-0.010765612,0.007307172,0.008108139
1.4047424,-0.6780647,0.0,0.0,0.0,0.0,1.0,0.0,0.0,0.0,0.0,1.0,0.0,0.0,0.0,0.0,0.0,0.0
0.65352196,-0.66545725,0.0,0.0,0.0,1.0,0.0,0.0,0.0,0.0,0.0,0.0,0.0,0.0,1.0,0.0,0.0,0.0
1.3908309,-0.67313915,0.0,0.0,0.0,0.0,1.0,0.0,0.0,0.0,0.0,1.0,0.0,0.0,0.0,0.0,0.0,0.0
-0.15737957,-0.46069634,0.037967622,-9.995699e-05,0.004844427,0.99414223,0.009532034,-0.009372532,-0.008482575,-0.054450154,-0.032192886,-0.00085127354,-0.0073975325,-0.11694336,1.0388999,0.042764783,-0.0022922754,-0.019052446
-0.51340187,-0.70377046,-0.18368095,-0.023644209,-0.023875237,1.0407825,-0.11592162,-0.015816092,0.13582432,0.078764915,0.9744385,-0.056094825,-0.0017052889,0.19971067,0.05037558,-0.0029426217,-0.005800724,-0.005453348
0.65352196,-0.66219944,0.0,0.0,0.0,1.0,0.0,0.0,0.0,0.0,0.0,0.0,0.0,0.0,1.0,0.0,0.0,0.0
-0.71688867,2.269266,0.1042791,0.020733416,0.0092051625,0.7713197,0.083789706,0.017305434,-0.052066088,-0.015208542,0.034989715,0.061850786,0.0042111874,-0.030371904,0.93842465,0.0034359097,-0.0030641556,0.00787878
-0.58504444,-0.67342836,-0.017272532,-0.05881089,-0.010599613,1.0908318,0.004769087,0.0050224066,0.018316865,0.048561454,0.072663665,0.017163336,-0.00034469366,0.08201498,0.9895385,-0.0941453,0.009941101,0.049102247
-0.5914846,0.1862536,0.05980903,0.0072541237,0.0048666596,0.9424072,0.03265357,0.0056162477,-0.012987077,-0.0028313994,0.027486742,0.028523922,0.008445263,-0.020245314,0.9517054,-0.0029426217,-0.003976345,0.013177395
-0.3159017,2.7355154,-0.11564779,0.03142649,0.0024261475,1.0316861,-0.073349595,-0.013481677,1.0416725,0.06683278,-0.06748617,0.025376558,-0.0032951832,0.047271013,-0.020445526,0.010745466,0.0035916567,-0.0009950399
-0.73762697,1.3586346,1.0,0.0,0.0,0.0,0.0,0.0,1.0,0.0,0.0,0.0,0.0,0.0,0.0,0.0,0.0,0.0
0.2833932,0.049418867,-0.0036237836,0.0016765594,0.00025773048,1.001262,-4.005432e-05,-0.00076568127,0.00016534328,0.0062015653,-0.0016316772,0.0057942867,0.00048708916,0.0019811988,1.006439,0.00035870075,0.00042378902,-0.00031387806
0.96884906,1.2391074,0.0,0.0,0.0,1.0,0.0,0.0,1.0,0.0,0.0,0.0,0.0,0.0,0.0,0.0,0.0,0.0
0.65352196,-0.66015774,0.0,0.0,0.0,1.0,0.0,0.0,0.0,0.0,0.0,0.0,0.0,0.0,1.0,0.0,0.0,0.0
-0.45640406,-0.6523656,0.0069836974,-0.04631567,-0.0076747537,1.0322938,0.012489438,0.009999275,-0.0012688637,0.037105024,0.066006124,-0.00072461367,0.008921087,0.057419837,0.9998414,-0.074730694,0.012966931,0.05007094
-0.4571605,-0.6524546,0.0069974065,-0.046332777,-0.0076782107,1.0324409,0.0124979615,0.01000613,-0.0012637377,0.037118733,0.066042066,-0.0007212162,0.00892961,0.057443798,0.9999321,-0.07475811,0.012970328,0.0500983
-0.6402465,1.5763401,1.0,0.0,0.0,0.0,0.0,0.0,0.0,0.0,0.0,1.0,0.0,0.0,0.0,0.0,0.0,0.0
-0.6323633,-0.66727793,0.0,0.0,0.0,0.0,1.0,0.0,0.0,0.0,0.0,1.0,0.0,0.0,0.0,0.0,0.0,0.0
-0.5738294,-0.62084436,-0.0048457384,-0.037811518,-0.005114436,1.0320935,0.0045123696,0.0055769086,0.01076597,0.033511043,0.044589162,0.009821296,0.00087559223,0.057519138,0.9974778,-0.067590594,0.004864931,0.036796987
-0.5402304,-0.1316669,0.14355147,0.025996089,0.0041666627,0.74355835,0.091373086,0.016191244,0.87231344,-0.050032914,0.02513355,0.021568596,-5.030632e-05,-0.0983417,-0.0030641556,0.01647538,0.0010484457,0.0108549595
-0.4569072,-0.65247345,0.0069939494,-0.046325922,-0.007676482,1.0323999,0.012496233,0.010002673,-0.0012671351,0.03711188,0.066030085,-0.00072288513,0.008926213,0.057431817,0.99990636,-0.0747478,0.0129686,0.050088048
1.5498856,2.1117723,0.0,0.0,0.0,1.0,0.0,0.0,1.0,0.0,0.0,0.0,0.0,0.0,0.0,0.0,0.0,0.0
-0.7014571,-0.66762894,0.0,0.0,0.0,0.0,1.0,0.0,0.0,0.0,0.0,1.0,0.0,0.0,0.0,0.0,0.0,0.0
-0.5850513,-0.71179885,-0.02069199,-0.0586192,-0.012013257,1.096642,0.003998935,0.0050668716,0.019999206,0.044002175,0.069449544,0.01623404,-0.00031387806,0.07667184,0.9882789,-0.093162894,0.010978222,0.049879253
-0.5733553,-0.56163704,-0.18780899,-0.03209704,-0.030727863,1.0566697,-0.12205714,-0.016372323,0.13917017,0.0777449,0.9576544,-0.054034233,-0.002093792,0.1999417,0.047584176,-0.018258333,-0.00082731247,5.2392483e-05
0.085954666,-0.5665164,0.013625801,0.004743457,0.004373789,0.9940036,0.012710214,0.0010227561,0.015802741,0.010875523,1.0634573,0.010923445,0.009046018,0.017543316,0.006328225,-0.007808268,0.0036292672,0.0062871575
-0.5850513,-0.711804,-0.020690262,-0.05862093,-0.012013257,1.0966403,0.003998935,0.0050668716,0.019999206,0.044002175,0.069447875,0.01623404,-0.00031387806,0.07667011,0.9882789,-0.093162894,0.010978222,0.049879253
-0.6402465,1.5770551,1.0,0.0,0.0,0.0,0.0,0.0,0.0,0.0,0.0,1.0,0.0,0.0,0.0,0.0,0.0,0.0
-0.18072188,-0.5231348,-0.0021879077,-0.0105192065,0.018590689,0.97797257,-0.014597535,-0.021872878,-0.03293389,-0.04389739,0.015448511,-0.02285868,-0.025407016,-0.084097385,1.0764813,0.031301558,0.010396302,-0.029625714
-0.7237155,0.85925627,1.0,0.0,0.0,0.0,0.0,0.0,1.0,0.0,0.0,0.0,0.0,0.0,0.0,0.0,0.0,0.0
-0.5912364,1.461699,0.11035812,0.019035697,0.012544155,0.7355488,0.08259857,0.018106341,-0.050217748,-0.02376914,0.03598404,0.07020599,0.0059123635,-0.056462765,0.88854474,0.007666588,-0.0064066052,0.012891591
1.3908309,-0.6683867,0.0,0.0,0.0,0.0,1.0,0.0,0.0,0.0,0.0,1.0,0.0,0.0,0.0,0.0,0.0,0.0
0.65352196,-0.6621636,0.0,0.0,0.0,1.0,0.0,0.0,0.0,0.0,0.0,0.0,0.0,0.0,1.0,0.0,0.0,0.0
-0.55353856,-0.35081163,0.20179695,0.028885007,0.0103004575,0.9432201,0.13787979,0.025556266,1.0103428,-0.049526334,0.035622954,0.038860977,0.0031226873,-0.098302364,-0.010402799,0.005872965,-0.00341326,0.018597543
0.63961047,-0.6271953,0.0,0.0,0.0,1.0,0.0,0.0,0.0,0.0,0.0,0.0,0.0,0.0,1.0,0.0,0.0,0.0
1.3490964,-0.6647226,0.0,1.0,0.0,0.0,0.0,0.0,0.0,1.0,0.0,0.0,0.0,0.0,0.0,0.0,0.0,0.0
-0.6281899,0.3130869,0.0,0.0,0.0,1.0,0.0,0.0,0.0,0.0,0.0,0.0,0.0,1.0,0.0,0.0,0.0,0.0
2.1267488,0.091229044,0.0,0.0,0.0,1.0,0.0,0.0,1.0,0.0,0.0,0.0,0.0,0.0,0.0,0.0,0.0,0.0
2.4149485,0.09122612,0.0,0.0,0.0,1.0,0.0,0.0,1.0,0.0,0.0,0.0,0.0,0.0,0.0,0.0,0.0,0.0
-0.45640406,-0.6523092,0.0069836974,-0.04631567,-0.0076747537,1.0322869,0.012489438,0.009999275,-0.0012671351,0.037105024,0.06600785,-0.00072461367,0.008921087,0.057423294,0.9998345,-0.07473415,0.012966931,0.05007261
1.3908309,-0.678386,0.0,0.0,0.0,0.0,1.0,0.0,0.0,0.0,0.0,1.0,0.0,0.0,0.0,0.0,0.0,0.0
-0.7237155,1.476136,1.0,0.0,0.0,0.0,0.0,0.0,1.0,0.0,0.0,0.0,0.0,0.0,0.0,0.0,0.0,0.0
-0.6402465,1.5782562,1.0,0.0,0.0,0.0,0.0,0.0,0.0,0.0,0.0,1.0,0.0,0.0,0.0,0.0,0.0,0.0
-0.096972585,-0.5909318,-0.0005158186,0.00071299076,2.1576881e-05,1.0002332,-0.0010960102,-7.766485e-05,0.0006428361,0.0012640953,0.99979347,0.0024843216,0.00031763315,0.0011220574,-0.0015375614,-6.055832e-05,-0.00011706352,0.0003963709
0.6815768,1.9408997,0.0,0.0,0.0,1.0,0.0,0.0,1.0,0.0,0.0,0.0,0.0,0.0,0.0,0.0,0.0,0.0
-0.5870383,-0.32579723,0.0077949166,0.019389927,-0.0003977418,0.9688968,0.0041649938,-0.001559794,-0.00080162287,-0.014626622,-0.017714083,-0.00018894672,0.0021420717,-0.020385623,0.996018,0.033321083,-0.0039541125,-0.012961388
-0.6270825,-0.14716911,0.18262368,0.035244703,0.020976424,0.8564809,0.1257987,0.018724203,1.0557232,-0.04350722,0.04190904,0.053647816,0.0030816197,-0.09700853,-0.01635176,0.005797684,-0.0010070205,0.012355924
0.65352196,-0.66568774,0.0,0.0,0.0,1.0,0.0,0.0,0.0,0.0,0.0,0.0,0.0,0.0,1.0,0.0,0.0,0.0
-0.73762697,-0.70645154,0.0,1.0,0.0,0.0,0.0,0.0,0.0,0.0,0.0,0.0,0.0,0.0,0.0,1.0,0.0,0.0
-0.6230932,2.8126602,0.098501265,0.016973376,0.0056059957,0.79767925,0.07175487,0.00956285,-0.036577582,-0.022170663,0.041575313,0.042824686,0.009845257,-0.02075702,0.8861727,0.0016525984,-0.0036477447,-0.006107092
-0.45766538,-0.6523263,0.0070025325,-0.046346486,-0.0076833367,1.0325146,0.01249969,0.010011256,-0.0012568831,0.03713417,0.066069484,-0.00071948767,0.008934736,0.057472885,0.9999749,-0.07478207,0.012975454,0.050120533
-0.650912,-0.5851529,0.0,0.0,0.0,0.0,1.0,0.0,0.0,0.0,0.0,1.0,0.0,0.0,0.0,0.0,0.0,0.0
-0.14355284,-0.5682261,-0.00069725513,0.01189214,0.00081056356,0.992881,-0.0005979538,0.0020718575,0.028541028,0.032283902,1.0106099,0.028359592,0.010599971,0.0466429,-0.021385133,-0.016469836,0.00059491396,0.012025595
0.084359646,-0.5462375,0.010991931,0.004219711,0.0005041957,0.99655193,0.01258868,0.0033451915,0.013954401,0.009668946,1.0230553,0.0061467886,0.0052449107,0.008886814,0.0058661103,-0.008763254,0.0022173524,0.0062255263
-0.5435746,-0.5606222,-0.2070353,-0.031865954,-0.029259443,0.99455816,-0.13118595,-0.01608479,0.1199764,0.07594788,1.0136509,-0.05282426,-0.0033807755,0.17480582,0.04153937,-0.016531467,-0.0008906126,0.0017740726
-0.58159417,-0.34651935,0.17902619,0.030404747,0.00972712,0.95685166,0.12047613,0.022894979,1.0304813,-0.045838177,0.03228563,0.0319947,0.0014762878,-0.09621781,-0.010414779,0.009911954,-0.004414499,0.014774203
0.08283985,0.62568814,0.05675578,-0.047262073,-0.011436522,0.8337359,0.057281196,-0.0028125644,0.70537275,-0.06728423,0.04790765,-0.08666289,0.0018579364,-0.11087972,0.039329946,-0.013926685,0.016975105,-0.0040619373
1.2605267,0.5553916,0.0,0.0,0.0,1.0,0.0,0.0,1.0,0.0,0.0,0.0,0.0,0.0,0.0,0.0,0.0,0.0
-0.59128433,-0.073477924,0.0598706,0.0061913133,0.0067646503,0.94905096,0.033867,0.007096648,-0.0045667887,-0.0018695593,0.027466238,0.028429747,0.009141862,-0.007868171,0.95363766,-0.0033910275,-0.0086537,0.013078153
-0.5669477,-0.2703209,0.23707998,0.044549823,0.0025219917,0.95385844,0.15971261,0.03517282,0.98904735,-0.09496504,0.050113738,0.034924686,0.003143251,-0.18430907,0.0037336946,0.026959658,0.0034923553,0.024380505
-0.73762697,-0.70644903,0.0,1.0,0.0,0.0,0.0,0.0,0.0,0.0,0.0,0.0,0.0,0.0,0.0,1.0,0.0,0.0
-0.68198097,-0.31418297,1.0,0.0,0.0,0.0,0.0,0.0,0.0,0.0,0.0,1.0,0.0,0.0,0.0,0.0,0.0,0.0
-0.5693317,-0.70626575,-0.019006193,-0.058472037,-0.011159241,1.0967636,0.0049898624,0.0056248307,0.01681763,0.04584539,0.07167101,0.016343594,-0.000305295,0.07385993,0.98853046,-0.09152162,0.009838402,0.048989296
-0.09560853,-0.56923413,0.00026285648,-0.00029331446,3.695488e-05,1.0003994,0.0005264282,5.0663948e-05,-0.0002642274,-0.00056034327,0.9997147,-0.0011268258,-0.00012391806,-0.00051409006,0.00075918436,5.7518482e-05,6.604195e-05,-0.00016838312
-0.5458097,-0.2415567,0.19082314,0.030752182,0.0071154833,0.81692785,0.12173921,0.020694077,0.9692922,-0.050394,0.037505507,0.029270053,-0.00014615059,-0.101845026,-0.007890403,0.013608694,-0.00042682886,0.015491307
-0.73762697,-0.70655,0.0,1.0,0.0,0.0,0.0,0.0,0.0,0.0,0.0,0.0,0.0,0.0,0.0,1.0,0.0,0.0
-0.27927345,-0.60065275,0.04399532,0.029863954,0.0016251802,1.0072672,0.017871916,0.0011134744,0.0011973381,-0.022836447,1.000057,0.013945878,0.00133425,-0.030573845,-0.028307915,0.016471922,-0.0020869374,-0.001778841
-0.555161,-0.69728583,-0.1370117,-0.017255425,-0.021621287,1.4004843,-0.09274876,-0.013303697,0.09159386,0.048963606,1.0546536,-0.033330977,0.002831757,0.120299876,0.023269773,0.0008789897,-0.002069831,-0.0011559129
-0.4569072,-0.65246147,0.0069922805,-0.046325922,-0.007676482,1.032398,0.012496233,0.010002673,-0.0012671351,0.037113607,0.066030085,-0.00072288513,0.008926213,0.057433546,0.9999047,-0.0747478,0.0129686,0.050088048
1.5508131,0.19481379,0.0,0.0,0.0,1.0,0.0,0.0,1.0,0.0,0.0,0.0,0.0,0.0,0.0,0.0,0.0,0.0
-0.7125878,-0.71209663,0.037508965,-0.022709787,0.0011014938,0.9831137,0.02862829,0.0051679015,-0.0022392273,0.012506545,0.047637284,0.029028773,0.0060150623,0.016898096,0.96525663,-0.04512453,-0.00010508299,0.025587082
-0.73762697,-0.7065398,0.0,1.0,0.0,0.0,0.0,0.0,0.0,0.0,0.0,0.0,0.0,0.0,0.0,1.0,0.0,0.0
0.96745795,0.7800244,0.0,0.0,0.0,1.0,0.0,0.0,1.0,0.0,0.0,0.0,0.0,0.0,0.0,0.0,0.0,0.0
1.5498856,2.1146884,0.0,0.0,0.0,1.0,0.0,0.0,1.0,0.0,0.0,0.0,0.0,0.0,0.0,0.0,0.0,0.0
1.3490964,-0.6629536,0.0,1.0,0.0,0.0,0.0,0.0,0.0,1.0,0.0,0.0,0.0,0.0,0.0,0.0,0.0,0.0
-0.7237155,0.9032964,1.0,0.0,0.0,0.0,0.0,0.0,1.0,0.0,0.0,0.0,0.0,0.0,0.0,0.0,0.0,0.0
-0.5836308,2.7233913,0.11065763,0.011707306,0.0046253204,0.7971607,0.078942895,0.010440826,-0.032456398,-0.034621418,0.05080515,0.040346503,0.012989163,-0.020101547,0.88464266,0.007700801,-0.0047550797,-0.004903972
-0.48141503,0.98905593,0.14563602,0.045802593,-0.003065884,0.8875213,0.084007084,0.032181263,-0.04373139,-0.037296355,1.0081213,0.0552001,0.03268951,-0.050638735,-0.017395735,-0.0010669231,0.00423342,-0.0053694844
-0.14244707,0.570149,0.0,0.0,0.0,1.0,0.0,0.0,1.0,0.0,0.0,0.0,0.0,0.0,0.0,0.0,0.0,0.0
-0.59141785,0.17023969,0.060360074,0.0068656206,0.005123377,0.9415669,0.03295821,0.0059568286,-0.012993932,-0.0028707385,0.02841264,0.028866172,0.008351147,-0.01993382,0.952354,-0.0038000941,-0.0040961504,0.0137627125
-0.4569072,-0.6524341,0.0069922805,-0.046325922,-0.007676482,1.032393,0.012496233,0.010002673,-0.0012654066,0.037113607,0.066030085,-0.00072288513,0.008926213,0.057435274,0.999903,-0.07474953,0.012970328,0.050088048
-0.63645095,-0.4858032,0.089552104,0.015549481,0.0010980964,0.8081772,0.05985695,0.01179117,-0.04260695,-0.036026478,0.018583834,0.017577529,0.006951213,0.6035078,-0.0010977387,0.008715689,-0.0050151944,0.009675801
0.22062105,0.057816923,0.006679058,-0.011077106,0.0031552315,0.9959479,-0.011655569,0.0037302375,-0.00973022,-0.03640473,0.005053222,-0.016762495,0.00074893236,-0.024498224,0.97035664,-0.002721846,-0.0024719834,0.001693666
-0.6402465,1.5809336,1.0,0.0,0.0,0.0,0.0,0.0,0.0,0.0,0.0,1.0,0.0,0.0,0.0,0.0,0.0,0.0
-0.5715326,-0.67826146,-0.010868311,-0.05179739,-0.008354187,1.0342054,0.005453706,0.0066756606,0.016978502,0.046784937,0.06632447,0.014051974,0.00084990263,0.07814199,0.9832353,-0.08880556,0.00853771,0.048850656
2.9996946,1.7581576,0.0,0.0,0.0,1.0,0.0,0.0,1.0,0.0,0.0,0.0,0.0,0.0,0.0,0.0,0.0,0.0
-0.7139774,0.5162289,0.0,0.0,0.0,1.0,0.0,0.0,0.0,0.0,0.0,0.0,0.0,1.0,0.0,0.0,0.0,0.0
-0.07009268,-0.3958516,0.0014814138,-0.00064247847,-5.7816505e-06,1.0007415,0.0012093186,0.00023210049,-0.000839293,-0.002285421,0.99850136,-0.0030795336,-0.00017696619,-0.0018336177,0.0012709498,7.289648e-05,0.00013452768,-0.0002744794
0.17988878,0.77117246,0.0003450513,-9.3102455e-05,-1.4364719e-05,0.9999252,0.00018930435,6.4373016e-05,0.9998842,-0.00030362606,0.00017559528,-0.00035834312,9.596348e-06,-0.00018721819,-4.518032e-05,1.4722347e-05,-1.2636185e-05,2.3305416e-05
-0.5946182,0.3569972,0.07468486,0.012100935,0.006631136,0.94513685,0.040454328,0.0036343932,-0.012355566,-0.0033482313,0.033454537,0.0345276,0.010062575,-0.021850646,0.9603345,-0.0013663769,-0.0063364506,0.01633501
-0.5394534,-0.5336157,-0.14425284,-0.018434584,-0.022273362,1.0626323,-0.09246808,-0.01071769,0.10401893,0.055153906,0.9018169,-0.043830633,-0.0018336177,0.13902813,0.032888055,0.00094747543,-0.0010412335,-0.0016350746
-0.5850513,-0.7117663,-0.02069372,-0.05862266,-0.012013257,1.0966456,0.0039972663,0.0050668716,0.020000935,0.044005573,0.06945127,0.01623404,-0.00031387806,0.076676965,0.98828226,-0.09316802,0.01097995,0.04988098
0.9690809,1.2390605,0.0,0.0,0.0,1.0,0.0,0.0,1.0,0.0,0.0,0.0,0.0,0.0,0.0,0.0,0.0,0.0
-0.68584484,-0.08292848,-0.114785254,-0.035247803,-0.017508686,1.1412148,-0.080361366,-0.00995785,0.084005356,0.029660285,0.9910583,-0.039534926,-0.0032969117,0.09672648,0.019140065,-0.011318445,-0.00076568127,0.0037918687
-0.30784935,-0.59578544,-0.0058845878,0.0024312735,-0.0077004433,1.0074213,-0.0090764165,0.003512919,0.012764931,-2.4616718e-05,-0.0014690757,0.010807097,0.004209459,0.014921367,1.0017154,-0.013979733,-0.0020167232,0.005867839
-0.5850513,-0.7117218,-0.020697117,-0.058627784,-0.012014985,1.0966506,0.0039955378,0.0050668716,0.020002663,0.04400903,0.06945467,0.01623404,-0.0003156066,0.07668209,0.98828405,-0.093173206,0.01097995,0.04988438
-0.73762697,1.1144499,1.0,0.0,0.0,0.0,0.0,0.0,1.0,0.0,0.0,0.0,0.0,0.0,0.0,0.0,0.0,0.0
-0.45690894,-0.6523006,0.006990552,-0.04632938,-0.0076782107,1.0323758,0.0124928355,0.010004401,-0.0012620091,0.037117004,0.06603354,-0.0007212162,0.008926213,0.057443798,0.9998893,-0.074754655,0.012970328,0.050091445
0.13160928,2.6644409,0.0,0.0,0.0,1.0,0.0,0.0,1.0,0.0,0.0,0.0,0.0,0.0,0.0,0.0,0.0,0.0
-0.1435768,-0.5682364,-0.00068354607,0.011910975,0.00080543756,0.99286216,-0.00061678886,0.00206846,0.028570116,0.032295883,1.010591,0.028393805,0.010603428,0.046687424,-0.021463871,-0.016475022,0.00058978796,0.012037575
2.7010612,0.60852027,0.0,0.0,0.0,1.0,0.0,0.0,1.0,0.0,0.0,0.0,0.0,0.0,0.0,0.0,0.0,0.0
-0.5856811,-0.58760476,-0.010541439,-0.034255147,-0.0052804947,1.0483334,0.0018305779,0.0025528073,0.008351147,0.02663958,0.038397193,0.0082707405,-0.0002488494,0.044765472,1.0000775,-0.055249393,0.0050823092,0.026761115
1.3908309,-0.6732379,0.0,0.0,0.0,0.0,1.0,0.0,0.0,0.0,0.0,1.0,0.0,0.0,0.0,0.0,0.0,0.0
1.3490964,-0.6650617,0.0,1.0,0.0,0.0,0.0,0.0,0.0,1.0,0.0,0.0,0.0,0.0,0.0,0.0,0.0,0.0
-0.22174256,0.54565763,0.0,0.0,0.0,1.0,0.0,0.0,1.0,0.0,0.0,0.0,0.0,0.0,0.0,0.0,0.0,0.0
-0.73762697,1.1383225,1.0,0.0,0.0,0.0,0.0,0.0,1.0,0.0,0.0,0.0,0.0,0.0,0.0,0.0,0.0,0.0
-0.6402465,1.578408,1.0,0.0,0.0,0.0,0.0,0.0,0.0,0.0,0.0,1.0,0.0,0.0,0.0,0.0,0.0,0.0
0.09576464,-0.57983994,0.016162157,0.006177604,0.001003921,1.0046847,0.017495394,0.0050172806,0.019567907,0.014164925,0.9449914,0.0065352917,0.0067988634,0.012439787,0.008903921,-0.010774195,0.0037336946,0.007976353
-0.5473534,-0.59674215,-0.18030089,-0.030698776,-0.030279458,1.0055611,-0.114898205,-0.014589012,0.12974018,0.07492614,0.964904,-0.051475644,-0.0033122897,0.18454903,0.04943943,-0.017062008,-0.0016573668,0.0027290583
0.39363223,-0.67582095,-0.045499325,0.021440268,0.0020256639,0.99878365,0.0064617395,-0.0037418604,-0.01791948,0.12566352,-0.025590122,0.109984994,0.003026843,0.041493177,0.99673516,-0.0013458729,0.0023508668,-0.014380217
-0.15348947,-0.32273376,-0.0040824413,-0.008494556,-0.006374061,0.93137175,-0.035905004,-0.022744,-0.018063188,-0.09496677,-0.0017925501,-0.020989776,-0.011633337,-0.11295569,1.1705694,0.015412569,0.019330025,-0.0125335455
-0.56643766,-0.27141795,0.24154854,0.045886457,0.0019435287,0.9434374,0.16197169,0.036066234,0.98544306,-0.095682144,0.05064082,0.03509581,0.0032151341,-0.18636107,0.0045722723,0.02783078,0.004062295,0.024502039
-0.09335971,-0.55394757,4.553795e-05,-5.2034855e-05,4.4703484e-06,1.000021,9.173155e-05,7.867813e-06,-4.3451786e-05,-9.8228455e-05,0.9999766,-0.00019580126,-2.2947788e-05,-8.7976456e-05,0.00013113022,6.198883e-06,9.596348e-06,-2.9742718e-05
-0.5987103,1.3009076,0.12933111,0.02388078,0.01581645,0.84647924,0.08505446,0.015253365,-0.042483747,-0.015595317,0.052095532,0.08560556,0.0054023266,-0.020096421,0.93819875,0.005200386,-0.0034766197,0.018352807
-0.6500398,2.6592638,-0.0062406063,-0.0016522408,0.0008687377,1.0221055,-0.0049963593,-0.0005415082,0.0035642385,0.0026982427,0.99853045,-0.0018233657,-0.0015409589,0.0018374324,0.0014780164,-0.0015409589,0.0008738637,0.00054353476
-0.096173346,-0.58320975,-0.00050383806,0.0007660389,4.553795e-05,0.99932796,-0.0011302233,-6.568432e-05,0.0006753206,0.001349628,1.0004694,0.0026435256,0.00035190582,0.0011922121,-0.0016128421,-4.6908855e-05,-0.00010508299,0.0004374385
0.39198598,2.1144087,0.0,0.0,0.0,1.0,0.0,0.0,1.0,0.0,0.0,0.0,0.0,0.0,0.0,0.0,0.0,0.0
0.056143105,0.6031074,0.0549742,-0.040825367,-0.009812355,0.80268866,0.053930223,-0.0025678277,0.720074,-0.06314081,0.042052805,-0.08000195,0.004262507,-0.103149176,0.034228146,-0.011801064,0.016704679,-0.0028108358
0.63961047,-0.627187,0.0,0.0,0.0,1.0,0.0,0.0,0.0,0.0,0.0,0.0,0.0,0.0,1.0,0.0,0.0,0.0
-0.5830729,-0.583499,-0.008883059,-0.03273028,-0.0049108267,1.0465775,0.0018545389,0.002987504,0.009644985,0.027454257,0.037748575,0.0077179074,-0.00017011166,0.045990825,0.9992303,-0.054814696,0.005238056,0.027839303
-0.09206247,-0.5484162,-0.00033783913,0.00044602156,-1.7762184e-05,0.9999954,-0.00073832273,-5.3703785e-05,0.00035357475,0.0007882714,1.0000536,0.0015978217,0.00020641088,0.0007198453,-0.0010412335,-3.6597252e-05,-5.888939e-05,0.0002680421
-0.45665565,-0.65245634,0.0069888234,-0.046319067,-0.0076747537,1.0323536,0.012494564,0.010001004,-0.0012688637,0.03710848,0.066016436,-0.00072288513,0.008922756,0.057423294,0.9998756,-0.07473755,0.0129686,0.050077796
-0.6138326,-0.2348051,0.16291302,0.02891922,0.0093746185,0.8889126,0.10333437,0.017776072,0.9613716,-0.041294277,0.029396713,0.029963195,0.0011459589,-0.083046615,-0.009897947,0.011945188,0.0007866025,0.009718597
-0.4569072,-0.65242386,0.0069922805,-0.046325922,-0.007676482,1.032393,0.012494564,0.010002673,-0.0012654066,0.037113607,0.066030085,-0.00072288513,0.008926213,0.057435274,0.999903,-0.07474953,0.012970328,0.050089777
-0.45665735,-0.65228176,0.006985426,-0.046324193,-0.007676482,1.0323296,0.012489438,0.010002673,-0.0012637377,0.03711188,0.06602156,-0.00072288513,0.008924484,0.057435274,0.9998602,-0.0747444,0.0129686,0.050082922
-0.54334694,-0.6105689,-0.17748898,-0.030166507,-0.029728413,0.99333614,-0.11295915,-0.014327168,0.12708056,0.07344234,0.9652583,-0.05058229,-0.0032643676,0.18060243,0.048523784,-0.016753972,-0.0016248226,0.0026760101
-0.73762697,1.4614413,1.0,0.0,0.0,0.0,0.0,0.0,1.0,0.0,0.0,0.0,0.0,0.0,0.0,0.0,0.0,0.0
-0.73762697,1.3145715,1.0,0.0,0.0,0.0,0.0,0.0,1.0,0.0,0.0,0.0,0.0,0.0,0.0,0.0,0.0,0.0
-0.73762697,-0.7065172,0.0,1.0,0.0,0.0,0.0,0.0,0.0,0.0,0.0,0.0,0.0,0.0,0.0,1.0,0.0,0.0
2.9996946,1.758263,0.0,0.0,0.0,1.0,0.0,0.0,1.0,0.0,0.0,0.0,0.0,0.0,0.0,0.0,0.0,0.0
-0.5850513,-0.71179885,-0.02069199,-0.0586192,-0.012013257,1.096642,0.003998935,0.0050668716,0.019999206,0.044002175,0.069449544,0.01623404,-0.00031387806,0.07667184,0.9882789,-0.093162894,0.010978222,0.049879253
-0.75153846,2.7667913,1.0,0.0,0.0,0.0,0.0,0.0,1.0,0.0,0.0,0.0,0.0,0.0,0.0,0.0,0.0,0.0
1.8339119,0.32075807,0.0,0.0,0.0,1.0,0.0,0.0,1.0,0.0,0.0,0.0,0.0,0.0,0.0,0.0,0.0,0.0
-0.45615077,-0.65250766,0.0069820285,-0.046305418,-0.0076696277,1.0322697,0.012491107,0.009995818,-0.0012722611,0.03709477,0.065990746,-0.0007263422,0.00891763,0.057399333,0.999826,-0.07471532,0.012963474,0.050057232
0.08739227,-0.56571203,0.013862014,0.0048324466,0.004428506,0.9939694,0.012934387,0.0010604262,0.0160954,0.011074066,1.0637808,0.01108259,0.009184599,0.017800033,0.0064480305,-0.007933199,0.00368917,0.006393254
-0.14339882,-0.5215894,-0.008751273,-0.007269144,0.0027205348,1.0237553,-0.032180905,-0.016456187,-0.023461103,-0.040638804,0.007834315,-0.0020458698,-0.018179595,-0.06760085,1.0288384,0.019114375,0.0106496215,-0.025935829
-0.45665735,-0.6523434,0.0069871545,-0.046322525,-0.007676482,1.0323365,0.012491107,0.010002673,-0.0012654066,0.03711021,0.06601983,-0.00072288513,0.008924484,0.057431817,0.999867,-0.074742675,0.0129686,0.050081193
1.2600629,1.1607479,0.0,0.0,0.0,1.0,0.0,0.0,1.0,0.0,0.0,0.0,0.0,0.0,0.0,0.0,0.0,0.0
-0.7457572,1.0202451,0.3241101,0.045443177,0.01951319,0.89208907,0.24750435,0.02943778,0.97747284,-0.047005355,0.07465917,0.12643021,0.016680717,-0.11999315,0.005015552,-0.007852733,0.010873795,0.020308971
-0.73762697,-0.706471,0.0,1.0,0.0,0.0,0.0,0.0,0.0,0.0,0.0,0.0,0.0,0.0,0.0,1.0,0.0,0.0
1.3908309,-0.67832965,0.0,0.0,0.0,0.0,1.0,0.0,0.0,0.0,0.0,1.0,0.0,0.0,0.0,0.0,0.0,0.0
0.1318093,-0.58663607,0.03445232,0.014445603,0.003138125,1.0009248,0.03971845,0.011755228,0.041751623,0.033321083,0.97319084,0.020329535,0.017161667,0.029588401,0.01902026,-0.027852654,0.007847965,0.019097269
0.65352196,-0.6605141,0.0,0.0,0.0,1.0,0.0,0.0,0.0,0.0,0.0,0.0,0.0,0.0,1.0,0.0,0.0,0.0
-0.15166849,-0.6174848,0.014654398,-0.0050528646,-0.0025815368,0.98615664,-0.018450022,-0.012607157,-0.009872258,-0.04379469,0.015922546,0.0054724813,-0.00488168,-0.079769194,1.0498393,0.017724693,0.0041273236,-0.032244205
-0.0727095,-0.7091786,0.0453251,0.008717418,0.00026971102,0.95437866,0.017556965,0.003153503,0.030076146,-0.03540182,-0.012975097,0.01024574,0.009463608,-0.061631322,0.93901676,0.00689131,-0.0050631166,0.0013205409
1.5471033,0.27461386,0.0,0.0,0.0,1.0,0.0,0.0,1.0,0.0,0.0,0.0,0.0,0.0,0.0,0.0,0.0,0.0
-0.6374642,-0.6689642,0.0,0.0,0.0,0.0,1.0,0.0,0.0,0.0,0.0,1.0,0.0,0.0,0.0,0.0,0.0,0.0
-0.48850724,-0.13858455,-0.053091228,-0.011403978,-0.008542478,1.024765,-0.030524194,-0.0042313337,0.026477039,0.019042492,1.0058639,-0.016130984,-0.00085812807,0.043606818,0.014695466,0.0033897161,-0.0029649138,0.002261877
0.11513817,0.7489323,-0.020758748,0.015670955,-0.008352518,0.9976935,0.0088252425,-0.0071989894,0.016180992,0.04908341,-0.010678351,0.022528708,0.0014061332,0.021599412,1.0199473,0.002112925,0.0071206093,-0.0020834804
-0.73762697,-0.70654696,0.0,1.0,0.0,0.0,0.0,0.0,0.0,0.0,0.0,0.0,0.0,0.0,0.0,1.0,0.0,0.0
1.3630079,-0.6751705,0.0,1.0,0.0,0.0,0.0,0.0,0.0,1.0,0.0,0.0,0.0,0.0,0.0,0.0,0.0,0.0
-0.6230932,2.813206,0.0985235,0.016976833,0.0056059957,0.797633,0.07177025,0.0095645785,-0.036584437,-0.022175789,0.041583896,0.04283327,0.009846926,-0.020760417,0.8861453,0.0016525984,-0.0036494732,-0.006107092
-0.45665565,-0.65240157,0.0069888234,-0.046320796,-0.0076747537,1.032345,0.0124928355,0.010001004,-0.0012671351,0.03710848,0.066018105,-0.00072288513,0.008924484,0.05742669,0.9998705,-0.07474095,0.0129686,0.050079465
1.3769194,-0.67324424,0.0,1.0,0.0,0.0,0.0,0.0,0.0,1.0,0.0,0.0,0.0,0.0,0.0,0.0,0.0,0.0
0.65352196,-0.6647532,0.0,0.0,0.0,1.0,0.0,0.0,0.0,0.0,0.0,0.0,0.0,0.0,1.0,0.0,0.0,0.0
1.3908309,-0.6782151,0.0,0.0,0.0,0.0,1.0,0.0,0.0,0.0,0.0,1.0,0.0,0.0,0.0,0.0,0.0,0.0
-0.73762697,1.4908209,1.0,0.0,0.0,0.0,0.0,0.0,1.0,0.0,0.0,0.0,0.0,0.0,0.0,0.0,0.0,0.0
-0.6402465,1.5802497,1.0,0.0,0.0,0.0,0.0,0.0,0.0,0.0,0.0,1.0,0.0,0.0,0.0,0.0,0.0,0.0
-0.5850513,-0.7117971,-0.02069199,-0.05862093,-0.012013257,1.096642,0.003998935,0.0050668716,0.019999206,0.044003844,0.069449544,0.01623404,-0.00031387806,0.07667184,0.9882789,-0.093162894,0.010978222,0.049879253
0.063004255,-0.57810795,0.009903431,0.0035043359,0.0011168718,1.0065091,0.010921717,0.0032767057,0.013608694,0.009544015,0.89746135,0.0049796104,0.0054810643,0.009289026,0.0059072375,-0.00747627,0.003167212,0.005128503
0.65352196,-0.6618898,0.0,0.0,0.0,1.0,0.0,0.0,0.0,0.0,0.0,0.0,0.0,0.0,1.0,0.0,0.0,0.0
0.65352196,-0.65929985,0.0,0.0,0.0,1.0,0.0,0.0,0.0,0.0,0.0,0.0,0.0,0.0,1.0,0.0,0.0,0.0
-0.73762697,1.3145783,1.0,0.0,0.0,0.0,0.0,0.0,1.0,0.0,0.0,0.0,0.0,0.0,0.0,0.0,0.0,0.0
-0.73762697,1.4908174,1.0,0.0,0.0,0.0,0.0,0.0,1.0,0.0,0.0,0.0,0.0,0.0,0.0,0.0,0.0,0.0
-0.15368456,-0.5367322,0.057002246,0.0077281594,0.012453496,0.9825576,0.012400389,-0.015787005,0.014277875,-0.078564346,-0.033178627,0.0019606352,0.00114429,-0.12196988,0.965604,0.040005922,-0.0038377047,-0.020695388
-0.58943087,-0.23724735,0.10378444,0.019150317,0.0020307899,0.80042094,0.06612253,0.015308142,0.81658214,-0.042980075,0.021233141,0.015944839,0.0020411015,-0.084793985,0.00053328276,0.012812853,0.0017620921,0.0079369545
-0.73762697,2.210514,1.0,0.0,0.0,0.0,0.0,0.0,1.0,0.0,0.0,0.0,0.0,0.0,0.0,0.0,0.0,0.0
-0.45640063,-0.6525385,0.0069871545,-0.046312213,-0.007671356,1.0323176,0.0124928355,0.009997547,-0.0012705922,0.037099898,0.06600273,-0.00072461367,0.008921087,0.057407856,0.99985677,-0.07472557,0.012965202,0.050065815
-0.73762697,-0.7064894,0.0,1.0,0.0,0.0,0.0,0.0,0.0,0.0,0.0,0.0,0.0,0.0,0.0,1.0,0.0,0.0
1.3630079,-0.67177147,0.0,1.0,0.0,0.0,0.0,0.0,0.0,1.0,0.0,0.0,0.0,0.0,0.0,0.0,0.0,0.0
1.3908309,-0.67826074,0.0,0.0,0.0,0.0,1.0,0.0,0.0,0.0,0.0,1.0,0.0,0.0,0.0,0.0,0.0,0.0
0.63961047,-0.6621697,0.0,0.0,0.0,1.0,0.0,0.0,0.0,0.0,0.0,0.0,0.0,0.0,1.0,0.0,0.0,0.0
-0.46177626,2.7394874,-0.24004382,0.04968244,-0.019663393,1.0026584,-0.16123372,-0.024628282,1.0211966,0.06736505,-0.13423747,0.0068656206,0.005599141,0.0010210276,-0.107188165,0.05969608,0.0038551688,-0.042184234
1.4047424,-0.6784314,0.0,0.0,0.0,0.0,1.0,0.0,0.0,0.0,0.0,1.0,0.0,0.0,0.0,0.0,0.0,0.0
-0.54960907,-0.2916951,-0.10285139,-0.018468797,-0.016057432,1.0887403,-0.06581068,-0.008614361,0.063433826,0.03360176,0.9993245,-0.032360554,-0.00083583593,0.09045237,0.026865482,-0.004039645,-0.0017908216,0.0016046762
-0.6402465,1.580656,1.0,0.0,0.0,0.0,0.0,0.0,0.0,0.0,0.0,1.0,0.0,0.0,0.0,0.0,0.0,0.0
-0.7250077,3.8084137,0.14076525,-0.00903368,0.004218042,0.8009241,0.10260016,0.010242283,0.89240235,-0.03652793,0.05643916,0.043447673,0.0014129877,-0.010736525,0.015205443,-0.007187009,-0.0040875673,0.014058828
-0.084250666,-0.7096423,0.0,0.0,0.0,0.0,1.0,0.0,1.0,0.0,0.0,0.0,0.0,0.0,0.0,0.0,0.0,0.0
0.65352196,-0.6647042,0.0,0.0,0.0,1.0,0.0,0.0,0.0,0.0,0.0,0.0,0.0,0.0,1.0,0.0,0.0,0.0
-0.649997,2.6134844,-0.0027235746,-0.00077939034,0.00038439035,1.0050099,-0.0021604896,-0.00019067526,0.0015259385,0.00116992,0.9997062,-0.0007982254,-0.00064760447,0.0008174181,0.0006428361,-0.00066643953,0.00037413836,0.00021666288
-0.6580511,-0.71117246,-0.17294341,-0.024547875,-0.023271143,1.5173466,-0.118392944,-0.01530093,0.11939108,0.061688185,1.0060523,-0.045691013,0.006572962,0.16076517,0.026275039,-0.007633686,-0.002531886,-0.011821568
-0.7461748,-0.3088694,-0.024183333,-0.0012106895,-0.0022529364,1.0200398,-0.015484095,-0.0026379824,0.0044062734,6.9499016e-05,-0.014693379,-0.011718929,-0.0029255152,0.0019948483,1.016711,0.004796505,0.0019246936,-0.006747186
-0.73762697,1.9314218,1.0,0.0,0.0,0.0,0.0,0.0,1.0,0.0,0.0,0.0,0.0,0.0,0.0,0.0,0.0,0.0
1.3630079,-0.66265535,0.0,1.0,0.0,0.0,0.0,0.0,0.0,1.0,0.0,0.0,0.0,0.0,0.0,0.0,0.0,0.0
-0.5676425,-0.37603313,-0.12466198,-0.021539152,-0.019379318,1.1678431,-0.0778147,-0.011130154,0.084462285,0.044661045,0.9852924,-0.036687076,-0.0024805665,0.11545646,0.028029263,-0.006942272,-0.00021976233,9.858608e-05
0.65352196,-0.6631944,0.0,0.0,0.0,1.0,0.0,0.0,0.0,0.0,0.0,0.0,0.0,0.0,1.0,0.0,0.0,0.0
-0.5389451,-0.33229557,0.09515023,0.017859936,-0.00040113926,0.80836374,0.061501622,0.013168871,0.8584593,-0.035815954,0.019013405,0.010521233,0.0010997653,-0.07256228,0.0012880564,0.011313677,0.0004323125,0.010878921
-0.094287336,-0.57277,-0.0006852746,0.0008944273,-4.1127205e-06,1.0008819,-0.0013321638,-6.055832e-05,0.00081056356,0.0016765594,0.99961716,0.0031757355,0.00037753582,0.0014677644,-0.0019756556,-3.4928322e-05,-0.00013244152,0.0004888177
0.08602142,-0.56363606,0.015710354,0.006336808,0.0034855008,0.99316674,0.014700592,0.0023012161,0.015801072,0.012212157,1.0703545,0.013273239,0.0098418,0.018142283,0.0042111874,-0.008438051,0.004817009,0.007349968
1.4047424,-0.6745241,0.0,0.0,0.0,0.0,1.0,0.0,0.0,0.0,0.0,1.0,0.0,0.0,0.0,0.0,0.0,0.0
1.3769194,-0.67304707,0.0,1.0,0.0,0.0,0.0,0.0,0.0,1.0,0.0,0.0,0.0,0.0,0.0,0.0,0.0,0.0
-0.7348446,-0.7122616,0.0,0.0,0.0,0.0,1.0,0.0,1.0,0.0,0.0,0.0,0.0,0.0,0.0,0.0,0.0,0.0
-0.6578542,-0.7103407,-0.17832077,-0.0255422,-0.024207294,1.5429547,-0.12242854,-0.01594615,0.1250217,0.06436145,1.0030777,-0.047383606,0.006792009,0.16864288,0.027370393,-0.0079965,-0.002658546,-0.012136519
-0.71439165,-0.6541113,0.09876311,0.012984037,0.0013154149,0.8877403,0.065764844,0.011058629,-0.043674886,-0.038107574,0.020397961,0.019874275,0.0056607723,0.8736569,-0.0021810532,0.005730927,-0.0028416514,0.008630097
-0.45690894,-0.6523348,0.006990552,-0.04632765,-0.0076782107,1.032381,0.012494564,0.010004401,-0.0012637377,0.037117004,0.06603181,-0.00072288513,0.008926213,0.05744207,0.99989444,-0.07475293,0.012970328,0.050091445
-0.65533155,0.044917762,0.0929904,0.04069054,0.017723024,0.6228607,0.11552495,0.020160079,0.9385,-0.046409786,0.045432925,0.06499809,0.0041906238,-0.14904314,0.004745126,0.017055511,0.0010467172,0.0062957406
-0.09512937,-0.57142824,-0.00045078993,0.00062572956,1.8179417e-05,0.9996976,-0.00095909834,-6.568432e-05,0.0005418658,0.0011134744,1.0001922,0.0021848083,0.00027656555,0.00097996,-0.0013441443,-4.005432e-05,-9.8228455e-05,0.00034672022
0.9737181,1.3043494,0.0,0.0,0.0,1.0,0.0,0.0,1.0,0.0,0.0,0.0,0.0,0.0,0.0,0.0,0.0,0.0
0.9737181,1.021966,0.0,0.0,0.0,1.0,0.0,0.0,1.0,0.0,0.0,0.0,0.0,0.0,0.0,0.0,0.0,0.0
-0.5528026,-0.35085955,0.19400984,0.02807039,0.009956479,0.9680051,0.13310659,0.02482891,1.024445,-0.0483523,0.034621775,0.037685215,0.0030354261,-0.096262336,-0.010101616,0.005749762,-0.0033208728,0.018067002
-0.59024036,2.2528687,0.16736615,0.034142554,0.013232172,0.787046,0.13725507,0.02118355,-0.06316137,-0.031102657,0.074955285,0.09113693,0.018034458,-0.038564563,0.8581478,0.011175036,-0.001203835,-0.005318105
0.08492613,-0.5642282,0.015516937,0.006256342,0.0034530163,0.99322146,0.014519155,0.002253294,0.015576839,0.012025595,1.0700514,0.013134599,0.0097203255,0.017947197,0.0041564107,-0.008323431,0.004734874,0.0072541237
-0.54684854,0.0670073,-0.03896159,-0.010936797,-0.005533755,1.0301476,-0.022146702,-0.0034937263,0.02369076,0.0109303,1.0034132,-0.013421774,-0.0020406842,0.02817303,0.008084178,0.001373589,-0.00079989433,0.0025288463
0.65352196,-0.6611361,0.0,0.0,0.0,1.0,0.0,0.0,0.0,0.0,0.0,0.0,0.0,0.0,1.0,0.0,0.0,0.0
0.65352196,-0.6611081,0.0,0.0,0.0,1.0,0.0,0.0,0.0,0.0,0.0,0.0,0.0,0.0,1.0,0.0,0.0,0.0
-0.09532446,-0.56638974,0.00024574995,-0.000305295,1.6450882e-05,1.0001323,0.00050246716,3.695488e-05,-0.00025737286,-0.00056034327,0.99990124,-0.0011079907,-0.00013417006,-0.00050383806,0.00071811676,3.0100346e-05,4.8935413e-05,-0.00017523766
-0.6580596,-0.71120495,-0.17274827,-0.024511933,-0.0232386,1.5163693,-0.11824578,-0.0152753,0.119185686,0.06159234,1.0061977,-0.045629382,0.0065643787,0.1604793,0.0262357,-0.0076217055,-0.0025250316,-0.011811316
-0.73762697,1.3586224,1.0,0.0,0.0,0.0,0.0,0.0,1.0,0.0,0.0,0.0,0.0,0.0,0.0,0.0,0.0,0.0
1.3908309,-0.6636809,0.0,0.0,0.0,0.0,1.0,0.0,0.0,0.0,0.0,1.0,0.0,0.0,0.0,0.0,0.0,0.0
1.3490964,-0.6645616,0.0,1.0,0.0,0.0,0.0,0.0,0.0,1.0,0.0,0.0,0.0,0.0,0.0,0.0,0.0,0.0
1.4047424,-0.67741627,0.0,0.0,0.0,0.0,1.0,0.0,0.0,0.0,0.0,1.0,0.0,0.0,0.0,0.0,0.0,0.0
-0.5595599,0.62433404,0.0,0.0,0.0,1.0,0.0,0.0,0.0,0.0,0.0,0.0,0.0,1.0,0.0,0.0,0.0,0.0
0.65352196,-0.66350263,0.0,0.0,0.0,1.0,0.0,0.0,0.0,0.0,0.0,0.0,0.0,0.0,1.0,0.0,0.0,0.0
-0.5743257,-0.23398703,0.16352057,0.03403133,-0.00071263313,0.7974927,0.10246664,0.02396977,0.8638846,-0.052678823,0.023464859,0.024770677,0.004943669,-0.114442945,0.00010544062,0.026569426,-0.00051409006,0.012088954
-0.73762697,1.1924958,1.0,0.0,0.0,0.0,0.0,0.0,1.0,0.0,0.0,0.0,0.0,0.0,0.0,0.0,0.0,0.0
-0.1561267,0.60214686,0.0,0.0,0.0,1.0,0.0,0.0,1.0,0.0,0.0,0.0,0.0,0.0,0.0,0.0,0.0,0.0
0.47615048,2.6393049,0.0,0.0,0.0,1.0,0.0,0.0,1.0,0.0,0.0,0.0,0.0,0.0,0.0,0.0,0.0,0.0
-0.73762697,-0.70647025,0.0,1.0,0.0,0.0,0.0,0.0,0.0,0.0,0.0,0.0,0.0,0.0,0.0,1.0,0.0,0.0
-0.1427108,-0.5680088,-0.0010104179,0.011585772,0.00091153383,0.9933738,-0.00036007166,0.0021112561,0.027972817,0.032251418,1.0106902,0.027942002,0.010522962,0.046081543,-0.02014947,-0.01646471,0.0006736517,0.011856198
-0.73762697,-0.70655185,0.0,1.0,0.0,0.0,0.0,0.0,0.0,0.0,0.0,0.0,0.0,0.0,0.0,1.0,0.0,0.0
-0.54016536,-0.39240134,-0.15549529,-0.026533127,-0.023936868,1.0953279,-0.09820825,-0.012959719,0.11719191,0.061660767,0.9652292,-0.049805284,-0.0034424067,0.17176288,0.04381901,-0.008183062,-0.0013818145,0.0021317601
-0.72649777,-0.51531583,0.0,0.0,0.0,0.0,1.0,0.0,1.0,0.0,0.0,0.0,0.0,0.0,0.0,0.0,0.0,0.0
0.65352196,-0.6657323,0.0,0.0,0.0,1.0,0.0,0.0,0.0,0.0,0.0,0.0,0.0,0.0,1.0,0.0,0.0,0.0
2.121184,0.7855867,0.0,0.0,0.0,1.0,0.0,0.0,1.0,0.0,0.0,0.0,0.0,0.0,0.0,0.0,0.0,0.0
-0.7125878,-0.71205556,0.03750211,-0.022708058,0.0011014938,0.98311883,0.028623164,0.0051679015,-0.0022392273,0.012504816,0.047626972,0.029023647,0.0060150623,0.01689297,0.9652651,-0.045119345,-0.00010508299,0.025581956
-0.09534156,-0.5843599,-0.00073486567,0.0010929108,4.8935413e-05,1.0001254,-0.0016539097,-0.00010848045,0.00095945597,0.0019452572,0.99985,0.0038312674,0.0004956126,0.001712501,-0.0023624897,-8.2850456e-05,-0.00016838312,0.000613749
-0.73762697,-0.7064327,0.0,1.0,0.0,0.0,0.0,0.0,0.0,0.0,0.0,0.0,0.0,0.0,0.0,1.0,0.0,0.0
0.043303907,0.6150344,0.07958126,-0.04669392,-0.009949267,1.0271833,0.051445186,0.0126776695,1.116606,-0.12640935,0.042913675,-0.16499716,-0.011285901,-0.09857279,-0.006632507,-0.007293105,0.004616797,0.0070367455
-0.73762697,-0.70649374,0.0,1.0,0.0,0.0,0.0,0.0,0.0,0.0,0.0,0.0,0.0,0.0,0.0,1.0,0.0,0.0
-0.7274252,1.8523364,0.0,0.0,0.0,1.0,0.0,0.0,1.0,0.0,0.0,0.0,0.0,0.0,0.0,0.0,0.0,0.0
-0.20829478,-0.7110002,0.0,0.0,0.0,0.0,1.0,0.0,1.0,0.0,0.0,0.0,0.0,0.0,0.0,0.0,0.0,0.0
-0.75153846,2.7980158,1.0,0.0,0.0,0.0,0.0,0.0,1.0,0.0,0.0,0.0,0.0,0.0,0.0,0.0,0.0,0.0
1.5508131,0.19507048,0.0,0.0,0.0,1.0,0.0,0.0,1.0,0.0,0.0,0.0,0.0,0.0,0.0,0.0,0.0,0.0
-0.095629096,-0.5674714,0.00026285648,-0.00029164553,3.695488e-05,1.0003977,0.0005247593,5.0663948e-05,-0.00026249886,-0.00055861473,0.9997147,-0.0011216402,-0.00012218952,-0.0005106926,0.0007557869,5.7518482e-05,6.604195e-05,-0.00016671419
-0.5809986,-0.688246,-0.01842773,-0.05932772,-0.010948777,1.0946996,0.00542289,0.0050600767,0.017380714,0.047746778,0.07288444,0.015811324,0.00033646822,0.07830626,0.9887633,-0.09307736,0.00949955,0.050675035
0.9737181,1.6083868,0.0,0.0,0.0,1.0,0.0,0.0,1.0,0.0,0.0,0.0,0.0,0.0,0.0,0.0,0.0,0.0
-0.15398234,-0.53842485,0.057166576,0.008073926,0.012728989,0.9833345,0.012405574,-0.01589483,0.014548302,-0.07849413,-0.032863736,0.0021899939,0.0009919405,-0.12176961,0.96396106,0.04002303,-0.0041868687,-0.020994902
-0.6796624,0.3448041,0.0,0.0,0.0,1.0,0.0,0.0,0.0,0.0,0.0,0.0,0.0,1.0,0.0,0.0,0.0,0.0
-0.73762697,-0.70653754,0.0,1.0,0.0,0.0,0.0,0.0,0.0,0.0,0.0,0.0,0.0,0.0,0.0,1.0,0.0,0.0
-0.7348446,-0.71226984,0.0,0.0,0.0,0.0,1.0,0.0,1.0,0.0,0.0,0.0,0.0,0.0,0.0,0.0,0.0,0.0
0.65352196,-0.66073,0.0,0.0,0.0,1.0,0.0,0.0,0.0,0.0,0.0,0.0,0.0,0.0,1.0,0.0,0.0,0.0
-0.73762697,1.41738,1.0,0.0,0.0,0.0,0.0,0.0,1.0,0.0,0.0,0.0,0.0,0.0,0.0,0.0,0.0,0.0
0.11241865,-0.57808745,0.017289996,0.006961465,0.0023440123,1.0007553,0.01932317,0.0058558583,0.023225248,0.016656756,0.9774712,0.0090100765,0.008821785,0.015657306,0.009607375,-0.012744069,0.0044388175,0.009494364
-0.56269306,-0.7047973,-0.017303348,-0.05662024,-0.009191096,1.1025877,0.0044627786,0.006357312,0.017823994,0.048241377,0.06970799,0.013875663,-0.00039947033,0.07920134,0.9907554,-0.09254336,0.010368943,0.051065266
0.09663236,-0.57741827,0.01237303,0.005179882,0.0011665225,0.99941176,0.012953222,0.0037148595,0.015717208,0.011479676,1.010644,0.0064771175,0.005573511,0.010973096,0.0069306493,-0.008732438,0.0025767684,0.0070658326
-0.5850513,-0.7117355,-0.020697117,-0.058626056,-0.012014985,1.0966506,0.0039972663,0.0050668716,0.020002663,0.0440073,0.069453,0.01623404,-0.00031387806,0.07668036,0.9882857,-0.09317148,0.01097995,0.04988438
-0.7447868,4.2711787,0.14792418,-0.010965884,0.011755228,0.8409787,0.10240507,0.009566247,0.93684155,-0.028414011,0.06874102,0.05131173,0.00049221516,0.008772194,0.015730858,-0.01538825,-0.004239917,0.0222857
1.3769194,-0.6734012,0.0,1.0,0.0,0.0,0.0,0.0,0.0,1.0,0.0,0.0,0.0,0.0,0.0,0.0,0.0,0.0
1.3769194,-0.66743594,0.0,0.0,0.0,0.0,1.0,0.0,0.0,0.0,0.0,1.0,0.0,0.0,0.0,0.0,0.0,0.0
0.65352196,-0.66050315,0.0,0.0,0.0,1.0,0.0,0.0,0.0,0.0,0.0,0.0,0.0,0.0,1.0,0.0,0.0,0.0
-0.5912416,-0.011674404,0.56245214,0.097185135,0.025503218,1.2055702,0.34998542,0.051799476,1.7475111,-0.114975214,0.11881602,0.10463846,0.0015738606,-0.27915534,0.05068189,0.05940509,0.0020102859,0.019177735
-0.4569072,-0.6524649,0.0069939494,-0.046325922,-0.007676482,1.0323999,0.012496233,0.010002673,-0.0012671351,0.037113607,0.066028416,-0.00072288513,0.008926213,0.057433546,0.99990636,-0.0747478,0.0129686,0.050088048
-0.56214535,-0.0575307,-0.06488991,-0.016125858,-0.0121587515,1.0757182,-0.038725436,-0.004958689,0.03984505,0.020978153,1.0048525,-0.020703971,-0.00055003166,0.05302316,0.015480995,0.0016098022,-0.003202796,0.003162086
-0.5901702,0.87737757,0.063815475,0.007596433,0.01220876,0.79076844,0.042889714,0.003964722,-0.024575233,-0.006608546,0.0398314,0.039485693,0.0002731681,-0.03621131,0.84980804,-0.009757578,-0.00065785646,0.00911957
-0.096768916,-0.57910746,0.00016707182,-0.00020265579,1.2993813e-05,1.0000827,0.0003399253,2.670288e-05,-0.00017184019,-0.00037550926,0.99993545,-0.00074517727,-8.7976456e-05,-0.00033783913,0.00048708916,2.3305416e-05,3.528595e-05,-0.00011533499
1.9428852,0.09481891,0.0,0.0,0.0,0.0,1.0,0.0,1.0,0.0,0.0,0.0,0.0,0.0,0.0,0.0,0.0,0.0
-0.73762697,-0.7064419,0.0,1.0,0.0,0.0,0.0,0.0,0.0,0.0,0.0,0.0,0.0,0.0,0.0,1.0,0.0,0.0
-0.5721419,-0.33434758,0.1452629,0.031113327,-0.0011388063,0.8306381,0.09321463,0.019656897,0.8962547,-0.049663246,0.018522263,0.016473651,0.004640758,-0.10161227,-0.0005928278,0.025338888,-0.00085639954,0.014423311
-0.033575714,1.3263516,-0.004092753,0.0031295419,-0.0016299486,1.0007689,-0.0023744702,-0.0036785603,0.0028574467,0.0053869486,-0.0012996793,0.0024929047,7.4625015e-05,0.003973305,1.0030127,0.00019615889,0.0012315512,-0.0007417202
-0.746666,1.0069523,0.2765321,0.031334102,0.014205992,0.759456,0.19083512,0.022152185,0.8828662,-0.0400244,0.05535245,0.09172052,0.012027323,-0.10567182,0.010481894,-0.006144762,0.010985076,0.016629398
-0.5599804,-0.70481616,-0.017424822,-0.056852996,-0.00938791,1.10376,0.004139304,0.0065199137,0.018446922,0.04798639,0.06945813,0.013240755,-0.0005021095,0.07865709,0.99344915,-0.09255022,0.01015842,0.05093175
-0.5850513,-0.71179366,-0.02069199,-0.05862093,-0.012013257,1.096642,0.003998935,0.0050668716,0.019999206,0.044003844,0.069449544,0.01623404,-0.00031387806,0.07667184,0.9882789,-0.09316462,0.010978222,0.049879253
0.6794901,0.9537336,0.0,0.0,0.0,1.0,0.0,0.0,1.0,0.0,0.0,0.0,0.0,0.0,0.0,0.0,0.0,0.0
-0.61447775,-0.07539648,-0.09358561,-0.023450851,-0.016024888,1.0460298,-0.062132776,-0.0085014105,0.06606263,0.026312709,0.99022645,-0.03332585,-0.001939714,0.08092135,0.016258001,-0.00025224686,-0.0025199056,0.0041084886
-0.14981502,-0.5271875,-0.009670317,-0.008605778,0.011799693,1.0367196,-0.048133194,-0.026581049,-0.05856955,-0.037106395,0.0152208805,-0.01712364,-0.037837207,-0.105796754,1.0728498,0.04661721,0.012675941,-0.05459732
-0.49453494,-0.2113002,-0.0029392242,0.047214508,0.001513958,0.865341,0.0053629875,-0.010567129,-0.030019343,-0.045432568,-0.050698638,0.0037097335,0.0037302375,-0.07946795,0.9555151,0.082778275,-0.010916233,-0.035299122
1.3490964,-0.66521245,0.0,1.0,0.0,0.0,0.0,0.0,0.0,1.0,0.0,0.0,0.0,0.0,0.0,0.0,0.0,0.0
-0.7447817,-0.3061944,-0.023791432,-0.0008940697,-0.0022820234,1.0199542,-0.015124679,-0.0024291873,0.003998935,-4.6908855e-05,-0.014409304,-0.011771977,-0.0030847192,0.0016628504,1.0174708,0.004793048,0.0020462275,-0.0068207383
-0.09294897,-0.5557737,-0.00032240152,0.00043916702,-5.7816505e-06,1.0004146,-0.0006852746,-4.005432e-05,0.00036388636,0.0007968545,0.99965316,0.0015636086,0.00019955635,0.0007112622,-0.0009915829,-2.4616718e-05,-5.543232e-05,0.00025606155
-0.6006117,1.3582253,0.13937217,0.027188957,0.018587291,0.83490986,0.08924407,0.015214026,-0.039358675,-0.0172503,0.049952805,0.0891431,0.0035881996,-0.018133402,0.93668073,0.005683005,-0.0045702457,0.019201696
-0.45184478,-0.6495931,0.008436739,-0.037486374,-0.0075002313,1.0305445,0.008960426,0.012068391,0.0038107038,0.03209907,0.054092824,0.0046904087,0.0099000335,0.053076208,1.0041714,-0.06970078,0.0086711645,0.041838884
-0.73762697,2.2389607,1.0,0.0,0.0,0.0,0.0,0.0,1.0,0.0,0.0,0.0,0.0,0.0,0.0,0.0,0.0,0.0
-0.73762697,2.2619135,1.0,0.0,0.0,0.0,0.0,0.0,1.0,0.0,0.0,0.0,0.0,0.0,0.0,0.0,0.0,0.0
1.3490964,-0.66508114,0.0,1.0,0.0,0.0,0.0,0.0,0.0,1.0,0.0,0.0,0.0,0.0,0.0,0.0,0.0,0.0
-0.3298893,-0.11273152,0.024279535,-0.010825515,0.018693388,1.0611622,0.05046457,-0.0042176843,-0.0719462,-0.01384449,-0.008963466,-0.027241647,-0.004700303,-0.081496,1.1118312,0.031479537,0.0056162477,-0.016991854
1.8339119,0.32075486,0.0,0.0,0.0,1.0,0.0,0.0,1.0,0.0,0.0,0.0,0.0,0.0,0.0,0.0,0.0,0.0
-0.6741369,-0.19113088,0.012005091,0.00083619356,0.0012812018,0.9909504,0.007355094,0.0011904836,-0.0021348596,-0.00024026632,0.006523311,0.0057480335,0.0015755892,-0.0010566115,0.9917223,-0.0015854836,-0.0010070205,0.0028830767
-0.63804775,2.661047,0.14288747,0.026856959,0.009894848,0.7968988,0.11329496,0.014923096,-0.05711484,-0.024864495,0.06054151,0.06907475,0.014580786,-0.030101478,0.87435,0.004698932,-0.0027971864,-0.0083165765
-0.5635505,-0.25711372,-0.0989818,-0.016892612,-0.015776753,1.0834196,-0.06448257,-0.007347882,0.06534213,0.031277597,0.9987461,-0.033411384,-0.0012311935,0.08945632,0.025631547,1.9848347e-05,-0.0019500256,0.00020641088
-0.5912347,1.4647009,0.11031532,0.019027114,0.012540758,0.73564976,0.08256775,0.018099487,-0.05020237,-0.023762286,0.03597206,0.07018036,0.005910635,-0.056449115,0.88859266,0.0076631308,-0.0064048767,0.012888193
-0.59128606,-0.07293713,0.05989456,0.0061895847,0.006768048,0.9490321,0.033878982,0.0071001053,-0.0045667887,-0.0018661618,0.027483344,0.028441727,0.00914526,-0.007863045,0.95361704,-0.0034012794,-0.008655429,0.013086677
-0.59128606,-0.073388934,0.059874058,0.0061913133,0.006766379,0.9490493,0.03386873,0.007096648,-0.0045667887,-0.0018678308,0.027469635,0.028431475,0.009141862,-0.007866442,0.95363253,-0.003392756,-0.0086537,0.013079882
-0.7237155,0.8739477,1.0,0.0,0.0,0.0,0.0,0.0,1.0,0.0,0.0,0.0,0.0,0.0,0.0,0.0,0.0,0.0
-0.5373015,0.28215915,0.0,0.0,0.0,0.0,1.0,0.0,0.0,0.0,0.0,1.0,0.0,0.0,0.0,0.0,0.0,0.0
-0.7237155,0.8711916,1.0,0.0,0.0,0.0,0.0,0.0,1.0,0.0,0.0,0.0,0.0,0.0,0.0,0.0,0.0,0.0
-0.09357536,-0.56540906,-0.00051921606,0.00069761276,-1.0967255e-05,0.9999885,-0.0010960102,-6.741285e-05,0.0005863309,0.0012555122,0.99998003,0.0024757981,0.0003142357,0.0011288524,-0.001578629,-4.3451786e-05,-9.3102455e-05,0.00040495396
2.6996703,0.6077429,0.0,0.0,0.0,1.0,0.0,0.0,1.0,0.0,0.0,0.0,0.0,0.0,0.0,0.0,0.0,0.0
-0.45665565,-0.65244263,0.0069888234,-0.046319067,-0.0076747537,1.032352,0.012494564,0.010001004,-0.0012671351,0.03710848,0.066018105,-0.00072288513,0.008924484,0.057423294,0.9998756,-0.07473928,0.0129686,0.050079465
0.63961047,-0.6572271,0.0,0.0,0.0,1.0,0.0,0.0,0.0,0.0,0.0,0.0,0.0,0.0,1.0,0.0,0.0,0.0
-0.73762697,-0.70654744,0.0,1.0,0.0,0.0,0.0,0.0,0.0,0.0,0.0,0.0,0.0,0.0,0.0,1.0,0.0,0.0
0.63961047,-0.62987185,0.0,0.0,0.0,1.0,0.0,0.0,0.0,0.0,0.0,0.0,0.0,0.0,1.0,0.0,0.0,0.0
-0.14180547,-0.52921385,-0.01790917,-0.00023174286,0.0075193644,1.0045974,-0.04663229,-0.021732569,-0.025069833,-0.041448355,0.0057754517,-0.015562773,-0.029422045,-0.0751757,1.1053431,0.025814712,0.020658135,-0.028696418
-0.55304223,-0.35452545,-0.13111067,-0.026557088,-0.021361172,1.1484251,-0.08312529,-0.011807919,0.08559531,0.046355367,0.9751676,-0.038422525,-0.0017994046,0.116377234,0.03312254,-0.01279366,-0.0018627048,0.0019845963
-0.5373015,0.27889338,0.0,0.0,0.0,0.0,1.0,0.0,0.0,0.0,0.0,1.0,0.0,0.0,0.0,0.0,0.0,0.0
-0.5999032,0.86663896,0.0,0.0,0.0,1.0,0.0,0.0,1.0,0.0,0.0,0.0,0.0,0.0,0.0,0.0,0.0,0.0
-0.5869955,-0.3247909,0.008072197,0.019080162,-0.00025224686,0.9692494,0.004168391,-0.001364708,-0.0010172725,-0.014359653,-0.017263949,-4.518032e-05,0.0020359159,-0.020233333,0.9960368,0.03256458,-0.003990054,-0.012749195
-0.73762697,-0.7064463,0.0,1.0,0.0,0.0,0.0,0.0,0.0,0.0,0.0,0.0,0.0,0.0,0.0,1.0,0.0,0.0
-0.73762697,-0.70643127,0.0,1.0,0.0,0.0,0.0,0.0,0.0,0.0,0.0,0.0,0.0,0.0,0.0,1.0,0.0,0.0
-0.7445827,1.7478017,0.0,0.0,0.0,1.0,0.0,0.0,1.0,0.0,0.0,0.0,0.0,0.0,0.0,0.0,0.0,0.0
-0.47484997,0.46074122,0.15760243,0.020358622,0.022224069,0.7704057,0.08143133,0.011118531,0.007979751,-0.03558153,0.104234576,0.08509898,0.011416316,-0.07819468,0.74122053,0.016429126,-0.028670728,0.028229535
0.39476827,1.9447224,0.0,0.0,0.0,1.0,0.0,0.0,1.0,0.0,0.0,0.0,0.0,0.0,0.0,0.0,0.0,0.0
0.65352196,-0.6664076,0.0,0.0,0.0,1.0,0.0,0.0,0.0,0.0,0.0,0.0,0.0,0.0,1.0,0.0,0.0,0.0
0.65352196,-0.66208977,0.0,0.0,0.0,1.0,0.0,0.0,0.0,0.0,0.0,0.0,0.0,0.0,1.0,0.0,0.0,0.0
-0.73762786,-0.7120898,0.038292766,-0.022702932,0.00065135956,0.9882241,0.02807206,0.0051456094,-0.0020818114,0.012239516,0.047512293,0.031445324,0.006757796,0.013177395,0.9864853,-0.045103967,0.00020301342,0.02605772
-0.5828059,0.22008538,0.07282108,0.011079192,0.006143391,0.9431396,0.039802253,0.005807936,-0.012691021,-0.0033516884,0.032304466,0.034454048,0.010401428,-0.019381046,0.9592666,-0.000859797,-0.0064733624,0.016179264
-0.62103605,-0.1444,0.19128352,0.03367877,0.015797615,0.98491937,0.12852675,0.021941721,0.96476537,-0.048763037,0.035309732,0.04743874,0.0046253204,-0.10321933,-0.008277178,0.009845257,-0.00041657686,0.0130370855
0.65352196,-0.6659581,0.0,0.0,0.0,1.0,0.0,0.0,0.0,0.0,0.0,0.0,0.0,0.0,1.0,0.0,0.0,0.0
0.65352196,-0.66588366,0.0,0.0,0.0,1.0,0.0,0.0,0.0,0.0,0.0,0.0,0.0,0.0,1.0,0.0,0.0,0.0
-0.73762697,-0.7065532,0.0,1.0,0.0,0.0,0.0,0.0,0.0,0.0,0.0,0.0,0.0,0.0,0.0,1.0,0.0,0.0
-0.59128094,-0.074641705,0.05982268,0.006198168,0.006761253,0.9490921,0.033841312,0.0070881248,-0.004563391,-0.0018746853,0.027432024,0.028405786,0.009135008,-0.007875025,0.95367867,-0.0033721924,-0.008650303,0.013061047
0.1361615,0.5723545,0.06712198,-0.04575771,-0.0054327846,1.1665099,0.06684816,0.007919848,1.4458151,-0.08481622,0.050498784,-0.08654821,-0.002470255,-0.14662999,0.0544402,-0.014689982,0.0139577985,0.007758975
1.3908309,-0.6680871,0.0,0.0,0.0,0.0,1.0,0.0,0.0,0.0,0.0,1.0,0.0,0.0,0.0,0.0,0.0,0.0
0.11241865,-0.578084,0.017289996,0.006961465,0.0023440123,1.0007536,0.01932317,0.005857587,0.023225248,0.016656756,0.9774421,0.0090100765,0.008821785,0.015657306,0.009607375,-0.012742341,0.004437089,0.009494364
-0.7263837,1.0590761,0.30086702,0.038345873,0.017447472,0.8141125,0.21008712,0.029562712,0.8960665,-0.04603672,0.060633957,0.10810584,0.016694427,-0.11847508,0.0125082135,-0.008660555,0.014478087,0.0222857
0.09389919,-0.5755032,0.015946507,0.0056197047,0.0033263564,0.99101716,0.01533556,0.002261877,0.017495394,0.012035906,1.0780218,0.009415686,0.008520603,0.01666534,0.006951213,-0.009281814,0.0034958124,0.007315755
0.12538111,-0.5789603,0.02204436,0.009244502,0.002836883,0.9945,0.025089025,0.0073961616,0.028756678,0.021390617,1.0239708,0.012160838,0.010901213,0.019078434,0.012542486,-0.016812146,0.005176425,0.012468874
-0.63831985,2.7523644,0.12681186,0.021364927,0.009533763,0.8541773,0.10343534,0.016165614,-0.048496068,-0.020036519,0.06011021,0.063764155,0.012106061,-0.02799815,0.9225288,0.0027530193,0.0014540553,-0.008056402
-0.6281899,0.7857936,0.0,0.0,0.0,1.0,0.0,0.0,0.0,0.0,0.0,0.0,0.0,1.0,0.0,0.0,0.0,0.0
3.5682108,0.07586207,0.0,0.0,0.0,1.0,0.0,0.0,1.0,0.0,0.0,0.0,0.0,0.0,0.0,0.0,0.0,0.0
-0.56221557,-0.70531076,-0.017305017,-0.05659288,-0.009182572,1.1026168,0.0044593215,0.0063487887,0.017798305,0.04821056,0.06966519,0.013855159,-0.0004028678,0.07913458,0.99076563,-0.09249371,0.010367215,0.051027596
1.3630079,-0.66334033,0.0,1.0,0.0,0.0,0.0,0.0,0.0,1.0,0.0,0.0,0.0,0.0,0.0,0.0,0.0,0.0
-0.36688575,0.27894056,0.0,0.0,0.0,1.0,0.0,0.0,1.0,0.0,0.0,0.0,0.0,0.0,0.0,0.0,0.0,0.0
-0.5928537,1.7174823,0.11530757,0.024859726,0.013090134,0.7113319,0.085893095,0.021383762,-0.0495708,-0.029906392,0.03842628,0.07043022,0.0060697794,-0.048855424,0.89324945,0.014832377,-0.007546425,0.012251496
-0.22145247,-0.30850998,-0.009529948,-0.030122042,-0.015812695,0.86548823,-0.037102997,-0.008025646,0.0072900653,-0.15858102,-0.0040875673,-0.043637276,-0.0014622211,-0.1511448,1.2139802,-0.0074026585,0.01606977,0.01322192
-0.5798793,0.023093522,0.06713569,0.0044165254,0.0064394474,0.95073336,0.03689456,0.008595884,-0.006757438,-0.0016128421,0.03205973,0.033416927,0.01081562,-0.011265397,0.9577194,-0.0055748224,-0.008598924,0.016732097
-0.3919016,2.625966,-0.12731642,0.04451388,0.015020609,1.061378,-0.08144128,-0.024188459,1.080452,0.11595625,-0.05817592,0.088196695,-0.010615051,0.11309981,-0.005249679,0.008775592,0.0066910386,-0.0015101433
-0.73762786,-0.71209663,0.038292766,-0.022702932,0.00065135956,0.9882259,0.02807206,0.0051456094,-0.0020818114,0.012239516,0.047512293,0.031445324,0.006757796,0.013179123,0.98648363,-0.045103967,0.00020301342,0.02605772
1.4047424,-0.67909086,0.0,0.0,0.0,0.0,1.0,0.0,0.0,0.0,0.0,1.0,0.0,0.0,0.0,0.0,0.0,0.0
-0.09427023,-0.5707933,-0.000495255,0.00075751543,3.8683414e-05,0.99930567,-0.0011182427,-6.055832e-05,0.00066167116,0.0013359785,1.0004952,0.0026212335,0.0003501773,0.0011853576,-0.0016111135,-4.3451786e-05,-9.8228455e-05,0.0004374385
-0.52872276,0.8077347,0.0,0.0,0.0,1.0,0.0,0.0,1.0,0.0,0.0,0.0,0.0,0.0,0.0,0.0,0.0,0.0
-0.45690894,-0.6522972,0.006990552,-0.04632938,-0.0076782107,1.0323758,0.0124928355,0.010004401,-0.0012620091,0.037117004,0.06603354,-0.0007212162,0.008926213,0.057443798,0.9998893,-0.074754655,0.012970328,0.050091445
0.07585204,0.742956,-0.0015460849,0.0020941496,-0.0009710789,1.000596,8.833408e-05,-0.001544416,0.0019879937,0.0044644475,-0.00079989433,0.001888752,0.00038439035,0.0027222037,1.0021484,-4.518032e-05,0.0008841157,-0.00024372339
0.14607757,0.6112042,0.06839019,-0.054879725,-0.010397673,0.6952564,0.06686014,-0.0018952489,0.34519333,-0.0781433,0.055412352,-0.09424281,0.0032493472,-0.13558435,0.05330211,-0.017741442,0.01901853,-0.0014348626
-0.5850513,-0.71180224,-0.020690262,-0.05862093,-0.012013257,1.0966403,0.003998935,0.0050668716,0.019999206,0.044002175,0.069447875,0.01623404,-0.00031387806,0.07667011,0.9882789,-0.093162894,0.010978222,0.049879253
-0.5836257,2.727889,0.11091089,0.011732936,0.004635632,0.7967927,0.0791226,0.0104647875,-0.032526612,-0.034691572,0.050916374,0.040435493,0.01301825,-0.02014774,0.88442355,0.0077179074,-0.004763603,-0.0049124956
1.3908309,-0.6767629,0.0,0.0,0.0,0.0,1.0,0.0,0.0,0.0,0.0,1.0,0.0,0.0,0.0,0.0,0.0,0.0
1.3490964,-0.65815586,0.0,1.0,0.0,0.0,0.0,0.0,0.0,1.0,0.0,0.0,0.0,0.0,0.0,0.0,0.0,0.0
-0.4132963,-0.64291507,-0.14476454,-0.026723087,-0.020664573,1.0497847,-0.09187591,-0.0128827095,0.108299255,0.06564504,0.9788762,-0.047157705,-0.0016059875,0.17713338,0.042788744,-0.016235411,-0.0023676157,0.0035488605
-0.4571605,-0.65240157,0.006995678,-0.046332777,-0.0076782107,1.0324357,0.012496233,0.01000613,-0.0012637377,0.03712046,0.066043794,-0.0007212162,0.00892961,0.057447255,0.999927,-0.07475978,0.012972057,0.05010003
-0.09726864,-0.5827973,0.00012594461,-0.00016152859,7.867813e-06,1.0000792,0.00026458502,1.8179417e-05,-0.00013929605,-0.000295043,0.99993724,-0.0005877018,-7.086992e-05,-0.0002693534,0.00038439035,1.4722347e-05,2.4974346e-05,-9.483099e-05
-0.58705026,-0.32431513,0.008282721,0.019694567,-0.00019407272,0.9689738,0.0042984486,-0.0014246106,-0.0009163022,-0.014703631,-0.017888665,-6.2286854e-05,0.0020307899,-0.020669758,0.995686,0.033560634,-0.0041680336,-0.013177037
-0.22582173,-0.4279428,0.09175819,0.017599761,0.03005737,0.9898911,0.02263999,-0.01530093,0.030760765,-0.11928636,-0.036991715,-0.017517269,0.0062101483,-0.1802718,1.1443622,0.067827106,-0.009930432,-0.040715814
1.3630079,-0.6730128,0.0,1.0,0.0,0.0,0.0,0.0,0.0,1.0,0.0,0.0,0.0,0.0,0.0,0.0,0.0,0.0
1.4047424,-0.6780568,0.0,0.0,0.0,0.0,1.0,0.0,0.0,0.0,0.0,1.0,0.0,0.0,0.0,0.0,0.0,0.0
-0.5912878,-0.072007775,0.05973369,0.006441176,0.006834805,0.9491108,0.033837914,0.0070367455,-0.0052907467,-0.001967132,0.027342975,0.028388679,0.009164095,-0.008669138,0.9535914,-0.003091514,-0.008746147,0.012869358
0.10286373,-0.5796928,0.0168553,0.0064582825,0.0009816885,1.0062182,0.01824671,0.0051730275,0.020415068,0.014799833,0.9378359,0.0069186687,0.0071924925,0.013023376,0.00927192,-0.011333823,0.0039476156,0.0084607005
-0.5541718,-0.70348465,-0.1687572,-0.017233193,-0.027513802,1.3460364,-0.10569066,-0.014193654,0.13488817,0.06944102,0.9548407,-0.048550785,0.000119149685,0.18551087,0.03838694,0.0019589067,-0.0027543902,-0.0030641556
-0.63418674,-0.02879566,0.17195284,0.028927803,0.010079682,0.8192571,0.105299115,0.020026565,0.9382586,-0.058449745,0.027483344,0.03214699,-0.0005671382,-0.112998486,-0.0050151944,0.0141375065,0.0015019774,0.0063761473
0.65352196,-0.66001046,0.0,0.0,0.0,1.0,0.0,0.0,0.0,0.0,0.0,0.0,0.0,0.0,1.0,0.0,0.0,0.0
-0.6675016,0.74350363,0.035732508,0.0065062046,0.0031415224,0.45889968,0.027377248,0.004801631,0.3664717,-0.009295523,0.010723233,0.015169501,0.0024021864,-0.03104788,0.0034410357,0.00012427568,0.00041860342,0.0029703975
-0.73762697,2.2251725,1.0,0.0,0.0,0.0,0.0,0.0,1.0,0.0,0.0,0.0,0.0,0.0,0.0,0.0,0.0,0.0
0.65352196,-0.66357195,0.0,0.0,0.0,1.0,0.0,0.0,0.0,0.0,0.0,0.0,0.0,0.0,1.0,0.0,0.0,0.0
0.65352196,-0.6633477,0.0,0.0,0.0,1.0,0.0,0.0,0.0,0.0,0.0,0.0,0.0,0.0,1.0,0.0,0.0,0.0
-0.73762697,-0.7065329,0.0,1.0,0.0,0.0,0.0,0.0,0.0,0.0,0.0,0.0,0.0,0.0,0.0,1.0,0.0,0.0
-0.3882682,-0.6509743,0.0055529475,-0.028788805,-0.00290668,0.9938428,0.018417835,0.0040605664,-0.005882919,0.027611673,0.046067894,0.00042545795,0.007786393,0.026410282,1.0213902,-0.05901456,0.008577049,0.029211879
0.65352196,-0.66505194,0.0,0.0,0.0,1.0,0.0,0.0,0.0,0.0,0.0,0.0,0.0,0.0,1.0,0.0,0.0,0.0
1.3908309,-0.67829126,0.0,0.0,0.0,0.0,1.0,0.0,0.0,0.0,0.0,1.0,0.0,0.0,0.0,0.0,0.0,0.0
-0.5962664,-0.23549652,0.13832301,0.023380995,0.005238056,0.8405816,0.08811796,0.017396092,0.92819196,-0.041484296,0.021607935,0.02370274,0.001743257,-0.0827899,-0.0034937263,0.01100558,0.0006599426,0.009876072
-0.5545466,-0.7060056,-0.01036346,-0.054092467,-0.008812904,1.0717545,0.009097338,0.0074303746,0.016352117,0.047940195,0.068764985,0.01729685,0.0017467141,0.077245176,0.9834698,-0.09055811,0.0076186657,0.051487982
-0.73762786,-0.7120778,0.038292766,-0.022702932,0.00065135956,0.9882259,0.02807206,0.0051456094,-0.0020818114,0.012239516,0.047512293,0.031445324,0.006757796,0.013179123,0.986487,-0.045103967,0.00020301342,0.026059449
0.29669228,2.640476,0.0,0.0,0.0,1.0,0.0,0.0,1.0,0.0,0.0,0.0,0.0,0.0,0.0,0.0,0.0,0.0
-0.6057289,2.8403924,-0.29041663,0.052078426,-0.019956052,0.9968515,-0.19465643,-0.025809169,1.0014193,0.084270656,-0.15670866,0.034532785,0.0010929108,0.011881828,-0.11604142,0.051561594,0.011525869,-0.028294206
0.65352196,-0.6655365,0.0,0.0,0.0,1.0,0.0,0.0,0.0,0.0,0.0,0.0,0.0,0.0,1.0,0.0,0.0,0.0
-0.6713155,-0.712296,0.0,0.0,0.0,0.0,1.0,0.0,0.0,0.0,0.0,1.0,0.0,0.0,0.0,0.0,0.0,0.0
-0.5732903,-0.12882763,0.16336143,0.030356824,0.0043720603,0.790392,0.097844064,0.02268958,0.88336414,-0.05701387,0.024233341,0.026963055,0.0031466484,-0.11163449,0.005717218,0.02253896,-0.0015204549,0.0097408295
1.2612222,1.0916271,0.0,0.0,0.0,1.0,0.0,0.0,1.0,0.0,0.0,0.0,0.0,0.0,0.0,0.0,0.0,0.0
-0.5180005,-0.70361984,-0.18758303,-0.019369066,-0.022639632,1.0094357,-0.123809636,-0.012918651,0.1200825,0.071428,1.0604794,-0.04800999,-0.00023174286,0.1697827,0.032684386,-0.0013082027,-0.0014502406,-0.005518377
-0.7237155,0.9767499,1.0,0.0,0.0,0.0,0.0,0.0,1.0,0.0,0.0,0.0,0.0,0.0,0.0,0.0,0.0,0.0
-0.54291224,-0.7049787,-0.16052347,-0.016632438,-0.026394486,1.330827,-0.10102868,-0.013721287,0.12015098,0.06502551,0.9540039,-0.045588315,-0.00015127659,0.165564,0.03852898,0.0017724037,-0.0034235716,-0.0031274557
-0.63599575,-0.4800767,0.08090937,0.014125526,0.000978291,0.8115967,0.05417323,0.010719776,-0.038874328,-0.032838047,0.016827941,0.015965343,0.0063213706,0.6105452,-0.0010086894,0.007933557,-0.0045702457,0.008768737
-0.60059875,0.98417646,0.0,0.0,0.0,1.0,0.0,0.0,1.0,0.0,0.0,0.0,0.0,0.0,0.0,0.0,0.0,0.0
0.0499357,0.6269768,0.039723575,-0.03172052,-0.0055063963,0.8551323,0.043493867,0.002029121,0.6176067,-0.0564816,0.032593727,-0.068261445,5.7518482e-05,-0.08968353,0.025789022,-0.008446634,0.010125935,0.0021848083
0.65352196,-0.66167986,0.0,0.0,0.0,1.0,0.0,0.0,0.0,0.0,0.0,0.0,0.0,0.0,1.0,0.0,0.0,0.0
0.65352196,-0.6600313,0.0,0.0,0.0,1.0,0.0,0.0,0.0,0.0,0.0,0.0,0.0,0.0,1.0,0.0,0.0,0.0
-0.6500398,2.6592262,-0.0062406063,-0.0016522408,0.0008687377,1.0221071,-0.0049963593,-0.0005415082,0.0035642385,0.0026982427,0.99853045,-0.0018233657,-0.0015409589,0.0018374324,0.0014780164,-0.0015409589,0.0008738637,0.00054353476
1.3630079,-0.6718563,0.0,1.0,0.0,0.0,0.0,0.0,0.0,1.0,0.0,0.0,0.0,0.0,0.0,0.0,0.0,0.0
1.9438126,0.09537766,0.0,0.0,0.0,0.0,1.0,0.0,1.0,0.0,0.0,0.0,0.0,0.0,0.0,0.0,0.0,0.0
1.3908309,-0.67322373,0.0,0.0,0.0,0.0,1.0,0.0,0.0,0.0,0.0,1.0,0.0,0.0,0.0,0.0,0.0,0.0
-0.59958655,-0.70346755,-0.021241367,-0.059377372,-0.011564851,1.0963905,0.0033554435,0.0045431852,0.02036035,0.044758618,0.074573636,0.018340826,-0.0012586117,0.08198416,0.9814109,-0.09710437,0.011477947,0.05172932
0.65352196,-0.6645816,0.0,0.0,0.0,1.0,0.0,0.0,0.0,0.0,0.0,0.0,0.0,0.0,1.0,0.0,0.0,0.0
-0.09517729,-0.5618887,0.00039982796,-0.0004285574,1.13248825e-05,1.0003104,0.0007455349,5.7518482e-05,-0.0003874898,-0.00086665154,0.9997814,-0.0016710162,-0.00019919872,-0.00075542927,0.0010330081,5.4061413e-05,7.289648e-05,-0.00025051832
-0.580824,0.24325997,0.078968585,0.013571024,0.006033838,0.9433655,0.04217434,0.0065062046,-0.012562633,-0.002643168,0.034245253,0.0368706,0.01153785,-0.017231464,0.9664101,-0.00090944767,-0.00712198,0.01662767
-0.19623816,0.5573469,0.0,0.0,0.0,1.0,0.0,0.0,1.0,0.0,0.0,0.0,0.0,0.0,0.0,0.0,0.0,0.0
2.531341,-0.6870451,0.0,0.0,0.0,0.0,1.0,0.0,1.0,0.0,0.0,0.0,0.0,0.0,0.0,0.0,0.0,0.0
-0.5907196,1.3636026,0.11506969,0.023144841,0.014452457,0.7337398,0.09097433,0.016963124,-0.057641983,-0.018848777,0.04339975,0.07250106,0.006317973,-0.060577095,0.887386,0.006275177,-0.0056313276,0.013120949
-0.73762697,-0.706473,0.0,1.0,0.0,0.0,0.0,0.0,0.0,0.0,0.0,0.0,0.0,0.0,0.0,1.0,0.0,0.0
-0.45665565,-0.6524512,0.0069888234,-0.046319067,-0.0076747537,1.032352,0.012494564,0.010001004,-0.0012688637,0.03710848,0.066016436,-0.00072288513,0.008924484,0.057423294,0.9998756,-0.07473928,0.0129686,0.050079465
-0.73762697,-0.7065497,0.0,1.0,0.0,0.0,0.0,0.0,0.0,0.0,0.0,0.0,0.0,0.0,0.0,1.0,0.0,0.0
-0.095326185,-0.56613475,0.00024574995,-0.00030362606,1.6450882e-05,1.0001323,0.0005007982,3.695488e-05,-0.00025737286,-0.0005620122,0.999903,-0.0011079907,-0.00013417006,-0.00050383806,0.0007163882,3.0100346e-05,4.8935413e-05,-0.00017523766
0.13949245,-0.7110385,0.0,0.0,0.0,0.0,1.0,0.0,1.0,0.0,0.0,0.0,0.0,0.0,0.0,0.0,0.0,0.0
0.6101645,-0.68270624,0.0,0.0,0.0,0.0,1.0,0.0,1.0,0.0,0.0,0.0,0.0,0.0,0.0,0.0,0.0,0.0
-0.73762697,-0.70648843,0.0,1.0,0.0,0.0,0.0,0.0,0.0,0.0,0.0,0.0,0.0,0.0,0.0,1.0,0.0,0.0
0.65352196,-0.66334224,0.0,0.0,0.0,1.0,0.0,0.0,0.0,0.0,0.0,0.0,0.0,0.0,1.0,0.0,0.0,0.0
-0.6281899,0.48837006,0.0,0.0,0.0,1.0,0.0,0.0,0.0,0.0,0.0,0.0,0.0,1.0,0.0,0.0,0.0,0.0
-0.7464127,5.586201,0.25191814,-0.017902315,0.03584546,0.944786,0.16407847,0.021334112,0.86068934,-0.026033401,0.14676726,0.07907468,-0.0029563308,0.04385841,0.047231615,-0.050969064,0.001134038,0.037733138
-0.67396057,0.85228616,0.07834393,0.015510082,0.007312298,0.9296655,0.050216377,0.005696714,-0.02099663,-0.009637773,0.018407583,0.04354006,0.0058558583,-0.022030354,0.94288975,0.006596923,-0.0048166513,0.014055371
0.111186445,0.60376114,0.057940125,-0.035003066,-0.004866302,1.0767996,0.03990668,0.007437229,1.0904553,-0.08017135,0.033504188,-0.09042287,-0.0047824383,-0.113619745,0.013136327,-0.00893271,0.0063111186,0.0059568286
1.3769194,-0.6758526,0.0,1.0,0.0,0.0,0.0,0.0,0.0,1.0,0.0,0.0,0.0,0.0,0.0,0.0,0.0,0.0
0.075626135,0.5806995,0.052253008,-0.04588437,-0.008234441,0.8141108,0.051019073,-0.005104184,0.711883,-0.06421906,0.03999394,-0.08378422,0.0068758726,-0.10718471,0.039458275,-0.013522744,0.015597403,-0.0025609732
1.8415632,0.0338602,0.0,0.0,0.0,0.0,1.0,0.0,1.0,0.0,0.0,0.0,0.0,0.0,0.0,0.0,0.0,0.0
0.027289927,0.6025186,0.031643867,-0.02716297,-0.0025061965,0.78355306,0.03637767,0.0041033626,0.43526298,-0.05063021,0.026283622,-0.056615114,-0.0010600686,-0.08507633,0.02591908,-0.0074899197,0.006872475,0.0048512816
-0.14569211,-0.15290588,-0.002341926,-0.009091854,0.008578777,0.91832036,-0.024688184,0.025876284,-0.0058127046,-0.08629489,-0.051622868,-0.0025815368,0.02375412,-0.10650015,0.99862283,0.0152260065,-0.0012551546,-0.015994072
0.07003659,0.63182014,0.07379663,-0.0295915,-0.01116097,1.0532966,0.057106674,0.011147618,0.8664039,-0.094211996,0.041748166,-0.10740721,-0.009329736,-0.10621607,0.010750592,-0.0036152601,0.009109318,0.0071685314
-0.5891895,2.4858077,0.16403574,0.030447543,0.016733766,0.8032089,0.1325401,0.020230234,-0.065172315,-0.028355837,0.07353306,0.085615814,0.01646167,-0.03623873,0.8752673,0.008150935,-0.001929462,-0.0020287037
-0.561774,-0.19519043,-0.097352505,-0.027919412,-0.015285552,1.0737071,-0.06287384,-0.009978354,0.061484516,0.026175797,0.99140567,-0.028343856,-0.00090944767,0.080271006,0.025482655,-0.010871768,-0.0027338266,0.0071103573
0.39198598,2.1133916,0.0,0.0,0.0,1.0,0.0,0.0,1.0,0.0,0.0,0.0,0.0,0.0,0.0,0.0,0.0,0.0
-0.6374642,-0.66844285,0.0,0.0,0.0,0.0,1.0,0.0,0.0,0.0,0.0,1.0,0.0,0.0,0.0,0.0,0.0,0.0
-0.73762786,-0.71209145,0.038292766,-0.022702932,0.00065135956,0.9882241,0.02807206,0.0051456094,-0.0020818114,0.012239516,0.047512293,0.031445324,0.006757796,0.013179123,0.9864853,-0.045103967,0.00020301342,0.02605772
-0.6050666,-0.34885204,0.005073726,0.012990892,-0.00040459633,0.97879237,0.0023508668,-0.00091969967,-0.000649333,-0.010188878,-0.011801064,-0.000490129,0.0015789866,-0.014039636,0.9959889,0.022027254,-0.002619207,-0.008936107
0.61804765,-0.6903109,0.0,0.0,0.0,1.0,0.0,0.0,0.0,0.0,0.0,0.0,0.0,0.0,1.0,0.0,0.0,0.0
-0.2581443,-0.71103734,0.0,0.0,0.0,0.0,1.0,0.0,1.0,0.0,0.0,0.0,0.0,0.0,0.0,0.0,0.0,0.0
2.9934344,1.7580234,0.0,0.0,0.0,1.0,0.0,0.0,1.0,0.0,0.0,0.0,0.0,0.0,0.0,0.0,0.0,0.0
-0.6190833,-0.05744344,0.24810338,0.052206814,0.020368874,0.93111676,0.15846324,0.037353218,0.9765486,-0.08418125,0.04974401,0.05227357,0.00410676,-0.16510671,-0.009584725,0.020748794,-0.0040824413,0.012836814
-0.73762697,1.3733166,1.0,0.0,0.0,0.0,0.0,0.0,1.0,0.0,0.0,0.0,0.0,0.0,0.0,0.0,0.0,0.0
-0.5850513,-0.71181595,-0.020690262,-0.0586192,-0.012013257,1.0966403,0.003998935,0.0050668716,0.019999206,0.044000447,0.069447875,0.01623404,-0.00031387806,0.07666838,0.9882789,-0.093161225,0.010978222,0.049879253
-0.73762697,-0.70645636,0.0,1.0,0.0,0.0,0.0,0.0,0.0,0.0,0.0,0.0,0.0,0.0,0.0,1.0,0.0,0.0
0.08463001,-0.5643891,0.015460491,0.006213546,0.0034444332,0.99320954,0.014466107,0.0022498965,0.01552552,0.011989653,1.0699368,0.013091862,0.009682655,0.017890692,0.0041461587,-0.008296013,0.0047263503,0.007218182
-0.45640236,-0.65242386,0.006985426,-0.04631394,-0.0076730847,1.0323021,0.012491107,0.009999275,-0.0012688637,0.037103355,0.066006124,-0.00072461367,0.008921087,0.05741644,0.9998465,-0.074728966,0.012965202,0.050069213
-0.58597547,3.990824,-0.00191921,0.00021839142,-0.00022488832,1.0001545,-0.0012893677,-0.00026082993,0.0004323125,0.00049734116,-0.0012637377,-0.0007776618,-7.253885e-05,-0.00037378073,0.99976605,0.0003706813,4.041195e-05,-0.000284791
-0.579816,0.47417432,0.077310205,0.0020769835,-0.0065024495,0.56718427,0.05178237,0.010851562,0.26125747,-0.033539772,0.026131272,0.008821785,-0.0016710162,-0.08567536,0.016427457,0.008412778,0.0039048195,0.0013017058
-0.09643859,-0.5733416,0.00012767315,-0.00033438206,5.7518482e-05,1.0001528,0.0005829334,2.670288e-05,-0.00031387806,-0.00060653687,0.99992186,-0.0012329221,-0.00012558699,-0.00066643953,0.00091326237,7.122755e-05,8.4877014e-05,-0.00019919872
-0.7250505,2.3051531,0.38406354,0.041638672,-0.025078416,0.61395615,0.25665885,0.026987016,0.9255273,-0.100946546,0.085121214,0.112324536,0.010788262,-0.13959426,-0.019880772,0.017402947,0.0034204721,0.028831959
-0.4561559,-0.65197885,0.0069734454,-0.0463174,-0.0076782107,1.0321944,0.012480855,0.009999275,-0.0012620091,0.03710848,0.06600273,-0.00072461367,0.008919358,0.057435274,0.99977463,-0.07473755,0.0129686,0.05007434
2.7068577,0.07474193,0.0,0.0,0.0,1.0,0.0,0.0,1.0,0.0,0.0,0.0,0.0,0.0,0.0,0.0,0.0,0.0
-0.73762697,1.8873767,1.0,0.0,0.0,0.0,0.0,0.0,1.0,0.0,0.0,0.0,0.0,0.0,0.0,0.0,0.0,0.0
-0.45184478,-0.6495794,0.008436739,-0.037486374,-0.0075002313,1.0305429,0.008962154,0.012066662,0.0038107038,0.03209907,0.054092824,0.0046904087,0.0099000335,0.053077936,1.0041747,-0.06970078,0.0086711645,0.041838884
-0.570884,-0.22735864,0.14062148,0.02817303,0.0010484457,0.83759683,0.08730674,0.02069062,0.9219212,-0.05021435,0.02385509,0.019964993,0.0023354292,-0.100059986,0.0016559958,0.019761324,0.00023376942,0.011026144
1.8366941,0.09126118,0.0,0.0,0.0,1.0,0.0,0.0,1.0,0.0,0.0,0.0,0.0,0.0,0.0,0.0,0.0,0.0
-0.7100737,2.346137,0.12104094,0.02707088,0.008113265,0.85622245,0.09414905,0.01853764,-0.053017676,-0.017162979,0.042258203,0.07697821,0.0038004518,-0.026033401,0.9560165,0.009314716,-0.005138397,0.012794077
0.04064089,0.5228904,0.03652829,-0.027217686,-0.0036049485,0.8693355,0.04237628,0.005058348,0.5773023,-0.05548042,0.028972268,-0.061196625,-0.001559794,-0.09087986,0.027291656,-0.00714767,0.012349069,0.0027307868
0.63961047,-0.6606043,0.0,0.0,0.0,1.0,0.0,0.0,0.0,0.0,0.0,0.0,0.0,0.0,1.0,0.0,0.0,0.0
-0.13827361,0.62429124,0.0,0.0,0.0,1.0,0.0,0.0,1.0,0.0,0.0,0.0,0.0,0.0,0.0,0.0,0.0,0.0
1.049072,0.7824063,0.0,0.0,0.0,0.0,1.0,0.0,1.0,0.0,0.0,0.0,0.0,0.0,0.0,0.0,0.0,0.0
0.65352196,-0.6643058,0.0,0.0,0.0,1.0,0.0,0.0,0.0,0.0,0.0,0.0,0.0,0.0,1.0,0.0,0.0,0.0
-0.68598515,2.3285418,0.27012783,0.0112589,-0.0074386,0.6622667,0.19466704,0.020062506,0.8923715,-0.07217038,0.08010155,0.086969554,0.0059174895,-0.048535407,-0.006192684,0.009265065,-0.0011832714,0.020338058
0.66372377,-0.6735243,0.0,0.0,0.0,0.0,1.0,0.0,1.0,0.0,0.0,0.0,0.0,0.0,0.0,0.0,0.0,0.0
2.4165714,0.6191807,0.0,0.0,0.0,1.0,0.0,0.0,1.0,0.0,0.0,0.0,0.0,0.0,0.0,0.0,0.0,0.0
-0.09658235,-0.5783801,6.604195e-05,-8.4519386e-05,2.7418137e-06,1.0000434,0.00013792515,9.596348e-06,-7.086992e-05,-0.00015300512,0.99996454,-0.00030362606,-3.6597252e-05,-0.00013756752,0.00019615889,6.198883e-06,1.2993813e-05,-4.8577785e-05
-0.5836308,2.7229226,0.110630214,0.011703849,0.0046253204,0.7972,0.07892406,0.010437369,-0.032449603,-0.034614563,0.05079317,0.04033798,0.012985706,-0.020096421,0.8846666,0.0076974034,-0.0047550797,-0.0049022436
2.629881,-0.6450392,0.0,0.0,0.0,0.0,1.0,0.0,1.0,0.0,0.0,0.0,0.0,0.0,0.0,0.0,0.0,0.0
-0.73762697,-0.70648235,0.0,1.0,0.0,0.0,0.0,0.0,0.0,0.0,0.0,0.0,0.0,0.0,0.0,1.0,0.0,0.0
1.2579762,0.19507754,0.0,0.0,0.0,1.0,0.0,0.0,1.0,0.0,0.0,0.0,0.0,0.0,0.0,0.0,0.0,0.0
-0.75150937,-0.7124612,-0.06020397,1.0515661,-0.0094153285,0.0012144446,-0.05164337,-0.0019021034,-0.012548983,0.95516247,-0.054083884,-0.049919963,0.003576219,-0.03218943,0.034926414,0.088790536,-0.002668798,-0.04834032
-0.73762697,5.667548,1.0,0.0,0.0,0.0,0.0,0.0,1.0,0.0,0.0,0.0,0.0,0.0,0.0,0.0,0.0,0.0
0.049107373,0.59302694,0.036670327,-0.03308451,-0.0025627017,0.33758253,0.041672885,0.0047366023,0.3786177,-0.061853826,0.032699823,-0.06924552,-0.0015666485,-0.1002568,0.027455926,-0.009038806,0.00796777,0.0053253174
-0.5870092,-0.32588795,0.007447481,0.018895328,-0.00038063526,0.9692083,0.0039629936,-0.0016350746,-0.00081706047,-0.014385343,-0.017219484,-0.00024712086,0.002237916,-0.020027936,0.9960882,0.0326553,-0.004024267,-0.012781739
-0.7251395,0.6440467,0.35295647,0.04047829,-0.022773087,0.29325968,0.26620692,0.02717185,0.546202,-0.08026379,0.08095044,0.119276404,0.029347122,-0.16341579,-0.006043792,0.006547272,0.013191104,0.021079123
-0.5503741,-0.7057865,-0.17420816,-0.018711865,-0.026646078,1.3678248,-0.10996753,-0.013396144,0.1407978,0.07673687,0.96392685,-0.048889697,-0.00056546926,0.2011534,0.0432868,-7.5101852e-06,-0.0034680367,-0.0049073696
0.65352196,-0.6633631,0.0,0.0,0.0,1.0,0.0,0.0,0.0,0.0,0.0,0.0,0.0,0.0,1.0,0.0,0.0,0.0
-0.5856862,-0.5906768,-0.010419905,-0.034191847,-0.005265057,1.0482478,0.001907587,0.0025579333,0.008323789,0.026583135,0.038380086,0.0082963705,-0.00023174286,0.044649065,0.99995774,-0.05515355,0.0050566196,0.02674228
-0.587947,-0.25582328,0.21421343,0.033848166,0.012780368,0.8711787,0.15254337,0.02907157,0.88311094,-0.054866016,0.040343106,0.045106053,0.0041872263,-0.1139552,-0.013289988,0.0069357753,-0.0019791126,0.020641029
0.084349334,-0.5645431,0.0154057145,0.0061947107,0.0034375787,0.9931993,0.014414787,0.0022464395,0.015458763,0.011936605,1.0698135,0.0130524635,0.009665549,0.017835975,0.0041170716,-0.008270383,0.0047006607,0.007204473
-0.5977673,-0.23513198,0.13676906,0.023292005,0.0050224066,0.8505525,0.08731526,0.017346501,0.93442327,-0.041893303,0.021354675,0.023485422,0.001743257,-0.08362675,-0.0031120777,0.01106894,0.0007318258,0.009944499
-0.09707183,-0.58278877,4.553795e-05,-5.3703785e-05,4.4703484e-06,1.000021,9.173155e-05,7.867813e-06,-4.3451786e-05,-9.8228455e-05,0.9999766,-0.00019747019,-2.2947788e-05,-8.7976456e-05,0.00013113022,6.198883e-06,9.596348e-06,-2.9742718e-05
-0.5850513,-0.71181595,-0.020690262,-0.0586192,-0.012013257,1.0966403,0.003998935,0.0050668716,0.019999206,0.044002175,0.069447875,0.01623404,-0.00031387806,0.07666838,0.9882789,-0.093161225,0.010978222,0.049879253
0.059198022,0.58101434,0.048179805,-0.02252835,-0.0032301545,0.78539115,0.04764408,0.0070402026,0.6449589,-0.05158007,0.030269563,-0.05344379,-0.0035365224,-0.06867391,0.013915062,-0.009880841,0.00452435,0.004606545
-0.15810007,-0.31736153,-0.0072845817,-0.020710826,-0.013418376,0.9401737,-0.043686867,-0.03647828,-0.05435431,-0.095161855,0.006516516,0.0038843155,-0.025179386,-0.12945741,1.1802957,0.01492995,0.019097269,-0.018347323
-0.154441,-0.39553156,-0.027337492,-0.018686175,0.010273099,1.0050406,-0.03658271,-0.030291438,-0.07295078,-0.06391609,0.0062050223,-0.041628003,-0.026899397,-0.08662176,1.1208847,0.055559516,0.007156551,-0.033712626
-0.09669876,-0.58288974,-0.0006236434,0.0009406209,4.8935413e-05,0.99912935,-0.0014023185,-8.624792e-05,0.0008327961,0.0016611218,1.000603,0.0032630563,0.00042891502,0.0014694333,-0.0020081997,-6.568432e-05,-0.00013589859,0.0005350113
1.8424906,2.114182,0.0,0.0,0.0,1.0,0.0,0.0,1.0,0.0,0.0,0.0,0.0,0.0,0.0,0.0,0.0,0.0
-0.11601523,-0.7111519,0.0,0.0,0.0,0.0,1.0,0.0,1.0,0.0,0.0,0.0,0.0,0.0,0.0,0.0,0.0,0.0
0.14187771,0.6306444,0.06459761,-0.047385335,-0.004316926,0.7198464,0.066054046,0.0063504577,0.45557946,-0.084502995,0.052093863,-0.08841878,-0.0012996793,-0.1446122,0.052386522,-0.014927864,0.014729679,0.006319642
-0.58477575,-0.7063051,-0.021215677,-0.058865666,-0.012081742,1.0997415,0.003673792,0.005049765,0.019983828,0.04409969,0.06930238,0.015926003,-0.0004234314,0.0765897,0.98970276,-0.09331524,0.011055231,0.049774826
-0.58597547,3.9880445,-0.00191921,0.00021839142,-0.00022488832,1.0001545,-0.0012893677,-0.00026082993,0.0004323125,0.00049734116,-0.0012637377,-0.0007776618,-7.253885e-05,-0.00037378073,0.99976605,0.0003706813,4.041195e-05,-0.000284791
-0.71933603,2.3486016,0.12128049,0.02512157,0.009439647,0.8510744,0.09227502,0.018852532,-0.05301422,-0.014760137,0.041657507,0.0747242,0.004863262,-0.02088368,0.9531259,0.008970678,-0.0051007867,0.0141204
-0.09689385,-0.5808172,9.173155e-05,-5.2034855e-05,3.182888e-05,1.0003395,0.00015676022,3.695488e-05,-3.8325787e-05,-0.00011879206,0.9998072,-0.0002591014,-7.5101852e-06,-0.00010162592,0.00021326542,3.3557415e-05,4.041195e-05,-1.7762184e-05
-0.5912895,-0.07194275,0.059737146,0.0064394474,0.006834805,0.94910914,0.033839643,0.0070367455,-0.0052907467,-0.001967132,0.027346432,0.028390408,0.009164095,-0.008667409,0.95358795,-0.0030932426,-0.008746147,0.012869358
-0.73762786,-0.71210515,0.038292766,-0.022702932,0.00065135956,0.9882241,0.02807206,0.0051456094,-0.0020818114,0.012239516,0.047512293,0.031445324,0.0067560673,0.013177395,0.98648185,-0.04510224,0.00020301342,0.02605772
1.9394073,0.087648764,0.0,0.0,0.0,0.0,1.0,0.0,1.0,0.0,0.0,0.0,0.0,0.0,0.0,0.0,0.0,0.0
1.3908309,-0.67675465,0.0,0.0,0.0,0.0,1.0,0.0,0.0,0.0,0.0,1.0,0.0,0.0,0.0,0.0,0.0,0.0
-0.095326185,-0.5661416,0.00024574995,-0.00030362606,1.6450882e-05,1.0001323,0.0005007982,3.695488e-05,-0.00025737286,-0.00056034327,0.999903,-0.0011079907,-0.00013417006,-0.00050383806,0.0007163882,3.0100346e-05,4.8935413e-05,-0.00017523766
-0.73391724,-0.71221733,0.0,0.0,0.0,0.0,1.0,0.0,1.0,0.0,0.0,0.0,0.0,0.0,0.0,0.0,0.0,0.0
0.65352196,-0.66111845,0.0,0.0,0.0,1.0,0.0,0.0,0.0,0.0,0.0,0.0,0.0,0.0,1.0,0.0,0.0,0.0
-0.4902461,-0.34794328,0.20662487,0.037271082,-0.0028604865,0.864896,0.13185209,0.025482655,0.9335025,-0.07552993,0.04084629,0.016720116,-0.0021057725,-0.14115167,0.0035693645,0.027866721,0.00017559528,0.02605772
-0.30167106,-0.688667,-0.002891302,0.004796505,-0.0035844445,0.9898774,-0.007017553,0.0012897253,0.0084555745,-0.0045428276,-0.006738603,0.0061467886,0.0021540523,0.0016850829,0.9825148,0.0018494129,-0.0023710132,0.00022697449
-0.73762697,1.5504925,1.0,0.0,0.0,0.0,0.0,0.0,1.0,0.0,0.0,0.0,0.0,0.0,0.0,0.0,0.0,0.0
-0.6581058,-0.7114343,-0.1721322,-0.024320245,-0.023106813,1.5134394,-0.117304504,-0.015443027,0.11977786,0.06136298,1.0056448,-0.04533845,0.0066670775,0.16005147,0.026321292,-0.0072041154,-0.0022135973,-0.011479318
-0.73762697,1.358629,1.0,0.0,0.0,0.0,0.0,0.0,1.0,0.0,0.0,0.0,0.0,0.0,0.0,0.0,0.0,0.0
-0.73762697,-0.7065191,0.0,1.0,0.0,0.0,0.0,0.0,0.0,0.0,0.0,0.0,0.0,0.0,0.0,1.0,0.0,0.0
-0.61103237,0.99638236,0.0,0.0,0.0,1.0,0.0,0.0,0.0,0.0,0.0,0.0,0.0,1.0,0.0,0.0,0.0,0.0
-0.4571605,-0.65245974,0.0069974065,-0.046332777,-0.0076782107,1.0324426,0.0124979615,0.01000613,-0.0012637377,0.037118733,0.066042066,-0.0007212162,0.00892961,0.057443798,0.9999321,-0.07475811,0.012970328,0.0500983
0.11767453,-0.5787703,0.020983279,0.008859456,0.0025305152,1.0003633,0.023694217,0.0069341063,0.026862085,0.02020973,0.9918198,0.011351287,0.010151565,0.017897546,0.011861324,-0.015896559,0.004983008,0.011744916
-0.0937773,-0.55200684,0.00053840876,-0.00055861473,1.2993813e-05,1.0000844,0.0009765625,7.9751015e-05,-0.00049871206,-0.0011404753,0.9999834,-0.0021827817,-0.0002591014,-0.0009813309,0.001329124,6.777048e-05,0.00010031462,-0.00032413006
-0.73762697,2.577662,1.0,0.0,0.0,0.0,0.0,0.0,1.0,0.0,0.0,0.0,0.0,0.0,0.0,0.0,0.0,0.0
0.08244282,-0.55427617,0.017861605,0.0076546073,0.0015550256,0.9989018,0.018832028,0.0047228932,0.019581616,0.015518665,1.016937,0.010052323,0.008262157,0.0150309205,0.007847965,-0.012562633,0.004242003,0.009162366
-0.5850513,-0.71178514,-0.02069199,-0.05862093,-0.012013257,1.0966439,0.0039972663,0.0050668716,0.020000935,0.044003844,0.069449544,0.01623404,-0.00031387806,0.07667357,0.9882806,-0.09316462,0.010978222,0.04988098
-0.5420873,0.09275937,0.12474275,0.022992492,0.002783835,0.749023,0.07475674,0.013976634,0.687774,-0.058121204,0.019456685,0.011032999,-0.002270043,-0.101554096,0.005871296,0.02192974,-2.4616718e-05,0.012268662
-0.5915291,-0.021196842,0.06160772,0.007281482,0.00643605,0.9500522,0.034483135,0.0067595243,-0.0075036287,-0.0021913052,0.029179394,0.029276907,0.008732796,-0.0107296705,0.95137686,-0.0030487776,-0.007245183,0.013851702
-0.73762786,-0.7120778,0.038292766,-0.022702932,0.00065135956,0.9882259,0.02807206,0.0051456094,-0.0020818114,0.012239516,0.047512293,0.031445324,0.006757796,0.013179123,0.986487,-0.045103967,0.00020301342,0.026059449
2.9934344,1.7575337,0.0,0.0,0.0,1.0,0.0,0.0,1.0,0.0,0.0,0.0,0.0,0.0,0.0,0.0,0.0,0.0
-0.6500569,2.64899,-0.0067642927,-0.001943171,0.00094747543,1.0133379,-0.0053643584,-0.00050383806,0.0037850142,0.0029002428,0.9992184,-0.0019979477,-0.0016334057,0.0020171404,0.0015892386,-0.0016881824,0.00091326237,0.0005315542
-0.45615077,-0.6524512,0.0069820285,-0.046307087,-0.007671356,1.0322611,0.012489438,0.009995818,-0.0012705922,0.0370965,0.065992475,-0.0007263422,0.00891763,0.05740273,0.99982256,-0.074718714,0.012965202,0.05005896
0.067840815,0.5893765,0.051270664,-0.033671558,-0.0023556352,0.7622079,0.050652802,0.0046492815,0.48374635,-0.06695223,0.037442207,-0.06904358,0.00050246716,-0.113467455,0.037976205,-0.0101735,0.01154983,0.005453706
-0.5850513,-0.7118108,-0.020690262,-0.0586192,-0.012013257,1.0966403,0.003998935,0.0050668716,0.019999206,0.044002175,0.069447875,0.01623404,-0.00031387806,0.07666838,0.9882789,-0.093161225,0.010978222,0.049879253
0.105602026,-0.5831653,0.019033968,0.0059277415,0.0009714365,0.9902453,0.023225248,0.00647372,0.025453568,0.017798305,1.0567656,0.010661602,0.009848654,0.017101765,0.01223439,-0.016079664,0.0047622323,0.011303365
0.04303946,-0.7097482,0.0,0.0,0.0,0.0,1.0,0.0,1.0,0.0,0.0,0.0,0.0,0.0,0.0,0.0,0.0,0.0
0.63961047,-0.6300054,0.0,0.0,0.0,1.0,0.0,0.0,0.0,0.0,0.0,0.0,0.0,0.0,1.0,0.0,0.0,0.0
-0.55273414,-0.4428238,1.4722347e-05,-0.0016573668,-9.8228455e-05,1.0020766,0.00013452768,0.00023376942,0.00010883808,0.0015601516,0.0020701885,0.00041007996,0.00014823675,0.0021643043,1.0002146,-0.0030590296,0.00022864342,0.0016098022
-0.72572994,2.7947927,0.31679887,0.0042316914,-0.011496425,0.64196724,0.22344321,0.023141444,0.86592287,-0.06930202,0.10069871,0.096615255,0.01258868,-0.039273083,-0.0056022406,-0.0024120808,-0.007152796,0.022533834
-0.6796624,0.80998695,0.0,0.0,0.0,1.0,0.0,0.0,0.0,0.0,0.0,0.0,0.0,1.0,0.0,0.0,0.0,0.0
-0.09777522,-0.5890355,3.695488e-05,1.8179417e-05,3.0100346e-05,1.0000672,4.553795e-05,3.0100346e-05,1.9848347e-05,1.13248825e-05,1.0000005,-7.5101852e-06,2.4974346e-05,1.2993813e-05,5.2392483e-05,3.0100346e-05,3.0100346e-05,2.3305416e-05
-0.73762697,1.3439412,1.0,0.0,0.0,0.0,0.0,0.0,1.0,0.0,0.0,0.0,0.0,0.0,0.0,0.0,0.0,0.0
-0.6531238,0.29175872,0.229168,0.029718459,0.016261399,0.70420724,0.1523158,0.019033968,0.8515194,-0.04474801,0.04429823,0.05870515,0.0018596649,-0.118899524,0.002617836,0.009280443,0.0028814077,0.009277046
0.080474675,-0.55657464,0.021839023,0.009472132,0.0019537807,0.99983114,0.023078084,0.006138265,0.02380544,0.018871367,1.0146196,0.012078643,0.010030091,0.017984867,0.0097459555,-0.015975237,0.0051267743,0.011505306
1.5547546,0.61672366,0.0,0.0,0.0,1.0,0.0,0.0,1.0,0.0,0.0,0.0,0.0,0.0,0.0,0.0,0.0,0.0
-0.5619725,-0.70399123,-0.017409444,-0.056702375,-0.009208202,1.1027691,0.004408002,0.0063539147,0.017849624,0.048321843,0.06977129,0.013853431,-0.00041484833,0.07933998,0.99085635,-0.0926649,0.01039803,0.051114917
-0.57312596,-0.7023825,-0.018973708,-0.058673978,-0.01123625,1.0963855,0.0050377846,0.0056898594,0.016999066,0.046062708,0.072006464,0.016511321,-0.0002642274,0.07429463,0.9884158,-0.09187251,0.009834945,0.049254537
-0.65536064,-0.07487786,0.025874555,0.0022310615,0.0027547479,0.98306924,0.015643597,0.0027906895,-0.0034834743,-0.0010977387,0.013365686,0.011999965,0.0030097365,-0.003242135,0.98359126,-0.0025507212,-0.0020869374,0.005493045
-0.5866241,-0.41247654,0.00055897236,0.0018219948,-7.599592e-05,0.9980375,0.00025606155,-0.00018382072,-0.00018894672,-0.0014913678,-0.0017720461,-0.00013244152,0.00023037195,-0.002141714,0.9998414,0.0031312704,-0.00031727552,-0.0013356209
-0.6500398,2.6592946,-0.0062406063,-0.0016522408,0.0008687377,1.0221055,-0.0049963593,-0.0005415082,0.0035642385,0.0026982427,0.99853045,-0.0018233657,-0.0015409589,0.0018374324,0.0014780164,-0.0015409589,0.0008738637,0.00054353476
-0.73762697,-0.70641536,0.0,1.0,0.0,0.0,0.0,0.0,0.0,0.0,0.0,0.0,0.0,0.0,0.0,1.0,0.0,0.0
-0.2972915,-0.057383537,0.020062506,-0.01576817,0.024567068,1.067878,0.061508477,-0.007452309,-0.09123409,-0.0066787004,-0.0054567456,-0.043471277,-0.006685555,-0.09168422,1.0638885,0.047265887,0.012059867,-0.015504599
-0.45640236,-0.6524084,0.006985426,-0.04631394,-0.0076730847,1.0323005,0.012491107,0.009999275,-0.0012688637,0.037103355,0.066006124,-0.00072461367,0.008921087,0.05741644,0.99984306,-0.074730694,0.012966931,0.05007094
1.4047424,-0.6779681,0.0,0.0,0.0,0.0,1.0,0.0,0.0,0.0,0.0,1.0,0.0,0.0,0.0,0.0,0.0,0.0
-0.75153846,-0.75153846,-0.75153846,-0.6227235,-0.7503764,-0.7511482,-0.75153846,-0.7514768,1.1396883,-0.66939616,-0.75153846,-0.74271256,-0.68575585,-0.40723267,0.1968543,-0.5598897,0.09772086,-0.094530344
-0.6402465,1.5774797,1.0,0.0,0.0,0.0,0.0,0.0,0.0,0.0,0.0,1.0,0.0,0.0,0.0,0.0,0.0,0.0
-0.4574121,-0.6524752,0.007000804,-0.046337903,-0.0076798797,1.0324888,0.01249969,0.010007799,-0.0012620091,0.03712386,0.066054046,-0.00071948767,0.008931339,0.05745238,0.99996287,-0.074766636,0.012972057,0.050105155
0.65352196,-0.66071546,0.0,0.0,0.0,1.0,0.0,0.0,0.0,0.0,0.0,0.0,0.0,0.0,1.0,0.0,0.0,0.0
-0.6807653,0.7821805,0.06646311,0.011652529,0.0047845244,0.9443154,0.03945315,0.00523293,-0.016702592,-0.0067591667,0.016026974,0.03081894,0.00814575,-0.016721427,0.9803019,0.0010586977,-0.0042861104,0.011137366
0.65352196,-0.65905523,0.0,0.0,0.0,1.0,0.0,0.0,0.0,0.0,0.0,0.0,0.0,0.0,1.0,0.0,0.0,0.0
-0.4569072,-0.65245634,0.0069922805,-0.046325922,-0.007676482,1.032398,0.012496233,0.010002673,-0.0012671351,0.037113607,0.066030085,-0.00072288513,0.008926213,0.057433546,0.9999047,-0.0747478,0.0129686,0.050088048
0.10656859,2.663992,0.0,0.0,0.0,1.0,0.0,0.0,1.0,0.0,0.0,0.0,0.0,0.0,0.0,0.0,0.0,0.0
-0.5865625,4.8912916,-0.013584375,0.0018579364,-0.0021879077,0.9979109,-0.009115815,-0.0021776557,0.0049453974,0.003523171,-0.0092356205,-0.003984928,0.0005658269,-0.0015426874,0.9946386,0.0035642385,0.00039464235,-0.00191921
-0.5902027,2.3819642,0.14872515,0.0313375,0.011542976,0.7945302,0.12054801,0.018912435,-0.058665395,-0.030799747,0.06619954,0.080603,0.016026974,-0.04175812,0.85983187,0.012535632,2.7418137e-06,-0.0053471923
-0.14615595,2.7907076,-0.060144126,0.02230966,0.008623242,1.0657609,-0.042535067,-0.008063257,1.0994146,0.05527371,-0.0320611,0.041587293,-0.0039489865,0.04987067,-0.0030401945,0.0017261505,0.0019983053,0.0055152774
-0.4559009,-0.65211064,0.006971717,-0.046307087,-0.0076747537,1.0321689,0.012480855,0.009995818,-0.0012671351,0.037099898,0.06598729,-0.0007263422,0.00891763,0.05741644,0.99975926,-0.07472217,0.012965202,0.05006063
-0.16671377,-0.3191175,-0.0020047426,-0.009449542,-0.008407295,0.8798831,-0.029249191,-0.0013133287,0.031087637,-0.12060416,-0.011491299,-0.040104866,0.0074526668,-0.1056838,1.0986223,-0.0030316114,0.009946227,0.011072338
1.5535953,0.10274769,0.0,0.0,0.0,1.0,0.0,0.0,1.0,0.0,0.0,0.0,0.0,0.0,0.0,0.0,0.0,0.0
-0.7125878,-0.7120863,0.037508965,-0.022709787,0.0011014938,0.9831137,0.028630018,0.0051695704,-0.0022392273,0.012506545,0.047637284,0.029028773,0.0060150623,0.016899765,0.96525663,-0.04512453,-0.00010508299,0.025587082
-0.45640063,-0.65254533,0.0069871545,-0.046312213,-0.007671356,1.0323193,0.012494564,0.009997547,-0.0012722611,0.037099898,0.06600273,-0.00072461367,0.008921087,0.057406127,0.99985844,-0.07472557,0.012965202,0.050065815
-0.4571605,-0.6524581,0.0069974065,-0.046332777,-0.0076782107,1.0324426,0.0124979615,0.01000613,-0.0012637377,0.037118733,0.066042066,-0.0007212162,0.00892961,0.057443798,0.9999321,-0.07475811,0.012970328,0.0500983
-0.093060195,-0.56173974,-0.0005072355,0.00071299076,6.198883e-06,0.99936384,-0.0010960102,-6.401539e-05,0.0006068945,0.0012726188,1.0004559,0.0025065541,0.0003244877,0.001139164,-0.0015803576,-4.3451786e-05,-9.3102455e-05,0.00041347742
-0.5850513,-0.71180224,-0.020690262,-0.05862093,-0.012013257,1.0966403,0.003998935,0.0050668716,0.019999206,0.044002175,0.069447875,0.01623404,-0.00031387806,0.07667011,0.9882789,-0.093162894,0.010978222,0.049879253
-0.73762697,-0.7064604,0.0,1.0,0.0,0.0,0.0,0.0,0.0,0.0,0.0,0.0,0.0,0.0,0.0,1.0,0.0,0.0
0.09356034,-0.575534,0.015896916,0.0055957437,0.0033212304,0.9909727,0.015285909,0.0022498965,0.017438889,0.011987984,1.0783434,0.009413958,0.008503497,0.01662594,0.0069255233,-0.009254456,0.0034992099,0.0072934628
0.63961047,-0.6301545,0.0,0.0,0.0,1.0,0.0,0.0,0.0,0.0,0.0,0.0,0.0,0.0,1.0,0.0,0.0,0.0
0.39198598,2.11405,0.0,0.0,0.0,1.0,0.0,0.0,1.0,0.0,0.0,0.0,0.0,0.0,0.0,0.0,0.0,0.0
0.63961047,-0.63698167,0.0,0.0,0.0,1.0,0.0,0.0,0.0,0.0,0.0,0.0,0.0,0.0,1.0,0.0,0.0,0.0
-0.60175806,1.9322615,0.0,0.0,0.0,1.0,0.0,0.0,1.0,0.0,0.0,0.0,0.0,0.0,0.0,0.0,0.0,0.0
1.2607585,0.6176043,0.0,0.0,0.0,1.0,0.0,0.0,1.0,0.0,0.0,0.0,0.0,0.0,0.0,0.0,0.0,0.0
-0.5949434,0.31746286,0.06813002,0.009733975,0.0066654086,0.9417842,0.038167834,0.0037336946,-0.012410343,-0.0027748942,0.03231132,0.032434523,0.007846296,-0.01707226,0.9589003,-0.0021365285,-0.0063432455,0.014503777
-0.63831985,2.7521505,0.12680846,0.021363258,0.009533763,0.8541859,0.10343188,0.016163886,-0.04849434,-0.020036519,0.060108542,0.06376076,0.012106061,-0.02799642,0.9225339,0.0027530193,0.0014540553,-0.008056402
0.100287974,-0.56637263,0.012542486,0.005361259,0.0007300973,1.0013833,0.012987435,0.0036618114,0.015501559,0.010961115,0.98492783,0.0064668655,0.0058404803,0.0102748275,0.0058849454,-0.008877933,0.0029857755,0.0065712333
-0.4569072,-0.6524495,0.0069922805,-0.046325922,-0.007676482,1.0323963,0.012496233,0.010002673,-0.0012654066,0.037113607,0.066030085,-0.00072288513,0.008926213,0.057433546,0.999903,-0.0747478,0.012970328,0.050088048
2.414021,0.08818876,0.0,0.0,0.0,1.0,0.0,0.0,1.0,0.0,0.0,0.0,0.0,0.0,0.0,0.0,0.0,0.0
-0.5850513,-0.7117629,-0.02069372,-0.05862266,-0.012013257,1.0966456,0.0039972663,0.0050668716,0.020000935,0.044005573,0.06945127,0.01623404,-0.00031387806,0.076676965,0.98828226,-0.09316802,0.01097995,0.04988265
0.7784935,-0.70061946,0.0,0.0,0.0,0.0,1.0,0.0,1.0,0.0,0.0,0.0,0.0,0.0,0.0,0.0,0.0,0.0
0.65352196,-0.6645713,0.0,0.0,0.0,1.0,0.0,0.0,0.0,0.0,0.0,0.0,0.0,0.0,1.0,0.0,0.0,0.0
0.15757738,2.677808,0.0,0.0,0.0,1.0,0.0,0.0,1.0,0.0,0.0,0.0,0.0,0.0,0.0,0.0,0.0,0.0
-0.21314341,0.2226457,-0.030062139,-0.05879718,0.007598102,0.90543145,-0.057513595,0.014611602,-0.13716573,-0.12288892,-0.04946983,0.039319634,-0.01066637,-0.18607527,1.1820807,0.035328567,-0.023214638,-0.036269486
-0.63892055,-0.7064437,-0.2116664,-0.03976941,-0.027029455,1.0356481,-0.14986807,-0.022233963,0.17729765,0.083805144,0.93904585,-0.05826837,0.0034889579,0.2497378,0.02815938,-0.01464206,-4.005432e-05,-0.0066359043
2.7149727,0.60858166,0.0,0.0,0.0,1.0,0.0,0.0,1.0,0.0,0.0,0.0,0.0,0.0,0.0,0.0,0.0,0.0
-0.5912347,1.4646957,0.11031532,0.019027114,0.012540758,0.73564976,0.08256775,0.018099487,-0.05020237,-0.023762286,0.03597206,0.07018036,0.005910635,-0.056449115,0.88859266,0.0076631308,-0.0064048767,0.012888193
-0.5457241,-0.24238336,0.19522673,0.031012356,0.0072010756,0.8059866,0.124479175,0.021325588,0.9618594,-0.05061823,0.037005782,0.030875385,4.3809414e-05,-0.10241151,-0.007955432,0.0132972,-0.0010874271,0.01598072
-0.5866241,4.63105,-0.018094003,0.0025921464,-0.0029768944,0.99486107,-0.012600303,-0.0027458072,0.0057052374,0.0047708154,-0.01213479,-0.005484104,0.00051277876,-0.0028451085,0.98712367,0.004474759,0.00037926435,-0.0027852058
1.5533634,0.056683607,0.0,0.0,0.0,1.0,0.0,0.0,1.0,0.0,0.0,0.0,0.0,0.0,0.0,0.0,0.0,0.0
