SrcBytes,SIntPktMax,Proto_arp,Proto_icmp,Proto_ipv6-icmp,Proto_tcp,Proto_udp,State_CLO,State_CON,State_ECO,State_FIN,State_INT,State_NRS,State_REQ,State_RST,State_TST,State_URH,State_URHPRO
1.3490964,-0.66015685,0.0,1.0,0.0,0.0,0.0,0.0,0.0,1.0,0.0,0.0,0.0,0.0,0.0,0.0,0.0,0.0
0.65352196,-0.66574144,0.0,0.0,0.0,1.0,0.0,0.0,0.0,0.0,0.0,0.0,0.0,0.0,1.0,0.0,0.0,0.0
-0.6029598,0.95938975,0.12336165,0.01814574,0.014779329,0.8331283,0.07585716,0.010611951,-0.032764494,-0.0136425495,0.04645294,0.07107884,0.0061861873,-0.023758888,0.95300096,0.002631545,-0.0022478104,0.018325448
0.65352196,-0.6659254,0.0,0.0,0.0,1.0,0.0,0.0,0.0,0.0,0.0,0.0,0.0,0.0,1.0,0.0,0.0,0.0
-0.5912707,0.16238761,0.060089707,0.006677389,0.005039513,0.94117326,0.032840133,0.0059859157,-0.013175368,-0.002848506,0.028351009,0.028624892,0.008342564,-0.01978147,0.9520785,-0.004065335,-0.004039645,0.013790131
-0.7457144,-0.71227115,0.0036190152,0.00050759315,0.00031596422,0.9911763,0.0025956035,0.0004220605,0.9953061,-0.00078451633,0.00089782476,0.00096458197,9.858608e-05,-0.0016658902,-0.00041145086,-4.1127205e-06,-3.8325787e-05,0.00043404102
-0.74571615,4.7328105,0.23352873,-0.018331885,0.031684935,0.8557432,0.15396559,0.016732097,0.90679723,-0.028078556,0.12796712,0.08183867,-0.0013920665,0.035064995,0.033712983,-0.040512145,-0.0016949773,0.034524202
0.65352196,-0.65998256,0.0,0.0,0.0,1.0,0.0,0.0,0.0,0.0,0.0,0.0,0.0,0.0,1.0,0.0,0.0,0.0
-0.7098478,2.3461285,0.12101352,0.027065754,0.0081115365,0.8562413,0.09412855,0.018534243,-0.053007424,-0.017157853,0.04224962,0.07695937,0.0038004518,-0.026028275,0.9560234,0.009312987,-0.0051367283,0.012788892
1.0279729,-0.7009181,0.0,0.0,0.0,0.0,1.0,0.0,1.0,0.0,0.0,0.0,0.0,0.0,0.0,0.0,0.0,0.0
-0.19206472,0.5898058,0.0,0.0,0.0,1.0,0.0,0.0,1.0,0.0,0.0,0.0,0.0,0.0,0.0,0.0,0.0,0.0
-0.64511555,-0.13860567,0.0,0.0,0.0,1.0,0.0,0.0,0.0,0.0,1.0,0.0,0.0,0.0,0.0,0.0,0.0,0.0
-0.47238123,-0.7006146,0.0,0.0,0.0,1.0,0.0,0.0,0.0,0.0,0.0,0.0,0.0,0.0,1.0,0.0,0.0,0.0
-0.61103237,0.16175224,0.0,0.0,0.0,1.0,0.0,0.0,0.0,0.0,0.0,0.0,0.0,1.0,0.0,0.0,0.0,0.0
0.65352196,-0.6662842,0.0,0.0,0.0,1.0,0.0,0.0,0.0,0.0,0.0,0.0,0.0,0.0,1.0,0.0,0.0,0.0
-0.72672963,2.1403198,0.0,0.0,0.0,1.0,0.0,0.0,1.0,0.0,0.0,0.0,0.0,0.0,0.0,0.0,0.0,0.0
-0.5901685,0.8737168,0.063803494,0.0075947046,0.012207031,0.79079586,0.04288459,0.0039629936,-0.024573505,-0.006608546,0.039822817,0.03947711,0.0002731681,-0.036209583,0.8498525,-0.009755909,-0.00065612793,0.009116173
-0.5827785,-0.7055452,0.059574544,-0.04502523,0.0005658269,0.9688882,0.0581609,0.012799203,0.0005674958,0.030649483,0.0876627,0.048624754,0.011779189,0.04412198,0.9348238,-0.08760589,-9.649992e-05,0.056091785
-0.73762786,-0.71207434,0.038294494,-0.022702932,0.00065135956,0.9882241,0.028073788,0.0051456094,-0.0020818114,0.012239516,0.047512293,0.031447053,0.006757796,0.013179123,0.986487,-0.045103967,0.00020301342,0.026059449
-0.46820778,-0.65470046,0.0,0.0,0.0,1.0,0.0,0.0,0.0,0.0,0.0,0.0,0.0,0.0,1.0,0.0,0.0,0.0
0.65352196,-0.6605934,0.0,0.0,0.0,1.0,0.0,0.0,0.0,0.0,0.0,0.0,0.0,0.0,1.0,0.0,0.0,0.0
0.493308,-0.5411865,0.0,0.0,0.0,0.0,1.0,0.0,1.0,0.0,0.0,0.0,0.0,0.0,0.0,0.0,0.0,0.0
0.12395036,-0.5531569,0.021371782,-0.015918791,-0.000289917,1.0022426,0.029039025,0.0030833483,-0.009180844,-0.034405768,0.9916418,-0.060447037,-0.007007301,-0.025988877,0.028167903,-0.0014023185,0.0030593872,-0.0073034167
0.65352196,-0.66458046,0.0,0.0,0.0,1.0,0.0,0.0,0.0,0.0,0.0,0.0,0.0,0.0,1.0,0.0,0.0,0.0
3.5607915,-0.6676167,0.0,0.0,0.0,1.0,0.0,0.0,1.0,0.0,0.0,0.0,0.0,0.0,0.0,0.0,0.0,0.0
1.5471033,0.27505723,0.0,0.0,0.0,1.0,0.0,0.0,1.0,0.0,0.0,0.0,0.0,0.0,0.0,0.0,0.0,0.0
0.9709358,0.7898106,0.0,0.0,0.0,1.0,0.0,0.0,1.0,0.0,0.0,0.0,0.0,0.0,0.0,0.0,0.0,0.0
-0.61723495,-0.13282382,0.21001697,0.030914783,0.01300627,0.83702356,0.12284988,0.02780509,0.9130388,-0.05897689,0.03191769,0.03891915,0.0032527447,-0.11490673,-0.002122879,0.010611951,-0.0045051575,0.010926843
-0.5080874,0.06844448,0.0,0.0,0.0,1.0,0.0,0.0,0.0,0.0,0.0,0.0,0.0,1.0,0.0,0.0,0.0,0.0
0.056293726,0.5404721,0.079131186,-0.035687625,-0.014659166,1.0240941,0.061510205,0.014262438,0.99982935,-0.122721195,0.043620527,-0.14418435,-0.010721147,-0.13385409,0.011080921,-0.0023350716,0.010052323,0.009977043
-0.32828397,-0.5766738,-0.008836865,0.022025585,-0.0012996793,0.89635915,-0.032444417,-0.0009676218,0.02172774,0.034010768,1.0826032,0.07847053,0.009809315,0.035949826,-0.0580014,-0.0031018257,-0.0022666454,0.014455855
-0.6361412,2.8154771,0.15301919,0.022723794,0.005797684,0.77589947,0.107085824,0.010250866,-0.04865861,-0.032069623,0.06317544,0.05827725,0.013384521,-0.023349822,0.88235956,-0.00044566393,-0.007171631,-0.009836316
-0.20249833,0.58287084,0.0,0.0,0.0,1.0,0.0,0.0,1.0,0.0,0.0,0.0,0.0,0.0,0.0,0.0,0.0,0.0
-0.5931053,-0.71169615,0.05554408,-0.043344617,0.0008019805,0.94779474,0.054395735,0.012229264,0.0008738637,0.030091584,0.08358604,0.04541582,0.011065483,0.04176873,0.9503996,-0.08302605,-0.00027620792,0.05280924
-0.30329692,-0.56197935,-0.0078065395,0.019692838,0.00014823675,0.9108396,-0.028674126,-0.0014964938,0.019793868,0.030916512,1.0713778,0.06972849,0.0086506605,0.031036258,-0.04944074,-0.0032113194,-0.0029460788,0.012219012
2.0465257,-0.6509553,0.0,0.0,0.0,0.0,1.0,0.0,1.0,0.0,0.0,0.0,0.0,0.0,0.0,0.0,0.0,0.0
-0.7261972,0.5424488,0.21647936,0.029620945,0.015012085,0.79830223,0.15413159,0.017267764,0.9170316,-0.03559178,0.04165232,0.068321705,0.0046955347,-0.10692459,0.0070641637,0.004991591,0.006843388,0.009261608
0.0057102954,1.2692751,0.0,0.0,0.0,1.0,0.0,0.0,0.0,0.0,0.0,0.0,0.0,0.0,1.0,0.0,0.0,0.0
-0.70557433,2.3553822,0.12127197,0.028019011,0.0074646473,0.8502632,0.0948593,0.018751562,-0.051766574,-0.018381536,0.041790962,0.07754123,0.0039322376,-0.02707225,0.95094556,0.010307312,-0.005225718,0.012071848
-0.6402465,1.5809383,1.0,0.0,0.0,0.0,0.0,0.0,0.0,0.0,0.0,1.0,0.0,0.0,0.0,0.0,0.0,0.0
-0.5914127,0.16926414,0.0604046,0.006848514,0.0051439404,0.9415069,0.03303528,0.0059517026,-0.012939155,-0.0028690696,0.02842635,0.02885592,0.008349419,-0.019880772,0.9523249,-0.0038343072,-0.0041149855,0.013826072
0.9690809,1.2391902,0.0,0.0,0.0,1.0,0.0,0.0,1.0,0.0,0.0,0.0,0.0,0.0,0.0,0.0,0.0,0.0
-0.2869253,-0.58278877,-0.0071339607,0.017894149,0.00013792515,0.9187961,-0.026127517,-0.0013629794,0.017971158,0.028087497,1.0646725,0.06317544,0.007865131,0.02817303,-0.045056045,-0.0029084086,-0.0026807785,0.011099696
0.65352196,-0.6647122,0.0,0.0,0.0,1.0,0.0,0.0,0.0,0.0,0.0,0.0,0.0,0.0,1.0,0.0,0.0,0.0
-0.59486127,0.36422282,0.07493985,0.012172818,0.0066619515,0.94422644,0.04065287,0.0036190152,-0.012425721,-0.0032986403,0.03348708,0.034647405,0.009983838,-0.021508336,0.96015483,-0.0013766885,-0.0064048767,0.016278565
-0.47006264,-0.65459913,0.0,0.0,0.0,1.0,0.0,0.0,0.0,0.0,0.0,0.0,0.0,0.0,1.0,0.0,0.0,0.0
-0.5807778,-0.3482445,0.19452673,0.030777872,0.009814441,0.9137799,0.13088685,0.024457514,1.0085337,-0.04910189,0.03418362,0.035181403,0.0025528073,-0.100263655,-0.010074198,0.0092102885,-0.0036734343,0.017529607
-0.47219038,0.6341323,0.08515543,0.02746278,-0.0011575818,0.92607826,0.051234722,0.017865062,-0.028710067,-0.019926965,0.9654414,0.035559595,0.019961536,-0.03915155,-0.009268105,0.0029002428,0.003702879,-0.0029922724
0.15322798,-0.564704,0.021263957,-0.017772257,0.00028681755,1.0462797,0.03046298,0.002462089,-0.014049888,-0.03826332,0.96693546,-0.06574392,-0.008518517,-0.031095803,0.032823026,0.00052303076,0.0029224753,-0.009559095
0.63961047,-0.6299337,0.0,0.0,0.0,1.0,0.0,0.0,0.0,0.0,0.0,0.0,0.0,0.0,1.0,0.0,0.0,0.0
-0.05141747,-0.3612326,0.10629171,0.015020609,0.016961396,0.8470389,0.020742,0.0007147193,0.04158902,-0.14828324,-0.0409469,-0.013712704,0.005327046,-0.19981128,0.83283216,0.03757912,0.00092178583,-0.018239498
-0.6157169,-0.07558131,0.1853962,0.028773785,0.01348716,0.89151233,0.11683935,0.01882857,0.9745377,-0.048952997,0.03413397,0.04074359,0.0012127161,-0.09856081,-0.0083217025,0.009270191,0.0014112592,0.009160638
-0.24380213,-0.5723729,0.07615155,0.04078293,0.0052911043,0.87497467,0.041963816,0.008761883,0.016405165,-0.012220383,0.9810857,0.028085768,0.009314716,-0.026514292,-0.014108062,-0.0068156123,0.0059619546,0.011152804
0.65352196,-0.66077095,0.0,0.0,0.0,1.0,0.0,0.0,0.0,0.0,0.0,0.0,0.0,0.0,1.0,0.0,0.0,0.0
0.9709358,0.95200396,0.0,0.0,0.0,1.0,0.0,0.0,1.0,0.0,0.0,0.0,0.0,0.0,0.0,0.0,0.0,0.0
2.629881,-0.6552618,0.0,0.0,0.0,0.0,1.0,0.0,1.0,0.0,0.0,0.0,0.0,0.0,0.0,0.0,0.0,0.0
0.63961047,-0.6370596,0.0,0.0,0.0,1.0,0.0,0.0,0.0,0.0,0.0,0.0,0.0,0.0,1.0,0.0,0.0,0.0
2.9996946,1.7584563,0.0,0.0,0.0,1.0,0.0,0.0,1.0,0.0,0.0,0.0,0.0,0.0,0.0,0.0,0.0,0.0
-0.75153846,4.391575,1.0,0.0,0.0,0.0,0.0,0.0,1.0,0.0,0.0,0.0,0.0,0.0,0.0,0.0,0.0,0.0
-0.58239174,-0.703791,0.059779942,-0.045047462,0.0005726814,0.9687274,0.058311522,0.012831688,0.0005658269,0.030658066,0.08776879,0.04874456,0.011818528,0.04413563,0.93472964,-0.0876863,-0.00011879206,0.056168795
-0.46774405,-0.6546437,0.0,0.0,0.0,1.0,0.0,0.0,0.0,0.0,0.0,0.0,0.0,0.0,1.0,0.0,0.0,0.0
0.6794901,0.95200163,0.0,0.0,0.0,1.0,0.0,0.0,1.0,0.0,0.0,0.0,0.0,0.0,0.0,0.0,0.0,0.0
-0.7069281,2.3478947,0.12130791,0.02737379,0.00799346,0.8526353,0.09380162,0.018784106,-0.053106666,-0.01779449,0.042230844,0.07732731,0.0037251115,-0.027222812,0.951305,0.009810984,-0.005251348,0.012571573
-0.73762697,1.5642351,1.0,0.0,0.0,0.0,0.0,0.0,1.0,0.0,0.0,0.0,0.0,0.0,0.0,0.0,0.0,0.0
0.65352196,-0.66573375,0.0,0.0,0.0,1.0,0.0,0.0,0.0,0.0,0.0,0.0,0.0,0.0,1.0,0.0,0.0,0.0
0.65352196,-0.66362846,0.0,0.0,0.0,1.0,0.0,0.0,0.0,0.0,0.0,0.0,0.0,0.0,1.0,0.0,0.0,0.0
-0.6453474,0.9474164,0.0,0.0,0.0,1.0,0.0,0.0,0.0,0.0,0.0,0.0,0.0,1.0,0.0,0.0,0.0,0.0
-0.7139774,0.9518853,0.0,0.0,0.0,1.0,0.0,0.0,0.0,0.0,0.0,0.0,0.0,1.0,0.0,0.0,0.0,0.0
0.07526774,-0.124579094,0.0,0.0,0.0,1.0,0.0,0.0,1.0,0.0,0.0,0.0,0.0,0.0,0.0,0.0,0.0,0.0
0.65352196,-0.6607508,0.0,0.0,0.0,1.0,0.0,0.0,0.0,0.0,0.0,0.0,0.0,0.0,1.0,0.0,0.0,0.0
-0.73762697,1.4173876,1.0,0.0,0.0,0.0,0.0,0.0,1.0,0.0,0.0,0.0,0.0,0.0,0.0,0.0,0.0,0.0
0.08530092,-0.55542284,0.019502878,0.008349419,0.0017107725,1.0003257,0.020671785,0.0052174926,0.021472752,0.017113745,1.008462,0.010774553,0.008905649,0.016396642,0.00889194,-0.013904393,0.00458771,0.010113955
-0.71956533,2.3486083,0.12130791,0.025126696,0.009441316,0.8510557,0.09229559,0.018855989,-0.05302453,-0.014763534,0.04166603,0.074741304,0.004864931,-0.020887077,0.9531191,0.008972406,-0.0051024556,0.014123857
1.3630079,-0.66366124,0.0,1.0,0.0,0.0,0.0,0.0,0.0,1.0,0.0,0.0,0.0,0.0,0.0,0.0,0.0,0.0
-0.46890333,-0.65451646,0.0,0.0,0.0,1.0,0.0,0.0,0.0,0.0,0.0,0.0,0.0,0.0,1.0,0.0,0.0,0.0
0.117907286,-0.57846737,0.021103084,0.008849204,0.0025151372,1.0004404,0.023675382,0.0069683194,0.026968181,0.020050526,0.9916248,0.011156201,0.010185838,0.017772615,0.011691868,-0.015766442,0.004976213,0.011804819
-0.58152914,-0.34646288,0.17676711,0.030141175,0.009610772,0.96376246,0.11913437,0.022699893,1.0343628,-0.045547247,0.03197074,0.03167981,0.0014814138,-0.09573692,-0.0103001,0.009877741,-0.0043665767,0.014650941
-0.73762697,1.4614286,1.0,0.0,0.0,0.0,0.0,0.0,1.0,0.0,0.0,0.0,0.0,0.0,0.0,0.0,0.0,0.0
-0.08863616,-0.53145415,0.10468811,0.026685834,0.0078034997,0.8929021,0.051328838,0.0046904087,0.057279527,-0.052285194,-0.0522424,0.035836875,0.012634873,-0.10751331,0.9139853,0.022420883,-0.0020663738,-0.0070946217
-0.33122763,-0.56895006,0.08470875,0.049651623,0.0073482394,0.92263144,0.02579242,0.0058900714,-0.010288119,-0.022514641,0.97290677,0.050411522,0.0025904179,-0.04188305,-0.05840355,0.026812434,-0.00070750713,-0.0065965652
-0.064563036,-0.37075162,0.1252014,-0.0028707385,0.0080910325,0.8359043,0.06308472,0.0023919344,0.04481852,-0.11731303,-0.054782152,0.003542006,0.0069734454,-0.19002187,0.84143394,0.03741312,0.0068330765,-0.008116305
-0.73762697,1.578023,1.0,0.0,0.0,0.0,0.0,0.0,1.0,0.0,0.0,0.0,0.0,0.0,0.0,0.0,0.0,0.0
-0.59081197,1.7247524,0.10327959,0.017510772,0.013458073,0.700093,0.080448985,0.021229744,-0.051259995,-0.028949678,0.03661561,0.06348348,0.0091897845,-0.05189836,0.8849421,0.008705437,-0.006878972,0.012381613
3.63174,2.6231434,0.0,0.0,0.0,1.0,0.0,0.0,1.0,0.0,0.0,0.0,0.0,0.0,0.0,0.0,0.0,0.0
0.09089905,-0.5855887,0.012544155,0.0012246966,0.0003399253,1.0015631,0.017447472,0.005279124,0.020565689,0.0111989975,1.0819168,0.0071154833,0.008253574,0.012961745,0.010560632,-0.012098849,0.0036172867,0.008248448
-0.7292675,2.1635008,0.031354606,0.01218307,-0.002834797,0.9593778,0.032063127,0.0059807897,-0.02617371,-0.0103600025,0.9987152,0.014409661,0.005633414,-0.01883334,0.005048096,0.0054947734,0.0007198453,-0.0030829906
1.6500484,-0.42911854,0.0,0.0,0.0,0.0,1.0,0.0,1.0,0.0,0.0,0.0,0.0,0.0,0.0,0.0,0.0,0.0
-0.5900624,-0.7041093,0.057334244,-0.044737697,-0.0003771782,0.96351093,0.055058062,0.013442695,0.0031038523,0.029744148,0.08502537,0.044924617,0.011017561,0.041051626,0.9356093,-0.08469814,-0.0015136003,0.053687215
-0.73762697,-0.7064894,0.0,1.0,0.0,0.0,0.0,0.0,0.0,0.0,0.0,0.0,0.0,0.0,0.0,1.0,0.0,0.0
-0.5905758,-0.5899135,0.040356815,-0.037020862,0.00015163422,0.9930795,0.04035163,0.008756757,0.0019058585,0.02609706,0.0678733,0.035152316,0.0078052282,0.038979053,0.9374508,-0.06834704,9.685755e-05,0.042834938
-0.4686715,-0.6545178,0.0,0.0,0.0,1.0,0.0,0.0,0.0,0.0,0.0,0.0,0.0,0.0,1.0,0.0,0.0,0.0
-0.4691352,-0.6545436,0.0,0.0,0.0,1.0,0.0,0.0,0.0,0.0,0.0,0.0,0.0,0.0,1.0,0.0,0.0,0.0
0.65352196,-0.66006535,0.0,0.0,0.0,1.0,0.0,0.0,0.0,0.0,0.0,0.0,0.0,0.0,1.0,0.0,0.0,0.0
0.08920473,-0.39115542,0.033875585,-0.010991514,-0.0013476014,0.9906766,0.020454466,0.0037285686,-0.010726273,-0.04750341,1.0108767,-0.05501491,-0.0033602118,-0.030419827,0.0037679076,-0.0009351373,0.002453506,-0.0034560561
-0.73762697,-0.70654374,0.0,1.0,0.0,0.0,0.0,0.0,0.0,0.0,0.0,0.0,0.0,0.0,0.0,1.0,0.0,0.0
-0.4686715,-0.6547008,0.0,0.0,0.0,1.0,0.0,0.0,0.0,0.0,0.0,0.0,0.0,0.0,1.0,0.0,0.0,0.0
-0.73762697,-0.7065471,0.0,1.0,0.0,0.0,0.0,0.0,0.0,0.0,0.0,0.0,0.0,0.0,0.0,1.0,0.0,0.0
-0.64998454,2.6733966,0.0,0.0,0.0,1.0,0.0,0.0,0.0,0.0,1.0,0.0,0.0,0.0,0.0,0.0,0.0,0.0
-0.6384277,2.7239099,0.13798249,0.024226487,0.009550869,0.838788,0.113300085,0.01743716,-0.05120182,-0.022081673,0.06495702,0.069576204,0.013574481,-0.029666781,0.9048205,0.0046629906,0.00082081556,-0.00927496
-0.73113126,2.4438002,0.31889874,0.0020769835,-0.013543308,0.7782852,0.2407065,0.03661561,-0.11073941,-0.10242349,0.0895915,0.08571851,0.010586262,0.98452395,-0.0053369403,0.01775378,9.518862e-05,0.025326908
-0.5944334,-0.70397925,0.05209726,-0.042458057,-0.00013077259,0.9729889,0.051979184,0.011637092,0.00089269876,0.029329956,0.08216214,0.04425031,0.010447681,0.04183376,0.9383407,-0.08204538,0.00038951635,0.05151707
-0.27968076,-0.58310026,-0.0011730194,0.018777251,0.00029712915,0.906609,-0.021973848,-0.0014297366,0.015871227,0.021962225,1.0391891,0.059078217,0.0071001053,0.020570815,-0.04301089,-0.001554668,-0.0025780797,0.009937644
0.65352196,-0.6617678,0.0,0.0,0.0,1.0,0.0,0.0,0.0,0.0,0.0,0.0,0.0,0.0,1.0,0.0,0.0,0.0
0.08545321,-0.56394064,0.0156008005,0.006294012,0.0034683943,0.9932421,0.014616728,0.002277255,0.015684664,0.012124896,1.0701113,0.013191104,0.009769917,0.01803279,0.0041923523,-0.008386731,0.004763961,0.0073003173
-0.44378904,-0.6519395,0.10025549,-0.09220624,-0.01790917,0.87432605,0.112478554,0.02880454,-0.0031411648,-0.0036049485,0.10386664,0.054106474,0.045547605,-0.050777376,0.67884535,-0.12315416,0.005522132,0.09476519
-0.49092987,0.30377853,0.0,0.0,0.0,1.0,0.0,0.0,0.0,0.0,0.0,0.0,0.0,1.0,0.0,0.0,0.0,0.0
0.65352196,-0.66247517,0.0,0.0,0.0,1.0,0.0,0.0,0.0,0.0,0.0,0.0,0.0,0.0,1.0,0.0,0.0,0.0
0.63961047,-0.62728214,0.0,0.0,0.0,1.0,0.0,0.0,0.0,0.0,0.0,0.0,0.0,0.0,1.0,0.0,0.0,0.0
-0.7237155,0.6683139,1.0,0.0,0.0,0.0,0.0,0.0,1.0,0.0,0.0,0.0,0.0,0.0,0.0,0.0,0.0,0.0
0.65352196,-0.65929306,0.0,0.0,0.0,1.0,0.0,0.0,0.0,0.0,0.0,0.0,0.0,0.0,1.0,0.0,0.0,0.0
0.63961047,-0.6582539,0.0,0.0,0.0,1.0,0.0,0.0,0.0,0.0,0.0,0.0,0.0,0.0,1.0,0.0,0.0,0.0
0.65352196,-0.6611432,0.0,0.0,0.0,1.0,0.0,0.0,0.0,0.0,0.0,0.0,0.0,0.0,1.0,0.0,0.0,0.0
0.65352196,-0.6631416,0.0,0.0,0.0,1.0,0.0,0.0,0.0,0.0,0.0,0.0,0.0,0.0,1.0,0.0,0.0,0.0
-0.6695297,-0.028408885,0.20048422,0.03213334,0.01279062,0.80425113,0.11920112,0.019116104,0.9230456,-0.056312203,0.031031132,0.039379537,0.00079345703,-0.108909845,-0.012321353,0.01342386,0.0059363246,0.009011745
-0.6402465,1.5803814,1.0,0.0,0.0,0.0,0.0,0.0,0.0,0.0,0.0,1.0,0.0,0.0,0.0,0.0,0.0,0.0
-0.32752237,-0.5934339,0.08003825,0.049278498,0.00649935,0.8972834,0.018489718,0.0043669343,-0.00909698,-0.024113178,0.97546023,0.052620947,0.0032151341,-0.04188305,-0.059059024,0.02420938,-0.000103354454,-0.0043905377
-0.68965966,2.24687,0.028999686,0.010793388,-0.0020834804,0.9165712,0.028178155,0.0046766996,-0.021102726,-0.010358334,0.9988025,0.012337089,0.0042026043,-0.015294075,0.00261271,0.005414307,0.0005812049,-0.00049871206
-0.57250476,-0.335727,0.14868069,0.03179443,-0.0011644363,0.8236726,0.0953334,0.020081341,0.8914165,-0.050662696,0.018910706,0.016831338,0.004743457,-0.103566766,-0.00060993433,0.02589339,-0.00087863207,0.014731407
0.65352196,-0.66614383,0.0,0.0,0.0,1.0,0.0,0.0,0.0,0.0,0.0,0.0,0.0,0.0,1.0,0.0,0.0,0.0
-0.5904252,-0.44432643,0.04654193,-0.011917412,0.005417764,0.95114917,0.030341446,0.0067800283,-0.003086388,0.01143688,0.040322542,0.026971638,0.007661462,0.013795257,0.94443184,-0.027152658,-0.005064845,0.022574902
-0.21965583,0.6117686,0.0,0.0,0.0,1.0,0.0,0.0,1.0,0.0,0.0,0.0,0.0,0.0,0.0,0.0,0.0,0.0
-0.4691352,-0.6544779,0.0,0.0,0.0,1.0,0.0,0.0,0.0,0.0,0.0,0.0,0.0,0.0,1.0,0.0,0.0,0.0
1.3908309,-0.6689255,0.0,0.0,0.0,0.0,1.0,0.0,0.0,0.0,0.0,1.0,0.0,0.0,0.0,0.0,0.0,0.0
0.07007426,-0.5737712,0.009340346,0.004188955,0.00090640783,0.9930983,0.010030091,0.0027290583,0.010908067,0.008720815,0.95503753,0.004873514,0.004129052,0.0077127814,0.005000174,-0.006752312,0.0021780133,0.0050189495
-0.73762697,0.9914481,1.0,0.0,0.0,0.0,0.0,0.0,1.0,0.0,0.0,0.0,0.0,0.0,0.0,0.0,0.0,0.0
0.65352196,-0.6639983,0.0,0.0,0.0,1.0,0.0,0.0,0.0,0.0,0.0,0.0,0.0,0.0,1.0,0.0,0.0,0.0
-0.6034886,-0.7054442,0.051455498,-0.042146623,-0.00083243847,0.9659651,0.05216056,0.0113889575,0.0022156239,0.028104603,0.08193451,0.046721637,0.010668457,0.043355227,0.94690996,-0.08232778,0.000813961,0.051674545
-0.59091294,-0.58229077,0.044720948,-0.033154666,0.0008430481,0.9695814,0.041458964,0.008874834,0.000985086,0.023442626,0.064625025,0.03605765,0.008445263,0.03442663,0.9327478,-0.06320244,-0.0011336207,0.04033965
0.65352196,-0.660653,0.0,0.0,0.0,1.0,0.0,0.0,0.0,0.0,0.0,0.0,0.0,0.0,1.0,0.0,0.0,0.0
-0.73762697,-0.70644,0.0,1.0,0.0,0.0,0.0,0.0,0.0,0.0,0.0,0.0,0.0,0.0,0.0,1.0,0.0,0.0
-0.6254823,-0.4208677,0.039246082,-0.007902384,0.0045363307,0.9616181,0.025859177,0.0052671432,-0.0034595132,0.007824004,0.03120917,0.022971988,0.0065147877,0.009472132,0.96702796,-0.019499123,-0.004094422,0.017041862
-0.71933603,2.3486152,0.12128049,0.02512157,0.009439647,0.8510744,0.09227502,0.018852532,-0.05301422,-0.014760137,0.041657507,0.0747242,0.004863262,-0.02088368,0.9531259,0.008970678,-0.0051007867,0.014118731
-0.4679759,-0.65466136,0.0,0.0,0.0,1.0,0.0,0.0,0.0,0.0,0.0,0.0,0.0,0.0,1.0,0.0,0.0,0.0
0.20139858,0.7605218,0.0,0.0,0.0,1.0,0.0,0.0,0.0,0.0,0.0,0.0,0.0,0.0,1.0,0.0,0.0,0.0
-0.21965583,0.5929245,0.0,0.0,0.0,1.0,0.0,0.0,1.0,0.0,0.0,0.0,0.0,0.0,0.0,0.0,0.0,0.0
3.2793155,1.2413442,0.0,0.0,0.0,1.0,0.0,0.0,1.0,0.0,0.0,0.0,0.0,0.0,0.0,0.0,0.0,0.0
-0.6402465,1.5778861,1.0,0.0,0.0,0.0,0.0,0.0,0.0,0.0,0.0,1.0,0.0,0.0,0.0,0.0,0.0,0.0
1.5508131,0.19437282,0.0,0.0,0.0,1.0,0.0,0.0,1.0,0.0,0.0,0.0,0.0,0.0,0.0,0.0,0.0,0.0
0.6794901,0.95081675,0.0,0.0,0.0,1.0,0.0,0.0,1.0,0.0,0.0,0.0,0.0,0.0,0.0,0.0,0.0,0.0
-0.73762697,2.1958158,1.0,0.0,0.0,0.0,0.0,0.0,1.0,0.0,0.0,0.0,0.0,0.0,0.0,0.0,0.0,0.0
0.10077214,2.6694357,0.0,0.0,0.0,1.0,0.0,0.0,1.0,0.0,0.0,0.0,0.0,0.0,0.0,0.0,0.0,0.0
0.9737181,1.2067914,0.0,0.0,0.0,1.0,0.0,0.0,1.0,0.0,0.0,0.0,0.0,0.0,0.0,0.0,0.0,0.0
0.65352196,-0.6647189,0.0,0.0,0.0,1.0,0.0,0.0,0.0,0.0,0.0,0.0,0.0,0.0,1.0,0.0,0.0,0.0
0.08454102,-0.5969561,0.012884736,0.0032630563,0.0006941557,0.991558,0.014404535,0.0045534372,0.018325448,0.011287987,0.8563251,0.0058250427,0.007620394,0.012261808,0.007758975,-0.010004044,0.004399419,0.007895887
-0.63049173,0.0829494,0.19139647,0.03103286,0.010565758,0.7787165,0.12509531,0.018936396,0.8980809,-0.045119345,0.037573993,0.046461523,0.0020119548,-0.114961505,0.0034307837,0.01023376,-0.00065100193,0.0056470633
-0.59202003,-0.71207786,0.0,0.0,0.0,1.0,0.0,0.0,0.0,0.0,1.0,0.0,0.0,0.0,0.0,0.0,0.0,0.0
-0.7177358,2.3345711,0.1177156,0.025932789,0.00837338,0.8582248,0.09214157,0.017914653,-0.05298859,-0.015757918,0.041217625,0.07355875,0.0039852858,-0.02480799,0.95813185,0.0081115365,-0.005268514,0.012569845
2.5649607,-0.59165347,0.0,0.0,0.0,0.0,1.0,0.0,1.0,0.0,0.0,0.0,0.0,0.0,0.0,0.0,0.0,0.0
0.63961047,-0.6605601,0.0,0.0,0.0,1.0,0.0,0.0,0.0,0.0,0.0,0.0,0.0,0.0,1.0,0.0,0.0,0.0
0.08326256,-0.57303184,0.05142641,-0.0041354895,-0.00040459633,1.0211539,0.043875515,0.008089304,0.004247129,-0.02789712,0.9237713,-0.041942954,0.0005144477,-0.022002935,0.025670946,-0.016800165,0.0075176954,0.004087925
1.3908309,-0.67317533,0.0,0.0,0.0,0.0,1.0,0.0,0.0,0.0,0.0,1.0,0.0,0.0,0.0,0.0,0.0,0.0
-0.73762697,1.8901424,1.0,0.0,0.0,0.0,0.0,0.0,1.0,0.0,0.0,0.0,0.0,0.0,0.0,0.0,0.0,0.0
1.3630079,-0.6753892,0.0,1.0,0.0,0.0,0.0,0.0,0.0,1.0,0.0,0.0,0.0,0.0,0.0,0.0,0.0,0.0
0.13520479,-0.5909626,0.003921926,-0.015025437,0.0029515624,1.0607772,0.027093112,0.00021839142,-0.01355356,-0.031128347,0.9335367,-0.054876268,-0.0053164363,-0.035044134,0.035925865,0.0025082827,0.0047006607,-0.008492827
-0.570475,-0.33461627,0.14133686,0.030332863,-0.0011096597,0.83866304,0.09077579,0.019167423,0.90181524,-0.048513174,0.018072128,0.016059458,0.004519224,-0.099353194,-0.00056886673,0.024705648,-0.00083070993,0.014065623
-0.46890333,-0.6546099,0.0,0.0,0.0,1.0,0.0,0.0,0.0,0.0,0.0,0.0,0.0,0.0,1.0,0.0,0.0,0.0
0.07518631,-0.59053814,0.010420263,0.0012965798,0.00016021729,1.011498,0.014472961,0.0042728186,0.016988814,0.009042561,0.8994158,0.0054673553,0.0068091154,0.010302186,0.008698583,-0.009935558,0.0034838319,0.0070367455
-0.5683705,-0.50851804,0.0,0.0,0.0,1.0,0.0,0.0,0.0,0.0,1.0,0.0,0.0,0.0,0.0,0.0,0.0,0.0
0.52182657,-0.67440015,0.0,0.0,0.0,0.0,1.0,0.0,1.0,0.0,0.0,0.0,0.0,0.0,0.0,0.0,0.0,0.0
-0.65924907,0.03351444,0.19578123,0.048862636,0.02367711,0.78548354,0.158198,0.025022268,0.861278,-0.057056665,0.045266926,0.07021117,0.0044644475,-0.14984578,-0.0050049424,0.019828081,0.0016799569,0.011180162
-0.6281899,0.8151746,0.0,0.0,0.0,1.0,0.0,0.0,0.0,0.0,0.0,0.0,0.0,1.0,0.0,0.0,0.0,0.0
-0.73762786,-0.7120983,0.038292766,-0.022702932,0.00065135956,0.9882224,0.02807206,0.0051456094,-0.0020818114,0.012239516,0.047512293,0.031445324,0.006757796,0.013179123,0.98648363,-0.045103967,0.00020301342,0.02605772
-0.6010618,-0.2383033,0.13703603,0.024228156,0.0045158267,0.86374086,0.08759594,0.01847434,0.94406897,-0.045280218,0.020170331,0.023625731,0.0010022521,-0.09025687,-0.0020287037,0.01327157,0.0009953976,0.009982169
0.086690605,0.64342886,0.046925306,-0.032396495,-0.0023556352,0.8630015,0.046155155,0.0042214394,0.7221927,-0.05920112,0.03622365,-0.059524536,-0.0014502406,-0.10748422,0.040100098,-0.010368586,0.010444224,0.0040468574
-0.59076065,-0.70547336,0.057849407,-0.04480791,-0.00035321712,0.9631104,0.055444837,0.013528228,0.0030970573,0.029802322,0.085386515,0.045220673,0.011113405,0.041125238,0.93511647,-0.084881246,-0.0015717745,0.053914845
-0.58842796,-0.70582247,0.05532676,-0.044308126,-0.0005055666,0.9667507,0.053587914,0.01287961,0.0028300285,0.029107511,0.08302301,0.043760836,0.010500729,0.04089421,0.9375774,-0.08418298,-0.00067156553,0.053026557
0.12527502,-0.58607984,0.03193134,0.013184249,0.0024654865,0.99996454,0.03747475,0.0108498335,0.039468527,0.03151375,0.9785511,0.019275248,0.016227186,0.02776742,0.01871562,-0.02678299,0.0075604916,0.018043041
0.65352196,-0.6643061,0.0,0.0,0.0,1.0,0.0,0.0,0.0,0.0,0.0,0.0,0.0,0.0,1.0,0.0,0.0,0.0
-0.5931053,-0.71169955,0.05554241,-0.04334289,0.0008019805,0.94779307,0.054395735,0.012229264,0.0008738637,0.030091584,0.08358437,0.04541582,0.011065483,0.04176873,0.95040125,-0.08302432,-0.00027620792,0.05280924
-0.28546372,-0.5625664,-0.0014861822,0.019648373,0.00026971102,0.9015654,-0.023082852,-0.0015033484,0.016685843,0.023161948,1.042937,0.0617823,0.007456064,0.021686673,-0.044939637,-0.0015717745,-0.00267905,0.010380924
-0.59315157,-0.31568092,0.054950237,0.004243672,0.005833626,0.9580309,0.033695877,0.0056761503,-0.0027903318,-0.0013167858,0.0247553,0.027206063,0.009413958,-0.0012910962,0.96407574,-0.0007725358,-0.007953763,0.011785984
0.124604106,-0.583766,0.020849824,-0.016011178,-0.00022315979,1.002239,0.029174268,0.0030097365,-0.009512842,-0.034065187,0.99111646,-0.060618162,-0.007041514,-0.026132643,0.029420674,-0.0012688637,0.0030303001,-0.007496774
-0.32978845,-0.7115133,0.0,0.0,0.0,0.0,1.0,0.0,1.0,0.0,0.0,0.0,0.0,0.0,0.0,0.0,0.0,0.0
1.3908309,-0.6769144,0.0,0.0,0.0,0.0,1.0,0.0,0.0,0.0,0.0,1.0,0.0,0.0,0.0,0.0,0.0,0.0
0.09730327,-0.5752978,0.016415477,0.005878091,0.00334692,0.991327,0.015831828,0.0023542643,0.018135428,0.012552738,1.0752509,0.009713471,0.008654058,0.01710689,0.0072695017,-0.009492338,0.0036190152,0.0075365305
-0.4691352,-0.6545745,0.0,0.0,0.0,1.0,0.0,0.0,0.0,0.0,0.0,0.0,0.0,0.0,1.0,0.0,0.0,0.0
-0.7125878,-0.7120983,0.037508965,-0.022709787,0.0011014938,0.9831137,0.02862829,0.0051679015,-0.0022392273,0.012506545,0.047637284,0.029027045,0.0060150623,0.016898096,0.96525663,-0.04512453,-0.00010508299,0.025587082
-0.2829171,-0.5722908,-0.0069165826,0.017543316,0.00013113022,0.92012244,-0.025614083,-0.0013236403,0.01765281,0.027471364,1.0636301,0.06186956,0.0077127814,0.02761513,-0.044309855,-0.0028707385,-0.0026226044,0.010899484
-0.73762697,-0.70646644,0.0,1.0,0.0,0.0,0.0,0.0,0.0,0.0,0.0,0.0,0.0,0.0,0.0,1.0,0.0,0.0
0.63961047,-0.6272424,0.0,0.0,0.0,1.0,0.0,0.0,0.0,0.0,0.0,0.0,0.0,0.0,1.0,0.0,0.0,0.0
-0.5907196,1.361881,0.115085125,0.023148239,0.014454126,0.7336988,0.09098631,0.016964853,-0.05764538,-0.018850505,0.043404877,0.072511315,0.006319642,-0.060580492,0.88736385,0.0062769055,-0.0056313276,0.013122618
-0.7263033,1.0231426,0.2813378,0.043483615,0.022768319,0.8954453,0.20316094,0.028667629,0.89009875,-0.051016986,0.06333798,0.1156944,0.019023716,-0.11582923,0.013980091,-0.010383964,0.016054332,0.021789372
-0.4691352,-0.6537338,0.0,0.0,0.0,1.0,0.0,0.0,0.0,0.0,0.0,0.0,0.0,0.0,1.0,0.0,0.0,0.0
-0.7179395,2.3175611,0.11673492,0.02418369,0.00863868,0.8555773,0.0900262,0.017469704,-0.05278319,-0.014890194,0.042271912,0.0726859,0.0040931106,-0.024118304,0.9553029,0.00694263,-0.0048166513,0.0126725435
-0.5949742,-0.36630017,0.054132164,0.003896296,0.005872965,0.95934874,0.033314228,0.005924344,-0.0035108328,-0.00027281046,0.025366306,0.02703321,0.009550869,-0.00074517727,0.9668105,-0.002333343,-0.007784307,0.012812853
-0.66691023,-0.71173316,0.0,0.0,0.0,1.0,0.0,0.0,0.0,0.0,1.0,0.0,0.0,0.0,0.0,0.0,0.0,0.0
-0.5914846,0.18760055,0.05980903,0.0072506666,0.0048666596,0.942414,0.0326519,0.005617976,-0.01298368,-0.002829671,0.027491868,0.028523922,0.008445263,-0.020240188,0.951714,-0.0029477477,-0.003976345,0.013179123
-0.593119,-0.7116551,0.05570501,-0.043363452,0.0008174181,0.9471889,0.054525793,0.012237847,0.00087046623,0.030100107,0.083704114,0.04550308,0.011096299,0.041801274,0.95068544,-0.08307737,-0.00029331446,0.052875996
1.3908309,-0.6689529,0.0,0.0,0.0,0.0,1.0,0.0,0.0,0.0,0.0,1.0,0.0,0.0,0.0,0.0,0.0,0.0
1.3908309,-0.6783603,0.0,0.0,0.0,0.0,1.0,0.0,0.0,0.0,0.0,1.0,0.0,0.0,0.0,0.0,0.0,0.0
-0.61093855,-0.12751323,0.1744721,0.027420044,0.011976004,0.8609323,0.109933674,0.017466307,0.95984846,-0.041323423,0.030214787,0.0375278,0.0016577244,-0.08695382,-0.0062251687,0.010286808,2.670288e-05,0.007892489
-0.5805656,-0.52628386,0.04880786,-0.027455568,0.0017261505,0.96340996,0.037988186,0.009455025,0.0033023953,0.023851633,0.059156954,0.03293425,0.009934247,0.032595396,0.94019943,-0.052042127,-0.0039969087,0.038862705
0.18725523,0.036947075,0.0,0.0,0.0,1.0,0.0,0.0,0.0,0.0,1.0,0.0,0.0,0.0,0.0,0.0,0.0,0.0
-0.09004712,-0.7110994,0.0,0.0,0.0,0.0,1.0,0.0,1.0,0.0,0.0,0.0,0.0,0.0,0.0,0.0,0.0,0.0
-0.73762697,1.5055016,1.0,0.0,0.0,0.0,0.0,0.0,1.0,0.0,0.0,0.0,0.0,0.0,0.0,0.0,0.0,0.0
-0.28375912,-0.5863229,-0.0069987774,0.017553568,0.00013625622,0.92029196,-0.02564317,-0.0013356209,0.01762718,0.027546644,1.0634248,0.06193465,0.007716179,0.027630508,-0.044231117,-0.002851963,-0.002629459,0.010887504
-0.7125878,-0.71209145,0.037508965,-0.022709787,0.0011014938,0.9831137,0.02862829,0.0051679015,-0.0022392273,0.012506545,0.047637284,0.029028773,0.0060150623,0.016898096,0.96525663,-0.04512453,-0.00010508299,0.025587082
-0.22962573,-0.71076447,0.0,0.0,0.0,0.0,1.0,0.0,1.0,0.0,0.0,0.0,0.0,0.0,0.0,0.0,0.0,0.0
-0.5993025,-0.34424484,0.13998145,0.022530437,0.005843878,0.87476414,0.09142959,0.017514229,0.9444626,-0.039305627,0.023249209,0.02364117,0.002409041,-0.08179724,-0.0069645047,0.009756267,-0.0023624897,0.011241794
-0.66691023,-0.71199125,0.0,0.0,0.0,1.0,0.0,0.0,0.0,0.0,1.0,0.0,0.0,0.0,0.0,0.0,0.0,0.0
0.06854386,2.6511185,0.0,0.0,0.0,1.0,0.0,0.0,1.0,0.0,0.0,0.0,0.0,0.0,0.0,0.0,0.0,0.0
1.4047424,-0.6780067,0.0,0.0,0.0,0.0,1.0,0.0,0.0,0.0,0.0,1.0,0.0,0.0,0.0,0.0,0.0,0.0
0.21591115,0.07075536,0.01881659,-0.013546705,0.0010929108,0.99811286,-0.007356465,0.0063641667,-0.010738254,-0.03797239,0.009429336,-0.025292337,-0.002100587,-0.016036868,0.988717,-0.0038223267,-0.0040174127,-0.000854671
1.4047424,-0.67798007,0.0,0.0,0.0,0.0,1.0,0.0,0.0,0.0,0.0,1.0,0.0,0.0,0.0,0.0,0.0,0.0
0.08556962,-0.58666,0.0117637515,0.0010330081,0.0002782941,1.0011215,0.016477048,0.0049933195,0.01938653,0.010481894,1.0833135,0.0067184567,0.0077897906,0.012237847,0.010016382,-0.011467338,0.0033845305,0.0077932477
1.3630079,-0.6748662,0.0,1.0,0.0,0.0,0.0,0.0,0.0,1.0,0.0,0.0,0.0,0.0,0.0,0.0,0.0,0.0
0.9737181,1.9449806,0.0,0.0,0.0,1.0,0.0,0.0,1.0,0.0,0.0,0.0,0.0,0.0,0.0,0.0,0.0,0.0
0.13793623,0.56571585,0.07003659,-0.042927027,-0.0044744015,1.2043002,0.0712226,0.008440137,1.4167926,-0.0875836,0.048090816,-0.089327574,-0.00082045794,-0.14729744,0.057031333,-0.015061319,0.015469015,0.008541107
-0.5902079,2.389568,0.14893395,0.031380296,0.011553228,0.7941075,0.120717466,0.018934667,-0.058730423,-0.030835688,0.06628168,0.08070743,0.016047478,-0.041802585,0.85952383,0.012556136,4.4703484e-06,-0.005359173
0.1083985,0.5456167,0.06541568,-0.03912759,-0.006136179,0.99253863,0.04938978,0.009345472,0.9582363,-0.09152162,0.040397882,-0.10390389,-0.0045907497,-0.13244218,0.021062016,-0.011104524,0.0077932477,0.00822109
-0.25837615,-0.7111087,0.0,0.0,0.0,0.0,1.0,0.0,1.0,0.0,0.0,0.0,0.0,0.0,0.0,0.0,0.0,0.0
-0.7459738,-0.71229726,0.0,0.0,0.0,0.0,1.0,0.0,1.0,0.0,0.0,0.0,0.0,0.0,0.0,0.0,0.0,0.0
-0.72533846,1.8065984,0.0,0.0,0.0,1.0,0.0,0.0,1.0,0.0,0.0,0.0,0.0,0.0,0.0,0.0,0.0,0.0
0.65352196,-0.6619561,0.0,0.0,0.0,1.0,0.0,0.0,0.0,0.0,0.0,0.0,0.0,0.0,1.0,0.0,0.0,0.0
-0.64826846,-0.59765947,0.09945452,0.01504457,0.00025773048,0.84025985,0.06401402,0.01223439,-0.04291159,-0.037725925,0.021712363,0.020201147,0.008316934,0.78742427,-0.002896428,0.007887363,-0.0050442815,0.010961115
-0.6054123,0.7668219,0.09624559,0.019076765,0.012919009,0.9071258,0.068244696,0.006317973,-0.030400991,-0.010425031,0.023776352,0.05873251,0.008366525,-0.025571287,0.93693393,0.005371511,-0.0062422752,0.019003153
-0.58611065,-0.7044721,0.05840051,-0.04516214,-5.888939e-05,0.9981008,0.056814015,0.012939513,0.002453506,0.029605508,0.08627474,0.04615003,0.01131022,0.042872608,0.9220838,-0.08654648,-0.00035321712,0.055360973
-0.6402465,1.5813771,1.0,0.0,0.0,0.0,0.0,0.0,0.0,0.0,0.0,1.0,0.0,0.0,0.0,0.0,0.0,0.0
1.3212734,-0.6623238,0.0,1.0,0.0,0.0,0.0,0.0,0.0,1.0,0.0,0.0,0.0,0.0,0.0,0.0,0.0,0.0
-0.4972664,-0.54317236,0.09464878,-0.046716154,-0.0018952489,0.82169586,0.0835073,0.01523459,0.0061759353,0.0072301626,0.084462285,0.041231334,0.018929541,-0.027383745,0.83673435,-0.06297654,-0.012735486,0.054005504
-0.59081197,1.7390122,0.10325736,0.017507374,0.013456404,0.70015115,0.08043188,0.021228015,-0.05125314,-0.02894628,0.036610425,0.063471496,0.0091897845,-0.051894963,0.88496095,0.00870198,-0.0068772435,0.012379885
-0.6039028,-0.41489822,0.04224962,-0.02837807,0.0046492815,0.96470374,0.02829969,0.008698583,-0.00033438206,0.018946648,0.05469352,0.027495325,0.0048820376,0.022894979,0.9198162,-0.049652994,-0.0036460161,0.031643867
-0.62216157,-0.124795556,0.0,0.0,0.0,1.0,0.0,0.0,0.0,0.0,1.0,0.0,0.0,0.0,0.0,0.0,0.0,0.0
-0.75153846,2.9154882,1.0,0.0,0.0,0.0,0.0,0.0,1.0,0.0,0.0,0.0,0.0,0.0,0.0,0.0,0.0,0.0
-0.59800005,-0.69731146,0.058982372,-0.043154657,0.00026118755,0.99253863,0.05718881,0.012415826,0.00028514862,0.0292598,0.08556962,0.049836457,0.01162684,0.042874336,0.92779833,-0.08424634,6.0915947e-05,0.0549742
-0.72838265,2.659351,0.112666845,0.026752532,0.0006582141,0.8562122,0.09897876,0.012547612,-0.04851997,-0.016493797,0.040118873,0.062458336,0.007598102,-0.025229037,0.9356641,0.013850033,-0.0012825727,0.0019828677
0.12005001,0.5277304,0.06845522,-0.03793472,-0.005799055,0.9939198,0.062210143,0.00960052,0.9865828,-0.087859154,0.041938186,-0.092743635,-0.0018353462,-0.13896102,0.038292766,-0.011164427,0.01191777,0.007822335
-0.46843964,-0.65463495,0.0,0.0,0.0,1.0,0.0,0.0,0.0,0.0,0.0,0.0,0.0,0.0,1.0,0.0,0.0,0.0
-0.61661196,-0.31038913,0.03923577,0.0025134087,0.0040228963,0.95816785,0.023935497,0.0042060614,-0.001573503,-0.0008752346,0.018063545,0.019318044,0.006422341,-0.00058597326,0.9647723,-0.00090771914,-0.005383134,0.008657515
0.65352196,-0.66118187,0.0,0.0,0.0,1.0,0.0,0.0,0.0,0.0,0.0,0.0,0.0,0.0,1.0,0.0,0.0,0.0
-0.5948527,0.3665213,0.07485598,0.012159109,0.006655097,0.9442777,0.040606678,0.0036156178,-0.012410343,-0.0032951832,0.03345287,0.034609795,0.009973586,-0.021479249,0.96019584,-0.0013783574,-0.0063997507,0.016261399
56.67486,-0.61408156,0.0,0.0,0.0,1.0,0.0,0.0,0.0,0.0,1.0,0.0,0.0,0.0,0.0,0.0,0.0,0.0
0.10930383,-0.5890663,0.014390826,0.0058165193,0.0015002489,1.0033464,0.015068531,0.003964722,0.017534733,0.013560772,0.97247034,0.0074577928,0.006494224,0.012734175,0.0073996186,-0.010132372,0.0034803748,0.008002043
0.63961047,-0.65824187,0.0,0.0,0.0,1.0,0.0,0.0,0.0,0.0,0.0,0.0,0.0,0.0,1.0,0.0,0.0,0.0
0.39198598,2.1140447,0.0,0.0,0.0,1.0,0.0,0.0,1.0,0.0,0.0,0.0,0.0,0.0,0.0,0.0,0.0,0.0
0.15757738,2.6814253,0.0,0.0,0.0,1.0,0.0,0.0,1.0,0.0,0.0,0.0,0.0,0.0,0.0,0.0,0.0,0.0
-0.68198097,-0.31495565,1.0,0.0,0.0,0.0,0.0,0.0,0.0,0.0,0.0,1.0,0.0,0.0,0.0,0.0,0.0,0.0
0.65352196,-0.66204256,0.0,0.0,0.0,1.0,0.0,0.0,0.0,0.0,0.0,0.0,0.0,0.0,1.0,0.0,0.0,0.0
2.7001338,0.60841966,0.0,0.0,0.0,1.0,0.0,0.0,1.0,0.0,0.0,0.0,0.0,0.0,0.0,0.0,0.0,0.0
0.0786742,-0.55864036,0.018345952,0.00767684,0.0014625788,0.9949843,0.017972887,0.0055426955,0.020096779,0.013483763,1.0480099,0.0068467855,0.007411599,0.013600111,0.006843388,-0.01332593,0.0038397908,0.0090152025
1.8376216,0.09120335,0.0,0.0,0.0,1.0,0.0,0.0,1.0,0.0,0.0,0.0,0.0,0.0,0.0,0.0,0.0,0.0
1.8424906,2.1135917,0.0,0.0,0.0,1.0,0.0,0.0,1.0,0.0,0.0,0.0,0.0,0.0,0.0,0.0,0.0,0.0
-0.6218301,-0.1485588,0.2199108,0.036939025,0.017974555,0.91366357,0.14446366,0.023889303,0.92173976,-0.051730633,0.03887129,0.05238819,0.004635632,-0.10880202,-0.009461522,0.010178983,-0.00084102154,0.013894498
-0.73762697,-0.70646846,0.0,1.0,0.0,0.0,0.0,0.0,0.0,0.0,0.0,0.0,0.0,0.0,0.0,1.0,0.0,0.0
0.06960702,-0.5619006,0.009412229,0.0042728186,0.00085502863,0.9924069,0.009893179,0.0027530193,0.011043251,0.008736253,0.9536993,0.0047656894,0.004067421,0.007870257,0.0049026012,-0.0065845847,0.0021283627,0.004769087
-0.68198097,-0.31232902,1.0,0.0,0.0,0.0,0.0,0.0,0.0,0.0,0.0,1.0,0.0,0.0,0.0,0.0,0.0,0.0
-0.5931053,-0.7117047,0.055538952,-0.04334289,0.0008019805,0.94779986,0.054392338,0.012229264,0.0008738637,0.030091584,0.08358264,0.04541409,0.011065483,0.04176873,0.95040125,-0.08302432,-0.00027620792,0.05280751
0.11641663,0.50237364,0.013262987,-0.019475162,0.0070162416,0.93778116,0.00242275,0.024609804,-0.020811796,-0.06302273,-0.00026595592,-0.0037795305,0.004991591,-0.05725348,0.9660472,-0.00022655725,-0.011662424,0.00611943
1.071794,0.031820487,0.0,0.0,0.0,0.0,1.0,0.0,1.0,0.0,0.0,0.0,0.0,0.0,0.0,0.0,0.0,0.0
0.0742861,-0.55870026,0.05685681,0.012212157,0.00071811676,1.020086,0.036396503,0.009307861,0.036619008,0.011515617,0.98264486,0.010998726,0.015547752,0.017724693,-0.005410552,-0.028898358,0.0100951195,0.015700102
2.9996946,1.7582785,0.0,0.0,0.0,1.0,0.0,0.0,1.0,0.0,0.0,0.0,0.0,0.0,0.0,0.0,0.0,0.0
-0.07344198,-0.44447875,0.091501474,0.012811184,0.0063949823,0.8547335,0.049393177,0.0015550256,0.055893242,-0.09176636,-0.050450504,0.016552389,0.011299968,-0.15012819,0.8466093,0.020334661,0.0033948421,-0.008900166
-0.73762697,-0.7064282,0.0,1.0,0.0,0.0,0.0,0.0,0.0,0.0,0.0,0.0,0.0,0.0,0.0,1.0,0.0,0.0
-0.66691023,-0.7117413,0.0,0.0,0.0,1.0,0.0,0.0,0.0,0.0,1.0,0.0,0.0,0.0,0.0,0.0,0.0,0.0
-0.27786663,-0.5815788,-0.003913045,0.017822266,0.00021153688,0.9140554,-0.023307085,-0.0013509989,0.016422331,0.024175107,1.050873,0.059257925,0.007257521,0.023548722,-0.042827725,-0.002157092,-0.0025489926,0.010209799
-0.60545164,0.76549727,0.09640473,0.019004881,0.012843668,0.9066176,0.068333685,0.006222129,-0.029772878,-0.010341167,0.023933828,0.058775306,0.008289516,-0.025092125,0.93910927,0.00538522,-0.006228626,0.019075036
-0.7258022,1.8676859,0.0,0.0,0.0,1.0,0.0,0.0,1.0,0.0,0.0,0.0,0.0,0.0,0.0,0.0,0.0,0.0
-0.5706891,-0.7045004,0.0,0.0,0.0,1.0,0.0,0.0,0.0,0.0,1.0,0.0,0.0,0.0,0.0,0.0,0.0,0.0
-0.6015262,1.04275,0.0,0.0,0.0,1.0,0.0,0.0,1.0,0.0,0.0,0.0,0.0,0.0,0.0,0.0,0.0,0.0
-0.73762697,1.7019515,1.0,0.0,0.0,0.0,0.0,0.0,1.0,0.0,0.0,0.0,0.0,0.0,0.0,0.0,0.0,0.0
0.063055634,0.6194002,0.04117483,-0.029885828,-0.002891302,0.8662737,0.041595876,0.004704058,0.73027927,-0.05279517,0.032448232,-0.052933812,-0.0005055666,-0.09693664,0.03524816,-0.010089636,0.009769917,0.00468868
-0.59314984,-0.7112255,0.055966854,-0.043409646,0.00082939863,0.94691855,0.054726064,0.012280643,0.00086534023,0.03013438,0.08389068,0.045660555,0.011145949,0.04184234,0.95050734,-0.08319378,-0.0003207326,0.0529958
-0.73762697,2.1538026,1.0,0.0,0.0,0.0,0.0,0.0,1.0,0.0,0.0,0.0,0.0,0.0,0.0,0.0,0.0,0.0
-0.59020615,2.3873603,0.14887404,0.031368315,0.01154983,0.79423064,0.120669544,0.018927872,-0.058711648,-0.030825436,0.066257715,0.080676615,0.016042352,-0.041790605,0.8596129,0.01255101,4.4703484e-06,-0.0053557754
-0.593119,-0.7116687,0.055696428,-0.043363452,0.0008174181,0.9471957,0.054518938,0.012236118,0.00087046623,0.030100107,0.08369732,0.045497954,0.01109457,0.041799545,0.95069057,-0.083072245,-0.00029331446,0.05287254
-0.73762697,1.3292565,1.0,0.0,0.0,0.0,0.0,0.0,1.0,0.0,0.0,0.0,0.0,0.0,0.0,0.0,0.0,0.0
-0.7485243,-0.71229726,0.0,0.0,0.0,0.0,1.0,0.0,1.0,0.0,0.0,0.0,0.0,0.0,0.0,0.0,0.0,0.0
-0.46959892,-0.65446544,0.0,0.0,0.0,1.0,0.0,0.0,0.0,0.0,0.0,0.0,0.0,0.0,1.0,0.0,0.0,0.0
-0.72533846,2.2767885,0.0,0.0,0.0,1.0,0.0,0.0,1.0,0.0,0.0,0.0,0.0,0.0,0.0,0.0,0.0,0.0
-0.46936706,-0.65459883,0.0,0.0,0.0,1.0,0.0,0.0,0.0,0.0,0.0,0.0,0.0,0.0,1.0,0.0,0.0,0.0
-0.58919126,2.4898534,0.164123,0.030461252,0.01674062,0.80309254,0.13261026,0.020240545,-0.0652014,-0.028369486,0.073569,0.08565861,0.016471922,-0.036255836,0.8751835,0.008154333,-0.0019311905,-0.0020321608
-0.7237155,1.005897,1.0,0.0,0.0,0.0,0.0,0.0,1.0,0.0,0.0,0.0,0.0,0.0,0.0,0.0,0.0,0.0
-0.56697935,0.13676319,0.0,0.0,0.0,1.0,0.0,0.0,0.0,0.0,1.0,0.0,0.0,0.0,0.0,0.0,0.0,0.0
-0.5901702,0.87621385,0.06381035,0.007596433,0.012207031,0.790777,0.042887986,0.003964722,-0.024575233,-0.006608546,0.039827943,0.039482236,0.0002731681,-0.03621131,0.8498216,-0.009757578,-0.00065785646,0.009117901
-0.06933451,-0.45761576,0.11383748,0.015989304,0.0157035,0.9782019,0.053716302,-0.0094153285,0.059045732,-0.11685437,-0.039564013,0.019682586,0.009136677,-0.18843192,0.8535029,0.020738542,-0.009194553,-0.012016714
-0.6374642,-0.66888845,0.0,0.0,0.0,0.0,1.0,0.0,0.0,0.0,0.0,1.0,0.0,0.0,0.0,0.0,0.0,0.0
0.6794901,0.95208174,0.0,0.0,0.0,1.0,0.0,0.0,1.0,0.0,0.0,0.0,0.0,0.0,0.0,0.0,0.0,0.0
0.65352196,-0.6605768,0.0,0.0,0.0,1.0,0.0,0.0,0.0,0.0,0.0,0.0,0.0,0.0,1.0,0.0,0.0,0.0
1.9407984,-0.3137314,0.0,0.0,0.0,0.0,1.0,0.0,1.0,0.0,0.0,0.0,0.0,0.0,0.0,0.0,0.0,0.0
-0.73762697,-0.7064685,0.0,1.0,0.0,0.0,0.0,0.0,0.0,0.0,0.0,0.0,0.0,0.0,0.0,1.0,0.0,0.0
0.63961047,-0.62986845,0.0,0.0,0.0,1.0,0.0,0.0,0.0,0.0,0.0,0.0,0.0,0.0,1.0,0.0,0.0,0.0
-0.73762697,-0.7064297,0.0,1.0,0.0,0.0,0.0,0.0,0.0,0.0,0.0,0.0,0.0,0.0,0.0,1.0,0.0,0.0
0.49284428,-0.5411632,0.0,0.0,0.0,0.0,1.0,0.0,1.0,0.0,0.0,0.0,0.0,0.0,0.0,0.0,0.0,0.0
-0.5891895,2.4869542,0.16406137,0.030451,0.016735494,0.8031747,0.13255888,0.02023369,-0.06518084,-0.028359234,0.07354331,0.085627794,0.016465068,-0.036243856,0.87524337,0.008150935,-0.001929462,-0.0020304322
-0.73762697,1.4761275,1.0,0.0,0.0,0.0,0.0,0.0,1.0,0.0,0.0,0.0,0.0,0.0,0.0,0.0,0.0,0.0
-0.6915542,0.9635623,0.18079072,0.046790063,0.025251627,0.5027228,0.20880866,0.036887705,0.88891953,-0.050091088,0.089665115,0.13629669,0.022467136,-0.12410402,0.0067886114,-0.018337071,0.010509253,0.03902185
-0.46820778,-0.6545236,0.0,0.0,0.0,1.0,0.0,0.0,0.0,0.0,0.0,0.0,0.0,0.0,1.0,0.0,0.0,0.0
-0.4679759,-0.65463024,0.0,0.0,0.0,1.0,0.0,0.0,0.0,0.0,0.0,0.0,0.0,0.0,1.0,0.0,0.0,0.0
-0.66691023,-0.71198004,0.0,0.0,0.0,1.0,0.0,0.0,0.0,0.0,1.0,0.0,0.0,0.0,0.0,0.0,0.0,0.0
1.3351849,-0.66374093,0.0,1.0,0.0,0.0,0.0,0.0,0.0,1.0,0.0,0.0,0.0,0.0,0.0,0.0,0.0,0.0
0.63961047,-0.62950075,0.0,0.0,0.0,1.0,0.0,0.0,0.0,0.0,0.0,0.0,0.0,0.0,1.0,0.0,0.0,0.0
-0.73762786,-0.712112,0.038292766,-0.022702932,0.00065135956,0.9882224,0.02807206,0.0051456094,-0.0020818114,0.012239516,0.047510624,0.031445324,0.0067560673,0.013177395,0.98648185,-0.04510224,0.00020301342,0.02605772
0.65352196,-0.66191596,0.0,0.0,0.0,1.0,0.0,0.0,0.0,0.0,0.0,0.0,0.0,0.0,1.0,0.0,0.0,0.0
-0.46890333,-0.65469044,0.0,0.0,0.0,1.0,0.0,0.0,0.0,0.0,0.0,0.0,0.0,0.0,1.0,0.0,0.0,0.0
-0.46890333,-0.6544682,0.0,0.0,0.0,1.0,0.0,0.0,0.0,0.0,0.0,0.0,0.0,0.0,1.0,0.0,0.0,0.0
-0.30566728,-0.55838877,-0.007895529,0.019958138,0.00014990568,0.9096468,-0.029045522,-0.0015153289,0.020065963,0.031327248,1.0723944,0.07069379,0.008767009,0.031459033,-0.050096214,-0.0032592416,-0.0029854178,0.012385011
-0.4679759,-0.6545334,0.0,0.0,0.0,1.0,0.0,0.0,0.0,0.0,0.0,0.0,0.0,0.0,1.0,0.0,0.0,0.0
-0.58919126,2.489323,0.16411102,0.030459523,0.01674062,0.8031079,0.13260001,0.020238817,-0.065198004,-0.028367817,0.073563874,0.085653484,0.016470194,-0.036254108,0.87519544,0.008154333,-0.0019311905,-0.0020321608
3.8517733,0.044318713,0.0,0.0,0.0,1.0,0.0,0.0,1.0,0.0,0.0,0.0,0.0,0.0,0.0,0.0,0.0,0.0
1.2595992,0.7799769,0.0,0.0,0.0,1.0,0.0,0.0,1.0,0.0,0.0,0.0,0.0,0.0,0.0,0.0,0.0,0.0
-0.5933826,-0.28362906,0.05736679,0.0042402744,0.0061023235,0.96490055,0.035318315,0.0058746934,-0.002848506,-0.00079649687,0.026283622,0.028469145,0.0099205375,-0.000664711,0.9605741,-0.0014913678,-0.008424401,0.012515068
0.07849622,-0.55784625,0.027365267,0.012338817,0.002662301,1.0090592,0.02916056,0.007861674,0.03023535,0.024649203,0.967004,0.016004682,0.012812853,0.023199618,0.0123233795,-0.02105993,0.0064154863,0.014556825
-0.58599174,4.6330576,0.0,0.0,0.0,1.0,0.0,0.0,0.0,0.0,0.0,0.0,0.0,0.0,1.0,0.0,0.0,0.0
0.11361325,-0.5966121,0.018217623,0.0060869455,0.0017895103,1.0147412,0.019179404,0.005896926,0.024637222,0.016382933,1.1546805,0.008381963,0.009923935,0.016050935,0.0101104975,-0.012993932,0.0055906177,0.009703159
-0.73762697,-0.70640945,0.0,1.0,0.0,0.0,0.0,0.0,0.0,0.0,0.0,0.0,0.0,0.0,0.0,1.0,0.0,0.0
-0.5901702,0.87895554,0.06381893,0.007596433,0.01220876,0.7907564,0.042891443,0.003964722,-0.024576962,-0.006608546,0.039834797,0.03948909,0.0002731681,-0.03621304,0.8497892,-0.009759307,-0.00065785646,0.00911957
0.09775162,-0.57641876,0.025347471,-0.0046455264,3.3557415e-05,0.9987238,0.029487431,0.0046664476,0.0059140325,-0.013339639,0.99839693,-0.037464082,-0.00085639954,-0.009740472,0.022900105,-0.0069696307,0.003740549,0.0009663105
-0.61175317,0.35905772,0.23504335,0.025744498,0.010973096,0.7131273,0.15711123,0.02314657,0.8731503,-0.047921002,0.04081887,0.059964776,0.005039513,-0.13301891,0.013918459,0.004909456,0.00670135,0.011406064
0.12647647,0.57651323,0.039937496,-0.04436463,-0.0037093759,0.6827218,0.056558967,0.00909394,0.50530714,-0.08191192,0.03926146,-0.09835029,-0.0024309158,-0.12808144,0.0384776,-0.011766851,0.012528777,0.005730927
1.3769194,-0.6757662,0.0,1.0,0.0,0.0,0.0,0.0,0.0,1.0,0.0,0.0,0.0,0.0,0.0,0.0,0.0,0.0
0.20371716,0.84460753,0.0,0.0,0.0,1.0,0.0,0.0,1.0,0.0,0.0,0.0,0.0,0.0,0.0,0.0,0.0,0.0
-0.56697935,-0.42482224,0.0,0.0,0.0,1.0,0.0,0.0,0.0,0.0,1.0,0.0,0.0,0.0,0.0,0.0,0.0,0.0
-0.62054825,-0.044296145,0.17568034,0.042684376,0.017510772,0.9525201,0.12578672,0.030550241,0.9787856,-0.07358062,0.04229927,0.046252728,0.0035676956,-0.15018469,-0.00985688,0.015876353,-0.004029393,0.011708975
-0.5828692,-0.7052851,0.05893445,-0.04500127,0.0005144477,0.96885747,0.057741582,0.012675941,0.0005607009,0.03061527,0.087311864,0.048265338,0.011642277,0.044014156,0.93541247,-0.087451816,-2.3841858e-06,0.055804253
-0.5836308,2.7230868,0.110640466,0.011705577,0.0046253204,0.7971863,0.078930914,0.010439098,-0.032451272,-0.034616232,0.05079657,0.040341377,0.012987435,-0.02009809,0.88465804,0.0076990724,-0.0047550797,-0.0049022436
-0.46820778,-0.65452105,0.0,0.0,0.0,1.0,0.0,0.0,0.0,0.0,0.0,0.0,0.0,0.0,1.0,0.0,0.0,0.0
-0.6402465,1.5800663,1.0,0.0,0.0,0.0,0.0,0.0,0.0,0.0,0.0,1.0,0.0,0.0,0.0,0.0,0.0,0.0
0.104325294,-0.57720774,0.02618438,-0.0043579936,2.8431416e-05,0.9989069,0.030317485,0.0048529506,0.0066807866,-0.012851894,0.9946335,-0.03737855,-0.00063735247,-0.00927496,0.023268044,-0.0073838234,0.0038654804,0.0013136864
-0.050464213,-0.5331142,0.077880085,0.018311739,-0.0077038407,0.9304032,0.02243632,0.010617077,0.045296013,-0.10505229,-0.049955904,0.018758416,0.00024747849,-0.15532583,0.88458616,0.035674274,-0.0029922724,-0.032850027
2.9996946,1.7584034,0.0,0.0,0.0,1.0,0.0,0.0,1.0,0.0,0.0,0.0,0.0,0.0,0.0,0.0,0.0,0.0
-0.6402465,1.5795015,1.0,0.0,0.0,0.0,0.0,0.0,0.0,0.0,0.0,1.0,0.0,0.0,0.0,0.0,0.0,0.0
0.68180865,1.7624764,0.0,0.0,0.0,1.0,0.0,0.0,1.0,0.0,0.0,0.0,0.0,0.0,0.0,0.0,0.0,0.0
-0.28546202,-0.55086017,-0.006437421,0.017731547,-0.000305295,0.9102338,-0.019418657,0.0005247593,0.019964993,0.02952677,1.0433564,0.060544908,0.005517006,0.026180923,-0.041925848,-0.00042170286,-0.003036797,0.008250177
0.11873561,0.5631915,0.06326443,-0.032066226,-0.0061567426,0.9948816,0.047151208,0.00842303,0.98393863,-0.08507979,0.033721566,-0.10680306,-0.005251348,-0.09342474,0.0059996247,-0.006714642,0.007507384,0.0071908236
-0.73762697,-0.70643824,0.0,1.0,0.0,0.0,0.0,0.0,0.0,0.0,0.0,0.0,0.0,0.0,0.0,1.0,0.0,0.0
-0.6043683,-0.1412133,0.18277597,0.030081332,0.012130022,0.9063608,0.11636871,0.020916522,0.9759839,-0.052945793,0.03598064,0.03871894,0.002631545,-0.1075955,-0.0015923381,0.012369633,-4.8577785e-05,0.0117432475
-0.46936706,-0.6546125,0.0,0.0,0.0,1.0,0.0,0.0,0.0,0.0,0.0,0.0,0.0,0.0,1.0,0.0,0.0,0.0
-0.5928503,1.7211072,0.11525965,0.024849415,0.013086677,0.71144325,0.08585882,0.02137518,-0.049553692,-0.02989608,0.038410902,0.07040113,0.006066382,-0.048840046,0.8932939,0.014825523,-0.0075446963,0.012248099
-0.67425835,0.19560492,0.18395,0.028962016,0.012083828,0.7637722,0.119529724,0.017695606,0.89045805,-0.041066706,0.031091034,0.04336548,0.0019674897,-0.09800798,0.004678428,0.010808766,-0.0014742017,0.005871296
0.11607478,2.6533945,0.0,0.0,0.0,1.0,0.0,0.0,1.0,0.0,0.0,0.0,0.0,0.0,0.0,0.0,0.0,0.0
-0.5876147,-0.70609903,0.0,0.0,0.0,1.0,0.0,0.0,0.0,0.0,1.0,0.0,0.0,0.0,0.0,0.0,0.0,0.0
-0.592852,1.7192554,0.11528361,0.02485454,0.013088405,0.71138674,0.08587593,0.021380365,-0.049562275,-0.029901266,0.038419425,0.07041651,0.0060681105,-0.04884857,0.89326996,0.01482898,-0.007546425,0.012249827
1.3490964,-0.6650618,0.0,1.0,0.0,0.0,0.0,0.0,0.0,1.0,0.0,0.0,0.0,0.0,0.0,0.0,0.0,0.0
-0.55219674,-0.30701074,0.09463167,0.009013474,0.006679058,0.9599237,0.05481845,0.010267973,0.0021266341,-0.008153975,0.034833968,0.038561463,0.015970469,-0.013918102,0.9395456,0.006138265,-0.016651273,0.015857518
1.2602948,0.2969823,0.0,0.0,0.0,1.0,0.0,0.0,1.0,0.0,0.0,0.0,0.0,0.0,0.0,0.0,0.0,0.0
0.08351588,-0.56418884,0.010932028,0.004748583,0.0012161732,0.99578863,0.0119229555,0.003333211,0.013663471,0.010466516,1.0232077,0.006138265,0.005503297,0.009668946,0.0059859157,-0.008073509,0.002424419,0.0058695674
-0.66694367,0.16339219,0.19204682,0.033646226,0.012029052,0.7445733,0.13009274,0.017165065,0.89194196,-0.048805833,0.034989715,0.051638603,0.0028574467,-0.120011985,0.002604127,0.013167143,0.002414167,0.0077795386
0.63961047,-0.6299143,0.0,0.0,0.0,1.0,0.0,0.0,0.0,0.0,0.0,0.0,0.0,0.0,1.0,0.0,0.0,0.0
-0.4276326,-0.70059526,0.0,0.0,0.0,1.0,0.0,0.0,0.0,0.0,0.0,0.0,0.0,0.0,1.0,0.0,0.0,0.0
1.3769194,-0.6742646,0.0,1.0,0.0,0.0,0.0,0.0,0.0,1.0,0.0,0.0,0.0,0.0,0.0,0.0,0.0,0.0
-0.2990474,-0.55280775,-0.0075789094,0.019294083,0.00014138222,0.9123817,-0.028097391,-0.0014554262,0.019425869,0.030230224,1.070137,0.068246424,0.008477807,0.030403078,-0.048578203,-0.0031651258,-0.002882719,0.011989653
-0.46820778,-0.65455174,0.0,0.0,0.0,1.0,0.0,0.0,0.0,0.0,0.0,0.0,0.0,0.0,1.0,0.0,0.0,0.0
0.9690809,1.2444307,0.0,0.0,0.0,1.0,0.0,0.0,1.0,0.0,0.0,0.0,0.0,0.0,0.0,0.0,0.0,0.0
0.067616425,2.695147,0.0,0.0,0.0,1.0,0.0,0.0,1.0,0.0,0.0,0.0,0.0,0.0,0.0,0.0,0.0,0.0
0.08650917,-0.5786556,0.011110008,0.004844427,0.0010809302,0.99723655,0.0115584135,0.0033931136,0.013901353,0.01019609,1.025554,0.006158769,0.004864931,0.009728849,0.0061553717,-0.007840812,0.0019983053,0.00649935
-0.4686715,-0.65464634,0.0,0.0,0.0,1.0,0.0,0.0,0.0,0.0,0.0,0.0,0.0,0.0,1.0,0.0,0.0,0.0
-0.5843687,-0.70395917,0.0,0.0,0.0,1.0,0.0,0.0,0.0,0.0,1.0,0.0,0.0,0.0,0.0,0.0,0.0,0.0
-0.5743988,-0.7043463,0.0,0.0,0.0,1.0,0.0,0.0,0.0,0.0,1.0,0.0,0.0,0.0,0.0,0.0,0.0,0.0
-0.7237155,1.0501851,1.0,0.0,0.0,0.0,0.0,0.0,1.0,0.0,0.0,0.0,0.0,0.0,0.0,0.0,0.0,0.0
-0.707154,2.347862,0.121338725,0.027380645,0.007995188,0.85261303,0.09382391,0.018789232,-0.053116918,-0.017797947,0.042241096,0.077346146,0.0037251115,-0.027227998,0.95129806,0.009812713,-0.0052530766,0.012574971
-0.73762697,2.1958032,1.0,0.0,0.0,0.0,0.0,0.0,1.0,0.0,0.0,0.0,0.0,0.0,0.0,0.0,0.0,0.0
-0.59073496,-0.5876527,0.043360353,-0.033368647,0.0005247593,0.971618,0.04108244,0.008794427,0.001329124,0.023021638,0.0634253,0.035215616,0.008358002,0.03426063,0.9360115,-0.06301421,-0.00078624487,0.040207922
-0.13827361,0.56178176,0.0,0.0,0.0,1.0,0.0,0.0,1.0,0.0,0.0,0.0,0.0,0.0,0.0,0.0,0.0,0.0
-0.66691023,-0.7119848,0.0,0.0,0.0,1.0,0.0,0.0,0.0,0.0,1.0,0.0,0.0,0.0,0.0,0.0,0.0,0.0
-0.46959892,-0.6546709,0.0,0.0,0.0,1.0,0.0,0.0,0.0,0.0,0.0,0.0,0.0,0.0,1.0,0.0,0.0,0.0
1.9108888,0.32654032,0.0,0.0,0.0,1.0,0.0,0.0,0.0,0.0,1.0,0.0,0.0,0.0,0.0,0.0,0.0,0.0
0.07549095,-0.5417108,0.014002323,0.00643605,0.0023097396,0.9952119,0.013139784,0.002662301,0.014349759,0.011419773,1.0211523,0.010466516,0.007907867,0.013721645,0.0036309958,-0.007887006,0.0045534372,0.006317973
-0.59310704,-0.7116893,0.055547535,-0.043344617,0.0008019805,0.9477828,0.054399133,0.012230992,0.0008738637,0.030091584,0.083589494,0.045419216,0.011067212,0.04177046,0.9503979,-0.08302778,-0.00027793646,0.052810967
-0.28466618,-0.58532,-0.007036388,0.01765114,0.00013625622,0.9198641,-0.02578181,-0.0013424158,0.017726421,0.027700663,1.0637808,0.06228888,0.007758975,0.027786255,-0.04446733,-0.002867341,-0.002644837,0.010949135
2.2540388,0.03401367,0.0,0.0,0.0,0.0,1.0,0.0,1.0,0.0,0.0,0.0,0.0,0.0,0.0,0.0,0.0,0.0
-0.2942417,-0.5756794,0.013437569,0.026028633,0.00056922436,0.8559863,-0.015437841,-0.0021348596,0.014683485,0.011414647,0.97249764,0.06049186,0.006742418,0.005648792,-0.04624039,0.002773583,-0.0029905438,0.008371711
-0.70444304,2.5529132,0.3369339,0.015455365,-0.01317364,0.5255261,0.24956828,0.024330854,0.8012647,-0.08786601,0.10585874,0.11049843,0.0015601516,-0.07307404,0.00057947636,0.009301007,-0.0011148453,0.018532515
1.8348392,0.094364345,0.0,0.0,0.0,1.0,0.0,0.0,1.0,0.0,0.0,0.0,0.0,0.0,0.0,0.0,0.0,0.0
0.12925923,-0.58052284,0.004173517,-0.014744759,0.0028848052,1.0584035,0.026672125,0.00025606155,-0.013156533,-0.030881882,0.93549293,-0.054032564,-0.005203426,-0.034525573,0.034681678,0.0023782253,0.004669845,-0.008248091
-0.6402465,1.5775086,1.0,0.0,0.0,0.0,0.0,0.0,0.0,0.0,0.0,1.0,0.0,0.0,0.0,0.0,0.0,0.0
-0.6849344,2.7472079,0.25415152,0.023363888,-0.028042614,0.593116,0.21316087,0.01853764,0.74920267,-0.078401744,0.07920647,0.09307599,0.020252526,-0.13296759,-0.0062901974,0.010983348,-0.00060141087,0.026420534
-0.73762697,-0.7065466,0.0,1.0,0.0,0.0,0.0,0.0,0.0,0.0,0.0,0.0,0.0,0.0,0.0,1.0,0.0,0.0
2.9934344,1.758203,0.0,0.0,0.0,1.0,0.0,0.0,1.0,0.0,0.0,0.0,0.0,0.0,0.0,0.0,0.0,0.0
-0.29094547,-0.5554605,-0.009706259,0.017365277,-0.0003412366,0.91687757,-0.0214262,0.00061029196,0.021200657,0.03308487,1.055049,0.06305051,0.0058147907,0.030331194,-0.042927027,-0.0011575818,-0.0030778646,0.009037435
1.3908309,-0.67320096,0.0,0.0,0.0,0.0,1.0,0.0,0.0,0.0,0.0,1.0,0.0,0.0,0.0,0.0,0.0,0.0
0.49307615,-0.4263507,0.0,0.0,0.0,0.0,1.0,0.0,1.0,0.0,0.0,0.0,0.0,0.0,0.0,0.0,0.0,0.0
0.0322634,0.5962462,0.04633826,-0.025670588,-0.0034389496,0.7455471,0.046495736,0.00601846,0.5598319,-0.053625226,0.031111598,-0.0550012,-0.0024001002,-0.08302605,0.024724483,-0.009998918,0.007202804,0.004806757
-0.7237155,1.432061,1.0,0.0,0.0,0.0,0.0,0.0,1.0,0.0,0.0,0.0,0.0,0.0,0.0,0.0,0.0,0.0
-0.65355337,2.6709273,0.12527502,0.022458553,0.0075279474,0.8478604,0.10268229,0.015573442,-0.051739216,-0.021356046,0.05619961,0.06423992,0.012696505,-0.033330977,0.9056522,0.0057668686,0.0021780133,-0.008634865
-0.6384277,2.724124,0.13798761,0.024226487,0.009550869,0.8387812,0.11330521,0.01743716,-0.05120355,-0.022083402,0.06496048,0.06957793,0.013574481,-0.02966851,0.9048154,0.0046629906,0.00082081556,-0.00927496
0.14959627,0.6176786,0.07287073,-0.03182149,-0.006233752,0.99787146,0.04699546,0.009275317,0.98386854,-0.08635992,0.03290862,-0.104010046,-0.008725584,-0.06914455,-0.005954802,-0.0060300827,0.002607584,0.0058147907
0.10124129,-0.5828829,0.017810285,0.0053339005,0.0008893013,0.9914245,0.021808207,0.006124556,0.024029672,0.016511321,1.0504332,0.009874344,0.009318113,0.016052604,0.011551559,-0.01512295,0.004493594,0.010606825
-0.73762697,2.0929883,1.0,0.0,0.0,0.0,0.0,0.0,1.0,0.0,0.0,0.0,0.0,0.0,0.0,0.0,0.0,0.0
-0.560232,-0.043781042,0.22071862,0.03559041,0.016578019,0.9128694,0.15087986,0.023228705,0.95886606,-0.06273693,0.045759797,0.05491942,0.0028779507,-0.12769979,-0.009689152,0.009684384,-0.0007571578,0.014560282
1.3490964,-0.6635171,0.0,1.0,0.0,0.0,0.0,0.0,0.0,1.0,0.0,0.0,0.0,0.0,0.0,0.0,0.0,0.0
1.5535953,0.61983806,0.0,0.0,0.0,1.0,0.0,0.0,1.0,0.0,0.0,0.0,0.0,0.0,0.0,0.0,0.0,0.0
1.2579762,0.19448768,0.0,0.0,0.0,1.0,0.0,0.0,1.0,0.0,0.0,0.0,0.0,0.0,0.0,0.0,0.0,0.0
-0.73762697,-0.7064664,0.0,1.0,0.0,0.0,0.0,0.0,0.0,0.0,0.0,0.0,0.0,0.0,0.0,1.0,0.0,0.0
0.07341288,2.644495,0.0,0.0,0.0,1.0,0.0,0.0,1.0,0.0,0.0,0.0,0.0,0.0,0.0,0.0,0.0,0.0
1.8424906,2.1124234,0.0,0.0,0.0,1.0,0.0,0.0,1.0,0.0,0.0,0.0,0.0,0.0,0.0,0.0,0.0,0.0
-0.7264419,2.6788101,0.26801258,0.0025699139,-0.0032626987,0.63993233,0.20207757,0.01985544,0.8872252,-0.0804469,0.10682398,0.10451186,0.0012486577,-0.05660826,0.0038021207,0.004310429,-0.0066975355,0.030341446
-0.60366833,0.60001653,0.0864048,0.015303016,0.0083014965,0.87119585,0.05088216,0.0045072436,-0.017631948,-0.008934379,0.028219283,0.043777943,0.0084812045,-0.024027586,0.9977723,-1.9490719e-05,-0.006023228,0.015660703
0.029591685,2.6523325,0.0,0.0,0.0,1.0,0.0,0.0,1.0,0.0,0.0,0.0,0.0,0.0,0.0,0.0,0.0,0.0
-0.5994395,-0.7060613,0.0,0.0,0.0,1.0,0.0,0.0,0.0,0.0,1.0,0.0,0.0,0.0,0.0,0.0,0.0,0.0
-0.73762697,-0.7065347,0.0,1.0,0.0,0.0,0.0,0.0,0.0,0.0,0.0,0.0,0.0,0.0,0.0,1.0,0.0,0.0
-0.7237155,0.8711898,1.0,0.0,0.0,0.0,0.0,0.0,1.0,0.0,0.0,0.0,0.0,0.0,0.0,0.0,0.0,0.0
-0.73762697,1.4908179,1.0,0.0,0.0,0.0,0.0,0.0,1.0,0.0,0.0,0.0,0.0,0.0,0.0,0.0,0.0,0.0
1.3630079,-0.6552934,0.0,1.0,0.0,0.0,0.0,0.0,0.0,1.0,0.0,0.0,0.0,0.0,0.0,0.0,0.0,0.0
1.8424906,2.1139162,0.0,0.0,0.0,1.0,0.0,0.0,1.0,0.0,0.0,0.0,0.0,0.0,0.0,0.0,0.0,0.0
0.15062487,0.5351803,0.07736498,-0.040353,-0.008682787,0.99182326,0.06750196,0.011428297,0.9813681,-0.093960464,0.04647863,-0.10164994,-0.0041577816,-0.14005125,0.03381908,-0.010548294,0.010750592,0.008034527
-0.7348446,-0.71226877,0.0,0.0,0.0,0.0,1.0,0.0,1.0,0.0,0.0,0.0,0.0,0.0,0.0,0.0,0.0,0.0
-0.5902079,2.3890016,0.14891857,0.03137684,0.011551559,0.7941399,0.120705485,0.018932998,-0.058725297,-0.03083229,0.06627655,0.08069885,0.016047478,-0.041799188,0.8595461,0.012554467,4.4703484e-06,-0.005359173
-0.4691352,-0.654674,0.0,0.0,0.0,1.0,0.0,0.0,0.0,0.0,0.0,0.0,0.0,0.0,1.0,0.0,0.0,0.0
-0.73762697,-0.706546,0.0,1.0,0.0,0.0,0.0,0.0,0.0,0.0,0.0,0.0,0.0,0.0,0.0,1.0,0.0,0.0
1.4047424,-0.6744898,0.0,0.0,0.0,0.0,1.0,0.0,0.0,0.0,0.0,1.0,0.0,0.0,0.0,0.0,0.0,0.0
0.11642516,0.50276047,0.013262987,-0.01947689,0.0070162416,0.9377726,0.0024210215,0.024613261,-0.020815194,-0.06302786,-0.00026595592,-0.0037795305,0.004991591,-0.057258606,0.96604043,-0.00022655725,-0.011664152,0.0061211586
-0.24246895,-0.5723866,0.07574254,0.04031229,0.005318463,0.87462217,0.04157877,0.008346021,0.017657936,-0.012720108,0.9845633,0.027390897,0.009071648,-0.025797188,-0.01349026,-0.007171631,0.0058661103,0.011520743
0.65352196,-0.66006035,0.0,0.0,0.0,1.0,0.0,0.0,0.0,0.0,0.0,0.0,0.0,0.0,1.0,0.0,0.0,0.0
-0.47568172,-0.07305521,0.02852559,0.024135768,-0.01564151,0.8976205,-0.0022512078,0.011262298,0.06612253,-0.041932642,0.011888683,0.078157365,0.025498092,-0.038836658,0.37926644,-0.031672597,-0.03161609,0.014986396
-0.42018828,1.2556057,0.24725103,0.027912915,0.0016559958,0.4461307,0.08089912,0.033586323,-0.022134721,-0.059045374,0.14567196,0.13751525,0.0013017058,-0.10937369,0.45814663,0.014394224,-0.002668798,0.021419704
-0.56767493,-0.69806343,0.0,0.0,0.0,1.0,0.0,0.0,0.0,0.0,1.0,0.0,0.0,0.0,0.0,0.0,0.0,0.0
-0.65057206,0.09818292,0.15906054,0.028505087,0.010317624,0.7204574,0.10663229,0.015094221,0.80586165,-0.031852305,0.031012356,0.044657648,0.004894018,-0.0912649,0.0044884086,0.010500729,-0.00068694353,0.0054605007
0.12329662,-0.57243454,0.0043600798,-0.0144521,0.0028197765,1.0562162,0.026211739,0.00028681755,-0.012778282,-0.030549884,0.93736523,-0.053118646,-0.005090475,-0.033957362,0.03351617,0.002261877,0.0046236515,-0.008013666
0.88213414,-0.67329854,0.0,0.0,0.0,0.0,1.0,0.0,1.0,0.0,0.0,0.0,0.0,0.0,0.0,0.0,0.0,0.0
0.16186047,0.074120104,0.104465604,-0.010105014,-0.014311731,0.8314733,0.051433206,0.07292378,0.046170533,-0.118935466,-0.06060618,0.01765281,0.037077665,-0.19834799,0.9693777,-0.015816092,0.004534662,0.029494286
-0.5861141,-0.25085157,0.22784334,0.038347542,0.0104596615,0.8992652,0.14935154,0.027423441,1.0501456,-0.058371067,0.03973043,0.044334173,0.0035796762,-0.121482134,-0.0114245415,0.013338268,-0.00046616793,0.017877042
1.3908309,-0.675336,0.0,0.0,0.0,0.0,1.0,0.0,0.0,0.0,0.0,1.0,0.0,0.0,0.0,0.0,0.0,0.0
-0.73762697,-0.7064679,0.0,1.0,0.0,0.0,0.0,0.0,0.0,0.0,0.0,0.0,0.0,0.0,0.0,1.0,0.0,0.0
-0.4675122,-0.6545162,0.0,0.0,0.0,1.0,0.0,0.0,0.0,0.0,0.0,0.0,0.0,0.0,1.0,0.0,0.0,0.0
-0.7254681,3.5525396,0.13862425,-0.0058401227,0.00091153383,0.7853654,0.10168797,0.010042071,0.8950191,-0.038978696,0.05313438,0.044168174,0.002243042,-0.014772117,0.0078034997,-0.001359582,-0.0043237805,0.011515617
-0.5869099,-0.7054049,0.05967897,-0.045434296,-0.00014615059,0.99775344,0.057318866,0.013454676,0.0023200512,0.03000772,0.08721942,0.047433615,0.01147455,0.042915404,0.9215978,-0.08723277,-0.00058430433,0.05564511
1.3490964,-0.64602596,0.0,1.0,0.0,0.0,0.0,0.0,0.0,1.0,0.0,0.0,0.0,0.0,0.0,0.0,0.0,0.0
-0.55872595,-0.70574546,0.074905634,-0.0495075,-0.005088806,0.8693133,0.07245487,0.016324759,0.0065113306,0.028611183,0.09492433,0.054496706,0.015178084,0.037132442,0.9022482,-0.09079087,-0.003548503,0.06428957
1.3351849,-0.6600944,0.0,1.0,0.0,0.0,0.0,0.0,0.0,1.0,0.0,0.0,0.0,0.0,0.0,0.0,0.0,0.0
-0.5931053,-0.7117047,0.055538952,-0.04334289,0.0008019805,0.94779986,0.054392338,0.012229264,0.0008738637,0.030091584,0.08358264,0.04541409,0.011065483,0.04176873,0.95040125,-0.08302432,-0.00027620792,0.05280751
0.026345672,2.6347866,0.0,0.0,0.0,1.0,0.0,0.0,1.0,0.0,0.0,0.0,0.0,0.0,0.0,0.0,0.0,0.0
-0.5938749,0.27479088,0.0,0.0,0.0,1.0,0.0,0.0,0.0,0.0,0.0,0.0,0.0,1.0,0.0,0.0,0.0,0.0
-0.29176697,-0.5545209,-0.009750724,0.017447472,-0.00034296513,0.91648906,-0.021527171,0.000613749,0.021303356,0.033244073,1.0553212,0.06336194,0.005843878,0.030478358,-0.04312724,-0.0011627674,-0.003091514,0.009080231
-0.5811227,-0.64499277,0.0,0.0,0.0,1.0,0.0,0.0,0.0,0.0,1.0,0.0,0.0,0.0,0.0,0.0,0.0,0.0
-0.5931053,-0.7116944,0.05554408,-0.043344617,0.0008019805,0.94779307,0.054397464,0.012230992,0.0008738637,0.030091584,0.083587766,0.045417488,0.011067212,0.04177046,0.9503996,-0.08302605,-0.00027793646,0.05280924
-0.29149312,-0.5774747,-0.0073256493,0.018392146,0.00014138222,0.9166158,-0.02683264,-0.0014006495,0.018469155,0.028873026,1.0664985,0.064980984,0.008082449,0.028962016,-0.046259165,-0.0029905438,-0.0027543902,0.011406064
-0.73762697,4.455844,1.0,0.0,0.0,0.0,0.0,0.0,1.0,0.0,0.0,0.0,0.0,0.0,0.0,0.0,0.0,0.0
0.68180865,1.7583556,0.0,0.0,0.0,1.0,0.0,0.0,1.0,0.0,0.0,0.0,0.0,0.0,0.0,0.0,0.0,0.0
0.63961047,-0.6582403,0.0,0.0,0.0,1.0,0.0,0.0,0.0,0.0,0.0,0.0,0.0,0.0,1.0,0.0,0.0,0.0
-0.593119,-0.7116516,0.05570841,-0.04336512,0.0008174181,0.9471838,0.05452752,0.012237847,0.00087046623,0.030100107,0.08370584,0.04550481,0.01109457,0.041801274,0.9506871,-0.08307737,-0.00029331446,0.052877665
-0.593042,-0.27089766,0.05820024,0.004209459,0.006240964,0.97075206,0.035645187,0.0059465766,-0.0028930306,-0.0007930994,0.026675522,0.028852463,0.009970188,-0.00057572126,0.95920664,-0.001739502,-0.008427799,0.012723863
-0.46820778,-0.6546504,0.0,0.0,0.0,1.0,0.0,0.0,0.0,0.0,0.0,0.0,0.0,0.0,1.0,0.0,0.0,0.0
-0.5928503,1.7210217,0.115261376,0.024849415,0.013086677,0.71144146,0.08585882,0.021376908,-0.04955542,-0.02989608,0.038410902,0.0704028,0.006066382,-0.048841774,0.89329225,0.014825523,-0.0075446963,0.012248099
-0.5944693,0.35597712,0.07430661,0.011539578,0.0063555837,0.9456795,0.04027635,0.0039476156,-0.013242066,-0.003538251,0.03417164,0.034608066,0.009708345,-0.023416579,0.96074015,-0.0017206669,-0.005838394,0.016220331
0.09149802,-0.56752443,0.01157552,0.00513196,0.0010347366,0.9987375,0.012444913,0.0034855008,0.01441133,0.010767698,1.0160708,0.0059654117,0.0051730275,0.009742558,0.006124556,-0.008025646,0.0027273297,0.006203294
2.1253576,0.09131419,0.0,0.0,0.0,1.0,0.0,0.0,1.0,0.0,0.0,0.0,0.0,0.0,0.0,0.0,0.0,0.0
-0.64998454,2.6756036,0.0,0.0,0.0,1.0,0.0,0.0,0.0,0.0,1.0,0.0,0.0,0.0,0.0,0.0,0.0,0.0
-0.59310704,-0.7116756,0.05555606,-0.043346345,0.0008019805,0.94777936,0.054405987,0.012230992,0.0008738637,0.030093312,0.08359462,0.045424342,0.01106894,0.041772127,0.950391,-0.083032906,-0.00027793646,0.052816093
-0.6338975,-0.06866193,0.13727224,0.023790061,0.01001811,0.816274,0.08834213,0.01463896,0.9186284,-0.03915155,0.02615869,0.030213058,0.0016457438,-0.07870126,-0.0043768287,0.010545194,0.00067704916,0.0072301626
0.15366608,0.5790239,0.07569116,-0.035800576,-0.006283343,0.9985817,0.051623225,0.011370122,0.9897867,-0.09011483,0.038535833,-0.10731995,-0.005877733,-0.098694265,0.008508623,-0.010235071,0.0053869486,0.010500729
0.49469915,-0.1968195,0.0,0.0,0.0,0.0,1.0,0.0,1.0,0.0,0.0,0.0,0.0,0.0,0.0,0.0,0.0,0.0
0.65352196,-0.6605301,0.0,0.0,0.0,1.0,0.0,0.0,0.0,0.0,0.0,0.0,0.0,0.0,1.0,0.0,0.0,0.0
0.63961047,-0.6298913,0.0,0.0,0.0,1.0,0.0,0.0,0.0,0.0,0.0,0.0,0.0,0.0,1.0,0.0,0.0,0.0
0.10766089,0.53532237,0.06499469,-0.038521767,-0.0058657527,0.9929871,0.048547745,0.009129882,0.95324224,-0.08999503,0.039798856,-0.102859914,-0.0046592355,-0.12886524,0.020269632,-0.010765612,0.007307172,0.008108139
1.4047424,-0.6780647,0.0,0.0,0.0,0.0,1.0,0.0,0.0,0.0,0.0,1.0,0.0,0.0,0.0,0.0,0.0,0.0
0.65352196,-0.66545725,0.0,0.0,0.0,1.0,0.0,0.0,0.0,0.0,0.0,0.0,0.0,0.0,1.0,0.0,0.0,0.0
1.3908309,-0.67313915,0.0,0.0,0.0,0.0,1.0,0.0,0.0,0.0,0.0,1.0,0.0,0.0,0.0,0.0,0.0,0.0
-0.06055826,-0.45069298,0.119832635,0.012167633,0.01065135,0.8628543,0.07996124,0.0079267025,0.064347744,-0.082033396,-0.055903137,0.037264228,0.025547683,-0.1455518,0.8553873,0.011240065,0.008400798,-0.0020081997
-0.55979174,-0.704585,0.0,0.0,0.0,1.0,0.0,0.0,0.0,0.0,1.0,0.0,0.0,0.0,0.0,0.0,0.0,0.0
0.65352196,-0.66219944,0.0,0.0,0.0,1.0,0.0,0.0,0.0,0.0,0.0,0.0,0.0,0.0,1.0,0.0,0.0,0.0
-0.71688867,2.269266,0.1042791,0.020733416,0.0092051625,0.7713197,0.083789706,0.017305434,-0.052066088,-0.015208542,0.034989715,0.061850786,0.0042111874,-0.030371904,0.93842465,0.0034359097,-0.0030641556,0.00787878
-0.59179604,-0.6733821,0.049519837,-0.04120189,-0.00073832273,0.97188324,0.0492118,0.011151075,0.0034255981,0.02826035,0.07863659,0.042128146,0.010238886,0.04123819,0.9407641,-0.0778113,-5.030632e-05,0.050206125
-0.5914846,0.1862536,0.05980903,0.0072541237,0.0048666596,0.9424072,0.03265357,0.0056162477,-0.012987077,-0.0028313994,0.027486742,0.028523922,0.008445263,-0.020245314,0.9517054,-0.0029426217,-0.003976345,0.013177395
0.052313786,2.6455772,0.0,0.0,0.0,1.0,0.0,0.0,1.0,0.0,0.0,0.0,0.0,0.0,0.0,0.0,0.0,0.0
-0.73762697,1.3586346,1.0,0.0,0.0,0.0,0.0,0.0,1.0,0.0,0.0,0.0,0.0,0.0,0.0,0.0,0.0,0.0
0.30086574,0.05140911,0.0,0.0,0.0,1.0,0.0,0.0,0.0,0.0,0.0,0.0,0.0,0.0,1.0,0.0,0.0,0.0
0.96884906,1.2391074,0.0,0.0,0.0,1.0,0.0,0.0,1.0,0.0,0.0,0.0,0.0,0.0,0.0,0.0,0.0,0.0
0.65352196,-0.66015774,0.0,0.0,0.0,1.0,0.0,0.0,0.0,0.0,0.0,0.0,0.0,0.0,1.0,0.0,0.0,0.0
-0.46843964,-0.65456164,0.0,0.0,0.0,1.0,0.0,0.0,0.0,0.0,0.0,0.0,0.0,0.0,1.0,0.0,0.0,0.0
-0.4691352,-0.6546464,0.0,0.0,0.0,1.0,0.0,0.0,0.0,0.0,0.0,0.0,0.0,0.0,1.0,0.0,0.0,0.0
-0.6402465,1.5763401,1.0,0.0,0.0,0.0,0.0,0.0,0.0,0.0,0.0,1.0,0.0,0.0,0.0,0.0,0.0,0.0
-0.6323633,-0.66727793,0.0,0.0,0.0,0.0,1.0,0.0,0.0,0.0,0.0,1.0,0.0,0.0,0.0,0.0,0.0,0.0
-0.5805639,-0.620781,0.046345115,-0.040080905,-0.0004439354,0.9956364,0.0466823,0.009923935,0.0029242039,0.027806818,0.075371146,0.038359523,0.008980989,0.04067856,0.9339903,-0.07455611,-0.00047647953,0.048482716
-0.5402304,-0.1316669,0.14355147,0.025996089,0.0041666627,0.74355835,0.091373086,0.016191244,0.87231344,-0.050032914,0.02513355,0.021568596,-5.030632e-05,-0.0983417,-0.0030641556,0.01647538,0.0010484457,0.0108549595
-0.46890333,-0.65466326,0.0,0.0,0.0,1.0,0.0,0.0,0.0,0.0,0.0,0.0,0.0,0.0,1.0,0.0,0.0,0.0
1.5498856,2.1117723,0.0,0.0,0.0,1.0,0.0,0.0,1.0,0.0,0.0,0.0,0.0,0.0,0.0,0.0,0.0,0.0
-0.7014571,-0.66762894,0.0,0.0,0.0,0.0,1.0,0.0,0.0,0.0,0.0,1.0,0.0,0.0,0.0,0.0,0.0,0.0
-0.59310704,-0.7116893,0.055547535,-0.043344617,0.0008019805,0.9477828,0.054399133,0.012230992,0.0008738637,0.030091584,0.083589494,0.045419216,0.011067212,0.04177046,0.9503979,-0.08302778,-0.00027793646,0.052810967
-0.59248376,-0.5711956,0.0,0.0,0.0,1.0,0.0,0.0,0.0,0.0,1.0,0.0,0.0,0.0,0.0,0.0,0.0,0.0
0.08658451,-0.565902,0.025797546,0.0010980964,0.0005469918,1.0212584,0.02603376,0.008339167,0.018568456,-0.0016265512,0.96865207,-0.015785277,0.0064001083,0.0032630563,0.020077944,-0.01387018,0.007389307,0.00624609
-0.5931053,-0.7116944,0.05554408,-0.043344617,0.0008019805,0.94779307,0.054397464,0.012230992,0.0008738637,0.030091584,0.083587766,0.045417488,0.011067212,0.04177046,0.9503996,-0.08302605,-0.00027793646,0.05280924
-0.6402465,1.5770551,1.0,0.0,0.0,0.0,0.0,0.0,0.0,0.0,0.0,1.0,0.0,0.0,0.0,0.0,0.0,0.0
-0.069627166,-0.5301089,0.11717647,0.02610904,0.0101104975,0.8810486,0.062228978,0.013678849,0.05927503,-0.0473271,-0.05084586,0.02351278,0.014426768,-0.11110562,0.8985053,0.02155149,0.0031603575,0.0019777417
-0.7237155,0.85925627,1.0,0.0,0.0,0.0,0.0,0.0,1.0,0.0,0.0,0.0,0.0,0.0,0.0,0.0,0.0,0.0
-0.5912364,1.461699,0.11035812,0.019035697,0.012544155,0.7355488,0.08259857,0.018106341,-0.050217748,-0.02376914,0.03598404,0.07020599,0.0059123635,-0.056462765,0.88854474,0.007666588,-0.0064066052,0.012891591
1.3908309,-0.6683867,0.0,0.0,0.0,0.0,1.0,0.0,0.0,0.0,0.0,1.0,0.0,0.0,0.0,0.0,0.0,0.0
0.65352196,-0.6621636,0.0,0.0,0.0,1.0,0.0,0.0,0.0,0.0,0.0,0.0,0.0,0.0,1.0,0.0,0.0,0.0
-0.55353856,-0.35081163,0.20179695,0.028885007,0.0103004575,0.9432201,0.13787979,0.025556266,1.0103428,-0.049526334,0.035622954,0.038860977,0.0031226873,-0.098302364,-0.010402799,0.005872965,-0.00341326,0.018597543
0.63961047,-0.6271953,0.0,0.0,0.0,1.0,0.0,0.0,0.0,0.0,0.0,0.0,0.0,0.0,1.0,0.0,0.0,0.0
1.3490964,-0.6647226,0.0,1.0,0.0,0.0,0.0,0.0,0.0,1.0,0.0,0.0,0.0,0.0,0.0,0.0,0.0,0.0
-0.6281899,0.3130869,0.0,0.0,0.0,1.0,0.0,0.0,0.0,0.0,0.0,0.0,0.0,1.0,0.0,0.0,0.0,0.0
2.1267488,0.091229044,0.0,0.0,0.0,1.0,0.0,0.0,1.0,0.0,0.0,0.0,0.0,0.0,0.0,0.0,0.0,0.0
2.4149485,0.09122612,0.0,0.0,0.0,1.0,0.0,0.0,1.0,0.0,0.0,0.0,0.0,0.0,0.0,0.0,0.0,0.0
-0.46843964,-0.6545061,0.0,0.0,0.0,1.0,0.0,0.0,0.0,0.0,0.0,0.0,0.0,0.0,1.0,0.0,0.0,0.0
1.3908309,-0.678386,0.0,0.0,0.0,0.0,1.0,0.0,0.0,0.0,0.0,1.0,0.0,0.0,0.0,0.0,0.0,0.0
-0.7237155,1.476136,1.0,0.0,0.0,0.0,0.0,0.0,1.0,0.0,0.0,0.0,0.0,0.0,0.0,0.0,0.0,0.0
-0.6402465,1.5782562,1.0,0.0,0.0,0.0,0.0,0.0,0.0,0.0,0.0,1.0,0.0,0.0,0.0,0.0,0.0,0.0
-0.281103,-0.5892118,-0.006884098,0.017269492,0.00013452768,0.92153615,-0.02523756,-0.0013133287,0.017343044,0.027093112,1.062386,0.060899198,0.007592976,0.027176976,-0.04354316,-0.0028057098,-0.0025866628,0.010712922
0.6815768,1.9408997,0.0,0.0,0.0,1.0,0.0,0.0,1.0,0.0,0.0,0.0,0.0,0.0,0.0,0.0,0.0,0.0
-0.59327817,-0.31639457,0.05455661,0.0044336915,0.0056470633,0.9577382,0.033558965,0.005669296,-0.0030778646,-0.001190126,0.024822056,0.026947677,0.009646714,-0.0011456013,0.96396106,-0.00073319674,-0.007868171,0.011696994
-0.6270825,-0.14716911,0.18262368,0.035244703,0.020976424,0.8564809,0.1257987,0.018724203,1.0557232,-0.04350722,0.04190904,0.053647816,0.0030816197,-0.09700853,-0.01635176,0.005797684,-0.0010070205,0.012355924
0.65352196,-0.66568774,0.0,0.0,0.0,1.0,0.0,0.0,0.0,0.0,0.0,0.0,0.0,0.0,1.0,0.0,0.0,0.0
-0.73762697,-0.70645154,0.0,1.0,0.0,0.0,0.0,0.0,0.0,0.0,0.0,0.0,0.0,0.0,0.0,1.0,0.0,0.0
-0.6230932,2.8126602,0.098501265,0.016973376,0.0056059957,0.79767925,0.07175487,0.00956285,-0.036577582,-0.022170663,0.041575313,0.042824686,0.009845257,-0.02075702,0.8861727,0.0016525984,-0.0036477447,-0.006107092
-0.46959892,-0.6545246,0.0,0.0,0.0,1.0,0.0,0.0,0.0,0.0,0.0,0.0,0.0,0.0,1.0,0.0,0.0,0.0
-0.650912,-0.5851529,0.0,0.0,0.0,0.0,1.0,0.0,0.0,0.0,0.0,1.0,0.0,0.0,0.0,0.0,0.0,0.0
-0.23339659,-0.5728179,0.070587635,0.038811386,0.0026931167,0.8932443,0.039788604,0.00794214,0.016631126,-0.015080154,0.93926495,0.025795877,0.009807587,-0.027537763,-0.011227727,-0.0073496103,0.0055666566,0.0112195015
0.084359646,-0.5462375,0.010991931,0.004219711,0.0005041957,0.99655193,0.01258868,0.0033451915,0.013954401,0.009668946,1.0230553,0.0061467886,0.0052449107,0.008886814,0.0058661103,-0.008763254,0.0022173524,0.0062255263
-0.5755581,-0.5731663,0.0,0.0,0.0,1.0,0.0,0.0,0.0,0.0,1.0,0.0,0.0,0.0,0.0,0.0,0.0,0.0
-0.58159417,-0.34651935,0.17902619,0.030404747,0.00972712,0.95685166,0.12047613,0.022894979,1.0304813,-0.045838177,0.03228563,0.0319947,0.0014762878,-0.09621781,-0.010414779,0.009911954,-0.004414499,0.014774203
0.08283985,0.62568814,0.05675578,-0.047262073,-0.011436522,0.8337359,0.057281196,-0.0028125644,0.70537275,-0.06728423,0.04790765,-0.08666289,0.0018579364,-0.11087972,0.039329946,-0.013926685,0.016975105,-0.0040619373
1.2605267,0.5553916,0.0,0.0,0.0,1.0,0.0,0.0,1.0,0.0,0.0,0.0,0.0,0.0,0.0,0.0,0.0,0.0
-0.59128433,-0.073477924,0.0598706,0.0061913133,0.0067646503,0.94905096,0.033867,0.007096648,-0.0045667887,-0.0018695593,0.027466238,0.028429747,0.009141862,-0.007868171,0.95363766,-0.0033910275,-0.0086537,0.013078153
-0.5669477,-0.2703209,0.23707998,0.044549823,0.0025219917,0.95385844,0.15971261,0.03517282,0.98904735,-0.09496504,0.050113738,0.034924686,0.003143251,-0.18430907,0.0037336946,0.026959658,0.0034923553,0.024380505
-0.73762697,-0.70644903,0.0,1.0,0.0,0.0,0.0,0.0,0.0,0.0,0.0,0.0,0.0,0.0,0.0,1.0,0.0,0.0
-0.68198097,-0.31418297,1.0,0.0,0.0,0.0,0.0,0.0,0.0,0.0,0.0,1.0,0.0,0.0,0.0,0.0,0.0,0.0
-0.57976466,-0.70592856,0.059916854,-0.046284854,-0.00019919872,0.94910914,0.056481957,0.013985217,0.0033366084,0.029834867,0.08609843,0.045088947,0.011212707,0.04085481,0.9472676,-0.08758193,-0.001924336,0.05504948
0.15777695,-0.5714009,0.021226287,-0.017999887,0.0003142357,1.0478268,0.03080523,0.002453506,-0.014335692,-0.038514912,0.9657666,-0.06644219,-0.008622885,-0.031456947,0.03367704,0.0005983114,0.0029361844,-0.0097422
-0.5458097,-0.2415567,0.19082314,0.030752182,0.0071154833,0.81692785,0.12173921,0.020694077,0.9692922,-0.050394,0.037505507,0.029270053,-0.00014615059,-0.101845026,-0.007890403,0.013608694,-0.00042682886,0.015491307
-0.73762697,-0.70655,0.0,1.0,0.0,0.0,0.0,0.0,0.0,0.0,0.0,0.0,0.0,0.0,0.0,1.0,0.0,0.0
-0.27927345,-0.60065275,0.04399532,0.029863954,0.0016251802,1.0072672,0.017871916,0.0011134744,0.0011973381,-0.022836447,1.000057,0.013945878,0.00133425,-0.030573845,-0.028307915,0.016471922,-0.0020869374,-0.001778841
-0.58135456,-0.69818795,0.0,0.0,0.0,1.0,0.0,0.0,0.0,0.0,1.0,0.0,0.0,0.0,0.0,0.0,0.0,0.0
-0.46890333,-0.6546518,0.0,0.0,0.0,1.0,0.0,0.0,0.0,0.0,0.0,0.0,0.0,0.0,1.0,0.0,0.0,0.0
1.5508131,0.19481379,0.0,0.0,0.0,1.0,0.0,0.0,1.0,0.0,0.0,0.0,0.0,0.0,0.0,0.0,0.0,0.0
-0.7125878,-0.71209663,0.037508965,-0.022709787,0.0011014938,0.9831137,0.02862829,0.0051679015,-0.0022392273,0.012506545,0.047637284,0.029028773,0.0060150623,0.016898096,0.96525663,-0.04512453,-0.00010508299,0.025587082
-0.73762697,-0.7065398,0.0,1.0,0.0,0.0,0.0,0.0,0.0,0.0,0.0,0.0,0.0,0.0,0.0,1.0,0.0,0.0
0.96745795,0.7800244,0.0,0.0,0.0,1.0,0.0,0.0,1.0,0.0,0.0,0.0,0.0,0.0,0.0,0.0,0.0,0.0
1.5498856,2.1146884,0.0,0.0,0.0,1.0,0.0,0.0,1.0,0.0,0.0,0.0,0.0,0.0,0.0,0.0,0.0,0.0
1.3490964,-0.6629536,0.0,1.0,0.0,0.0,0.0,0.0,0.0,1.0,0.0,0.0,0.0,0.0,0.0,0.0,0.0,0.0
-0.7237155,0.9032964,1.0,0.0,0.0,0.0,0.0,0.0,1.0,0.0,0.0,0.0,0.0,0.0,0.0,0.0,0.0,0.0
-0.5836308,2.7233913,0.11065763,0.011707306,0.0046253204,0.7971607,0.078942895,0.010440826,-0.032456398,-0.034621418,0.05080515,0.040346503,0.012989163,-0.020101547,0.88464266,0.007700801,-0.0047550797,-0.004903972
-0.48141503,0.98905593,0.14563602,0.045802593,-0.003065884,0.8875213,0.084007084,0.032181263,-0.04373139,-0.037296355,1.0081213,0.0552001,0.03268951,-0.050638735,-0.017395735,-0.0010669231,0.00423342,-0.0053694844
-0.14244707,0.570149,0.0,0.0,0.0,1.0,0.0,0.0,1.0,0.0,0.0,0.0,0.0,0.0,0.0,0.0,0.0,0.0
-0.59141785,0.17023969,0.060360074,0.0068656206,0.005123377,0.9415669,0.03295821,0.0059568286,-0.012993932,-0.0028707385,0.02841264,0.028866172,0.008351147,-0.01993382,0.952354,-0.0038000941,-0.0040961504,0.0137627125
-0.46890333,-0.6546262,0.0,0.0,0.0,1.0,0.0,0.0,0.0,0.0,0.0,0.0,0.0,0.0,1.0,0.0,0.0,0.0
-0.63645095,-0.4858032,0.089552104,0.015549481,0.0010980964,0.8081772,0.05985695,0.01179117,-0.04260695,-0.036026478,0.018583834,0.017577529,0.006951213,0.6035078,-0.0010977387,0.008715689,-0.0050151944,0.009675801
0.22062105,0.057816923,0.006679058,-0.011077106,0.0031552315,0.9959479,-0.011655569,0.0037302375,-0.00973022,-0.03640473,0.005053222,-0.016762495,0.00074893236,-0.024498224,0.97035664,-0.002721846,-0.0024719834,0.001693666
-0.6402465,1.5809336,1.0,0.0,0.0,0.0,0.0,0.0,0.0,0.0,0.0,1.0,0.0,0.0,0.0,0.0,0.0,0.0
-0.5806546,-0.67776686,0.05373168,-0.04328984,-0.00037890673,0.988664,0.052987218,0.012181342,0.0026982427,0.0290339,0.08135092,0.043721497,0.010473311,0.04198265,0.9314266,-0.08230209,-0.00055861473,0.053000927
2.9996946,1.7581576,0.0,0.0,0.0,1.0,0.0,0.0,1.0,0.0,0.0,0.0,0.0,0.0,0.0,0.0,0.0,0.0
-0.7139774,0.5162289,0.0,0.0,0.0,1.0,0.0,0.0,0.0,0.0,0.0,0.0,0.0,1.0,0.0,0.0,0.0,0.0
0.0966118,-0.40126318,0.03390807,-0.011564851,-0.0013065338,0.99244624,0.020858347,0.0039527416,-0.011373222,-0.048307776,1.0086176,-0.056461096,-0.003221631,-0.031104386,0.0053492785,-0.000674963,0.0023936033,-0.003791511
0.17988878,0.77117246,0.0003450513,-9.3102455e-05,-1.4364719e-05,0.9999252,0.00018930435,6.4373016e-05,0.9998842,-0.00030362606,0.00017559528,-0.00035834312,9.596348e-06,-0.00018721819,-4.518032e-05,1.4722347e-05,-1.2636185e-05,2.3305416e-05
-0.5946182,0.3569972,0.07468486,0.012100935,0.006631136,0.94513685,0.040454328,0.0036343932,-0.012355566,-0.0033482313,0.033454537,0.0345276,0.010062575,-0.021850646,0.9603345,-0.0013663769,-0.0063364506,0.01633501
-0.5727758,-0.5493712,0.0,0.0,0.0,1.0,0.0,0.0,0.0,0.0,1.0,0.0,0.0,0.0,0.0,0.0,0.0,0.0
-0.593119,-0.7116585,0.055703282,-0.043363452,0.0008174181,0.9471889,0.054524064,0.012237847,0.00087046623,0.030100107,0.083704114,0.04550135,0.01109457,0.041801274,0.9506871,-0.0830757,-0.00029331446,0.052875996
0.9690809,1.2390605,0.0,0.0,0.0,1.0,0.0,0.0,1.0,0.0,0.0,0.0,0.0,0.0,0.0,0.0,0.0,0.0
-0.68777746,-0.1385565,0.0,0.0,0.0,1.0,0.0,0.0,0.0,0.0,1.0,0.0,0.0,0.0,0.0,0.0,0.0,0.0
-0.26417258,-0.59667057,0.0,0.0,0.0,1.0,0.0,0.0,0.0,0.0,0.0,0.0,0.0,0.0,1.0,0.0,0.0,0.0
-0.5931224,-0.7116123,0.05573237,-0.043368578,0.0008174181,0.9471633,0.054546356,0.012242973,0.0008687377,0.030105293,0.08372295,0.045518517,0.011099696,0.0418064,0.9506666,-0.08308768,-0.00029677153,0.052887976
-0.73762697,1.1144499,1.0,0.0,0.0,0.0,0.0,0.0,1.0,0.0,0.0,0.0,0.0,0.0,0.0,0.0,0.0,0.0
-0.46890333,-0.6545003,0.0,0.0,0.0,1.0,0.0,0.0,0.0,0.0,0.0,0.0,0.0,0.0,1.0,0.0,0.0,0.0
0.13160928,2.6644409,0.0,0.0,0.0,1.0,0.0,0.0,1.0,0.0,0.0,0.0,0.0,0.0,0.0,0.0,0.0,0.0
-0.2323851,-0.5728162,0.07021284,0.038600862,0.0026982427,0.8939341,0.039648235,0.007928431,0.016631126,-0.014893651,0.93963295,0.02567774,0.009799004,-0.027299881,-0.011042893,-0.007406056,0.0055631995,0.011202395
2.7010612,0.60852027,0.0,0.0,0.0,1.0,0.0,0.0,1.0,0.0,0.0,0.0,0.0,0.0,0.0,0.0,0.0,0.0
-0.59080344,-0.5871341,0.043639302,-0.033031464,0.0007814765,0.9705278,0.04069054,0.008717418,0.0010262132,0.023341656,0.0639199,0.03543985,0.008248448,0.034296572,0.93405527,-0.06282419,-0.0010070205,0.039910078
1.3908309,-0.6732379,0.0,0.0,0.0,0.0,1.0,0.0,0.0,0.0,0.0,1.0,0.0,0.0,0.0,0.0,0.0,0.0
1.3490964,-0.6650617,0.0,1.0,0.0,0.0,0.0,0.0,0.0,1.0,0.0,0.0,0.0,0.0,0.0,0.0,0.0,0.0
-0.22174256,0.54565763,0.0,0.0,0.0,1.0,0.0,0.0,1.0,0.0,0.0,0.0,0.0,0.0,0.0,0.0,0.0,0.0
-0.73762697,1.1383225,1.0,0.0,0.0,0.0,0.0,0.0,1.0,0.0,0.0,0.0,0.0,0.0,0.0,0.0,0.0,0.0
-0.6402465,1.578408,1.0,0.0,0.0,0.0,0.0,0.0,0.0,0.0,0.0,1.0,0.0,0.0,0.0,0.0,0.0,0.0
0.09576464,-0.57983994,0.016162157,0.006177604,0.001003921,1.0046847,0.017495394,0.0050172806,0.019567907,0.014164925,0.9449914,0.0065352917,0.0067988634,0.012439787,0.008903921,-0.010774195,0.0037336946,0.007976353
-0.5706891,-0.60281575,0.0,0.0,0.0,1.0,0.0,0.0,0.0,0.0,1.0,0.0,0.0,0.0,0.0,0.0,0.0,0.0
0.5343469,-0.6757893,0.0,0.0,0.0,1.0,0.0,0.0,0.0,0.0,0.0,0.0,0.0,0.0,1.0,0.0,0.0,0.0
-0.07772231,-0.36170837,0.10021782,0.0006839037,0.02227199,0.81191665,0.06178403,-0.003952384,0.0370332,-0.1257453,-0.053382218,-0.0013133287,0.016172409,-0.20753676,0.8704205,0.03514546,-0.005410552,-0.00036519766
-0.56643766,-0.27141795,0.24154854,0.045886457,0.0019435287,0.9434374,0.16197169,0.036066234,0.98544306,-0.095682144,0.05064082,0.03509581,0.0032151341,-0.18636107,0.0045722723,0.02783078,0.004062295,0.024502039
0.12413859,-0.5565661,0.020307243,-0.01621145,-0.00023853779,1.0020697,0.028481126,0.0028710961,-0.010004044,-0.034494758,0.9934012,-0.060648978,-0.007202387,-0.026430428,0.028828502,-0.00096076727,0.0029413104,-0.007712424
-0.5987103,1.3009076,0.12933111,0.02388078,0.01581645,0.84647924,0.08505446,0.015253365,-0.042483747,-0.015595317,0.052095532,0.08560556,0.0054023266,-0.020096421,0.93819875,0.005200386,-0.0034766197,0.018352807
-0.64998454,2.673594,0.0,0.0,0.0,1.0,0.0,0.0,0.0,0.0,1.0,0.0,0.0,0.0,0.0,0.0,0.0,0.0
-0.2883492,-0.5811629,-0.0071938634,0.018049896,0.00013965368,0.9181201,-0.026348293,-0.0013732314,0.018125176,0.028332233,1.065239,0.0637368,0.007933557,0.028417766,-0.04543084,-0.0029323697,-0.002703011,0.0111938715
0.39198598,2.1144087,0.0,0.0,0.0,1.0,0.0,0.0,1.0,0.0,0.0,0.0,0.0,0.0,0.0,0.0,0.0,0.0
0.056143105,0.6031074,0.0549742,-0.040825367,-0.009812355,0.80268866,0.053930223,-0.0025678277,0.720074,-0.06314081,0.042052805,-0.08000195,0.004262507,-0.103149176,0.034228146,-0.011801064,0.016704679,-0.0028108358
0.63961047,-0.627187,0.0,0.0,0.0,1.0,0.0,0.0,0.0,0.0,0.0,0.0,0.0,0.0,1.0,0.0,0.0,0.0
-0.588582,-0.5830797,0.047758758,-0.029420316,0.00041007996,0.9400266,0.04235059,0.009193182,0.0021745563,0.02018404,0.05965501,0.035195112,0.009615898,0.028376698,0.9413015,-0.056223214,-0.0029050112,0.03833729
-0.31114218,-0.5453493,-0.010876894,0.019396782,-0.00037890673,0.90764433,-0.023876965,0.00067192316,0.023670256,0.03705716,1.0614157,0.07070404,0.006489098,0.03393036,-0.047679663,-0.0012842417,-0.0034389496,0.010076284
-0.4686715,-0.6546476,0.0,0.0,0.0,1.0,0.0,0.0,0.0,0.0,0.0,0.0,0.0,0.0,1.0,0.0,0.0,0.0
-0.6138326,-0.2348051,0.16291302,0.02891922,0.0093746185,0.8889126,0.10333437,0.017776072,0.9613716,-0.041294277,0.029396713,0.029963195,0.0011459589,-0.083046615,-0.009897947,0.011945188,0.0007866025,0.009718597
-0.46890333,-0.6546163,0.0,0.0,0.0,1.0,0.0,0.0,0.0,0.0,0.0,0.0,0.0,0.0,1.0,0.0,0.0,0.0
-0.4686715,-0.65448034,0.0,0.0,0.0,1.0,0.0,0.0,0.0,0.0,0.0,0.0,0.0,0.0,1.0,0.0,0.0,0.0
-0.5672112,-0.6155592,0.0,0.0,0.0,1.0,0.0,0.0,0.0,0.0,1.0,0.0,0.0,0.0,0.0,0.0,0.0,0.0
-0.73762697,1.4614413,1.0,0.0,0.0,0.0,0.0,0.0,1.0,0.0,0.0,0.0,0.0,0.0,0.0,0.0,0.0,0.0
-0.73762697,1.3145715,1.0,0.0,0.0,0.0,0.0,0.0,1.0,0.0,0.0,0.0,0.0,0.0,0.0,0.0,0.0,0.0
-0.73762697,-0.7065172,0.0,1.0,0.0,0.0,0.0,0.0,0.0,0.0,0.0,0.0,0.0,0.0,0.0,1.0,0.0,0.0
2.9996946,1.758263,0.0,0.0,0.0,1.0,0.0,0.0,1.0,0.0,0.0,0.0,0.0,0.0,0.0,0.0,0.0,0.0
-0.59310704,-0.7116893,0.055547535,-0.043344617,0.0008019805,0.9477828,0.054399133,0.012230992,0.0008738637,0.030091584,0.083589494,0.045419216,0.011067212,0.04177046,0.9503979,-0.08302778,-0.00027793646,0.052810967
-0.75153846,2.7667913,1.0,0.0,0.0,0.0,0.0,0.0,1.0,0.0,0.0,0.0,0.0,0.0,0.0,0.0,0.0,0.0
1.8339119,0.32075807,0.0,0.0,0.0,1.0,0.0,0.0,1.0,0.0,0.0,0.0,0.0,0.0,0.0,0.0,0.0,0.0
-0.46820778,-0.6546962,0.0,0.0,0.0,1.0,0.0,0.0,0.0,0.0,0.0,0.0,0.0,0.0,1.0,0.0,0.0,0.0
0.08739227,-0.56571203,0.013862014,0.0048324466,0.004428506,0.9939694,0.012934387,0.0010604262,0.0160954,0.011074066,1.0637808,0.01108259,0.009184599,0.017800033,0.0064480305,-0.007933199,0.00368917,0.006393254
-0.08260161,-0.5334428,0.10363388,0.026028633,0.005807936,0.90020305,0.03571534,0.0012178421,0.064245045,-0.08835888,-0.05558139,0.019785285,0.01976645,-0.13947964,0.8758305,0.024933279,-0.0021708012,-0.010435343
-0.4686715,-0.65453887,0.0,0.0,0.0,1.0,0.0,0.0,0.0,0.0,0.0,0.0,0.0,0.0,1.0,0.0,0.0,0.0
1.2600629,1.1607479,0.0,0.0,0.0,1.0,0.0,0.0,1.0,0.0,0.0,0.0,0.0,0.0,0.0,0.0,0.0,0.0
-0.7457572,1.0202451,0.3241101,0.045443177,0.01951319,0.89208907,0.24750435,0.02943778,0.97747284,-0.047005355,0.07465917,0.12643021,0.016680717,-0.11999315,0.005015552,-0.007852733,0.010873795,0.020308971
-0.73762697,-0.706471,0.0,1.0,0.0,0.0,0.0,0.0,0.0,0.0,0.0,0.0,0.0,0.0,0.0,1.0,0.0,0.0
1.3908309,-0.67832965,0.0,0.0,0.0,0.0,1.0,0.0,0.0,0.0,0.0,1.0,0.0,0.0,0.0,0.0,0.0,0.0
0.1318093,-0.58663607,0.03445232,0.014445603,0.003138125,1.0009248,0.03971845,0.011755228,0.041751623,0.033321083,0.97319084,0.020329535,0.017161667,0.029588401,0.01902026,-0.027852654,0.007847965,0.019097269
0.65352196,-0.6605141,0.0,0.0,0.0,1.0,0.0,0.0,0.0,0.0,0.0,0.0,0.0,0.0,1.0,0.0,0.0,0.0
-0.04717654,-0.619417,0.07940328,0.01977843,0.00035357475,0.9050755,0.028876424,0.004199207,0.057724476,-0.058881044,-0.03209704,0.016364098,0.0135676265,-0.09076691,0.9058885,0.015718877,-0.00082558393,-0.0058417916
-0.0727095,-0.7091786,0.0453251,0.008717418,0.00026971102,0.95437866,0.017556965,0.003153503,0.030076146,-0.03540182,-0.012975097,0.01024574,0.009463608,-0.061631322,0.93901676,0.00689131,-0.0050631166,0.0013205409
1.5471033,0.27461386,0.0,0.0,0.0,1.0,0.0,0.0,1.0,0.0,0.0,0.0,0.0,0.0,0.0,0.0,0.0,0.0
-0.6374642,-0.6689642,0.0,0.0,0.0,0.0,1.0,0.0,0.0,0.0,0.0,1.0,0.0,0.0,0.0,0.0,0.0,0.0
-0.5069281,-0.16725378,0.0,0.0,0.0,1.0,0.0,0.0,0.0,0.0,1.0,0.0,0.0,0.0,0.0,0.0,0.0,0.0
0.22783041,0.80047476,0.0,0.0,0.0,1.0,0.0,0.0,0.0,0.0,0.0,0.0,0.0,0.0,1.0,0.0,0.0,0.0
-0.73762697,-0.70654696,0.0,1.0,0.0,0.0,0.0,0.0,0.0,0.0,0.0,0.0,0.0,0.0,0.0,1.0,0.0,0.0
1.3630079,-0.6751705,0.0,1.0,0.0,0.0,0.0,0.0,0.0,1.0,0.0,0.0,0.0,0.0,0.0,0.0,0.0,0.0
-0.6230932,2.813206,0.0985235,0.016976833,0.0056059957,0.797633,0.07177025,0.0095645785,-0.036584437,-0.022175789,0.041583896,0.04283327,0.009846926,-0.020760417,0.8861453,0.0016525984,-0.0036494732,-0.006107092
-0.4686715,-0.65459555,0.0,0.0,0.0,1.0,0.0,0.0,0.0,0.0,0.0,0.0,0.0,0.0,1.0,0.0,0.0,0.0
1.3769194,-0.67324424,0.0,1.0,0.0,0.0,0.0,0.0,0.0,1.0,0.0,0.0,0.0,0.0,0.0,0.0,0.0,0.0
0.65352196,-0.6647532,0.0,0.0,0.0,1.0,0.0,0.0,0.0,0.0,0.0,0.0,0.0,0.0,1.0,0.0,0.0,0.0
1.3908309,-0.6782151,0.0,0.0,0.0,0.0,1.0,0.0,0.0,0.0,0.0,1.0,0.0,0.0,0.0,0.0,0.0,0.0
-0.73762697,1.4908209,1.0,0.0,0.0,0.0,0.0,0.0,1.0,0.0,0.0,0.0,0.0,0.0,0.0,0.0,0.0,0.0
-0.6402465,1.5802497,1.0,0.0,0.0,0.0,0.0,0.0,0.0,0.0,0.0,1.0,0.0,0.0,0.0,0.0,0.0,0.0
-0.59310704,-0.71168756,0.055549264,-0.043344617,0.0008019805,0.94778794,0.05440086,0.012230992,0.0008738637,0.030093312,0.083589494,0.045419216,0.011067212,0.04177046,0.95039445,-0.08302778,-0.00027793646,0.052812636
0.063004255,-0.57810795,0.009903431,0.0035043359,0.0011168718,1.0065091,0.010921717,0.0032767057,0.013608694,0.009544015,0.89746135,0.0049796104,0.0054810643,0.009289026,0.0059072375,-0.00747627,0.003167212,0.005128503
0.65352196,-0.6618898,0.0,0.0,0.0,1.0,0.0,0.0,0.0,0.0,0.0,0.0,0.0,0.0,1.0,0.0,0.0,0.0
0.65352196,-0.65929985,0.0,0.0,0.0,1.0,0.0,0.0,0.0,0.0,0.0,0.0,0.0,0.0,1.0,0.0,0.0,0.0
-0.73762697,1.3145783,1.0,0.0,0.0,0.0,0.0,0.0,1.0,0.0,0.0,0.0,0.0,0.0,0.0,0.0,0.0,0.0
-0.73762697,1.4908174,1.0,0.0,0.0,0.0,0.0,0.0,1.0,0.0,0.0,0.0,0.0,0.0,0.0,0.0,0.0,0.0
-0.08820659,-0.53542125,0.076675236,0.020670116,0.0072199106,0.897641,0.03357607,0.00410676,0.040839434,-0.06661165,-0.044546008,0.022672474,0.018645465,-0.11683726,0.8895083,0.023543596,-0.0061995387,-0.011730909
-0.58943087,-0.23724735,0.10378444,0.019150317,0.0020307899,0.80042094,0.06612253,0.015308142,0.81658214,-0.042980075,0.021233141,0.015944839,0.0020411015,-0.084793985,0.00053328276,0.012812853,0.0017620921,0.0079369545
-0.73762697,2.210514,1.0,0.0,0.0,0.0,0.0,0.0,1.0,0.0,0.0,0.0,0.0,0.0,0.0,0.0,0.0,0.0
-0.46843964,-0.6547255,0.0,0.0,0.0,1.0,0.0,0.0,0.0,0.0,0.0,0.0,0.0,0.0,1.0,0.0,0.0,0.0
-0.73762697,-0.7064894,0.0,1.0,0.0,0.0,0.0,0.0,0.0,0.0,0.0,0.0,0.0,0.0,0.0,1.0,0.0,0.0
1.3630079,-0.67177147,0.0,1.0,0.0,0.0,0.0,0.0,0.0,1.0,0.0,0.0,0.0,0.0,0.0,0.0,0.0,0.0
1.3908309,-0.67826074,0.0,0.0,0.0,0.0,1.0,0.0,0.0,0.0,0.0,1.0,0.0,0.0,0.0,0.0,0.0,0.0
0.63961047,-0.6621697,0.0,0.0,0.0,1.0,0.0,0.0,0.0,0.0,0.0,0.0,0.0,0.0,1.0,0.0,0.0,0.0
0.075035885,2.6584346,0.0,0.0,0.0,1.0,0.0,0.0,1.0,0.0,0.0,0.0,0.0,0.0,0.0,0.0,0.0,0.0
1.4047424,-0.6784314,0.0,0.0,0.0,0.0,1.0,0.0,0.0,0.0,0.0,1.0,0.0,0.0,0.0,0.0,0.0,0.0
-0.5725439,-0.33156878,0.0,0.0,0.0,1.0,0.0,0.0,0.0,0.0,1.0,0.0,0.0,0.0,0.0,0.0,0.0,0.0
-0.6402465,1.580656,1.0,0.0,0.0,0.0,0.0,0.0,0.0,0.0,0.0,1.0,0.0,0.0,0.0,0.0,0.0,0.0
-0.7250077,3.8084137,0.14076525,-0.00903368,0.004218042,0.8009241,0.10260016,0.010242283,0.89240235,-0.03652793,0.05643916,0.043447673,0.0014129877,-0.010736525,0.015205443,-0.007187009,-0.0040875673,0.014058828
-0.084250666,-0.7096423,0.0,0.0,0.0,0.0,1.0,0.0,1.0,0.0,0.0,0.0,0.0,0.0,0.0,0.0,0.0,0.0
0.65352196,-0.6647042,0.0,0.0,0.0,1.0,0.0,0.0,0.0,0.0,0.0,0.0,0.0,0.0,1.0,0.0,0.0,0.0
-0.64998454,2.6158354,0.0,0.0,0.0,1.0,0.0,0.0,0.0,0.0,1.0,0.0,0.0,0.0,0.0,0.0,0.0,0.0
-0.66691023,-0.7117558,0.0,0.0,0.0,1.0,0.0,0.0,0.0,0.0,1.0,0.0,0.0,0.0,0.0,0.0,0.0,0.0
-0.7462057,-0.30848783,0.0,0.0,0.0,1.0,0.0,0.0,0.0,0.0,0.0,0.0,0.0,0.0,1.0,0.0,0.0,0.0
-0.73762697,1.9314218,1.0,0.0,0.0,0.0,0.0,0.0,1.0,0.0,0.0,0.0,0.0,0.0,0.0,0.0,0.0,0.0
1.3630079,-0.66265535,0.0,1.0,0.0,0.0,0.0,0.0,0.0,1.0,0.0,0.0,0.0,0.0,0.0,0.0,0.0,0.0
-0.5836731,-0.40298307,0.0,0.0,0.0,1.0,0.0,0.0,0.0,0.0,1.0,0.0,0.0,0.0,0.0,0.0,0.0,0.0
0.65352196,-0.6631944,0.0,0.0,0.0,1.0,0.0,0.0,0.0,0.0,0.0,0.0,0.0,0.0,1.0,0.0,0.0,0.0
-0.5389451,-0.33229557,0.09515023,0.017859936,-0.00040113926,0.80836374,0.061501622,0.013168871,0.8584593,-0.035815954,0.019013405,0.010521233,0.0010997653,-0.07256228,0.0012880564,0.011313677,0.0004323125,0.010878921
-0.28994256,-0.57226515,0.011493325,0.024264097,3.695488e-05,0.85739475,-0.010130703,-0.0003207326,0.016504467,0.0134032965,0.9648561,0.05736339,0.004709184,0.005443394,-0.04224074,0.0043035746,-0.003004253,0.00624609
0.08602142,-0.56363606,0.015710354,0.006336808,0.0034855008,0.99316674,0.014700592,0.0023012161,0.015801072,0.012212157,1.0703545,0.013273239,0.0098418,0.018142283,0.0042111874,-0.008438051,0.004817009,0.007349968
1.4047424,-0.6745241,0.0,0.0,0.0,0.0,1.0,0.0,0.0,0.0,0.0,1.0,0.0,0.0,0.0,0.0,0.0,0.0
1.3769194,-0.67304707,0.0,1.0,0.0,0.0,0.0,0.0,0.0,1.0,0.0,0.0,0.0,0.0,0.0,0.0,0.0,0.0
-0.7348446,-0.7122616,0.0,0.0,0.0,0.0,1.0,0.0,1.0,0.0,0.0,0.0,0.0,0.0,0.0,0.0,0.0,0.0
-0.66691023,-0.7109599,0.0,0.0,0.0,1.0,0.0,0.0,0.0,0.0,1.0,0.0,0.0,0.0,0.0,0.0,0.0,0.0
-0.71439165,-0.6541113,0.09876311,0.012984037,0.0013154149,0.8877403,0.065764844,0.011058629,-0.043674886,-0.038107574,0.020397961,0.019874275,0.0056607723,0.8736569,-0.0021810532,0.005730927,-0.0028416514,0.008630097
-0.46890333,-0.6545323,0.0,0.0,0.0,1.0,0.0,0.0,0.0,0.0,0.0,0.0,0.0,0.0,1.0,0.0,0.0,0.0
-0.65533155,0.044917762,0.0929904,0.04069054,0.017723024,0.6228607,0.11552495,0.020160079,0.9385,-0.046409786,0.045432925,0.06499809,0.0041906238,-0.14904314,0.004745126,0.017055511,0.0010467172,0.0062957406
-0.29828927,-0.5689483,-0.007608056,0.019138336,0.00014650822,0.9133195,-0.027890325,-0.0014554262,0.019225657,0.030048788,1.0692761,0.067702174,0.008407652,0.030151486,-0.04807675,-0.0031154752,-0.0028656125,0.011871576
0.9737181,1.3043494,0.0,0.0,0.0,1.0,0.0,0.0,1.0,0.0,0.0,0.0,0.0,0.0,0.0,0.0,0.0,0.0
0.9737181,1.021966,0.0,0.0,0.0,1.0,0.0,0.0,1.0,0.0,0.0,0.0,0.0,0.0,0.0,0.0,0.0,0.0
-0.5528026,-0.35085955,0.19400984,0.02807039,0.009956479,0.9680051,0.13310659,0.02482891,1.024445,-0.0483523,0.034621775,0.037685215,0.0030354261,-0.096262336,-0.010101616,0.005749762,-0.0033208728,0.018067002
-0.59024036,2.2528687,0.16736615,0.034142554,0.013232172,0.787046,0.13725507,0.02118355,-0.06316137,-0.031102657,0.074955285,0.09113693,0.018034458,-0.038564563,0.8581478,0.011175036,-0.001203835,-0.005318105
0.08492613,-0.5642282,0.015516937,0.006256342,0.0034530163,0.99322146,0.014519155,0.002253294,0.015576839,0.012025595,1.0700514,0.013134599,0.0097203255,0.017947197,0.0041564107,-0.008323431,0.004734874,0.0072541237
-0.552836,0.045236617,0.0,0.0,0.0,1.0,0.0,0.0,0.0,0.0,1.0,0.0,0.0,0.0,0.0,0.0,0.0,0.0
0.65352196,-0.6611361,0.0,0.0,0.0,1.0,0.0,0.0,0.0,0.0,0.0,0.0,0.0,0.0,1.0,0.0,0.0,0.0
0.65352196,-0.6611081,0.0,0.0,0.0,1.0,0.0,0.0,0.0,0.0,0.0,0.0,0.0,0.0,1.0,0.0,0.0,0.0
0.15596968,-0.56859237,0.02124685,-0.017910898,0.0003039837,1.0471969,0.030671775,0.002456963,-0.014221013,-0.038420796,0.9662424,-0.0661701,-0.008581817,-0.03131658,0.033331335,0.0005658269,0.0029309988,-0.009668589
-0.66691023,-0.7117875,0.0,0.0,0.0,1.0,0.0,0.0,0.0,0.0,1.0,0.0,0.0,0.0,0.0,0.0,0.0,0.0
-0.73762697,1.3586224,1.0,0.0,0.0,0.0,0.0,0.0,1.0,0.0,0.0,0.0,0.0,0.0,0.0,0.0,0.0,0.0
1.3908309,-0.6636809,0.0,0.0,0.0,0.0,1.0,0.0,0.0,0.0,0.0,1.0,0.0,0.0,0.0,0.0,0.0,0.0
1.3490964,-0.6645616,0.0,1.0,0.0,0.0,0.0,0.0,0.0,1.0,0.0,0.0,0.0,0.0,0.0,0.0,0.0,0.0
1.4047424,-0.67741627,0.0,0.0,0.0,0.0,1.0,0.0,0.0,0.0,0.0,1.0,0.0,0.0,0.0,0.0,0.0,0.0
-0.5595599,0.62433404,0.0,0.0,0.0,1.0,0.0,0.0,0.0,0.0,0.0,0.0,0.0,1.0,0.0,0.0,0.0,0.0
0.65352196,-0.66350263,0.0,0.0,0.0,1.0,0.0,0.0,0.0,0.0,0.0,0.0,0.0,0.0,1.0,0.0,0.0,0.0
-0.5743257,-0.23398703,0.16352057,0.03403133,-0.00071263313,0.7974927,0.10246664,0.02396977,0.8638846,-0.052678823,0.023464859,0.024770677,0.004943669,-0.114442945,0.00010544062,0.026569426,-0.00051409006,0.012088954
-0.73762697,1.1924958,1.0,0.0,0.0,0.0,0.0,0.0,1.0,0.0,0.0,0.0,0.0,0.0,0.0,0.0,0.0,0.0
-0.1561267,0.60214686,0.0,0.0,0.0,1.0,0.0,0.0,1.0,0.0,0.0,0.0,0.0,0.0,0.0,0.0,0.0,0.0
0.47615048,2.6393049,0.0,0.0,0.0,1.0,0.0,0.0,1.0,0.0,0.0,0.0,0.0,0.0,0.0,0.0,0.0,0.0
-0.73762697,-0.70647025,0.0,1.0,0.0,0.0,0.0,0.0,0.0,0.0,0.0,0.0,0.0,0.0,0.0,1.0,0.0,0.0
-0.23080033,-0.5718903,0.0700075,0.035864234,0.0054365396,0.86487895,0.040825725,0.0082912445,0.019850314,-0.008301139,1.0193517,0.026408553,0.0097459555,-0.020555079,-0.008708477,-0.011371493,0.006307721,0.013725102
-0.73762697,-0.70655185,0.0,1.0,0.0,0.0,0.0,0.0,0.0,0.0,0.0,0.0,0.0,0.0,0.0,1.0,0.0,0.0
-0.56813866,-0.42510688,0.0,0.0,0.0,1.0,0.0,0.0,0.0,0.0,1.0,0.0,0.0,0.0,0.0,0.0,0.0,0.0
-0.72649777,-0.51531583,0.0,0.0,0.0,0.0,1.0,0.0,1.0,0.0,0.0,0.0,0.0,0.0,0.0,0.0,0.0,0.0
0.65352196,-0.6657323,0.0,0.0,0.0,1.0,0.0,0.0,0.0,0.0,0.0,0.0,0.0,0.0,1.0,0.0,0.0,0.0
2.121184,0.7855867,0.0,0.0,0.0,1.0,0.0,0.0,1.0,0.0,0.0,0.0,0.0,0.0,0.0,0.0,0.0,0.0
-0.7125878,-0.71205556,0.03750211,-0.022708058,0.0011014938,0.98311883,0.028623164,0.0051679015,-0.0022392273,0.012504816,0.047626972,0.029023647,0.0060150623,0.01689297,0.9652651,-0.045119345,-0.00010508299,0.025581956
-0.36631387,-0.5858437,0.07516575,0.039656818,0.009280443,0.9270213,0.015648723,0.0055580735,-0.014092684,-0.011195183,1.0112345,0.051102936,0.0061262846,-0.025675714,-0.058117747,0.019899964,-0.0010018945,-0.0016402602
-0.73762697,-0.7064327,0.0,1.0,0.0,0.0,0.0,0.0,0.0,0.0,0.0,0.0,0.0,0.0,0.0,1.0,0.0,0.0
0.043303907,0.6150344,0.07958126,-0.04669392,-0.009949267,1.0271833,0.051445186,0.0126776695,1.116606,-0.12640935,0.042913675,-0.16499716,-0.011285901,-0.09857279,-0.006632507,-0.007293105,0.004616797,0.0070367455
-0.73762697,-0.70649374,0.0,1.0,0.0,0.0,0.0,0.0,0.0,0.0,0.0,0.0,0.0,0.0,0.0,1.0,0.0,0.0
-0.7274252,1.8523364,0.0,0.0,0.0,1.0,0.0,0.0,1.0,0.0,0.0,0.0,0.0,0.0,0.0,0.0,0.0,0.0
-0.20829478,-0.7110002,0.0,0.0,0.0,0.0,1.0,0.0,1.0,0.0,0.0,0.0,0.0,0.0,0.0,0.0,0.0,0.0
-0.75153846,2.7980158,1.0,0.0,0.0,0.0,0.0,0.0,1.0,0.0,0.0,0.0,0.0,0.0,0.0,0.0,0.0,0.0
1.5508131,0.19507048,0.0,0.0,0.0,1.0,0.0,0.0,1.0,0.0,0.0,0.0,0.0,0.0,0.0,0.0,0.0,0.0
0.15668166,-0.56967056,0.021239996,-0.01794511,0.00030738115,1.0474434,0.030724823,0.0024552345,-0.014265537,-0.038460135,0.9660576,-0.06627792,-0.008598924,-0.031371355,0.033466518,0.00057947636,0.0029327273,-0.009697676
-0.58853745,-0.6880663,0.05088216,-0.04254365,-0.0003412366,0.9742964,0.051296294,0.011652529,0.0007010102,0.029624343,0.081082225,0.04412365,0.010112226,0.041789293,0.93961746,-0.08179897,0.00018930435,0.051294625
0.9737181,1.6083868,0.0,0.0,0.0,1.0,0.0,0.0,1.0,0.0,0.0,0.0,0.0,0.0,0.0,0.0,0.0,0.0
-0.08982217,-0.5369923,0.07558167,0.019420743,0.007291794,0.89706594,0.03225994,0.003974974,0.039037287,-0.06646788,-0.044299603,0.022443175,0.018813193,-0.11692965,0.88827425,0.023415267,-0.0066154003,-0.011682987
-0.6796624,0.3448041,0.0,0.0,0.0,1.0,0.0,0.0,0.0,0.0,0.0,0.0,0.0,1.0,0.0,0.0,0.0,0.0
-0.73762697,-0.70653754,0.0,1.0,0.0,0.0,0.0,0.0,0.0,0.0,0.0,0.0,0.0,0.0,0.0,1.0,0.0,0.0
-0.7348446,-0.71226984,0.0,0.0,0.0,0.0,1.0,0.0,1.0,0.0,0.0,0.0,0.0,0.0,0.0,0.0,0.0,0.0
0.65352196,-0.66073,0.0,0.0,0.0,1.0,0.0,0.0,0.0,0.0,0.0,0.0,0.0,0.0,1.0,0.0,0.0,0.0
-0.73762697,1.41738,1.0,0.0,0.0,0.0,0.0,0.0,1.0,0.0,0.0,0.0,0.0,0.0,0.0,0.0,0.0,0.0
0.11213118,-0.57809085,0.017339647,0.006862223,0.0023200512,1.000526,0.019211948,0.005842209,0.023153424,0.016299069,0.97816426,0.008707106,0.00877732,0.01549983,0.009420812,-0.012680709,0.0044336915,0.009455025
-0.5750787,-0.7043643,0.060245454,-0.04608977,0.00027143955,0.98333627,0.058446705,0.013227046,0.0020530224,0.030401349,0.08709109,0.04699719,0.011596024,0.043221712,0.93117493,-0.08845985,-0.00086665154,0.056487083
0.09663236,-0.57741827,0.01237303,0.005179882,0.0011665225,0.99941176,0.012953222,0.0037148595,0.015717208,0.011479676,1.010644,0.0064771175,0.005573511,0.010973096,0.0069306493,-0.008732438,0.0025767684,0.0070658326
-0.5931207,-0.71162593,0.055723786,-0.04336685,0.0008174181,0.9471666,0.0545395,0.012241244,0.00087046623,0.030103564,0.083716094,0.045513332,0.011098027,0.04180467,0.9506734,-0.083084226,-0.000295043,0.05288452
-0.7447868,4.2711787,0.14792418,-0.010965884,0.011755228,0.8409787,0.10240507,0.009566247,0.93684155,-0.028414011,0.06874102,0.05131173,0.00049221516,0.008772194,0.015730858,-0.01538825,-0.004239917,0.0222857
1.3769194,-0.6734012,0.0,1.0,0.0,0.0,0.0,0.0,0.0,1.0,0.0,0.0,0.0,0.0,0.0,0.0,0.0,0.0
1.3769194,-0.66743594,0.0,0.0,0.0,0.0,1.0,0.0,0.0,0.0,0.0,1.0,0.0,0.0,0.0,0.0,0.0,0.0
0.65352196,-0.66050315,0.0,0.0,0.0,1.0,0.0,0.0,0.0,0.0,0.0,0.0,0.0,0.0,1.0,0.0,0.0,0.0
-0.5912416,-0.011674404,0.56245214,0.097185135,0.025503218,1.2055702,0.34998542,0.051799476,1.7475111,-0.114975214,0.11881602,0.10463846,0.0015738606,-0.27915534,0.05068189,0.05940509,0.0020102859,0.019177735
-0.46890333,-0.65465486,0.0,0.0,0.0,1.0,0.0,0.0,0.0,0.0,0.0,0.0,0.0,0.0,1.0,0.0,0.0,0.0
-0.5706891,-0.09476041,0.0,0.0,0.0,1.0,0.0,0.0,0.0,0.0,1.0,0.0,0.0,0.0,0.0,0.0,0.0,0.0
-0.5901702,0.87737757,0.063815475,0.007596433,0.01220876,0.79076844,0.042889714,0.003964722,-0.024575233,-0.006608546,0.0398314,0.039485693,0.0002731681,-0.03621131,0.84980804,-0.009757578,-0.00065785646,0.00911957
0.10112488,-0.579638,0.037392557,0.011596024,0.0015652776,0.99961036,0.038183272,0.010048926,0.036358893,0.021137297,0.99539334,-0.0013287663,0.011267424,0.020848095,0.019088745,-0.020880222,0.006732106,0.015599072
1.9428852,0.09481891,0.0,0.0,0.0,0.0,1.0,0.0,1.0,0.0,0.0,0.0,0.0,0.0,0.0,0.0,0.0,0.0
-0.73762697,-0.7064419,0.0,1.0,0.0,0.0,0.0,0.0,0.0,0.0,0.0,0.0,0.0,0.0,0.0,1.0,0.0,0.0
-0.5721419,-0.33434758,0.1452629,0.031113327,-0.0011388063,0.8306381,0.09321463,0.019656897,0.8962547,-0.049663246,0.018522263,0.016473651,0.004640758,-0.10161227,-0.0005928278,0.025338888,-0.00085639954,0.014423311
-0.0077374773,1.3253348,0.0,0.0,0.0,1.0,0.0,0.0,0.0,0.0,0.0,0.0,0.0,0.0,1.0,0.0,0.0,0.0
-0.746666,1.0069523,0.2765321,0.031334102,0.014205992,0.759456,0.19083512,0.022152185,0.8828662,-0.0400244,0.05535245,0.09172052,0.012027323,-0.10567182,0.010481894,-0.006144762,0.010985076,0.016629398
-0.57372665,-0.704301,0.06646311,-0.04772073,0.00013625622,0.93609196,0.06100875,0.015066862,0.003930509,0.030192554,0.089677095,0.0473634,0.012412369,0.04118681,0.9534665,-0.090479374,-0.0028879046,0.058000028
-0.59310704,-0.71168417,0.055550933,-0.043344617,0.0008019805,0.9477845,0.05440259,0.012230992,0.0008738637,0.030093312,0.08359116,0.045420945,0.011067212,0.04177046,0.95039445,-0.08302945,-0.00027793646,0.052814364
0.6794901,0.9537336,0.0,0.0,0.0,1.0,0.0,0.0,1.0,0.0,0.0,0.0,0.0,0.0,0.0,0.0,0.0,0.0
-0.62216157,-0.12479137,0.0,0.0,0.0,1.0,0.0,0.0,0.0,0.0,1.0,0.0,0.0,0.0,0.0,0.0,0.0,0.0
-0.052754104,-0.5304649,0.09069711,0.028130233,0.0019572377,0.855454,0.041203976,0.009165823,0.05437517,-0.06461096,-0.052483678,0.02871728,0.022405505,-0.116734564,0.8663028,0.01771444,-0.002848506,-0.010296702
-0.51287645,-0.18071675,0.15185028,0.01976645,0.014769077,0.9110485,0.07997662,0.0102902055,0.0074731708,-0.018847048,0.05354172,0.06253362,0.024649203,-0.040293097,0.85984725,0.016180992,-0.033399403,0.025696576
1.3490964,-0.66521245,0.0,1.0,0.0,0.0,0.0,0.0,0.0,1.0,0.0,0.0,0.0,0.0,0.0,0.0,0.0,0.0
-0.7448146,-0.3058005,0.0,0.0,0.0,1.0,0.0,0.0,0.0,0.0,0.0,0.0,0.0,0.0,1.0,0.0,0.0,0.0
-0.30915177,-0.5526349,-0.008020461,0.020350039,0.00014990568,0.90787035,-0.02959317,-0.0015409589,0.020471573,0.031926215,1.073916,0.07211596,0.008936465,0.03208196,-0.051070035,-0.0033311248,-0.003041923,0.012633145
-0.6006117,1.3582253,0.13937217,0.027188957,0.018587291,0.83490986,0.08924407,0.015214026,-0.039358675,-0.0172503,0.049952805,0.0891431,0.0035881996,-0.018133402,0.93668073,0.005683005,-0.0045702457,0.019201696
-0.4679759,-0.65453666,0.0,0.0,0.0,1.0,0.0,0.0,0.0,0.0,0.0,0.0,0.0,0.0,1.0,0.0,0.0,0.0
-0.73762697,2.2389607,1.0,0.0,0.0,0.0,0.0,0.0,1.0,0.0,0.0,0.0,0.0,0.0,0.0,0.0,0.0,0.0
-0.73762697,2.2619135,1.0,0.0,0.0,0.0,0.0,0.0,1.0,0.0,0.0,0.0,0.0,0.0,0.0,0.0,0.0,0.0
1.3490964,-0.66508114,0.0,1.0,0.0,0.0,0.0,0.0,0.0,1.0,0.0,0.0,0.0,0.0,0.0,0.0,0.0,0.0
-0.45307872,-0.1673196,0.13513291,0.01134789,0.005273998,0.91072494,0.08415425,0.0058010817,0.024181962,-0.043912828,0.035989165,0.05036187,0.028366446,-0.07149953,0.7334232,0.039492488,-0.033976197,0.033081472
1.8339119,0.32075486,0.0,0.0,0.0,1.0,0.0,0.0,1.0,0.0,0.0,0.0,0.0,0.0,0.0,0.0,0.0,0.0
-0.6741369,-0.19113088,0.012005091,0.00083619356,0.0012812018,0.9909504,0.007355094,0.0011904836,-0.0021348596,-0.00024026632,0.006523311,0.0057480335,0.0015755892,-0.0010566115,0.9917223,-0.0015854836,-0.0010070205,0.0028830767
-0.63804775,2.661047,0.14288747,0.026856959,0.009894848,0.7968988,0.11329496,0.014923096,-0.05711484,-0.024864495,0.06054151,0.06907475,0.014580786,-0.030101478,0.87435,0.004698932,-0.0027971864,-0.0083165765
-0.58251387,-0.2989017,0.0,0.0,0.0,1.0,0.0,0.0,0.0,0.0,1.0,0.0,0.0,0.0,0.0,0.0,0.0,0.0
-0.5912347,1.4647009,0.11031532,0.019027114,0.012540758,0.73564976,0.08256775,0.018099487,-0.05020237,-0.023762286,0.03597206,0.07018036,0.005910635,-0.056449115,0.88859266,0.0076631308,-0.0064048767,0.012888193
-0.59128606,-0.07293713,0.05989456,0.0061895847,0.006768048,0.9490321,0.033878982,0.0071001053,-0.0045667887,-0.0018661618,0.027483344,0.028441727,0.00914526,-0.007863045,0.95361704,-0.0034012794,-0.008655429,0.013086677
-0.59128606,-0.073388934,0.059874058,0.0061913133,0.006766379,0.9490493,0.03386873,0.007096648,-0.0045667887,-0.0018678308,0.027469635,0.028431475,0.009141862,-0.007866442,0.95363253,-0.003392756,-0.0086537,0.013079882
-0.7237155,0.8739477,1.0,0.0,0.0,0.0,0.0,0.0,1.0,0.0,0.0,0.0,0.0,0.0,0.0,0.0,0.0,0.0
-0.5373015,0.28215915,0.0,0.0,0.0,0.0,1.0,0.0,0.0,0.0,0.0,1.0,0.0,0.0,0.0,0.0,0.0,0.0
-0.7237155,0.8711916,1.0,0.0,0.0,0.0,0.0,0.0,1.0,0.0,0.0,0.0,0.0,0.0,0.0,0.0,0.0,0.0
-0.29161635,-0.563826,0.0037764907,0.02207005,0.00041520596,0.88207036,-0.021001756,-0.0017155409,0.015997887,0.01942414,1.0233805,0.06284851,0.0073345304,0.016293943,-0.046218097,-0.00030189753,-0.0027868748,0.010035217
2.6996703,0.6077429,0.0,0.0,0.0,1.0,0.0,0.0,1.0,0.0,0.0,0.0,0.0,0.0,0.0,0.0,0.0,0.0
-0.4686715,-0.6546343,0.0,0.0,0.0,1.0,0.0,0.0,0.0,0.0,0.0,0.0,0.0,0.0,1.0,0.0,0.0,0.0
0.63961047,-0.6572271,0.0,0.0,0.0,1.0,0.0,0.0,0.0,0.0,0.0,0.0,0.0,0.0,1.0,0.0,0.0,0.0
-0.73762697,-0.70654744,0.0,1.0,0.0,0.0,0.0,0.0,0.0,0.0,0.0,0.0,0.0,0.0,0.0,1.0,0.0,0.0
0.63961047,-0.62987185,0.0,0.0,0.0,1.0,0.0,0.0,0.0,0.0,0.0,0.0,0.0,0.0,1.0,0.0,0.0,0.0
-0.07060784,-0.53455865,0.07441956,0.018517077,0.0017604232,0.87059003,0.025414228,0.0054057837,0.052711666,-0.076021135,-0.043144345,0.012299418,0.015039444,-0.11743969,0.8688597,0.016934037,0.0036806464,-0.008561313
-0.57092094,-0.38310513,0.0,0.0,0.0,1.0,0.0,0.0,0.0,0.0,1.0,0.0,0.0,0.0,0.0,0.0,0.0,0.0
-0.5373015,0.27889338,0.0,0.0,0.0,0.0,1.0,0.0,0.0,0.0,0.0,1.0,0.0,0.0,0.0,0.0,0.0,0.0
-0.5999032,0.86663896,0.0,0.0,0.0,1.0,0.0,0.0,1.0,0.0,0.0,0.0,0.0,0.0,0.0,0.0,0.0,0.0
-0.5931721,-0.31595987,0.05498278,0.004238546,0.0058353543,0.95798296,0.03371638,0.0056812763,-0.0027988553,-0.0013048053,0.024787843,0.027226627,0.009425938,-0.0012757182,0.9640551,-0.0007930994,-0.0079571605,0.011801422
-0.73762697,-0.7064463,0.0,1.0,0.0,0.0,0.0,0.0,0.0,0.0,0.0,0.0,0.0,0.0,0.0,1.0,0.0,0.0
-0.73762697,-0.70643127,0.0,1.0,0.0,0.0,0.0,0.0,0.0,0.0,0.0,0.0,0.0,0.0,0.0,1.0,0.0,0.0
-0.7445827,1.7478017,0.0,0.0,0.0,1.0,0.0,0.0,1.0,0.0,0.0,0.0,0.0,0.0,0.0,0.0,0.0,0.0
-0.47484997,0.46074122,0.15760243,0.020358622,0.022224069,0.7704057,0.08143133,0.011118531,0.007979751,-0.03558153,0.104234576,0.08509898,0.011416316,-0.07819468,0.74122053,0.016429126,-0.028670728,0.028229535
0.39476827,1.9447224,0.0,0.0,0.0,1.0,0.0,0.0,1.0,0.0,0.0,0.0,0.0,0.0,0.0,0.0,0.0,0.0
0.65352196,-0.6664076,0.0,0.0,0.0,1.0,0.0,0.0,0.0,0.0,0.0,0.0,0.0,0.0,1.0,0.0,0.0,0.0
0.65352196,-0.66208977,0.0,0.0,0.0,1.0,0.0,0.0,0.0,0.0,0.0,0.0,0.0,0.0,1.0,0.0,0.0,0.0
-0.73762786,-0.7120898,0.038292766,-0.022702932,0.00065135956,0.9882241,0.02807206,0.0051456094,-0.0020818114,0.012239516,0.047512293,0.031445324,0.006757796,0.013177395,0.9864853,-0.045103967,0.00020301342,0.02605772
-0.5828059,0.22008538,0.07282108,0.011079192,0.006143391,0.9431396,0.039802253,0.005807936,-0.012691021,-0.0033516884,0.032304466,0.034454048,0.010401428,-0.019381046,0.9592666,-0.000859797,-0.0064733624,0.016179264
-0.62103605,-0.1444,0.19128352,0.03367877,0.015797615,0.98491937,0.12852675,0.021941721,0.96476537,-0.048763037,0.035309732,0.04743874,0.0046253204,-0.10321933,-0.008277178,0.009845257,-0.00041657686,0.0130370855
0.65352196,-0.6659581,0.0,0.0,0.0,1.0,0.0,0.0,0.0,0.0,0.0,0.0,0.0,0.0,1.0,0.0,0.0,0.0
0.65352196,-0.66588366,0.0,0.0,0.0,1.0,0.0,0.0,0.0,0.0,0.0,0.0,0.0,0.0,1.0,0.0,0.0,0.0
-0.73762697,-0.7065532,0.0,1.0,0.0,0.0,0.0,0.0,0.0,0.0,0.0,0.0,0.0,0.0,0.0,1.0,0.0,0.0
-0.59128094,-0.074641705,0.05982268,0.006198168,0.006761253,0.9490921,0.033841312,0.0070881248,-0.004563391,-0.0018746853,0.027432024,0.028405786,0.009135008,-0.007875025,0.95367867,-0.0033721924,-0.008650303,0.013061047
0.1361615,0.5723545,0.06712198,-0.04575771,-0.0054327846,1.1665099,0.06684816,0.007919848,1.4458151,-0.08481622,0.050498784,-0.08654821,-0.002470255,-0.14662999,0.0544402,-0.014689982,0.0139577985,0.007758975
1.3908309,-0.6680871,0.0,0.0,0.0,0.0,1.0,0.0,0.0,0.0,0.0,1.0,0.0,0.0,0.0,0.0,0.0,0.0
0.11213285,-0.57808745,0.017341316,0.006862223,0.0023200512,1.0005243,0.019211948,0.005842209,0.023153424,0.016300797,0.97813517,0.008707106,0.00877732,0.01549983,0.009420812,-0.01267904,0.004431963,0.009455025
-0.7263837,1.0590761,0.30086702,0.038345873,0.017447472,0.8141125,0.21008712,0.029562712,0.8960665,-0.04603672,0.060633957,0.10810584,0.016694427,-0.11847508,0.0125082135,-0.008660555,0.014478087,0.0222857
0.09389919,-0.5755032,0.015946507,0.0056197047,0.0033263564,0.99101716,0.01533556,0.002261877,0.017495394,0.012035906,1.0780218,0.009415686,0.008520603,0.01666534,0.006951213,-0.009281814,0.0034958124,0.007315755
0.1253931,-0.5789603,0.022052944,0.009235978,0.0028351545,0.9944863,0.025082171,0.0073961616,0.028753221,0.021359801,1.0239983,0.0121282935,0.010896087,0.019064784,0.01252538,-0.01680702,0.0051746964,0.012467146
-0.63831985,2.7523644,0.12681186,0.021364927,0.009533763,0.8541773,0.10343534,0.016165614,-0.048496068,-0.020036519,0.06011021,0.063764155,0.012106061,-0.02799815,0.9225288,0.0027530193,0.0014540553,-0.008056402
-0.6281899,0.7857936,0.0,0.0,0.0,1.0,0.0,0.0,0.0,0.0,0.0,0.0,0.0,1.0,0.0,0.0,0.0,0.0
3.5682108,0.07586207,0.0,0.0,0.0,1.0,0.0,0.0,1.0,0.0,0.0,0.0,0.0,0.0,0.0,0.0,0.0,0.0
-0.57517284,-0.70486236,0.062382996,-0.046298563,0.00081056356,0.97012216,0.05965668,0.013535082,0.0018408298,0.031017482,0.08823776,0.048029184,0.012035906,0.04352635,0.9357205,-0.088819265,-0.001198709,0.057115197
1.3630079,-0.66334033,0.0,1.0,0.0,0.0,0.0,0.0,0.0,1.0,0.0,0.0,0.0,0.0,0.0,0.0,0.0,0.0
-0.36688575,0.27894056,0.0,0.0,0.0,1.0,0.0,0.0,1.0,0.0,0.0,0.0,0.0,0.0,0.0,0.0,0.0,0.0
-0.5928537,1.7174823,0.11530757,0.024859726,0.013090134,0.7113319,0.085893095,0.021383762,-0.0495708,-0.029906392,0.03842628,0.07043022,0.0060697794,-0.048855424,0.89324945,0.014832377,-0.007546425,0.012251496
-0.05942017,-0.36280027,0.12052405,0.009090483,0.015342355,0.8527226,0.04641527,-0.0015529394,0.043471634,-0.14374626,-0.03313756,-0.0037162304,0.00024235249,-0.20398551,0.8302805,0.034910977,0.00010716915,-0.019762695
-0.5798793,0.023093522,0.06713569,0.0044165254,0.0064394474,0.95073336,0.03689456,0.008595884,-0.006757438,-0.0016128421,0.03205973,0.033416927,0.01081562,-0.011265397,0.9577194,-0.0055748224,-0.008598924,0.016732097
0.067616425,2.6873593,0.0,0.0,0.0,1.0,0.0,0.0,1.0,0.0,0.0,0.0,0.0,0.0,0.0,0.0,0.0,0.0
-0.73762786,-0.71209663,0.038292766,-0.022702932,0.00065135956,0.9882259,0.02807206,0.0051456094,-0.0020818114,0.012239516,0.047512293,0.031445324,0.006757796,0.013179123,0.98648363,-0.045103967,0.00020301342,0.02605772
1.4047424,-0.67909086,0.0,0.0,0.0,0.0,1.0,0.0,0.0,0.0,0.0,1.0,0.0,0.0,0.0,0.0,0.0,0.0
-0.2863588,-0.5684486,-0.007060349,0.017912984,0.00013279915,0.9185,-0.026139498,-0.0013527274,0.018024206,0.028054953,1.0649874,0.06321305,0.007873654,0.028202116,-0.045206666,-0.0029323697,-0.002677381,0.011128843
-0.52872276,0.8077347,0.0,0.0,0.0,1.0,0.0,0.0,1.0,0.0,0.0,0.0,0.0,0.0,0.0,0.0,0.0,0.0
-0.46890333,-0.6544971,0.0,0.0,0.0,1.0,0.0,0.0,0.0,0.0,0.0,0.0,0.0,0.0,1.0,0.0,0.0,0.0
0.08639693,0.7464472,0.0,0.0,0.0,1.0,0.0,0.0,0.0,0.0,0.0,0.0,0.0,0.0,1.0,0.0,0.0,0.0
0.14607757,0.6112042,0.06839019,-0.054879725,-0.010397673,0.6952564,0.06686014,-0.0018952489,0.34519333,-0.0781433,0.055412352,-0.09424281,0.0032493472,-0.13558435,0.05330211,-0.017741442,0.01901853,-0.0014348626
-0.59310704,-0.7116927,0.055545807,-0.043344617,0.0008019805,0.94778794,0.054397464,0.012230992,0.0008738637,0.030091584,0.083587766,0.045417488,0.011067212,0.04177046,0.9503979,-0.08302605,-0.00027793646,0.052810967
-0.5836257,2.727889,0.11091089,0.011732936,0.004635632,0.7967927,0.0791226,0.0104647875,-0.032526612,-0.034691572,0.050916374,0.040435493,0.01301825,-0.02014774,0.88442355,0.0077179074,-0.004763603,-0.0049124956
1.3908309,-0.6767629,0.0,0.0,0.0,0.0,1.0,0.0,0.0,0.0,0.0,1.0,0.0,0.0,0.0,0.0,0.0,0.0
1.3490964,-0.65815586,0.0,1.0,0.0,0.0,0.0,0.0,0.0,1.0,0.0,0.0,0.0,0.0,0.0,0.0,0.0,0.0
-0.4802644,-0.6462676,0.0,0.0,0.0,1.0,0.0,0.0,0.0,0.0,1.0,0.0,0.0,0.0,0.0,0.0,0.0,0.0
-0.4691352,-0.654596,0.0,0.0,0.0,1.0,0.0,0.0,0.0,0.0,0.0,0.0,0.0,0.0,1.0,0.0,0.0,0.0
0.14595777,-0.58440435,0.028270602,-0.0067540407,0.00013965368,0.9571478,0.034080923,0.0050361156,0.0043514967,-0.017335832,0.9773856,-0.044838667,-0.0017001629,-0.01294601,0.027770877,-0.0072999597,0.0041701198,-5.7160854e-05
-0.5931293,-0.31487653,0.054965615,0.0042454004,0.0058370233,0.9580565,0.03370273,0.0056761503,-0.0027817488,-0.0013253093,0.024748445,0.027211249,0.009408832,-0.0013030767,0.96406204,-0.00076395273,-0.0079571605,0.011780858
-0.12172514,-0.4206093,0.124973774,0.026846707,0.013223648,0.9010417,0.07850993,0.0015636086,0.06284511,-0.085767806,-0.05801165,0.024207652,0.019756198,-0.16113615,0.9065748,0.0329839,-0.00840044,-0.0039301515
1.3630079,-0.6730128,0.0,1.0,0.0,0.0,0.0,0.0,0.0,1.0,0.0,0.0,0.0,0.0,0.0,0.0,0.0,0.0
1.4047424,-0.6780568,0.0,0.0,0.0,0.0,1.0,0.0,0.0,0.0,0.0,1.0,0.0,0.0,0.0,0.0,0.0,0.0
-0.5912878,-0.072007775,0.05973369,0.006441176,0.006834805,0.9491108,0.033837914,0.0070367455,-0.0052907467,-0.001967132,0.027342975,0.028388679,0.009164095,-0.008669138,0.9535914,-0.003091514,-0.008746147,0.012869358
0.10286373,-0.5796928,0.0168553,0.0064582825,0.0009816885,1.0062182,0.01824671,0.0051730275,0.020415068,0.014799833,0.9378359,0.0069186687,0.0071924925,0.013023376,0.00927192,-0.011333823,0.0039476156,0.0084607005
-0.58599174,-0.7044241,0.0,0.0,0.0,1.0,0.0,0.0,0.0,0.0,1.0,0.0,0.0,0.0,0.0,0.0,0.0,0.0
-0.63418674,-0.02879566,0.17195284,0.028927803,0.010079682,0.8192571,0.105299115,0.020026565,0.9382586,-0.058449745,0.027483344,0.03214699,-0.0005671382,-0.112998486,-0.0050151944,0.0141375065,0.0015019774,0.0063761473
0.65352196,-0.66001046,0.0,0.0,0.0,1.0,0.0,0.0,0.0,0.0,0.0,0.0,0.0,0.0,1.0,0.0,0.0,0.0
-0.6675016,0.74350363,0.035732508,0.0065062046,0.0031415224,0.45889968,0.027377248,0.004801631,0.3664717,-0.009295523,0.010723233,0.015169501,0.0024021864,-0.03104788,0.0034410357,0.00012427568,0.00041860342,0.0029703975
-0.73762697,2.2251725,1.0,0.0,0.0,0.0,0.0,0.0,1.0,0.0,0.0,0.0,0.0,0.0,0.0,0.0,0.0,0.0
0.65352196,-0.66357195,0.0,0.0,0.0,1.0,0.0,0.0,0.0,0.0,0.0,0.0,0.0,0.0,1.0,0.0,0.0,0.0
0.65352196,-0.6633477,0.0,0.0,0.0,1.0,0.0,0.0,0.0,0.0,0.0,0.0,0.0,0.0,1.0,0.0,0.0,0.0
-0.73762697,-0.7065329,0.0,1.0,0.0,0.0,0.0,0.0,0.0,0.0,0.0,0.0,0.0,0.0,0.0,1.0,0.0,0.0
-0.41998127,-0.6533204,0.0,0.0,0.0,1.0,0.0,0.0,0.0,0.0,0.0,0.0,0.0,0.0,1.0,0.0,0.0,0.0
0.65352196,-0.66505194,0.0,0.0,0.0,1.0,0.0,0.0,0.0,0.0,0.0,0.0,0.0,0.0,1.0,0.0,0.0,0.0
1.3908309,-0.67829126,0.0,0.0,0.0,0.0,1.0,0.0,0.0,0.0,0.0,1.0,0.0,0.0,0.0,0.0,0.0,0.0
-0.5962664,-0.23549652,0.13832301,0.023380995,0.005238056,0.8405816,0.08811796,0.017396092,0.92819196,-0.041484296,0.021607935,0.02370274,0.001743257,-0.0827899,-0.0034937263,0.01100558,0.0006599426,0.009876072
-0.56263995,-0.7059765,0.06878209,-0.049225092,-0.0035416484,0.87183934,0.066916645,0.01552552,0.0059311986,0.029980302,0.090676546,0.04956436,0.013033628,0.03723854,0.9052637,-0.08929676,-0.0023453236,0.0612911
-0.73762786,-0.7120778,0.038292766,-0.022702932,0.00065135956,0.9882259,0.02807206,0.0051456094,-0.0020818114,0.012239516,0.047512293,0.031445324,0.006757796,0.013179123,0.986487,-0.045103967,0.00020301342,0.026059449
0.29669228,2.640476,0.0,0.0,0.0,1.0,0.0,0.0,1.0,0.0,0.0,0.0,0.0,0.0,0.0,0.0,0.0,0.0
0.07341288,2.6892326,0.0,0.0,0.0,1.0,0.0,0.0,1.0,0.0,0.0,0.0,0.0,0.0,0.0,0.0,0.0,0.0
0.65352196,-0.6655365,0.0,0.0,0.0,1.0,0.0,0.0,0.0,0.0,0.0,0.0,0.0,0.0,1.0,0.0,0.0,0.0
-0.6713155,-0.712296,0.0,0.0,0.0,0.0,1.0,0.0,0.0,0.0,0.0,1.0,0.0,0.0,0.0,0.0,0.0,0.0
-0.5732903,-0.12882763,0.16336143,0.030356824,0.0043720603,0.790392,0.097844064,0.02268958,0.88336414,-0.05701387,0.024233341,0.026963055,0.0031466484,-0.11163449,0.005717218,0.02253896,-0.0015204549,0.0097408295
1.2612222,1.0916271,0.0,0.0,0.0,1.0,0.0,0.0,1.0,0.0,0.0,0.0,0.0,0.0,0.0,0.0,0.0,0.0
-0.5692979,-0.7047077,0.0,0.0,0.0,1.0,0.0,0.0,0.0,0.0,1.0,0.0,0.0,0.0,0.0,0.0,0.0,0.0
-0.7237155,0.9767499,1.0,0.0,0.0,0.0,0.0,0.0,1.0,0.0,0.0,0.0,0.0,0.0,0.0,0.0,0.0,0.0
-0.5739351,-0.70570624,0.0,0.0,0.0,1.0,0.0,0.0,0.0,0.0,1.0,0.0,0.0,0.0,0.0,0.0,0.0,0.0
-0.63599575,-0.4800767,0.08090937,0.014125526,0.000978291,0.8115967,0.05417323,0.010719776,-0.038874328,-0.032838047,0.016827941,0.015965343,0.0063213706,0.6105452,-0.0010086894,0.007933557,-0.0045702457,0.008768737
-0.60059875,0.98417646,0.0,0.0,0.0,1.0,0.0,0.0,1.0,0.0,0.0,0.0,0.0,0.0,0.0,0.0,0.0,0.0
0.0499357,0.6269768,0.039723575,-0.03172052,-0.0055063963,0.8551323,0.043493867,0.002029121,0.6176067,-0.0564816,0.032593727,-0.068261445,5.7518482e-05,-0.08968353,0.025789022,-0.008446634,0.010125935,0.0021848083
0.65352196,-0.66167986,0.0,0.0,0.0,1.0,0.0,0.0,0.0,0.0,0.0,0.0,0.0,0.0,1.0,0.0,0.0,0.0
0.65352196,-0.6600313,0.0,0.0,0.0,1.0,0.0,0.0,0.0,0.0,0.0,0.0,0.0,0.0,1.0,0.0,0.0,0.0
-0.64998454,2.673557,0.0,0.0,0.0,1.0,0.0,0.0,0.0,0.0,1.0,0.0,0.0,0.0,0.0,0.0,0.0,0.0
1.3630079,-0.6718563,0.0,1.0,0.0,0.0,0.0,0.0,0.0,1.0,0.0,0.0,0.0,0.0,0.0,0.0,0.0,0.0
1.9438126,0.09537766,0.0,0.0,0.0,0.0,1.0,0.0,1.0,0.0,0.0,0.0,0.0,0.0,0.0,0.0,0.0,0.0
1.3908309,-0.67322373,0.0,0.0,0.0,0.0,1.0,0.0,0.0,0.0,0.0,1.0,0.0,0.0,0.0,0.0,0.0,0.0
-0.6057991,-0.7034761,0.051037908,-0.04174781,-0.0011935234,0.93712395,0.051686525,0.011606336,0.003172338,0.028597474,0.0819003,0.047089577,0.010853291,0.043853283,0.9547022,-0.081364214,0.00057947636,0.051496565
0.65352196,-0.6645816,0.0,0.0,0.0,1.0,0.0,0.0,0.0,0.0,0.0,0.0,0.0,0.0,1.0,0.0,0.0,0.0
0.09238285,-0.5636737,0.021447062,-0.0134320855,-0.0014879107,1.0239863,0.025520325,0.002456963,-0.01103431,-0.03575778,0.97934693,-0.05750847,-0.007253766,-0.026512563,0.023314297,0.0005247593,0.002462089,-0.007055223
-0.580824,0.24325997,0.078968585,0.013571024,0.006033838,0.9433655,0.04217434,0.0065062046,-0.012562633,-0.002643168,0.034245253,0.0368706,0.01153785,-0.017231464,0.9664101,-0.00090944767,-0.00712198,0.01662767
-0.19623816,0.5573469,0.0,0.0,0.0,1.0,0.0,0.0,1.0,0.0,0.0,0.0,0.0,0.0,0.0,0.0,0.0,0.0
2.531341,-0.6870451,0.0,0.0,0.0,0.0,1.0,0.0,1.0,0.0,0.0,0.0,0.0,0.0,0.0,0.0,0.0,0.0
-0.5907196,1.3636026,0.11506969,0.023144841,0.014452457,0.7337398,0.09097433,0.016963124,-0.057641983,-0.018848777,0.04339975,0.07250106,0.006317973,-0.060577095,0.887386,0.006275177,-0.0056313276,0.013120949
-0.73762697,-0.706473,0.0,1.0,0.0,0.0,0.0,0.0,0.0,0.0,0.0,0.0,0.0,0.0,0.0,1.0,0.0,0.0
-0.4686715,-0.65464413,0.0,0.0,0.0,1.0,0.0,0.0,0.0,0.0,0.0,0.0,0.0,0.0,1.0,0.0,0.0,0.0
-0.73762697,-0.7065497,0.0,1.0,0.0,0.0,0.0,0.0,0.0,0.0,0.0,0.0,0.0,0.0,0.0,1.0,0.0,0.0
0.15580195,-0.5683408,0.021248579,-0.017902315,0.00030225515,1.0471404,0.030659795,0.002456963,-0.014210761,-0.038412213,0.96628517,-0.06614441,-0.00857842,-0.03130293,0.03330052,0.00056409836,0.0029309988,-0.009661734
0.13949245,-0.7110385,0.0,0.0,0.0,0.0,1.0,0.0,1.0,0.0,0.0,0.0,0.0,0.0,0.0,0.0,0.0,0.0
0.6101645,-0.68270624,0.0,0.0,0.0,0.0,1.0,0.0,1.0,0.0,0.0,0.0,0.0,0.0,0.0,0.0,0.0,0.0
-0.73762697,-0.70648843,0.0,1.0,0.0,0.0,0.0,0.0,0.0,0.0,0.0,0.0,0.0,0.0,0.0,1.0,0.0,0.0
0.65352196,-0.66334224,0.0,0.0,0.0,1.0,0.0,0.0,0.0,0.0,0.0,0.0,0.0,0.0,1.0,0.0,0.0,0.0
-0.6281899,0.48837006,0.0,0.0,0.0,1.0,0.0,0.0,0.0,0.0,0.0,0.0,0.0,1.0,0.0,0.0,0.0,0.0
-0.7464127,5.586201,0.25191814,-0.017902315,0.03584546,0.944786,0.16407847,0.021334112,0.86068934,-0.026033401,0.14676726,0.07907468,-0.0029563308,0.04385841,0.047231615,-0.050969064,0.001134038,0.037733138
-0.67396057,0.85228616,0.07834393,0.015510082,0.007312298,0.9296655,0.050216377,0.005696714,-0.02099663,-0.009637773,0.018407583,0.04354006,0.0058558583,-0.022030354,0.94288975,0.006596923,-0.0048166513,0.014055371
0.111186445,0.60376114,0.057940125,-0.035003066,-0.004866302,1.0767996,0.03990668,0.007437229,1.0904553,-0.08017135,0.033504188,-0.09042287,-0.0047824383,-0.113619745,0.013136327,-0.00893271,0.0063111186,0.0059568286
1.3769194,-0.6758526,0.0,1.0,0.0,0.0,0.0,0.0,0.0,1.0,0.0,0.0,0.0,0.0,0.0,0.0,0.0,0.0
0.075626135,0.5806995,0.052253008,-0.04588437,-0.008234441,0.8141108,0.051019073,-0.005104184,0.711883,-0.06421906,0.03999394,-0.08378422,0.0068758726,-0.10718471,0.039458275,-0.013522744,0.015597403,-0.0025609732
1.8415632,0.0338602,0.0,0.0,0.0,0.0,1.0,0.0,1.0,0.0,0.0,0.0,0.0,0.0,0.0,0.0,0.0,0.0
0.027289927,0.6025186,0.031643867,-0.02716297,-0.0025061965,0.78355306,0.03637767,0.0041033626,0.43526298,-0.05063021,0.026283622,-0.056615114,-0.0010600686,-0.08507633,0.02591908,-0.0074899197,0.006872475,0.0048512816
-0.117823064,-0.12971413,0.1827606,0.001902461,0.02475357,0.86320347,0.080804944,0.047697127,0.04557669,-0.15056801,-0.103643775,0.017101765,0.039834797,-0.30115592,1.0554614,0.0026058555,-0.028092265,0.040863395
0.07003659,0.63182014,0.07379663,-0.0295915,-0.01116097,1.0532966,0.057106674,0.011147618,0.8664039,-0.094211996,0.041748166,-0.10740721,-0.009329736,-0.10621607,0.010750592,-0.0036152601,0.009109318,0.0071685314
-0.5891895,2.4858077,0.16403574,0.030447543,0.016733766,0.8032089,0.1325401,0.020230234,-0.065172315,-0.028355837,0.07353306,0.085615814,0.01646167,-0.03623873,0.8752673,0.008150935,-0.001929462,-0.0020287037
-0.5750944,-0.23530369,0.0,0.0,0.0,1.0,0.0,0.0,0.0,0.0,1.0,0.0,0.0,0.0,0.0,0.0,0.0,0.0
0.39198598,2.1133916,0.0,0.0,0.0,1.0,0.0,0.0,1.0,0.0,0.0,0.0,0.0,0.0,0.0,0.0,0.0,0.0
-0.6374642,-0.66844285,0.0,0.0,0.0,0.0,1.0,0.0,0.0,0.0,0.0,1.0,0.0,0.0,0.0,0.0,0.0,0.0
-0.73762786,-0.71209145,0.038292766,-0.022702932,0.00065135956,0.9882241,0.02807206,0.0051456094,-0.0020818114,0.012239516,0.047512293,0.031445324,0.006757796,0.013179123,0.9864853,-0.045103967,0.00020301342,0.02605772
-0.6086966,-0.3407843,0.048018932,0.0033897161,0.0049642324,0.9661277,0.029579878,0.005142212,-0.0026893616,-0.00047647953,0.02232337,0.023774624,0.0082707405,-0.00025570393,0.9664888,-0.0016933084,-0.00657773,0.010812223
0.61804765,-0.6903109,0.0,0.0,0.0,1.0,0.0,0.0,0.0,0.0,0.0,0.0,0.0,0.0,1.0,0.0,0.0,0.0
-0.2581443,-0.71103734,0.0,0.0,0.0,0.0,1.0,0.0,1.0,0.0,0.0,0.0,0.0,0.0,0.0,0.0,0.0,0.0
2.9934344,1.7580234,0.0,0.0,0.0,1.0,0.0,0.0,1.0,0.0,0.0,0.0,0.0,0.0,0.0,0.0,0.0,0.0
-0.6190833,-0.05744344,0.24810338,0.052206814,0.020368874,0.93111676,0.15846324,0.037353218,0.9765486,-0.08418125,0.04974401,0.05227357,0.00410676,-0.16510671,-0.009584725,0.020748794,-0.0040824413,0.012836814
-0.73762697,1.3733166,1.0,0.0,0.0,0.0,0.0,0.0,1.0,0.0,0.0,0.0,0.0,0.0,0.0,0.0,0.0,0.0
-0.5931053,-0.7117064,0.055537283,-0.04334289,0.0008019805,0.94779986,0.054392338,0.012229264,0.0008738637,0.030091584,0.08358264,0.04541409,0.011065483,0.04176873,0.95040125,-0.08302432,-0.00027620792,0.05280751
-0.73762697,-0.70645636,0.0,1.0,0.0,0.0,0.0,0.0,0.0,0.0,0.0,0.0,0.0,0.0,0.0,1.0,0.0,0.0
0.08463001,-0.5643891,0.015460491,0.006213546,0.0034444332,0.99320954,0.014466107,0.0022498965,0.01552552,0.011989653,1.0699368,0.013091862,0.009682655,0.017890692,0.0041461587,-0.008296013,0.0047263503,0.007218182
-0.46843964,-0.65461624,0.0,0.0,0.0,1.0,0.0,0.0,0.0,0.0,0.0,0.0,0.0,0.0,1.0,0.0,0.0,0.0
-0.58599174,3.9911394,0.0,0.0,0.0,1.0,0.0,0.0,0.0,0.0,0.0,0.0,0.0,0.0,1.0,0.0,0.0,0.0
-0.579816,0.47417432,0.077310205,0.0020769835,-0.0065024495,0.56718427,0.05178237,0.010851562,0.26125747,-0.033539772,0.026131272,0.008821785,-0.0016710162,-0.08567536,0.016427457,0.008412778,0.0039048195,0.0013017058
0.1256327,-0.575433,0.004291594,-0.0145667195,0.0028454661,1.05706,0.026394844,0.00027483702,-0.012925446,-0.030686796,0.93663794,-0.05348319,-0.0051349998,-0.034184992,0.033966243,0.0023063421,0.0046424866,-0.008104324
-0.7250505,2.3051531,0.38406354,0.041638672,-0.025078416,0.61395615,0.25665885,0.026987016,0.9255273,-0.100946546,0.085121214,0.112324536,0.010788262,-0.13959426,-0.019880772,0.017402947,0.0034204721,0.028831959
-0.46820778,-0.65419173,0.0,0.0,0.0,1.0,0.0,0.0,0.0,0.0,0.0,0.0,0.0,0.0,1.0,0.0,0.0,0.0
2.7068577,0.07474193,0.0,0.0,0.0,1.0,0.0,0.0,1.0,0.0,0.0,0.0,0.0,0.0,0.0,0.0,0.0,0.0
-0.73762697,1.8873767,1.0,0.0,0.0,0.0,0.0,0.0,1.0,0.0,0.0,0.0,0.0,0.0,0.0,0.0,0.0,0.0
-0.4679759,-0.6545263,0.0,0.0,0.0,1.0,0.0,0.0,0.0,0.0,0.0,0.0,0.0,0.0,1.0,0.0,0.0,0.0
-0.570884,-0.22735864,0.14062148,0.02817303,0.0010484457,0.83759683,0.08730674,0.02069062,0.9219212,-0.05021435,0.02385509,0.019964993,0.0023354292,-0.100059986,0.0016559958,0.019761324,0.00023376942,0.011026144
1.8366941,0.09126118,0.0,0.0,0.0,1.0,0.0,0.0,1.0,0.0,0.0,0.0,0.0,0.0,0.0,0.0,0.0,0.0
-0.7100737,2.346137,0.12104094,0.02707088,0.008113265,0.85622245,0.09414905,0.01853764,-0.053017676,-0.017162979,0.042258203,0.07697821,0.0038004518,-0.026033401,0.9560165,0.009314716,-0.005138397,0.012794077
0.04064089,0.5228904,0.03652829,-0.027217686,-0.0036049485,0.8693355,0.04237628,0.005058348,0.5773023,-0.05548042,0.028972268,-0.061196625,-0.001559794,-0.09087986,0.027291656,-0.00714767,0.012349069,0.0027307868
0.63961047,-0.6606043,0.0,0.0,0.0,1.0,0.0,0.0,0.0,0.0,0.0,0.0,0.0,0.0,1.0,0.0,0.0,0.0
-0.13827361,0.62429124,0.0,0.0,0.0,1.0,0.0,0.0,1.0,0.0,0.0,0.0,0.0,0.0,0.0,0.0,0.0,0.0
1.049072,0.7824063,0.0,0.0,0.0,0.0,1.0,0.0,1.0,0.0,0.0,0.0,0.0,0.0,0.0,0.0,0.0,0.0
0.65352196,-0.6643058,0.0,0.0,0.0,1.0,0.0,0.0,0.0,0.0,0.0,0.0,0.0,0.0,1.0,0.0,0.0,0.0
-0.68598515,2.3285418,0.27012783,0.0112589,-0.0074386,0.6622667,0.19466704,0.020062506,0.8923715,-0.07217038,0.08010155,0.086969554,0.0059174895,-0.048535407,-0.006192684,0.009265065,-0.0011832714,0.020338058
0.66372377,-0.6735243,0.0,0.0,0.0,0.0,1.0,0.0,1.0,0.0,0.0,0.0,0.0,0.0,0.0,0.0,0.0,0.0
2.4165714,0.6191807,0.0,0.0,0.0,1.0,0.0,0.0,1.0,0.0,0.0,0.0,0.0,0.0,0.0,0.0,0.0,0.0
0.12450832,-0.58037907,0.020985007,-0.016014636,-0.00023514032,1.0022442,0.029211879,0.0030303001,-0.009458065,-0.034166157,0.99113697,-0.060679793,-0.0070432425,-0.026139498,0.029264927,-0.0012996793,0.0030422807,-0.0074694157
-0.5836308,2.7229226,0.110630214,0.011703849,0.0046253204,0.7972,0.07892406,0.010437369,-0.032449603,-0.034614563,0.05079317,0.04033798,0.012985706,-0.020096421,0.8846666,0.0076974034,-0.0047550797,-0.0049022436
2.629881,-0.6450392,0.0,0.0,0.0,0.0,1.0,0.0,1.0,0.0,0.0,0.0,0.0,0.0,0.0,0.0,0.0,0.0
-0.73762697,-0.70648235,0.0,1.0,0.0,0.0,0.0,0.0,0.0,0.0,0.0,0.0,0.0,0.0,0.0,1.0,0.0,0.0
1.2579762,0.19507754,0.0,0.0,0.0,1.0,0.0,0.0,1.0,0.0,0.0,0.0,0.0,0.0,0.0,0.0,0.0,0.0
-0.75153846,-0.71229726,0.0,1.0,0.0,0.0,0.0,0.0,0.0,1.0,0.0,0.0,0.0,0.0,0.0,0.0,0.0,0.0
-0.73762697,5.667548,1.0,0.0,0.0,0.0,0.0,0.0,1.0,0.0,0.0,0.0,0.0,0.0,0.0,0.0,0.0,0.0
0.049107373,0.59302694,0.036670327,-0.03308451,-0.0025627017,0.33758253,0.041672885,0.0047366023,0.3786177,-0.061853826,0.032699823,-0.06924552,-0.0015666485,-0.1002568,0.027455926,-0.009038806,0.00796777,0.0053253174
-0.5934117,-0.31692854,0.054900587,0.0043823123,0.005686462,0.9573532,0.033771157,0.0057138205,-0.0031257868,-0.0011182427,0.025114715,0.027149618,0.009728849,-0.0010378361,0.9637522,-0.0008957386,-0.00790751,0.011845887
-0.7251395,0.6440467,0.35295647,0.04047829,-0.022773087,0.29325968,0.26620692,0.02717185,0.546202,-0.08026379,0.08095044,0.119276404,0.029347122,-0.16341579,-0.006043792,0.006547272,0.013191104,0.021079123
-0.58460057,-0.7066436,0.0,0.0,0.0,1.0,0.0,0.0,0.0,0.0,1.0,0.0,0.0,0.0,0.0,0.0,0.0,0.0
0.65352196,-0.6633631,0.0,0.0,0.0,1.0,0.0,0.0,0.0,0.0,0.0,0.0,0.0,0.0,1.0,0.0,0.0,0.0
-0.5905758,-0.58992034,0.040355086,-0.03702253,0.00015163422,0.9930795,0.04034996,0.008756757,0.0019058585,0.02609706,0.0678733,0.035150588,0.0078052282,0.038977385,0.9374508,-0.06834704,9.685755e-05,0.042834938
-0.587947,-0.25582328,0.21421343,0.033848166,0.012780368,0.8711787,0.15254337,0.02907157,0.88311094,-0.054866016,0.040343106,0.045106053,0.0041872263,-0.1139552,-0.013289988,0.0069357753,-0.0019791126,0.020641029
0.0865674,-0.56382257,0.02645135,0.001527667,0.0005555153,1.0221329,0.026396573,0.00879097,0.01929754,-0.0013270378,0.9705723,-0.015561104,0.007004261,0.0037525296,0.019511461,-0.014368236,0.007505715,0.0062769055
-0.5977673,-0.23513198,0.13676906,0.023292005,0.0050224066,0.8505525,0.08731526,0.017346501,0.93442327,-0.041893303,0.021354675,0.023485422,0.001743257,-0.08362675,-0.0031120777,0.01106894,0.0007318258,0.009944499
0.12464005,-0.5847056,0.020815551,-0.016006052,-0.00021976233,1.002239,0.029165685,0.0030046105,-0.009521425,-0.034029245,0.9910925,-0.060590804,-0.007039845,-0.026122391,0.029461741,-0.0012620091,0.003026843,-0.0075002313
-0.5931053,-0.7117064,0.055537283,-0.04334289,0.0008019805,0.94779986,0.054392338,0.012229264,0.0008738637,0.030091584,0.08358264,0.04541409,0.011065483,0.04176873,0.95040125,-0.08302432,-0.00027620792,0.05280751
0.059198022,0.58101434,0.048179805,-0.02252835,-0.0032301545,0.78539115,0.04764408,0.0070402026,0.6449589,-0.05158007,0.030269563,-0.05344379,-0.0035365224,-0.06867391,0.013915062,-0.009880841,0.00452435,0.004606545
-0.012949407,-0.3660777,0.14352238,0.021950245,0.011306822,0.818682,0.032746017,7.802248e-05,0.080599606,-0.13899016,-0.05277121,-0.007657647,0.003745675,-0.19185483,0.80915445,0.0374884,0.008919358,-0.011525512
-0.070919335,-0.44262695,0.13278139,0.037676692,0.011308491,0.91788226,0.061169624,-0.009523153,0.0666548,-0.09220278,-0.050373495,0.035821497,0.0067646503,-0.1707784,0.9035694,0.035722196,-0.01322329,-0.021292686
-0.27649236,-0.58108586,-0.005251348,0.017269492,0.00016874075,0.9188954,-0.023871839,-0.0013048053,0.016622543,0.025166035,1.0557353,0.05906284,0.0073054433,0.024923027,-0.042565882,-0.0024463534,-0.0025233626,0.010298789
1.8424906,2.114182,0.0,0.0,0.0,1.0,0.0,0.0,1.0,0.0,0.0,0.0,0.0,0.0,0.0,0.0,0.0,0.0
-0.11601523,-0.7111519,0.0,0.0,0.0,0.0,1.0,0.0,1.0,0.0,0.0,0.0,0.0,0.0,0.0,0.0,0.0,0.0
0.14187771,0.6306444,0.06459761,-0.047385335,-0.004316926,0.7198464,0.066054046,0.0063504577,0.45557946,-0.084502995,0.052093863,-0.08841878,-0.0012996793,-0.1446122,0.052386522,-0.014927864,0.014729679,0.006319642
-0.592811,-0.7061784,0.055253148,-0.043195724,0.0009200573,0.92819875,0.05359137,0.012135148,0.0004580021,0.03037393,0.08362025,0.045003355,0.010981619,0.041876554,0.957805,-0.08276594,-0.00019407272,0.05255252
-0.58599174,3.9883492,0.0,0.0,0.0,1.0,0.0,0.0,0.0,0.0,0.0,0.0,0.0,0.0,1.0,0.0,0.0,0.0
-0.71933603,2.3486016,0.12128049,0.02512157,0.009439647,0.8510744,0.09227502,0.018852532,-0.05301422,-0.014760137,0.041657507,0.0747242,0.004863262,-0.02088368,0.9531259,0.008970678,-0.0051007867,0.0141204
0.12457162,-0.58278537,0.020887434,-0.016014636,-0.00022655725,1.002239,0.02918452,0.0030148625,-0.00950259,-0.0340994,0.9911335,-0.060642123,-0.0070432425,-0.026139498,0.029377878,-0.0012757182,0.0030336976,-0.007491648
-0.5912895,-0.07194275,0.059737146,0.0064394474,0.006834805,0.94910914,0.033839643,0.0070367455,-0.0052907467,-0.001967132,0.027346432,0.028390408,0.009164095,-0.008667409,0.95358795,-0.0030932426,-0.008746147,0.012869358
-0.73762786,-0.71210515,0.038292766,-0.022702932,0.00065135956,0.9882241,0.02807206,0.0051456094,-0.0020818114,0.012239516,0.047512293,0.031445324,0.0067560673,0.013177395,0.98648185,-0.04510224,0.00020301342,0.02605772
1.9394073,0.087648764,0.0,0.0,0.0,0.0,1.0,0.0,1.0,0.0,0.0,0.0,0.0,0.0,0.0,0.0,0.0,0.0
1.3908309,-0.67675465,0.0,0.0,0.0,0.0,1.0,0.0,0.0,0.0,0.0,1.0,0.0,0.0,0.0,0.0,0.0,0.0
0.15580708,-0.56834763,0.021248579,-0.017902315,0.00030225515,1.047142,0.030659795,0.002456963,-0.014210761,-0.038412213,0.96628517,-0.066146135,-0.00857842,-0.03130293,0.03330052,0.00056409836,0.0029309988,-0.009661734
-0.73391724,-0.71221733,0.0,0.0,0.0,0.0,1.0,0.0,1.0,0.0,0.0,0.0,0.0,0.0,0.0,0.0,0.0,0.0
0.65352196,-0.66111845,0.0,0.0,0.0,1.0,0.0,0.0,0.0,0.0,0.0,0.0,0.0,0.0,1.0,0.0,0.0,0.0
-0.4902461,-0.34794328,0.20662487,0.037271082,-0.0028604865,0.864896,0.13185209,0.025482655,0.9335025,-0.07552993,0.04084629,0.016720116,-0.0021057725,-0.14115167,0.0035693645,0.027866721,0.00017559528,0.02605772
-0.2729832,-0.6886515,0.0,0.0,0.0,1.0,0.0,0.0,0.0,0.0,0.0,0.0,0.0,0.0,1.0,0.0,0.0,0.0
-0.73762697,1.5504925,1.0,0.0,0.0,0.0,0.0,0.0,1.0,0.0,0.0,0.0,0.0,0.0,0.0,0.0,0.0,0.0
-0.66691023,-0.7120058,0.0,0.0,0.0,1.0,0.0,0.0,0.0,0.0,1.0,0.0,0.0,0.0,0.0,0.0,0.0,0.0
-0.73762697,1.358629,1.0,0.0,0.0,0.0,0.0,0.0,1.0,0.0,0.0,0.0,0.0,0.0,0.0,0.0,0.0,0.0
-0.73762697,-0.7065191,0.0,1.0,0.0,0.0,0.0,0.0,0.0,0.0,0.0,0.0,0.0,0.0,0.0,1.0,0.0,0.0
-0.61103237,0.99638236,0.0,0.0,0.0,1.0,0.0,0.0,0.0,0.0,0.0,0.0,0.0,1.0,0.0,0.0,0.0,0.0
-0.4691352,-0.6546514,0.0,0.0,0.0,1.0,0.0,0.0,0.0,0.0,0.0,0.0,0.0,0.0,1.0,0.0,0.0,0.0
0.1177156,-0.5787703,0.02099353,0.00885433,0.0025288463,1.000365,0.023692489,0.0069357753,0.026863813,0.020189166,0.9917907,0.011329055,0.010148168,0.017890692,0.011851072,-0.01589483,0.004983008,0.011744916
0.11287737,-0.55335027,0.02869159,-0.0063124895,-0.0006955266,1.0016418,0.032131612,0.0049419403,0.0034940839,-0.02137655,0.9889429,-0.042817473,-0.0014126301,-0.014987767,0.023774624,-0.0073256493,0.0043874383,0.000115692616
-0.73762697,2.577662,1.0,0.0,0.0,0.0,0.0,0.0,1.0,0.0,0.0,0.0,0.0,0.0,0.0,0.0,0.0,0.0
0.08244455,-0.55427617,0.017861605,0.0076546073,0.0015550256,0.9989069,0.018832028,0.0047228932,0.019581616,0.015516937,1.0169268,0.010050595,0.008262157,0.0150309205,0.007847965,-0.012560964,0.004242003,0.009162366
-0.59310704,-0.7116756,0.05555606,-0.043346345,0.0008019805,0.94777936,0.054405987,0.012230992,0.0008738637,0.030093312,0.08359462,0.045424342,0.01106894,0.041772127,0.950391,-0.083032906,-0.00027793646,0.052816093
-0.5420873,0.09275937,0.12474275,0.022992492,0.002783835,0.749023,0.07475674,0.013976634,0.687774,-0.058121204,0.019456685,0.011032999,-0.002270043,-0.101554096,0.005871296,0.02192974,-2.4616718e-05,0.012268662
-0.5915291,-0.021196842,0.06160772,0.007281482,0.00643605,0.9500522,0.034483135,0.0067595243,-0.0075036287,-0.0021913052,0.029179394,0.029276907,0.008732796,-0.0107296705,0.95137686,-0.0030487776,-0.007245183,0.013851702
-0.73762786,-0.7120778,0.038292766,-0.022702932,0.00065135956,0.9882259,0.02807206,0.0051456094,-0.0020818114,0.012239516,0.047512293,0.031445324,0.006757796,0.013179123,0.986487,-0.045103967,0.00020301342,0.026059449
2.9934344,1.7575337,0.0,0.0,0.0,1.0,0.0,0.0,1.0,0.0,0.0,0.0,0.0,0.0,0.0,0.0,0.0,0.0
-0.64998454,2.6559606,0.0,0.0,0.0,1.0,0.0,0.0,0.0,0.0,1.0,0.0,0.0,0.0,0.0,0.0,0.0,0.0
-0.46820778,-0.6546415,0.0,0.0,0.0,1.0,0.0,0.0,0.0,0.0,0.0,0.0,0.0,0.0,1.0,0.0,0.0,0.0
0.067840815,0.5893765,0.051270664,-0.033671558,-0.0023556352,0.7622079,0.050652802,0.0046492815,0.48374635,-0.06695223,0.037442207,-0.06904358,0.00050246716,-0.113467455,0.037976205,-0.0101735,0.01154983,0.005453706
-0.5931053,-0.7117013,0.05554068,-0.04334289,0.0008019805,0.94779474,0.054394007,0.012229264,0.0008738637,0.030091584,0.08358437,0.04541582,0.011065483,0.04176873,0.95040125,-0.08302432,-0.00027620792,0.05280924
0.10564482,-0.5831653,0.019042492,0.005924344,0.0009714365,0.99023336,0.023225248,0.006475389,0.025455296,0.017781198,1.056781,0.010642767,0.009846926,0.017096639,0.012225866,-0.016079664,0.0047622323,0.011305094
0.04303946,-0.7097482,0.0,0.0,0.0,0.0,1.0,0.0,1.0,0.0,0.0,0.0,0.0,0.0,0.0,0.0,0.0,0.0
0.63961047,-0.6300054,0.0,0.0,0.0,1.0,0.0,0.0,0.0,0.0,0.0,0.0,0.0,0.0,1.0,0.0,0.0,0.0
-0.5612383,-0.45090008,0.09435445,0.01748681,0.0028197765,0.6681815,0.05979532,0.009631336,0.004597962,-0.019863665,0.02181679,0.035799205,0.018219292,-0.028256536,0.80383354,0.025621295,-0.017411172,0.008772194
-0.72572994,2.7947927,0.31679887,0.0042316914,-0.011496425,0.64196724,0.22344321,0.023141444,0.86592287,-0.06930202,0.10069871,0.096615255,0.01258868,-0.039273083,-0.0056022406,-0.0024120808,-0.007152796,0.022533834
-0.6796624,0.80998695,0.0,0.0,0.0,1.0,0.0,0.0,0.0,0.0,0.0,0.0,0.0,1.0,0.0,0.0,0.0,0.0
0.12499261,-0.5908257,0.020629048,-0.015918791,-0.00020092726,1.0022578,0.02912116,0.0029857755,-0.009497464,-0.033704042,0.99073476,-0.060308397,-0.006991923,-0.025980353,0.029692829,-0.0012568831,0.0030148625,-0.007483065
-0.73762697,1.3439412,1.0,0.0,0.0,0.0,0.0,0.0,1.0,0.0,0.0,0.0,0.0,0.0,0.0,0.0,0.0,0.0
-0.6531238,0.29175872,0.229168,0.029718459,0.016261399,0.70420724,0.1523158,0.019033968,0.8515194,-0.04474801,0.04429823,0.05870515,0.0018596649,-0.118899524,0.002617836,0.009280443,0.0028814077,0.009277046
0.080474675,-0.55657464,0.021839023,0.009472132,0.0019537807,0.99983114,0.023078084,0.006138265,0.02380544,0.018871367,1.0146196,0.012078643,0.010030091,0.017984867,0.0097459555,-0.015975237,0.0051267743,0.011505306
1.5547546,0.61672366,0.0,0.0,0.0,1.0,0.0,0.0,1.0,0.0,0.0,0.0,0.0,0.0,0.0,0.0,0.0,0.0
-0.575065,-0.70351547,0.06295633,-0.046356738,0.00083965063,0.969667,0.060076,0.013629258,0.0018408298,0.031055093,0.08856118,0.0483492,0.012143731,0.043576002,0.9353269,-0.08900756,-0.0012671351,0.0573377
-0.58245677,-0.70211035,0.053875446,-0.044255078,-0.00036519766,0.99701065,0.05527371,0.011655927,0.0013154149,0.029266655,0.084640324,0.045874476,0.010896087,0.04419726,0.91975623,-0.086074114,0.0009354949,0.054525793
-0.65536064,-0.07487786,0.025874555,0.0022310615,0.0027547479,0.98306924,0.015643597,0.0027906895,-0.0034834743,-0.0010977387,0.013365686,0.011999965,0.0030097365,-0.003242135,0.98359126,-0.0025507212,-0.0020869374,0.005493045
-0.5915154,-0.406187,0.064332366,-0.013509095,0.0065096617,0.9303928,0.041303217,0.008921087,-0.0040807724,0.011690199,0.05082053,0.035496294,0.010250866,0.013269842,0.8883428,-0.030611515,-0.007332504,0.026495814
-0.64998454,2.6736245,0.0,0.0,0.0,1.0,0.0,0.0,0.0,0.0,1.0,0.0,0.0,0.0,0.0,0.0,0.0,0.0
-0.73762697,-0.70641536,0.0,1.0,0.0,0.0,0.0,0.0,0.0,0.0,0.0,0.0,0.0,0.0,0.0,1.0,0.0,0.0
-0.46183446,-0.124836504,0.17279488,0.014288127,0.012325108,0.78578645,0.09923375,0.012655437,0.015058279,-0.045299053,0.044346154,0.066637635,0.03554082,-0.08345562,0.79387647,0.03046465,-0.033450782,0.036091864
-0.46843964,-0.65460247,0.0,0.0,0.0,1.0,0.0,0.0,0.0,0.0,0.0,0.0,0.0,0.0,1.0,0.0,0.0,0.0
1.4047424,-0.6779681,0.0,0.0,0.0,0.0,1.0,0.0,0.0,0.0,0.0,1.0,0.0,0.0,0.0,0.0,0.0,0.0
-0.75153846,-0.75153846,-0.75153846,-0.6159582,-0.7503798,-0.7511482,-0.75153846,-0.7514768,-0.32499626,-0.6763309,-0.75153846,-0.7427742,-0.69412136,-0.47183612,-0.11438477,-0.6635807,-0.6077364,1.9690845
-0.6402465,1.5774797,1.0,0.0,0.0,0.0,0.0,0.0,0.0,0.0,0.0,1.0,0.0,0.0,0.0,0.0,0.0,0.0
-0.46936706,-0.6546656,0.0,0.0,0.0,1.0,0.0,0.0,0.0,0.0,0.0,0.0,0.0,0.0,1.0,0.0,0.0,0.0
0.65352196,-0.66071546,0.0,0.0,0.0,1.0,0.0,0.0,0.0,0.0,0.0,0.0,0.0,0.0,1.0,0.0,0.0,0.0
-0.6807653,0.7821805,0.06646311,0.011652529,0.0047845244,0.9443154,0.03945315,0.00523293,-0.016702592,-0.0067591667,0.016026974,0.03081894,0.00814575,-0.016721427,0.9803019,0.0010586977,-0.0042861104,0.011137366
0.65352196,-0.65905523,0.0,0.0,0.0,1.0,0.0,0.0,0.0,0.0,0.0,0.0,0.0,0.0,1.0,0.0,0.0,0.0
-0.46890333,-0.6546485,0.0,0.0,0.0,1.0,0.0,0.0,0.0,0.0,0.0,0.0,0.0,0.0,1.0,0.0,0.0,0.0
0.10656859,2.663992,0.0,0.0,0.0,1.0,0.0,0.0,1.0,0.0,0.0,0.0,0.0,0.0,0.0,0.0,0.0,0.0
-0.58599174,4.8892493,0.0,0.0,0.0,1.0,0.0,0.0,0.0,0.0,0.0,0.0,0.0,0.0,1.0,0.0,0.0,0.0
-0.5902027,2.3819642,0.14872515,0.0313375,0.011542976,0.7945302,0.12054801,0.018912435,-0.058665395,-0.030799747,0.06619954,0.080603,0.016026974,-0.04175812,0.85983187,0.012535632,2.7418137e-06,-0.0053471923
0.07410845,2.7003226,0.0,0.0,0.0,1.0,0.0,0.0,1.0,0.0,0.0,0.0,0.0,0.0,0.0,0.0,0.0,0.0
-0.4679759,-0.6543159,0.0,0.0,0.0,1.0,0.0,0.0,0.0,0.0,0.0,0.0,0.0,0.0,1.0,0.0,0.0,0.0
-0.04181969,-0.37169805,0.106361866,0.008909106,0.008748233,0.89563006,0.04180467,0.014086187,0.05349207,-0.14182258,-0.058920443,0.00624609,-0.004140675,-0.21844375,0.8296079,0.03311056,0.010558903,-0.028612554
1.5535953,0.10274769,0.0,0.0,0.0,1.0,0.0,0.0,1.0,0.0,0.0,0.0,0.0,0.0,0.0,0.0,0.0,0.0
-0.7125878,-0.7120863,0.037508965,-0.022709787,0.0011014938,0.9831137,0.028630018,0.0051695704,-0.0022392273,0.012506545,0.047637284,0.029028773,0.0060150623,0.016899765,0.96525663,-0.04512453,-0.00010508299,0.025587082
-0.46843964,-0.654733,0.0,0.0,0.0,1.0,0.0,0.0,0.0,0.0,0.0,0.0,0.0,0.0,1.0,0.0,0.0,0.0
-0.4691352,-0.6546506,0.0,0.0,0.0,1.0,0.0,0.0,0.0,0.0,0.0,0.0,0.0,0.0,1.0,0.0,0.0,0.0
-0.2811201,-0.5592804,-0.00679338,0.017430365,0.00012427568,0.9203997,-0.025442958,-0.0013048053,0.0175758,0.02723515,1.0634642,0.061436594,0.0076631308,0.02743882,-0.044142127,-0.002872467,-0.0026003718,0.010848165
-0.59310704,-0.7116927,0.055545807,-0.043344617,0.0008019805,0.94778794,0.054397464,0.012230992,0.0008738637,0.030091584,0.083587766,0.045417488,0.011067212,0.04177046,0.9503979,-0.08302605,-0.00027793646,0.052810967
-0.73762697,-0.7064604,0.0,1.0,0.0,0.0,0.0,0.0,0.0,0.0,0.0,0.0,0.0,0.0,0.0,1.0,0.0,0.0
0.09356034,-0.575534,0.015896916,0.0055957437,0.0033212304,0.9909727,0.015285909,0.0022498965,0.017438889,0.011987984,1.0783434,0.009413958,0.008503497,0.01662594,0.0069255233,-0.009254456,0.0034992099,0.0072934628
0.63961047,-0.6301545,0.0,0.0,0.0,1.0,0.0,0.0,0.0,0.0,0.0,0.0,0.0,0.0,1.0,0.0,0.0,0.0
0.39198598,2.11405,0.0,0.0,0.0,1.0,0.0,0.0,1.0,0.0,0.0,0.0,0.0,0.0,0.0,0.0,0.0,0.0
0.63961047,-0.63698167,0.0,0.0,0.0,1.0,0.0,0.0,0.0,0.0,0.0,0.0,0.0,0.0,1.0,0.0,0.0,0.0
-0.60175806,1.9322615,0.0,0.0,0.0,1.0,0.0,0.0,1.0,0.0,0.0,0.0,0.0,0.0,0.0,0.0,0.0,0.0
1.2607585,0.6176043,0.0,0.0,0.0,1.0,0.0,0.0,1.0,0.0,0.0,0.0,0.0,0.0,0.0,0.0,0.0,0.0
-0.5949434,0.31746286,0.06813002,0.009733975,0.0066654086,0.9417842,0.038167834,0.0037336946,-0.012410343,-0.0027748942,0.03231132,0.032434523,0.007846296,-0.01707226,0.9589003,-0.0021365285,-0.0063432455,0.014503777
-0.63831985,2.7521505,0.12680846,0.021363258,0.009533763,0.8541859,0.10343188,0.016163886,-0.04849434,-0.020036519,0.060108542,0.06376076,0.012106061,-0.02799642,0.9225339,0.0027530193,0.0014540553,-0.008056402
0.100287974,-0.56637263,0.012542486,0.005361259,0.0007300973,1.0013833,0.012987435,0.0036618114,0.015501559,0.010961115,0.98492783,0.0064668655,0.0058404803,0.0102748275,0.0058849454,-0.008877933,0.0029857755,0.0065712333
-0.46890333,-0.6546413,0.0,0.0,0.0,1.0,0.0,0.0,0.0,0.0,0.0,0.0,0.0,0.0,1.0,0.0,0.0,0.0
2.414021,0.08818876,0.0,0.0,0.0,1.0,0.0,0.0,1.0,0.0,0.0,0.0,0.0,0.0,0.0,0.0,0.0,0.0
-0.593119,-0.7116551,0.05570501,-0.043363452,0.0008174181,0.9471889,0.054525793,0.012237847,0.00087046623,0.030100107,0.083704114,0.04550308,0.011096299,0.041801274,0.95068544,-0.08307737,-0.00029331446,0.052875996
0.7784935,-0.70061946,0.0,0.0,0.0,0.0,1.0,0.0,1.0,0.0,0.0,0.0,0.0,0.0,0.0,0.0,0.0,0.0
0.65352196,-0.6645713,0.0,0.0,0.0,1.0,0.0,0.0,0.0,0.0,0.0,0.0,0.0,0.0,1.0,0.0,0.0,0.0
0.15757738,2.677808,0.0,0.0,0.0,1.0,0.0,0.0,1.0,0.0,0.0,0.0,0.0,0.0,0.0,0.0,0.0,0.0
0.23337638,0.11416775,0.12949884,-0.019076407,-0.0071938634,0.93754834,0.07197219,0.07055175,0.042545736,-0.13492888,-0.061374605,-0.0024326444,0.040067554,-0.19130373,0.9785237,-0.011463881,-0.0010001659,0.038710356
-0.6516076,-0.70723724,0.0,0.0,0.0,1.0,0.0,0.0,0.0,0.0,1.0,0.0,0.0,0.0,0.0,0.0,0.0,0.0
2.7149727,0.60858166,0.0,0.0,0.0,1.0,0.0,0.0,1.0,0.0,0.0,0.0,0.0,0.0,0.0,0.0,0.0,0.0
-0.5912347,1.4646957,0.11031532,0.019027114,0.012540758,0.73564976,0.08256775,0.018099487,-0.05020237,-0.023762286,0.03597206,0.07018036,0.005910635,-0.056449115,0.88859266,0.0076631308,-0.0064048767,0.012888193
-0.5457241,-0.24238336,0.19522673,0.031012356,0.0072010756,0.8059866,0.124479175,0.021325588,0.9618594,-0.05061823,0.037005782,0.030875385,4.3809414e-05,-0.10241151,-0.007955432,0.0132972,-0.0010874271,0.01598072
-0.58599174,4.6300206,0.0,0.0,0.0,1.0,0.0,0.0,0.0,0.0,0.0,0.0,0.0,0.0,1.0,0.0,0.0,0.0
1.5533634,0.056683607,0.0,0.0,0.0,1.0,0.0,0.0,1.0,0.0,0.0,0.0,0.0,0.0,0.0,0.0,0.0,0.0
