SrcBytes,SIntPktMax,Proto_arp,Proto_icmp,Proto_ipv6-icmp,Proto_tcp,Proto_udp,State_CLO,State_CON,State_ECO,State_FIN,State_INT,State_NRS,State_REQ,State_RST,State_TST,State_URH,State_URHPRO
1.3490964,-0.66015685,0.0,1.0,0.0,0.0,0.0,0.0,0.0,1.0,0.0,0.0,0.0,0.0,0.0,0.0,0.0,0.0
0.65352196,-0.66574144,0.0,0.0,0.0,1.0,0.0,0.0,0.0,0.0,0.0,0.0,0.0,0.0,1.0,0.0,0.0,0.0
-0.65843415,0.9472473,0.06339993,0.06339993,0.06339993,0.9366,0.06339993,0.06339993,-0.06339993,-0.06339993,0.06339993,0.06339993,0.06339993,-0.047689512,0.9366,0.05525335,-0.039469853,0.06339993
0.65352196,-0.6659254,0.0,0.0,0.0,1.0,0.0,0.0,0.0,0.0,0.0,0.0,0.0,0.0,1.0,0.0,0.0,0.0
-0.6186004,0.13535489,0.03260869,0.032496277,0.0162489,0.9673913,0.03260869,0.03260869,-0.03260869,-0.03260869,0.03260869,0.03260869,0.03260869,-0.03260869,0.9673913,-0.0284011,-0.024528299,0.03260869
-0.7486396,-0.7151949,0.0028976542,0.0025150012,0.0028976542,0.9971024,0.0028976542,0.0028976542,0.9971024,-0.0028976542,0.0028976542,0.0028976542,0.0017898201,-0.0028976542,-0.0028976542,0.0013387382,-0.0014104745,0.0028976542
-0.75153846,4.753185,0.10884497,-0.10655046,0.05411665,0.891155,0.10884497,0.10831857,0.891155,-0.10884497,0.10884497,0.10884497,-0.028382331,0.10884497,0.07938765,-0.081873335,-0.08134693,0.10884497
0.65352196,-0.65998256,0.0,0.0,0.0,1.0,0.0,0.0,0.0,0.0,0.0,0.0,0.0,0.0,1.0,0.0,0.0,0.0
-0.75153846,2.2701492,0.08327096,0.08327096,0.048580527,0.91672903,0.08327096,0.06263652,-0.08327096,-0.08327096,0.08327096,0.08327096,0.082989804,-0.08327096,0.91672903,0.08327096,-0.06212259,0.08327096
1.0279729,-0.7009181,0.0,0.0,0.0,0.0,1.0,0.0,1.0,0.0,0.0,0.0,0.0,0.0,0.0,0.0,0.0,0.0
-0.05975764,0.4574987,0.13230708,-0.11558181,-0.082796276,0.8676929,0.13230708,0.13110165,0.8884604,-0.13230708,0.11558181,-0.13230708,-0.13230708,-0.13230708,-0.13110165,0.09803863,0.06425123,0.13230708
-0.64511555,-0.13860567,0.0,0.0,0.0,1.0,0.0,0.0,0.0,0.0,1.0,0.0,0.0,0.0,0.0,0.0,0.0,0.0
-0.5414961,-0.6314997,0.069114886,-0.069114886,0.024225706,0.93088514,0.069114886,0.069114886,-0.024754861,0.069114886,0.069114886,0.069114886,0.069114886,0.069114886,0.93088514,-0.069114886,0.042087264,0.069114886
-0.7374618,0.035322767,0.12642947,0.12642947,0.11010967,0.87357056,0.12642947,0.12642947,-0.12642947,-0.12642947,0.12642947,0.12642947,0.09510042,0.87357056,0.09510042,0.12642947,-0.08633368,0.12642947
0.65352196,-0.6662842,0.0,0.0,0.0,1.0,0.0,0.0,0.0,0.0,0.0,0.0,0.0,0.0,1.0,0.0,0.0,0.0
-0.5395633,2.3274863,0.18716635,0.18716635,-0.14078675,0.81283367,0.18716635,0.13937566,0.81283367,-0.18716635,0.18716635,0.18716635,0.18716635,-0.18716635,-0.14078675,0.1637411,-0.18716635,0.18689863
-0.64611256,0.8108472,0.060120836,0.060120836,0.060120836,0.9398792,0.060120836,0.045222968,-0.060120836,-0.060120836,0.060120836,0.060120836,0.060120836,-0.045222968,0.9398792,0.060120836,-0.059992485,0.060120836
-0.62503654,-0.65480494,0.051565167,-0.051565167,0.03849429,0.9484348,0.051565167,0.038787384,-0.051565167,0.051565167,0.051565167,0.051565167,0.032225847,0.051565167,0.9484348,-0.051565167,-0.049911812,0.051565167
-0.75153846,-0.6885348,0.023700388,-0.023700388,0.009565492,0.9762996,0.023700388,0.011746305,-0.020487258,0.023700388,0.023700388,0.023700388,0.023700388,0.023700388,0.9762996,-0.023700388,-0.020714274,0.023700388
-0.5331597,-0.58974856,0.064951874,-0.064951874,0.047753338,0.9350481,0.064951874,0.064951874,0.064951874,0.064951874,0.064951874,0.064951874,0.064951874,0.064951874,0.9350481,-0.064951874,-0.06484374,0.064951874
0.65352196,-0.6605934,0.0,0.0,0.0,1.0,0.0,0.0,0.0,0.0,0.0,0.0,0.0,0.0,1.0,0.0,0.0,0.0
0.493308,-0.5411865,0.0,0.0,0.0,0.0,1.0,0.0,1.0,0.0,0.0,0.0,0.0,0.0,0.0,0.0,0.0,0.0
-0.022471251,-0.4875285,0.07360419,0.06297947,-0.048537932,0.93787766,0.07360419,0.06297947,0.06297947,0.04744111,1.0553652,0.04744111,0.06297947,0.0023411438,-0.06297947,-0.07360419,0.061635062,0.07360419
0.65352196,-0.66458046,0.0,0.0,0.0,1.0,0.0,0.0,0.0,0.0,0.0,0.0,0.0,0.0,1.0,0.0,0.0,0.0
3.5607915,-0.6676167,0.0,0.0,0.0,1.0,0.0,0.0,1.0,0.0,0.0,0.0,0.0,0.0,0.0,0.0,0.0,0.0
1.5471033,0.27505723,0.0,0.0,0.0,1.0,0.0,0.0,1.0,0.0,0.0,0.0,0.0,0.0,0.0,0.0,0.0,0.0
0.9709358,0.7898106,0.0,0.0,0.0,1.0,0.0,0.0,1.0,0.0,0.0,0.0,0.0,0.0,0.0,0.0,0.0,0.0
-0.6879464,-0.15121086,0.07784137,0.07784137,0.07784137,0.9221586,0.07784137,0.07784137,0.9221586,-0.07784137,0.07784137,0.07784137,0.05855238,-0.07784137,-0.057679024,0.07784137,0.07784137,0.06793629
-0.65432745,-0.07779555,0.14624004,0.14624004,0.033792604,0.85375994,0.14624004,0.14624004,-0.14624004,-0.14624004,0.14624004,0.14624004,0.14624004,0.85375994,0.10454185,0.14624004,-0.049547415,0.07345322
5.6380406e-05,0.44510156,0.10030526,-0.07544975,-0.10030526,0.89969474,0.10030526,0.10030526,0.9395786,-0.10030526,0.10030526,-0.10030526,-0.10030526,-0.10030526,-0.07544975,0.03619082,0.07544975,0.09920989
-0.022666583,-0.52685213,0.07340886,0.069347195,-0.06987962,0.9446403,0.07340886,0.04205835,0.07340886,0.028217537,0.9597431,0.04510566,0.07340886,0.027760869,-0.070211194,-0.07340886,0.036575884,0.054932885
-0.54832715,2.7736013,0.089137085,0.062683724,0.0110341115,0.9108629,0.089137085,0.089137085,-0.089137085,-0.089137085,0.089137085,0.089137085,0.089137085,-0.089137085,0.9108629,-0.077618256,-0.089137085,-0.089137085
-0.06864935,0.44902188,0.13384898,-0.13384898,-0.13368572,0.86615103,0.13384898,0.13384898,0.86615103,-0.13384898,0.13384898,-0.13384898,-0.13384898,-0.13384898,-0.13384898,0.13384898,0.09969574,0.09889305
-0.6361577,-0.6620662,0.050165962,-0.050165962,0.039222594,0.94983405,0.050165962,0.050165962,-0.04380342,0.050165962,0.050165962,0.050165962,0.050165962,0.050165962,0.94983405,-0.050165962,0.025960159,0.050165962
-0.022533754,-0.5076816,0.06380364,0.06380364,-0.030187398,0.9361963,0.06380364,0.06380364,0.057911023,0.03697957,0.94205093,0.051786534,0.057911023,0.051786534,-0.06380364,-0.06380364,0.057911023,0.06380364
2.0465257,-0.6509553,0.0,0.0,0.0,0.0,1.0,0.0,1.0,0.0,0.0,0.0,0.0,0.0,0.0,0.0,0.0,0.0
-0.75153846,0.50570387,0.12592143,0.12592143,0.12592143,0.8740786,0.12592143,0.09471827,0.8740786,-0.12592143,0.12592143,0.12592143,0.11043524,-0.12592143,0.12592143,0.045438755,0.12592143,0.12592143
0.0057102954,1.2692751,0.0,0.0,0.0,1.0,0.0,0.0,0.0,0.0,0.0,0.0,0.0,0.0,1.0,0.0,0.0,0.0
-0.75153846,2.2598445,0.08285055,0.08285055,0.08261126,0.9171495,0.08285055,0.08285055,-0.08285055,-0.08285055,0.08285055,0.08285055,0.061655037,-0.062320296,0.9171495,0.062081005,-0.07258553,0.08285055
-0.6402465,1.5809383,1.0,0.0,0.0,0.0,0.0,0.0,0.0,0.0,0.0,1.0,0.0,0.0,0.0,0.0,0.0,0.0
-0.61853987,0.14656211,0.032548174,0.032548174,0.024482781,0.9674519,0.032548174,0.032548174,-0.032548174,-0.028594553,0.032548174,0.032548174,0.032548174,-0.032548174,0.9674519,-0.032548174,-0.032548174,0.032548174
0.9690809,1.2391902,0.0,0.0,0.0,1.0,0.0,0.0,1.0,0.0,0.0,0.0,0.0,0.0,0.0,0.0,0.0,0.0
-0.019503947,-0.53484815,0.06683345,0.047141146,-0.049563315,0.93338376,0.06683345,0.050055,0.06661624,0.046943445,0.98367476,0.035593685,0.050055,0.046943445,-0.06683345,-0.050272208,0.049563315,0.06661624
0.65352196,-0.6647122,0.0,0.0,0.0,1.0,0.0,0.0,0.0,0.0,0.0,0.0,0.0,0.0,1.0,0.0,0.0,0.0
-0.6237983,0.34614635,0.037806552,0.037806552,0.037806552,0.9621934,0.037806552,0.033186115,-0.037806552,-0.028438132,0.037806552,0.037806552,0.037806552,-0.037806552,0.9621934,-0.008275265,-0.01863594,0.037806552
-0.534863,-0.58979875,0.06480033,-0.06480033,0.06383602,0.9351996,0.06480033,0.06480033,0.032308035,0.06461314,0.06480033,0.06480033,0.06480033,0.06480033,0.9351996,-0.06480033,-0.06480033,0.06480033
-0.63237065,-0.37464175,0.066318735,0.066318735,0.049885035,0.93368125,0.066318735,0.066318735,0.93368125,-0.066318735,0.066318735,0.066318735,0.046663992,-0.066318735,-0.048745953,0.066216856,-0.0580741,0.066318735
-0.46802896,0.6058502,0.054539718,0.054539718,0.04102484,0.94546026,0.054539718,0.054539718,-0.054539718,-0.04102484,0.94546026,0.054539718,0.054539718,-0.054539718,-0.054539718,0.04784182,-0.007934158,-0.046900608
-0.030712618,-0.50114363,0.069072545,0.06017989,-0.013759768,0.93092746,0.069072545,0.06413686,0.069072545,0.05886764,0.9480435,0.0061275056,0.069072545,0.06385267,-0.069072545,-0.069072545,0.069072545,0.06385267
0.63961047,-0.6299337,0.0,0.0,0.0,1.0,0.0,0.0,0.0,0.0,0.0,0.0,0.0,0.0,1.0,0.0,0.0,0.0
0.23716272,-0.286354,0.04411104,-0.04411104,-0.03855329,0.955889,0.03275078,0.04411104,0.03731108,-0.04411104,0.04411104,-0.04411104,-0.04411104,-0.04411104,0.955889,-0.03855329,-0.04411104,0.012695793
-0.69061244,-0.098234445,0.0835216,0.0835216,0.07313832,0.9164784,0.0835216,0.0835216,0.9164784,-0.0835216,0.062612616,0.0835216,0.0331166,-0.0835216,-0.0835216,0.072645955,0.083309166,0.01471295
-0.07031349,-0.5007856,0.07300963,0.07300963,-0.07242864,0.9269904,0.06869094,-0.037442375,0.07300963,-0.06855555,1.0730096,0.047866236,-0.071149305,0.027202059,-0.07300963,-0.07300963,0.04156552,0.07173029
0.65352196,-0.66077095,0.0,0.0,0.0,1.0,0.0,0.0,0.0,0.0,0.0,0.0,0.0,0.0,1.0,0.0,0.0,0.0
0.9709358,0.95200396,0.0,0.0,0.0,1.0,0.0,0.0,1.0,0.0,0.0,0.0,0.0,0.0,0.0,0.0,0.0,0.0
2.629881,-0.6552618,0.0,0.0,0.0,0.0,1.0,0.0,1.0,0.0,0.0,0.0,0.0,0.0,0.0,0.0,0.0,0.0
0.63961047,-0.6370596,0.0,0.0,0.0,1.0,0.0,0.0,0.0,0.0,0.0,0.0,0.0,0.0,1.0,0.0,0.0,0.0
2.9996946,1.7584563,0.0,0.0,0.0,1.0,0.0,0.0,1.0,0.0,0.0,0.0,0.0,0.0,0.0,0.0,0.0,0.0
-0.75153846,4.391575,1.0,0.0,0.0,0.0,0.0,0.0,1.0,0.0,0.0,0.0,0.0,0.0,0.0,0.0,0.0,0.0
-0.62450016,-0.65318614,0.051492482,-0.051492482,0.04517768,0.9486236,0.051492482,0.038732708,-0.05137635,0.051492482,0.051492482,0.051492482,0.04517768,0.051492482,0.9485075,-0.051492482,-0.030417692,0.051492482
-0.53290004,-0.58948773,0.065155976,-0.065155976,0.04080112,0.934844,0.065155976,0.065155976,-0.035718694,0.065155976,0.065155976,0.065155976,0.065155976,0.065155976,0.934844,-0.065155976,-0.056614604,0.065155976
0.6794901,0.95200163,0.0,0.0,0.0,1.0,0.0,0.0,1.0,0.0,0.0,0.0,0.0,0.0,0.0,0.0,0.0,0.0
-0.75153846,2.3178468,0.0833422,0.0833422,0.07299889,0.9166578,0.0833422,0.0833422,-0.0833422,-0.06269012,0.0833422,0.0833422,0.06269012,-0.0833422,0.9166578,0.0833422,-0.0833422,0.0833422
-0.73762697,1.5642351,1.0,0.0,0.0,0.0,0.0,0.0,1.0,0.0,0.0,0.0,0.0,0.0,0.0,0.0,0.0,0.0
0.65352196,-0.66573375,0.0,0.0,0.0,1.0,0.0,0.0,0.0,0.0,0.0,0.0,0.0,0.0,1.0,0.0,0.0,0.0
0.65352196,-0.66362846,0.0,0.0,0.0,1.0,0.0,0.0,0.0,0.0,0.0,0.0,0.0,0.0,1.0,0.0,0.0,0.0
-0.75153846,0.82776874,0.15906338,0.15906338,-0.07253072,0.8409366,0.15906338,0.15906338,-0.15906338,-0.15906338,0.15906338,0.15906338,0.13902228,0.8409366,0.15906338,-0.05622428,0.13920341,0.15906338
-0.75153846,0.79294604,0.15893924,0.11944932,-0.095943235,0.84106076,0.15893924,0.15893924,-0.15893924,-0.15893924,0.15893924,0.15893924,0.11955431,0.84106076,0.15893924,-0.11955431,0.11955431,0.13898028
0.07526774,-0.124579094,0.0,0.0,0.0,1.0,0.0,0.0,1.0,0.0,0.0,0.0,0.0,0.0,0.0,0.0,0.0,0.0
0.65352196,-0.6607508,0.0,0.0,0.0,1.0,0.0,0.0,0.0,0.0,0.0,0.0,0.0,0.0,1.0,0.0,0.0,0.0
-0.73762697,1.4173876,1.0,0.0,0.0,0.0,0.0,0.0,1.0,0.0,0.0,0.0,0.0,0.0,0.0,0.0,0.0,0.0
0.036659513,-0.52468526,0.03396337,0.03396337,0.029741071,1.0255473,0.03396337,0.03396337,0.03396337,0.03396337,0.9660366,0.03396337,0.033933718,0.03396337,0.025547288,-0.025547288,0.021324985,0.03396337
-0.75153846,2.270059,0.08362073,0.08362073,0.05162579,0.9163793,0.08362073,0.08362073,-0.08362073,-0.08362073,0.08362073,0.08362073,0.072910644,-0.036234807,0.9163793,0.08362073,-0.08362073,0.08362073
1.3630079,-0.66366124,0.0,1.0,0.0,0.0,0.0,0.0,0.0,1.0,0.0,0.0,0.0,0.0,0.0,0.0,0.0,0.0
-0.53403664,-0.5893832,0.065133266,-0.065133266,0.048993323,0.9348667,0.065133266,0.065133266,0.0040146625,0.065133266,0.065133266,0.065133266,0.065133266,0.065133266,0.9348667,-0.065133266,-0.03800711,0.065133266
0.037885375,-0.54504085,0.035189234,0.035189234,0.019266551,1.0215651,0.035189234,0.035189234,0.035189234,0.035189234,0.9648108,0.035189234,0.035189234,0.035189234,0.035189234,-0.035189234,0.016485127,0.035189234
-0.63373244,-0.3734383,0.066289335,0.066289335,0.058104105,0.93371063,0.066289335,0.066289335,0.93371063,-0.066289335,0.049862918,0.066289335,0.066289335,-0.066289335,-0.058104105,0.049862918,-0.0020921528,0.066289335
-0.73762697,1.4614286,1.0,0.0,0.0,0.0,0.0,0.0,1.0,0.0,0.0,0.0,0.0,0.0,0.0,0.0,0.0,0.0
-0.09785015,-0.58256924,0.06310653,0.06310653,0.04746881,0.93689346,0.06310653,0.06310653,0.06310653,-0.06310653,-0.06310653,0.054477334,0.06310653,-0.06310653,0.93689346,0.06310653,-0.05417402,-0.034395047
-0.016538586,-0.51769257,0.06237934,0.04553843,-0.062364344,0.94715494,0.06237934,0.046921823,0.046906825,0.04342221,0.9971005,0.04342221,0.062364344,0.04644994,-0.06237934,-0.06237934,0.05454599,0.06237934
0.1220012,-0.26533407,0.09078651,-0.09078651,-0.07946199,0.9092135,0.09078651,0.078650385,0.09078651,-0.09078651,0.09078651,-0.09078651,-0.09078651,-0.09078651,0.9092135,-0.08560888,-0.034470573,0.025625829
-0.73762697,1.578023,1.0,0.0,0.0,0.0,0.0,0.0,1.0,0.0,0.0,0.0,0.0,0.0,0.0,0.0,0.0,0.0
-0.6759067,1.6755723,0.08991497,0.08991497,0.06670037,0.910085,0.08991497,0.08991497,-0.08991497,-0.08991497,0.08991497,0.08991497,0.08991497,-0.08916977,0.910085,0.06670037,-0.08991497,0.08991497
3.63174,2.6231434,0.0,0.0,0.0,1.0,0.0,0.0,1.0,0.0,0.0,0.0,0.0,0.0,0.0,0.0,0.0,0.0
0.037893597,-0.55187976,0.03519746,0.03519746,0.03519746,1.022041,0.03519746,0.026475573,0.03519746,0.03519746,0.96480256,0.03519746,0.03519746,0.03519746,0.03519746,-0.03519746,0.03519746,0.03519746
-0.75153846,2.1843903,0.025143202,0.025143202,-0.018912751,0.9748568,0.025143202,0.025143202,-0.025143202,-0.025143202,1.0123652,0.025143202,0.025143202,-0.025143202,0.025143202,0.025143202,0.02152366,-0.0219858
1.6500484,-0.42911854,0.0,0.0,0.0,0.0,1.0,0.0,1.0,0.0,0.0,0.0,0.0,0.0,0.0,0.0,0.0,0.0
-0.6327475,-0.6548824,0.05000171,-0.05000171,0.0070021953,0.94999826,0.05000171,0.05000171,-0.048645124,0.05000171,0.05000171,0.05000171,0.049893476,0.05000171,0.94999826,-0.05000171,-0.024688678,0.05000171
-0.75153846,-0.570469,0.13602035,0.86397964,0.13472377,-0.11911054,0.13602035,0.13602035,-0.10202549,0.10202549,0.13602035,0.13602035,0.13573115,-0.13602035,-0.13602035,0.86397964,0.04912653,0.13602035
-0.62442726,-0.5559095,0.038435545,-0.038435545,0.038435545,0.96172065,0.038435545,0.018617565,-0.038279425,0.038435545,0.038435545,0.038435545,0.03331925,0.038435545,0.9615645,-0.038435545,-0.011515517,0.038435545
-0.53380096,-0.5893884,0.065129474,-0.065129474,0.04068918,0.9348705,0.065129474,0.065129474,0.054889686,0.065129474,0.065129474,0.065129474,0.065129474,0.065129474,0.9348705,-0.065129474,-0.05692352,0.065129474
-0.5342223,-0.58945644,0.06508711,-0.06508711,0.021401888,0.93491286,0.06508711,0.06508711,0.06508711,0.048958607,0.06508711,0.06508711,0.056777876,0.06508711,0.93491286,-0.06508711,-0.048958607,0.06508711
0.65352196,-0.66006535,0.0,0.0,0.0,1.0,0.0,0.0,0.0,0.0,0.0,0.0,0.0,0.0,1.0,0.0,0.0,0.0
-0.024879172,-0.3442749,0.05496619,0.04106424,-0.040898226,0.95865434,0.05496619,0.05496619,0.05496619,0.008299272,1.0341462,0.0006490699,0.054684788,0.04134564,-0.05496619,-0.054684788,0.04106424,0.05496619
-0.75153846,-0.5700189,0.13652487,0.86347514,0.13652487,-0.13652487,0.13652487,0.11949504,0.11949504,0.10269418,0.13652487,0.13652487,0.10134509,-0.13652487,-0.13652487,0.86347514,0.07485975,0.13652487
-0.53374434,-0.589628,0.065072805,-0.065072805,0.047147375,0.93492717,0.065072805,0.065072805,0.065072805,0.065072805,0.065072805,0.065072805,0.056128886,0.065072805,0.93492717,-0.065072805,-0.065072805,0.065072805
-0.75153846,-0.57083833,0.13570876,0.86429125,0.13570876,-0.13570876,0.13570876,0.102080315,-0.08335262,0.13570876,0.13570876,0.13570876,0.11796383,-0.13570876,-0.13570876,0.86429125,0.10037384,0.13570876
-0.64998454,2.6733966,0.0,0.0,0.0,1.0,0.0,0.0,0.0,0.0,1.0,0.0,0.0,0.0,0.0,0.0,0.0,0.0
-0.54817855,2.7692513,0.089285664,0.089285664,-0.044416692,0.9107143,0.089285664,-0.042868275,-0.089285664,-0.089285664,0.089285664,0.089285664,0.089285664,-0.089285664,0.9107143,0.08882886,-0.089285664,-0.077924274
-0.60391617,2.5807135,0.1272187,0.09569407,-0.1272187,0.8727813,0.1272187,0.1272187,-0.1272187,-0.1272187,0.1272187,0.1272187,0.1272187,0.8727813,0.07915984,0.11103054,-0.12235345,0.1272187
-0.6371913,-0.65555227,0.04911286,-0.04911286,0.017085213,0.95088714,0.04911286,0.04911286,-0.030028988,0.04911286,0.04911286,0.04911286,0.036942754,0.04911286,0.95088714,-0.04911286,-0.03959012,0.04911286
-0.01873089,-0.5196834,0.06575164,0.04945847,-0.05716673,0.9345094,0.06575164,0.05716673,0.065490626,0.035210602,0.951783,0.04670471,0.06575164,0.04670471,-0.06575164,-0.06575164,0.05715606,0.049197458
0.65352196,-0.6617678,0.0,0.0,0.0,1.0,0.0,0.0,0.0,0.0,0.0,0.0,0.0,0.0,1.0,0.0,0.0,0.0
0.037439913,-0.5307765,0.03474378,0.03474378,0.026065188,1.025592,0.03474378,0.02977954,0.03474378,0.03474378,0.9652563,0.03474378,0.03474378,0.03474378,0.030424492,-0.03474378,0.020547455,0.03474378
-0.27890006,-0.5492967,0.17029539,0.17029539,0.08569998,0.8297046,0.17029539,0.17029539,0.17029539,-0.17029539,0.17029539,-0.17029539,0.17029539,-0.104839735,0.8297046,-0.14701426,-0.08436673,0.17029539
-0.24581477,0.54889363,0.2451151,-0.10146577,-0.12176984,0.7548849,0.2451151,0.2451151,-0.2451151,-0.2451151,0.2451151,-0.2451151,0.24321988,0.7548849,-0.2451151,0.2451151,0.041282177,0.24333584
0.65352196,-0.66247517,0.0,0.0,0.0,1.0,0.0,0.0,0.0,0.0,0.0,0.0,0.0,0.0,1.0,0.0,0.0,0.0
0.63961047,-0.62728214,0.0,0.0,0.0,1.0,0.0,0.0,0.0,0.0,0.0,0.0,0.0,0.0,1.0,0.0,0.0,0.0
-0.7237155,0.6683139,1.0,0.0,0.0,0.0,0.0,0.0,1.0,0.0,0.0,0.0,0.0,0.0,0.0,0.0,0.0,0.0
0.65352196,-0.65929306,0.0,0.0,0.0,1.0,0.0,0.0,0.0,0.0,0.0,0.0,0.0,0.0,1.0,0.0,0.0,0.0
0.63961047,-0.6582539,0.0,0.0,0.0,1.0,0.0,0.0,0.0,0.0,0.0,0.0,0.0,0.0,1.0,0.0,0.0,0.0
0.65352196,-0.6611432,0.0,0.0,0.0,1.0,0.0,0.0,0.0,0.0,0.0,0.0,0.0,0.0,1.0,0.0,0.0,0.0
0.65352196,-0.6631416,0.0,0.0,0.0,1.0,0.0,0.0,0.0,0.0,0.0,0.0,0.0,0.0,1.0,0.0,0.0,0.0
-0.7424205,-0.031654976,0.07574213,0.07574213,0.07574213,0.9242579,0.07574213,0.07574213,0.9242579,-0.07574213,0.07574213,0.07574213,0.04752541,-0.07574213,-0.047017355,0.07574213,0.07574213,0.0613675
-0.6402465,1.5803814,1.0,0.0,0.0,0.0,0.0,0.0,0.0,0.0,0.0,1.0,0.0,0.0,0.0,0.0,0.0,0.0
-0.017120123,-0.5426452,0.06550754,0.046896182,-0.05556137,0.9444386,0.06550754,0.06550754,0.048958708,0.046896182,0.9648911,0.046896182,0.06550754,0.04479482,-0.064829506,-0.06550754,0.06550754,0.049274854
-0.715475,2.2775283,0.025842767,0.025842767,-0.015806435,0.9741573,0.025842767,0.025842767,-0.025842767,-0.025842767,0.990323,0.025842767,0.019438941,-0.025842767,0.025842767,0.025842767,0.01616125,-0.025842767
-0.6315198,-0.3751774,0.067090854,0.067090854,0.066126935,0.93290913,0.067090854,0.067090854,0.93290913,-0.067090854,0.067090854,0.067090854,0.067090854,-0.067090854,-0.05029027,0.014443296,-0.030189965,0.067090854
0.65352196,-0.66614383,0.0,0.0,0.0,1.0,0.0,0.0,0.0,0.0,0.0,0.0,0.0,0.0,1.0,0.0,0.0,0.0
-0.61542755,-0.453214,0.029435782,-0.0153549705,0.024371093,0.9705642,0.029435782,0.029435782,-0.025734782,0.021975907,0.029435782,0.029435782,0.029435782,0.023744388,0.9705642,-0.029435782,-0.029435782,0.029435782
-0.07904627,0.47115904,0.14060956,-0.10576669,-0.10576669,0.8942333,0.14060956,0.10576669,0.8942333,-0.14060956,0.14060956,-0.14060956,-0.033501737,-0.14060956,-0.10576669,0.14060956,0.14050709,0.14060956
-0.53408504,-0.589528,0.06494989,-0.06494989,0.046312083,0.93505013,0.06494989,0.06494989,0.06494989,0.06494989,0.06494989,0.06494989,0.05671231,0.06494989,0.93505013,-0.06494989,-0.06494989,0.06494989
1.3908309,-0.6689255,0.0,0.0,0.0,0.0,1.0,0.0,0.0,0.0,0.0,1.0,0.0,0.0,0.0,0.0,0.0,0.0
0.04677415,-0.54600865,0.028775373,0.028775373,0.021314273,1.0216448,0.028775373,0.028775373,0.028775373,0.028775373,0.9712246,0.02164487,0.02164487,0.028775373,0.014272981,-0.028775373,0.028401898,0.028775373
-0.73762697,0.9914481,1.0,0.0,0.0,0.0,0.0,0.0,1.0,0.0,0.0,0.0,0.0,0.0,0.0,0.0,0.0,0.0
0.65352196,-0.6639983,0.0,0.0,0.0,1.0,0.0,0.0,0.0,0.0,0.0,0.0,0.0,0.0,1.0,0.0,0.0,0.0
-0.6450906,-0.6585253,0.047505964,-0.047505964,0.028133895,0.95867705,0.047505964,0.047505964,-0.041322924,0.047505964,0.047505964,0.047505964,0.047505964,0.047505964,0.952494,-0.047505964,-0.035734046,0.047505964
-0.623187,-0.5496517,0.037195276,-0.037195276,0.037195276,0.96280473,0.037195276,0.037195276,-0.037195276,0.037195276,0.037195276,0.037195276,0.037195276,0.037195276,0.96280473,-0.037195276,-0.027748916,0.037195276
0.65352196,-0.660653,0.0,0.0,0.0,1.0,0.0,0.0,0.0,0.0,0.0,0.0,0.0,0.0,1.0,0.0,0.0,0.0
-0.75153846,-0.56932163,0.13711837,0.86288166,0.06645465,-0.13711837,0.13711837,0.08557861,-0.13154015,0.13711837,0.13711837,0.13711837,0.10314062,-0.13711837,-0.13711837,0.86288166,-0.010218222,0.13711837
-0.64189273,-0.4146957,0.019035602,0.011410608,0.019016352,0.9809644,0.019035602,0.019035602,-0.019035602,0.0058444114,0.019035602,0.019035602,0.019035602,0.009675265,0.9809644,-0.019035602,-0.014185453,0.019035602
-0.75153846,2.270206,0.083869554,0.07260879,0.083869554,0.9161305,0.083869554,0.083869554,-0.083869554,-0.07260879,0.083869554,0.083869554,0.07260879,-0.05182603,0.9161305,0.08241966,-0.083173655,0.083869554
-0.32353297,-0.5277494,0.17991573,0.05945029,-0.010445232,0.8200843,0.17991573,0.17991573,0.17991573,-0.17991573,0.17991573,-0.17991573,0.17991573,-0.017569536,0.8646671,-0.07313283,0.097174235,0.17991573
0.20139858,0.7605218,0.0,0.0,0.0,1.0,0.0,0.0,0.0,0.0,0.0,0.0,0.0,0.0,1.0,0.0,0.0,0.0
-0.07932501,0.45259368,0.14033082,-0.10555702,-0.10555702,0.85966915,0.14033082,0.13869475,0.85966915,-0.14033082,0.14033082,-0.14033082,-0.08699645,-0.14033082,-0.122326374,0.12259125,0.08589433,0.12259125
3.2793155,1.2413442,0.0,0.0,0.0,1.0,0.0,0.0,1.0,0.0,0.0,0.0,0.0,0.0,0.0,0.0,0.0,0.0
-0.6402465,1.5778861,1.0,0.0,0.0,0.0,0.0,0.0,0.0,0.0,0.0,1.0,0.0,0.0,0.0,0.0,0.0,0.0
1.5508131,0.19437282,0.0,0.0,0.0,1.0,0.0,0.0,1.0,0.0,0.0,0.0,0.0,0.0,0.0,0.0,0.0,0.0
0.6794901,0.95081675,0.0,0.0,0.0,1.0,0.0,0.0,1.0,0.0,0.0,0.0,0.0,0.0,0.0,0.0,0.0,0.0
-0.73762697,2.1958158,1.0,0.0,0.0,0.0,0.0,0.0,1.0,0.0,0.0,0.0,0.0,0.0,0.0,0.0,0.0,0.0
0.10077214,2.6694357,0.0,0.0,0.0,1.0,0.0,0.0,1.0,0.0,0.0,0.0,0.0,0.0,0.0,0.0,0.0,0.0
0.9737181,1.2067914,0.0,0.0,0.0,1.0,0.0,0.0,1.0,0.0,0.0,0.0,0.0,0.0,0.0,0.0,0.0,0.0
0.65352196,-0.6647189,0.0,0.0,0.0,1.0,0.0,0.0,0.0,0.0,0.0,0.0,0.0,0.0,1.0,0.0,0.0,0.0
0.038653944,-0.56233853,0.035957806,0.035957806,0.035957806,1.0270474,0.035957806,0.027047507,0.035957806,0.035957806,0.9684822,0.035957806,0.035957806,0.035957806,0.035957806,-0.035796825,0.031152586,0.027047507
-0.7181541,0.06633678,0.09506509,0.07150808,0.083008006,0.90493494,0.09506509,0.09506509,0.90493494,-0.09506509,0.09506509,0.09506509,0.03286542,-0.09506509,-0.083008006,0.09506509,0.030334286,0.06952303
-0.59202003,-0.71207786,0.0,0.0,0.0,1.0,0.0,0.0,0.0,0.0,1.0,0.0,0.0,0.0,0.0,0.0,0.0,0.0
-0.75153846,2.2698298,0.083026856,0.0624529,0.040752634,0.9169731,0.083026856,0.083026856,-0.083026856,-0.083026856,0.083026856,0.083026856,0.0624529,-0.08280516,0.9169731,0.08280516,-0.07219593,0.083026856
2.5649607,-0.59165347,0.0,0.0,0.0,0.0,1.0,0.0,1.0,0.0,0.0,0.0,0.0,0.0,0.0,0.0,0.0,0.0
0.63961047,-0.6605601,0.0,0.0,0.0,1.0,0.0,0.0,0.0,0.0,0.0,0.0,0.0,0.0,1.0,0.0,0.0,0.0
0.03763905,-0.54033506,0.034942914,0.034942914,0.026284106,1.0219253,0.034942914,0.026265793,0.034942914,0.034942914,0.96505713,0.034942914,0.03058417,0.034942914,0.034942914,-0.034942914,0.016314032,0.034942914
1.3908309,-0.67317533,0.0,0.0,0.0,0.0,1.0,0.0,0.0,0.0,0.0,1.0,0.0,0.0,0.0,0.0,0.0,0.0
-0.73762697,1.8901424,1.0,0.0,0.0,0.0,0.0,0.0,1.0,0.0,0.0,0.0,0.0,0.0,0.0,0.0,0.0,0.0
1.3630079,-0.6753892,0.0,1.0,0.0,0.0,0.0,0.0,0.0,1.0,0.0,0.0,0.0,0.0,0.0,0.0,0.0,0.0
-0.027244102,-0.53431666,0.074395925,0.055478927,-0.06224404,0.9440393,0.074395925,0.055478927,0.05596071,0.04263868,0.94486976,0.012879504,0.074395925,0.05244229,-0.074395925,-0.074395925,0.07391414,0.052515954
-0.62940377,-0.3749301,0.06682974,0.06682974,0.05854964,0.93317026,0.06682974,0.06682974,0.93317026,-0.06682974,0.06682974,0.06682974,0.06682974,-0.06682974,-0.056969058,0.058249835,-0.06682974,0.06682974
-0.5340272,-0.589486,0.06512393,-0.06512393,0.027518753,0.9348761,0.06512393,0.06512393,0.030931886,0.06512393,0.06512393,0.06512393,0.06512393,0.06512393,0.9348761,-0.06512393,-0.06512393,0.06512393
0.038272783,-0.556301,0.035576645,0.035576645,0.035576645,1.0355766,0.035576645,0.035576645,0.035576645,0.035576645,0.96442336,0.026760798,0.029778734,0.035576645,0.026760798,-0.035576645,0.026760798,0.035576645
-0.5683705,-0.50851804,0.0,0.0,0.0,1.0,0.0,0.0,0.0,0.0,1.0,0.0,0.0,0.0,0.0,0.0,0.0,0.0
0.52182657,-0.67440015,0.0,0.0,0.0,0.0,1.0,0.0,1.0,0.0,0.0,0.0,0.0,0.0,0.0,0.0,0.0,0.0
-0.7380075,0.07123957,0.09057336,0.09057336,0.0681294,0.9094266,0.09057336,0.09038721,0.9094266,-0.09057336,0.09057336,0.09057336,0.03480285,-0.09057336,-0.07912378,0.05638011,0.010052702,-0.0033396594
-0.75153846,0.66082,0.15435454,0.15435454,0.13484222,0.8456454,0.15435454,0.15435454,-0.15435454,-0.15435454,0.15435454,0.15435454,0.095518194,0.8456454,0.15435454,0.15435454,-0.00015263818,0.13484222
-0.75153846,-0.6887225,0.023537,-0.023537,0.0028738563,0.976463,0.023537,0.023537,-0.023508292,0.023537,0.023537,0.023537,0.023537,0.023537,0.976463,-0.023537,0.023486132,0.023537
-0.66131145,-0.26290685,0.072073676,0.072073676,0.072073676,0.9279263,0.072073676,0.054213915,0.9279263,-0.072073676,0.07205795,0.072073676,0.063147835,-0.072073676,-0.072073676,0.07205795,0.030978989,0.072073676
0.013513573,0.6804858,0.10541556,-0.10541556,-0.1045196,0.90804213,0.10541556,0.07929372,0.8945844,-0.10541556,0.10541556,-0.10541556,-0.06583601,-0.10541556,0.051195636,-0.0072082123,0.06092429,0.07811452
-0.63362134,-0.6560281,0.050180044,-0.050180044,0.023216926,0.9498199,0.050180044,0.04383667,-0.037745494,0.050180044,0.050180044,0.050180044,0.037745494,0.050180044,0.9498199,-0.050180044,0.03149258,0.050180044
-0.6312954,-0.6563751,0.050172675,-0.050172675,0.018638741,0.9498274,0.050172675,0.050172675,-0.050172675,0.050172675,0.050172675,0.050172675,0.050172675,0.050172675,0.9498274,-0.050172675,-0.043851197,0.050172675
0.038038228,-0.5623077,0.03534209,0.03534209,0.022190686,1.0309484,0.03534209,0.03534209,0.03534209,0.03534209,0.9646579,0.02658436,0.03534209,0.03534209,0.03522276,-0.03534209,0.02658436,0.03534209
0.65352196,-0.6643061,0.0,0.0,0.0,1.0,0.0,0.0,0.0,0.0,0.0,0.0,0.0,0.0,1.0,0.0,0.0,0.0
-0.6358446,-0.6623827,0.04985288,-0.04985288,0.031197377,0.95014715,0.04985288,0.04985288,-0.04985288,0.04985288,0.04985288,0.04985288,0.04985288,0.04985288,0.95014715,-0.04985288,-0.022790406,0.04985288
-0.020514006,-0.509506,0.062113658,0.053940505,-0.046122003,0.93788636,0.062113658,0.062113658,0.062113658,0.05194045,1.0065961,0.046316437,0.062113658,0.05194045,-0.062113658,-0.062113658,0.062113658,0.062113658
-0.615802,-0.33675253,0.029810263,0.007294068,0.029810263,0.97018975,0.029810263,0.029810263,-0.028670387,-0.010367423,0.029810263,0.029810263,0.029810263,0.022423318,0.97018975,-0.029810263,-0.018383013,0.029810263
-0.025784316,-0.51897323,0.07214598,0.0623369,-0.04046545,0.93688357,0.07214598,0.06311639,0.06310358,0.008375752,0.9368963,0.05927133,0.07214598,0.05927133,-0.07214598,-0.06310358,0.07214598,0.07214598
-0.32978845,-0.7115133,0.0,0.0,0.0,0.0,1.0,0.0,1.0,0.0,0.0,0.0,0.0,0.0,0.0,0.0,0.0,0.0
1.3908309,-0.6769144,0.0,0.0,0.0,0.0,1.0,0.0,0.0,0.0,0.0,1.0,0.0,0.0,0.0,0.0,0.0,0.0
0.037521556,-0.54264474,0.034825414,0.034825414,0.030408518,1.0304085,0.034825414,0.034825414,0.034825414,0.034825414,0.9651746,0.034825414,0.034825414,0.034825414,0.034825414,-0.034825414,0.026195724,0.034825414
-0.5340008,-0.5897089,0.064865604,-0.064865604,0.055667758,0.9351344,0.064865604,0.064865604,-0.04379627,0.064865604,0.064865604,0.064865604,0.064865604,0.064865604,0.9351344,-0.064865604,-0.034398764,0.064865604
-0.7395105,-0.6851253,0.027156046,-0.027156046,0.010790484,0.97284395,0.027156046,0.027156046,-0.020426812,0.02702084,0.027156046,0.027156046,0.027156046,0.027156046,0.97284395,-0.027156046,0.0024843016,0.027156046
-0.0184619,-0.527515,0.06602063,0.048957765,-0.01897771,0.9339794,0.06602063,0.049660802,0.06602063,0.044239208,0.9674175,0.038671955,0.06602063,0.04447878,-0.049660802,-0.06602063,0.06602063,0.06602063
-0.75153846,-0.5698523,0.13661413,0.86338586,0.13454714,-0.13661413,0.13661413,0.07403613,-0.018481351,0.13661413,0.13661413,0.13661413,0.11968789,-0.13661413,-0.13661413,0.86338586,0.13661413,0.13661413
0.63961047,-0.6272424,0.0,0.0,0.0,1.0,0.0,0.0,0.0,0.0,0.0,0.0,0.0,0.0,1.0,0.0,0.0,0.0
-0.66695917,1.3405308,0.08096743,0.08096743,0.07063083,0.9190326,0.08096743,0.08096743,-0.08096743,-0.060903803,0.08096743,0.08096743,0.07004574,-0.049683053,0.9190326,0.05056721,-0.051892933,0.08096743
-0.75153846,0.9514499,0.15015385,0.112945914,0.14979796,0.8498461,0.15015385,0.15015385,0.8498461,-0.15015385,0.15015385,0.15015385,0.112945914,-0.15015385,0.15015385,-0.08051933,0.15015385,0.15015385
-0.53406227,-0.5888067,0.064927086,-0.064927086,0.064927086,0.9350729,0.064927086,0.056699965,-0.028603148,0.064927086,0.064927086,0.064927086,0.064927086,0.064927086,0.9350729,-0.064927086,-0.04883824,0.064927086
-0.75153846,2.2602026,0.08246216,0.08246216,0.062028144,0.91753787,0.08246216,0.0822282,-0.08246216,-0.08246216,0.08246216,0.08246216,0.062028144,-0.08246216,0.91753787,0.08246216,-0.08246216,0.08246216
-0.6152031,-0.3808966,0.029675065,0.025758123,0.022321621,0.97032493,0.029675065,0.02163603,-0.022321621,-0.010734762,0.029675065,0.029675065,0.029675065,0.029675065,0.97032493,-0.018669901,-0.029675065,0.029675065
-0.66691023,-0.71173316,0.0,0.0,0.0,1.0,0.0,0.0,0.0,0.0,1.0,0.0,0.0,0.0,0.0,0.0,0.0,0.0
-0.6188462,0.16232792,0.032854438,0.032854438,0.032854438,0.96714556,0.032854438,0.02867382,-0.032854438,-0.032854438,0.032854438,0.032854438,0.032854438,-0.032854438,0.96714556,-0.02442907,-0.02455386,0.032854438
-0.6359546,-0.6622286,0.049962893,-0.049962893,0.049962893,0.95618534,0.049962893,0.049635876,-0.049962893,0.049962893,0.049962893,0.049962893,0.049635876,0.049962893,0.9500371,-0.049962893,-0.030921122,0.049962893
1.3908309,-0.6689529,0.0,0.0,0.0,0.0,1.0,0.0,0.0,0.0,0.0,1.0,0.0,0.0,0.0,0.0,0.0,0.0
1.3908309,-0.6783603,0.0,0.0,0.0,0.0,1.0,0.0,0.0,0.0,0.0,1.0,0.0,0.0,0.0,0.0,0.0,0.0
-0.6815305,-0.15321955,0.08000428,0.08000428,0.04625204,0.9199957,0.08000428,0.08000428,0.9199957,-0.08000428,0.08000428,0.08000428,0.08000428,-0.08000428,-0.070125565,0.08000428,0.032437123,0.06917026
-0.6100638,-0.4996737,0.03427384,-0.03427384,0.029912582,0.96572614,0.03427384,0.03427384,-0.029912582,0.03427384,0.03427384,0.03427384,0.03427384,0.03427384,0.96572614,-0.03427384,-0.03427384,0.03427384
0.18725523,0.036947075,0.0,0.0,0.0,1.0,0.0,0.0,0.0,0.0,1.0,0.0,0.0,0.0,0.0,0.0,0.0,0.0
-0.09004712,-0.7110994,0.0,0.0,0.0,0.0,1.0,0.0,1.0,0.0,0.0,0.0,0.0,0.0,0.0,0.0,0.0,0.0
-0.73762697,1.5055016,1.0,0.0,0.0,0.0,0.0,0.0,1.0,0.0,0.0,0.0,0.0,0.0,0.0,0.0,0.0,0.0
-0.019312039,-0.58167285,0.067025356,0.058496602,-0.05041656,0.9415034,0.067025356,0.067025356,0.058496602,0.058496602,0.95899296,0.058496602,0.067025356,0.058496602,-0.067025356,-0.067025356,0.067025356,0.067025356
-0.73955,-0.6850791,0.027195565,-0.027195565,-0.0006236059,0.9728044,0.027195565,0.027195565,-0.017041413,0.027195565,0.027195565,0.027195565,0.027195565,0.027195565,0.9728044,-0.027195565,-0.027195565,0.027195565
-0.22962573,-0.71076447,0.0,0.0,0.0,0.0,1.0,0.0,1.0,0.0,0.0,0.0,0.0,0.0,0.0,0.0,0.0,0.0
-0.65022767,-0.37092766,0.0628448,0.0628448,0.03810699,0.9371552,0.0628448,0.0628448,0.9371552,-0.0628448,0.0628448,0.0628448,0.047271937,-0.0628448,-0.054979287,0.0628448,-0.0628448,0.0628448
-0.66691023,-0.71199125,0.0,0.0,0.0,1.0,0.0,0.0,0.0,0.0,1.0,0.0,0.0,0.0,0.0,0.0,0.0,0.0
0.06854386,2.6511185,0.0,0.0,0.0,1.0,0.0,0.0,1.0,0.0,0.0,0.0,0.0,0.0,0.0,0.0,0.0,0.0
1.4047424,-0.6780067,0.0,0.0,0.0,0.0,1.0,0.0,0.0,0.0,0.0,1.0,0.0,0.0,0.0,0.0,0.0,0.0
0.18914706,0.08251449,0.031105954,-0.031105954,0.016022127,0.97668785,-0.031105954,0.031105954,-0.031105954,-0.031105954,0.031105954,-0.031105954,-0.027047496,-0.031105954,0.968894,-0.031105954,-0.031105954,-0.013996803
1.4047424,-0.67798007,0.0,0.0,0.0,0.0,1.0,0.0,0.0,0.0,0.0,1.0,0.0,0.0,0.0,0.0,0.0,0.0
0.038177278,-0.5525977,0.03548114,0.03548114,0.035253156,1.0266889,0.03548114,0.03548114,0.03548114,0.03548114,0.96451885,0.03548114,0.026688954,0.03548114,0.03548114,-0.03548114,0.026502928,0.03095151
1.3630079,-0.6748662,0.0,1.0,0.0,0.0,0.0,0.0,0.0,1.0,0.0,0.0,0.0,0.0,0.0,0.0,0.0,0.0
0.9737181,1.9449806,0.0,0.0,0.0,1.0,0.0,0.0,1.0,0.0,0.0,0.0,0.0,0.0,0.0,0.0,0.0,0.0
0.0007181633,0.4380331,0.10096704,-0.10096704,-0.037304685,0.89903295,0.10096704,0.10096704,0.93852884,-0.10096704,0.10096704,-0.10096704,-0.0499368,-0.10096704,-0.08795138,0.09925515,0.031629533,0.10010351
-0.4701067,2.3975291,0.115885064,0.115885064,-0.037544508,0.8841149,0.115885064,0.1012842,-0.115885064,-0.115885064,0.115885064,0.115885064,0.115885064,-0.115885064,0.8841149,-0.025695253,-0.115885064,-0.115885064
0.0041221194,0.44595912,0.097647116,-0.07345028,-0.07345028,0.90235287,0.097647116,0.097283125,0.9269137,-0.097647116,0.08530329,-0.097647116,-0.097647116,-0.097647116,-0.097647116,0.097647116,0.030241068,0.07345028
-0.25837615,-0.7111087,0.0,0.0,0.0,0.0,1.0,0.0,1.0,0.0,0.0,0.0,0.0,0.0,0.0,0.0,0.0,0.0
-0.7459738,-0.71229726,0.0,0.0,0.0,0.0,1.0,0.0,1.0,0.0,0.0,0.0,0.0,0.0,0.0,0.0,0.0,0.0
-0.75153846,1.7411761,0.17309564,0.13020277,-0.17296918,0.8269043,0.17309564,0.13020277,0.8269043,-0.17309564,0.17309564,0.17309564,0.17296918,-0.17309564,-0.17309564,0.17309564,0.13020277,0.10882938
0.65352196,-0.6619561,0.0,0.0,0.0,1.0,0.0,0.0,0.0,0.0,0.0,0.0,0.0,0.0,1.0,0.0,0.0,0.0
-0.7287275,-0.6798114,0.08338013,0.08338013,0.08338013,0.9166199,0.08338013,0.08338013,-0.08338013,-0.08338013,0.08338013,0.08338013,0.08338013,0.9166199,-0.028678127,0.062232986,-0.062718645,0.08338013
-0.64214194,0.7295581,0.056150172,0.056150172,0.042236235,0.9438498,0.056150172,0.04215983,-0.056150172,-0.056150172,0.056150172,0.056150172,0.056150172,-0.056150172,0.9438498,0.034468565,-0.056150172,0.056150172
-0.62842065,-0.6547412,0.050543975,-0.050543975,0.049315162,0.94945604,0.050543975,0.050543975,-0.050543975,0.050543975,0.050543975,0.050543975,0.050543975,0.050543975,0.94945604,-0.050543975,-0.019041216,0.050543975
-0.6402465,1.5813771,1.0,0.0,0.0,0.0,0.0,0.0,0.0,0.0,0.0,1.0,0.0,0.0,0.0,0.0,0.0,0.0
1.3212734,-0.6623238,0.0,1.0,0.0,0.0,0.0,0.0,0.0,1.0,0.0,0.0,0.0,0.0,0.0,0.0,0.0,0.0
-0.55163884,-0.49734738,0.056535512,0.022600815,0.056535512,0.94346446,0.056535512,0.056535512,-0.056535512,0.048623577,0.056535512,0.056535512,0.056535512,0.021733359,0.94346446,-0.056535512,-0.056535512,0.056535512
-0.6762116,1.7131789,0.090219855,0.090219855,0.090219855,0.90978014,0.090219855,0.090219855,-0.090219855,-0.090219855,0.090219855,0.090219855,0.090219855,-0.090219855,0.90978014,0.090219855,-0.044632234,0.090219855
-0.62638086,-0.40752348,0.024854671,-0.0075463466,0.024854671,0.97514534,0.024854671,0.024854671,-0.018695716,0.012145517,0.024854671,0.024854671,0.024854671,0.018695716,0.97514534,-0.024854671,-0.024854671,0.024854671
-0.62216157,-0.124795556,0.0,0.0,0.0,1.0,0.0,0.0,0.0,0.0,1.0,0.0,0.0,0.0,0.0,0.0,0.0,0.0
-0.75153846,2.9154882,1.0,0.0,0.0,0.0,0.0,0.0,1.0,0.0,0.0,0.0,0.0,0.0,0.0,0.0,0.0,0.0
-0.63868564,-0.65059364,0.047593087,-0.047593087,0.04148448,0.95240694,0.047593087,0.047593087,-0.047593087,0.047593087,0.047593087,0.047593087,0.035799585,0.047593087,0.95240694,-0.047593087,-0.019822577,0.047593087
-0.75153846,2.759515,0.086120486,0.086120486,-0.08506908,0.9138796,0.086120486,0.086120486,-0.086120486,-0.086120486,0.086120486,0.086120486,0.05378552,-0.07486034,0.9138796,0.086120486,0.024528768,0.053095493
0.0020789737,0.43118942,0.09815441,-0.09815441,-0.08513667,0.9018456,0.09815441,0.08513667,0.91486335,-0.09815441,0.09815441,-0.09815441,-0.060814127,-0.09815441,-0.060814127,0.060814127,0.07383187,0.07279702
-0.53353137,-0.5895432,0.06509177,-0.06509177,0.029827517,0.9349083,0.06509177,0.06509177,0.05683618,0.06509177,0.06509177,0.06509177,0.06509177,0.04896211,0.9349083,-0.06509177,-0.06509177,0.06509177
-0.6357209,-0.3247626,0.021674331,0.016303457,0.021674331,0.97832566,0.021674331,0.021632915,-0.021674331,-0.0012546172,0.021674331,0.021674331,0.021674331,0.016192337,0.97832566,-0.021674331,-0.021674331,0.021674331
0.65352196,-0.66118187,0.0,0.0,0.0,1.0,0.0,0.0,0.0,0.0,0.0,0.0,0.0,0.0,1.0,0.0,0.0,0.0
-0.62385696,0.34840137,0.037865236,0.037865236,0.037865236,0.9621348,0.037865236,0.028482275,-0.037865236,-0.015646486,0.037865236,0.037865236,0.023367831,-0.037865236,0.9621348,0.0033655018,-0.028482275,0.037865236
56.67486,-0.61408156,0.0,0.0,0.0,1.0,0.0,0.0,0.0,0.0,1.0,0.0,0.0,0.0,0.0,0.0,0.0,0.0
0.047850903,-0.5600612,0.02985213,0.02985213,0.029460333,1.0298522,0.02985213,0.026090927,0.02985213,0.02985213,0.9701479,0.026090927,0.026090927,0.02985213,0.02985213,-0.029460333,0.010700465,0.025561873
0.63961047,-0.65824187,0.0,0.0,0.0,1.0,0.0,0.0,0.0,0.0,0.0,0.0,0.0,0.0,1.0,0.0,0.0,0.0
0.39198598,2.1140447,0.0,0.0,0.0,1.0,0.0,0.0,1.0,0.0,0.0,0.0,0.0,0.0,0.0,0.0,0.0,0.0
0.15757738,2.6814253,0.0,0.0,0.0,1.0,0.0,0.0,1.0,0.0,0.0,0.0,0.0,0.0,0.0,0.0,0.0,0.0
-0.68198097,-0.31495565,1.0,0.0,0.0,0.0,0.0,0.0,0.0,0.0,0.0,1.0,0.0,0.0,0.0,0.0,0.0,0.0
0.65352196,-0.66204256,0.0,0.0,0.0,1.0,0.0,0.0,0.0,0.0,0.0,0.0,0.0,0.0,1.0,0.0,0.0,0.0
2.7001338,0.60841966,0.0,0.0,0.0,1.0,0.0,0.0,1.0,0.0,0.0,0.0,0.0,0.0,0.0,0.0,0.0,0.0
0.036896557,-0.5289047,0.03420042,0.025725596,0.03420042,1.0211883,0.03420042,0.03407767,0.03420042,0.03420042,0.96579957,0.03420042,0.03420042,0.03420042,0.029905662,-0.03420042,0.03420042,0.03420042
1.8376216,0.09120335,0.0,0.0,0.0,1.0,0.0,0.0,1.0,0.0,0.0,0.0,0.0,0.0,0.0,0.0,0.0,0.0
1.8424906,2.1135917,0.0,0.0,0.0,1.0,0.0,0.0,1.0,0.0,0.0,0.0,0.0,0.0,0.0,0.0,0.0,0.0
-0.6850801,-0.15252449,0.07914858,0.07914858,0.07914858,0.9208514,0.07914858,0.06897838,0.9208514,-0.07914858,0.059535664,0.07914858,0.03337227,-0.07914858,-0.059048828,0.06889255,0.02692138,0.06897838
-0.75153846,-0.5702499,0.13621855,0.86378145,0.13468704,-0.13621855,0.13621855,0.10246377,-0.13389872,0.06725679,0.13621855,0.13621855,0.10246377,-0.10246377,-0.13621855,0.86378145,0.065788776,0.13621855
0.046463437,-0.5346471,0.02846466,0.017718181,0.021411147,1.0172075,0.02846466,0.02846466,0.02846466,0.02846466,0.9715353,0.02846466,0.024643738,0.02846466,0.02477169,-0.02846466,0.021411147,0.02846466
-0.68198097,-0.31232902,1.0,0.0,0.0,0.0,0.0,0.0,0.0,0.0,0.0,1.0,0.0,0.0,0.0,0.0,0.0,0.0
-0.6359002,-0.66233265,0.04990847,-0.04990847,0.037541214,0.95009154,0.04990847,0.03695217,-0.04990847,0.04990847,0.04990847,0.04990847,0.04344216,0.04990847,0.95009154,-0.04990847,-0.03750497,0.04990847
0.074362054,0.4762782,0.040365063,-0.040365063,0.018396217,0.96963733,0.040365063,0.040365063,-0.040365063,-0.040365063,0.040365063,-0.040365063,-0.025209505,-0.040365063,0.95963496,-0.035211913,-0.040365063,-0.040365063
1.071794,0.031820487,0.0,0.0,0.0,0.0,1.0,0.0,1.0,0.0,0.0,0.0,0.0,0.0,0.0,0.0,0.0,0.0
0.036983434,-0.52992535,0.034287293,0.034287293,0.034287293,1.0248914,0.034287293,0.034287293,0.034287293,0.034287293,0.96571267,0.034287293,0.034287293,0.034287293,0.02993865,-0.034287293,0.025790945,0.034287293
2.9996946,1.7582785,0.0,0.0,0.0,1.0,0.0,0.0,1.0,0.0,0.0,0.0,0.0,0.0,0.0,0.0,0.0,0.0
0.088030174,-0.5215075,0.09808623,-0.09808623,-0.09808623,0.9019138,0.09808623,0.07350364,0.09808623,-0.09808623,0.09808623,-0.09808623,-0.09808623,-0.085727915,0.9019138,0.047397792,0.09808623,0.07350364
-0.75153846,-0.5696597,0.13676842,0.86323154,0.13676842,-0.13676842,0.13676842,0.119593576,0.10214179,0.10287738,0.13676842,0.13676842,0.13676842,-0.13676842,-0.13676842,0.86323154,0.009675903,0.13676842
-0.66691023,-0.7117413,0.0,0.0,0.0,1.0,0.0,0.0,0.0,0.0,1.0,0.0,0.0,0.0,0.0,0.0,0.0,0.0
-0.018855758,-0.52671474,0.06562677,0.05707318,-0.023813311,0.93437326,0.06562677,0.05752335,0.05752335,0.04252063,0.93437326,0.054335203,0.06562677,0.054335203,-0.05752335,-0.06562677,0.06562677,0.05752335
-0.6423886,0.7274635,0.056396876,0.056396876,0.049056657,0.94360316,0.056396876,0.042421807,-0.056396876,-0.056396876,0.056396876,0.056396876,0.049056657,-0.056396876,0.94360316,0.042421807,-0.049055398,0.056396876
-0.75153846,1.999987,0.17588508,0.17588508,-0.12797882,0.8241149,0.17588508,0.17588508,0.8241149,-0.17588508,0.15321174,0.17588508,0.17435378,-0.17588508,-0.17588508,0.17588508,0.15321174,0.13076964
-0.5706891,-0.7045004,0.0,0.0,0.0,1.0,0.0,0.0,0.0,0.0,1.0,0.0,0.0,0.0,0.0,0.0,0.0,0.0
-0.36796755,1.218433,0.23355865,0.23355865,-0.23355865,0.76644135,0.23355865,0.23355865,0.76644135,-0.23355865,0.23355865,-0.23355865,0.06695969,-0.23355865,-0.23355865,0.23355865,0.23355865,0.23355865
-0.73762697,1.7019515,1.0,0.0,0.0,0.0,0.0,0.0,1.0,0.0,0.0,0.0,0.0,0.0,0.0,0.0,0.0,0.0
0.010397094,0.51229095,0.10229908,-0.04797531,-0.06604302,0.8977009,0.10229908,0.10107878,0.9367027,-0.10229908,0.10229908,-0.10229908,-0.10229908,-0.10229908,-0.050236072,0.057190284,0.089154184,0.10229908
-0.63584363,-0.66192055,0.049851924,-0.049851924,0.037194423,0.9501481,0.049851924,0.049851924,-0.0436335,0.049851924,0.049851924,0.049851924,0.049680047,0.049851924,0.9501481,-0.049851924,-0.049680047,0.049851924
-0.73762697,2.1538026,1.0,0.0,0.0,0.0,0.0,0.0,1.0,0.0,0.0,0.0,0.0,0.0,0.0,0.0,0.0,0.0
-0.47002405,2.3953533,0.11596769,0.115845755,-0.087231025,0.8840323,0.11596769,0.08481835,-0.11596769,-0.11596769,0.11596769,0.11596769,0.115845755,-0.11596769,0.8840323,0.101991326,-0.11596769,-0.11596769
-0.6360603,-0.6621364,0.050068542,-0.050068542,0.017180879,0.94993144,0.050068542,0.050068542,-0.050068542,0.050068542,0.050068542,0.050068542,0.050068542,0.050068542,0.94993144,-0.050068542,0.0051739197,0.050068542
-0.73762697,1.3292565,1.0,0.0,0.0,0.0,0.0,0.0,1.0,0.0,0.0,0.0,0.0,0.0,0.0,0.0,0.0,0.0
-0.7485243,-0.71229726,0.0,0.0,0.0,0.0,1.0,0.0,1.0,0.0,0.0,0.0,0.0,0.0,0.0,0.0,0.0,0.0
-0.534279,-0.58978546,0.06468001,-0.06468001,0.06468001,0.93532,0.06468001,0.06468001,-0.056557726,0.06468001,0.06468001,0.06468001,0.06468001,0.06468001,0.93532,-0.06468001,-0.04842881,0.06468001
-0.54668087,2.455446,0.17865762,0.17865762,-0.17865762,0.8213424,0.17865762,0.055280738,0.8213424,-0.17865762,0.17865762,0.17865762,0.13251343,-0.17865762,-0.13286331,0.17865762,-0.17865762,0.17865762
-0.53423584,-0.5897301,0.06486876,-0.06486876,0.048794366,0.93513125,0.06486876,0.06486876,-0.0028554397,0.06486876,0.06486876,0.06486876,0.06486876,0.06486876,0.93513125,-0.06486876,-0.06486876,0.06486876
-0.48164716,2.5077488,0.10434457,0.10434457,-0.091328844,0.8956554,0.10434457,0.102800846,-0.10434457,-0.10434457,0.10434457,0.10434457,0.10434457,-0.10434457,0.8956554,0.07848812,-0.10434457,-0.10434457
-0.7237155,1.005897,1.0,0.0,0.0,0.0,0.0,0.0,1.0,0.0,0.0,0.0,0.0,0.0,0.0,0.0,0.0,0.0
-0.56697935,0.13676319,0.0,0.0,0.0,1.0,0.0,0.0,0.0,0.0,1.0,0.0,0.0,0.0,0.0,0.0,0.0,0.0
-0.6463269,0.81311095,0.060335144,0.060335144,0.060335144,0.93966484,0.060335144,0.060335144,-0.060335144,-0.060335144,0.060335144,0.060335144,0.060335144,-0.037832797,0.93966484,0.045384176,-0.060335144,0.060335144
0.15719298,-0.3382889,0.08122966,-0.08122966,-0.061101053,0.9187704,0.08122966,0.060888704,0.08122966,-0.08122966,0.08122966,-0.08122966,-0.08122966,-0.08122966,0.9187704,-0.06416396,-0.038949084,0.07109723
-0.6374642,-0.66888845,0.0,0.0,0.0,0.0,1.0,0.0,0.0,0.0,0.0,1.0,0.0,0.0,0.0,0.0,0.0,0.0
0.6794901,0.95208174,0.0,0.0,0.0,1.0,0.0,0.0,1.0,0.0,0.0,0.0,0.0,0.0,0.0,0.0,0.0,0.0
0.65352196,-0.6605768,0.0,0.0,0.0,1.0,0.0,0.0,0.0,0.0,0.0,0.0,0.0,0.0,1.0,0.0,0.0,0.0
1.9407984,-0.3137314,0.0,0.0,0.0,0.0,1.0,0.0,1.0,0.0,0.0,0.0,0.0,0.0,0.0,0.0,0.0,0.0
-0.75153846,-0.569719,0.13674952,0.8632505,0.10286316,-0.13674952,0.13674952,0.06859094,0.035794444,0.13674952,0.13674952,0.13674952,0.13674952,-0.13674952,-0.13674952,0.8632505,0.06373345,0.13674952
0.63961047,-0.62986845,0.0,0.0,0.0,1.0,0.0,0.0,0.0,0.0,0.0,0.0,0.0,0.0,1.0,0.0,0.0,0.0
-0.75153846,-0.57098496,0.13544475,0.86455524,0.13544475,-0.13544475,0.13544475,0.13544475,-0.05298754,0.13544475,0.13544475,0.13544475,0.13544475,-0.13544475,-0.13544475,0.86455524,0.100787245,0.13544475
0.49284428,-0.5411632,0.0,0.0,0.0,0.0,1.0,0.0,1.0,0.0,0.0,0.0,0.0,0.0,0.0,0.0,0.0,0.0
-0.48099804,2.5053492,0.10499371,0.0789764,-0.10499371,0.8950063,0.10499371,0.07820915,-0.10499371,-0.10499371,0.10499371,0.10499371,0.104226455,-0.10499371,0.8950063,0.025141492,-0.10499371,-0.10499371
-0.73762697,1.4761275,1.0,0.0,0.0,0.0,0.0,0.0,1.0,0.0,0.0,0.0,0.0,0.0,0.0,0.0,0.0,0.0
-0.75153846,0.8373667,0.1467497,0.1467497,0.1467497,0.85325027,0.1467497,0.11038533,0.85325027,-0.1467497,0.1467497,0.1467497,0.06957662,-0.1467497,0.1467497,-0.11038533,0.1467497,0.1088213
-0.5334299,-0.58930147,0.06522219,-0.06522219,0.056977276,0.93477786,0.06522219,0.049060214,0.06522219,0.06522219,0.06522219,0.06522219,0.056977276,0.06522219,0.93477786,-0.06522219,-0.056263577,0.06522219
-0.5333543,-0.5892519,0.06537836,-0.06537836,-0.017016418,0.93462163,0.06537836,0.06537836,0.06537836,0.06537836,0.06537836,0.06537836,0.06537836,0.06537836,0.93462163,-0.06537836,-0.05714105,0.06537836
-0.66691023,-0.71198004,0.0,0.0,0.0,1.0,0.0,0.0,0.0,0.0,1.0,0.0,0.0,0.0,0.0,0.0,0.0,0.0
1.3351849,-0.66374093,0.0,1.0,0.0,0.0,0.0,0.0,0.0,1.0,0.0,0.0,0.0,0.0,0.0,0.0,0.0,0.0
0.63961047,-0.62950075,0.0,0.0,0.0,1.0,0.0,0.0,0.0,0.0,0.0,0.0,0.0,0.0,1.0,0.0,0.0,0.0
-0.75153846,-0.68862987,0.023643045,-0.023643045,-0.018530522,0.976357,0.023643045,0.023643045,-0.020564951,0.023643045,0.023643045,0.023643045,0.023643045,0.023643045,0.976357,-0.023643045,-0.017038004,0.023643045
0.65352196,-0.66191596,0.0,0.0,0.0,1.0,0.0,0.0,0.0,0.0,0.0,0.0,0.0,0.0,1.0,0.0,0.0,0.0
-0.5337817,-0.5898121,0.06487835,-0.06487835,0.0434041,0.93512166,0.06487835,0.06487835,0.04880158,0.06487835,0.06487835,0.06487835,0.06487835,0.06487835,0.93512166,-0.06487835,-0.06478773,0.06487835
-0.5338065,-0.58956504,0.06490318,-0.06490318,0.029883228,0.93509686,0.06490318,0.06490318,0.06490318,0.06490318,0.06490318,0.06490318,0.06490318,0.06490318,0.93509686,-0.06490318,-0.04868225,0.06490318
-0.026809396,-0.51908636,0.059527997,0.051665436,-0.041847486,0.9483346,0.059527997,0.05458167,0.051665436,0.036374178,0.9713817,0.035730798,0.04529571,0.051665436,-0.059527997,-0.051665436,0.059527997,0.059527997
-0.5331244,-0.5893849,0.0651485,-0.0651485,0.030674314,0.9348515,0.0651485,0.0651485,-0.04869321,0.0651485,0.0651485,0.0651485,0.0651485,0.0651485,0.9348515,-0.0651485,-0.04869321,0.0651485
-0.48147255,2.5073657,0.10451917,0.10451917,-0.09126189,0.8954808,0.10451917,0.09139406,-0.10451917,-0.10451917,0.10451917,0.10451917,0.10451917,-0.10451917,0.8954808,0.078619435,-0.10451917,-0.10451917
3.8517733,0.044318713,0.0,0.0,0.0,1.0,0.0,0.0,1.0,0.0,0.0,0.0,0.0,0.0,0.0,0.0,0.0,0.0
1.2595992,0.7799769,0.0,0.0,0.0,1.0,0.0,0.0,1.0,0.0,0.0,0.0,0.0,0.0,0.0,0.0,0.0,0.0
-0.61586213,-0.30084628,0.029638547,0.025830142,0.02202104,0.9703615,0.029638547,0.029638547,-0.025830142,0.01756126,0.029638547,0.029638547,0.029638547,0.02202104,0.9703615,-0.022294153,-0.029638547,0.029638547
0.037014395,-0.5273419,0.034318257,0.034318257,0.025814235,1.0123059,0.034318257,0.034318257,0.034318257,0.034318257,0.96568173,0.034318257,0.034318257,0.034318257,0.034185637,-0.034318257,0.034318257,0.029951364
-0.58599174,4.6330576,0.0,0.0,0.0,1.0,0.0,0.0,0.0,0.0,0.0,0.0,0.0,0.0,1.0,0.0,0.0,0.0
0.038465347,-0.56213164,0.03576921,0.035738435,0.031228106,1.0269057,0.03576921,0.03576921,0.03576921,0.03576921,0.9642308,0.026905641,0.03576921,0.03576921,0.03576921,-0.03576921,0.031344604,0.03576921
-0.75153846,-0.5697078,0.13670164,0.86329836,0.13670164,-0.13670164,0.13670164,0.13670164,0.11959241,0.13670164,0.13670164,0.13670164,0.13670164,-0.13670164,-0.13670164,0.86329836,-0.036727697,0.13670164
-0.6463664,0.8157964,0.060374685,0.060374685,0.060374685,0.9396253,0.060374685,0.051844526,-0.060374685,-0.060374685,0.060374685,0.060374685,0.060374685,-0.060374685,0.9396253,0.060374685,-0.060374685,0.060374685
-0.025865374,-0.5225454,0.07391979,0.054168604,-0.03594833,0.9465474,0.07391979,0.055602565,0.055602565,0.049049973,0.9450335,0.004389324,0.055602565,0.05276557,-0.07391979,-0.073002316,0.073426075,0.07391979
-0.72476476,0.3312027,0.12439784,0.12439784,0.12439784,0.8756022,0.12439784,0.12439784,0.8756022,-0.12439784,0.108104385,0.12439784,0.12439784,-0.12439784,0.00063175615,0.061653588,0.020993162,0.046261042
-0.01964555,0.47579467,0.11445462,-0.084224045,-0.08483577,0.8855454,0.11445462,0.07091329,0.91516423,-0.11445462,0.08609291,-0.11445462,-0.11445462,-0.11445462,-0.099275,0.07091329,0.055303544,0.08241557
1.3769194,-0.6757662,0.0,1.0,0.0,0.0,0.0,0.0,0.0,1.0,0.0,0.0,0.0,0.0,0.0,0.0,0.0,0.0
0.20371716,0.84460753,0.0,0.0,0.0,1.0,0.0,0.0,1.0,0.0,0.0,0.0,0.0,0.0,0.0,0.0,0.0,0.0
-0.56697935,-0.42482224,0.0,0.0,0.0,1.0,0.0,0.0,0.0,0.0,1.0,0.0,0.0,0.0,0.0,0.0,0.0,0.0
-0.6945126,-0.04311707,0.088349216,0.088349216,0.07732871,0.9116508,0.088349216,0.088349216,0.9116508,-0.088349216,0.088349216,0.088349216,0.0062156664,-0.088349216,-0.088349216,0.065228395,0.06633615,0.088349216
-0.6254683,-0.654353,0.051765118,-0.051765118,0.03852873,0.9482349,0.051765118,0.051765118,-0.018323677,0.051765118,0.051765118,0.051765118,0.051765118,0.051765118,0.9482349,-0.051765118,-0.0030356017,0.051765118
-0.50511706,2.7475228,0.080874674,0.077781245,-0.024825197,0.9191253,0.080874674,0.07048028,-0.080874674,-0.080874674,0.080874674,0.080874674,0.080874674,-0.080874674,0.9191253,0.050224885,-0.080874674,-0.080874674
-0.53351766,-0.58921117,0.06530984,-0.06530984,0.048709765,0.9346901,0.06530984,0.06530984,0.048709765,0.06530984,0.06530984,0.06530984,0.056945004,0.06530984,0.9346901,-0.06530984,-0.06530984,0.06530984
-0.6402465,1.5800663,1.0,0.0,0.0,0.0,0.0,0.0,0.0,0.0,0.0,1.0,0.0,0.0,0.0,0.0,0.0,0.0
-0.028421285,-0.58010435,0.07136388,0.07136388,-0.053680003,0.92863613,0.07136388,0.07136388,0.06448139,0.05098641,0.94632,0.05098641,0.07136388,0.05098641,-0.07136388,-0.07136388,0.07136388,0.07136388
0.15476389,-0.5982815,0.07880058,-0.07880058,-0.07880058,0.9211994,0.07880058,0.07880058,0.07880058,-0.07880058,0.07880058,-0.07880058,-0.07880058,-0.07880058,0.9211994,0.059273895,0.05895235,0.0590663
2.9996946,1.7584034,0.0,0.0,0.0,1.0,0.0,0.0,1.0,0.0,0.0,0.0,0.0,0.0,0.0,0.0,0.0,0.0
-0.6402465,1.5795015,1.0,0.0,0.0,0.0,0.0,0.0,0.0,0.0,0.0,1.0,0.0,0.0,0.0,0.0,0.0,0.0
0.68180865,1.7624764,0.0,0.0,0.0,1.0,0.0,0.0,1.0,0.0,0.0,0.0,0.0,0.0,0.0,0.0,0.0,0.0
-0.01691972,-0.50570774,0.06385307,0.046682358,-0.034734588,0.9519696,0.06385307,0.06348674,0.048030365,0.041506514,0.9462404,0.041506514,0.048030365,0.041506514,-0.06385307,-0.06385307,0.06385307,0.06350751
-0.0057087857,0.45927283,0.104509994,-0.104509994,-0.07861255,0.89549005,0.104509994,0.104509994,0.9523971,-0.104509994,0.104509994,-0.104509994,-0.091211446,-0.104509994,-0.065314,0.10419352,0.049973555,0.104509994
-0.75153846,-0.5708633,0.13557492,0.86442506,0.101979636,-0.13557492,0.13557492,0.13557492,-0.13551994,0.13551994,0.13557492,0.13557492,0.06634933,-0.13551994,-0.13557492,0.86442506,0.11052394,0.13557492
-0.667451,-0.15542027,0.0830823,0.0830823,0.06249461,0.9169177,0.0830823,0.07261439,0.9169177,-0.0830823,0.082882434,0.0830823,0.0064074285,-0.0830823,-0.0830823,0.0830823,0.07261439,0.0520267
-0.5341647,-0.5898148,0.06479768,-0.06479768,0.04874089,0.93520236,0.06479768,0.06479768,-0.03902401,0.06479768,0.06479768,0.06479768,0.06479768,0.06479768,0.93520236,-0.06479768,-0.021842845,0.06479768
-0.6751977,1.6745752,0.08920602,0.08920602,0.08920602,0.910794,0.08920602,0.08920602,-0.08920602,-0.08920602,0.08920602,0.08920602,0.067100875,-0.08920602,0.910794,0.08920602,-0.07608579,0.08920602
-0.75153846,0.18195182,0.09722027,0.09722027,0.08468762,0.90277976,0.09722027,0.08425722,0.90277976,-0.09722027,0.09722027,0.09722027,0.08468762,-0.09722027,0.017592397,0.09722027,0.06273197,0.09722027
0.11607478,2.6533945,0.0,0.0,0.0,1.0,0.0,0.0,1.0,0.0,0.0,0.0,0.0,0.0,0.0,0.0,0.0,0.0
-0.5876147,-0.70609903,0.0,0.0,0.0,1.0,0.0,0.0,0.0,0.0,1.0,0.0,0.0,0.0,0.0,0.0,0.0,0.0
-0.67504096,1.672937,0.08904923,0.08904923,0.08904923,0.9109508,0.08904923,0.08904923,-0.08904923,-0.08904923,0.08904923,0.08904923,0.08810059,-0.08904923,0.9109508,0.08904923,-0.06698295,0.08904923
1.3490964,-0.6650618,0.0,1.0,0.0,0.0,0.0,0.0,0.0,1.0,0.0,0.0,0.0,0.0,0.0,0.0,0.0,0.0
-0.5810759,-0.31994456,0.044238113,0.017839089,0.032851253,0.9557619,0.044238113,0.032801405,-0.027494052,0.019342547,0.044238113,0.044238113,0.02755489,0.027093405,0.9557619,-0.044238113,-0.044238113,0.044238113
1.2602948,0.2969823,0.0,0.0,0.0,1.0,0.0,0.0,1.0,0.0,0.0,0.0,0.0,0.0,0.0,0.0,0.0,0.0
0.046390794,-0.53692317,0.028392015,0.02135651,0.013136411,1.012463,0.028392015,0.028392015,0.028392015,0.028392015,0.971608,0.028392015,0.028392015,0.028392015,0.028392015,-0.028392015,0.024862371,0.028392015
-0.75153846,0.17013337,0.09609811,0.09609811,0.09609811,0.9039019,0.09609811,0.09609811,0.9039019,-0.09609811,0.09609811,0.09609811,0.09609811,-0.09609811,-0.09609811,0.09609811,0.04594569,0.021858543
0.63961047,-0.6299143,0.0,0.0,0.0,1.0,0.0,0.0,0.0,0.0,0.0,0.0,0.0,0.0,1.0,0.0,0.0,0.0
-0.26035407,-0.57564706,0.16727856,0.16727856,0.16727856,0.8327214,0.16727856,0.16727856,0.16727856,-0.16727856,0.16702864,-0.16727856,0.16727856,-0.12557721,0.83297133,-0.1446577,0.14669389,0.16727856
1.3769194,-0.6742646,0.0,1.0,0.0,0.0,0.0,0.0,0.0,1.0,0.0,0.0,0.0,0.0,0.0,0.0,0.0,0.0
-0.019768141,-0.50791335,0.06471439,0.04867825,0.013215589,0.9363232,0.06471439,0.04867825,0.04867825,0.046896137,0.9667486,0.023565993,0.06471439,0.04767427,-0.06471439,-0.06471439,0.04867825,0.06471439
-0.53310865,-0.58965087,0.06490087,-0.06490087,0.048818517,0.9350991,0.06490087,0.06490087,-0.048744116,0.06490087,0.06490087,0.06490087,0.06490087,0.06490087,0.9350991,-0.06490087,-0.048818517,0.06490087
0.9690809,1.2444307,0.0,0.0,0.0,1.0,0.0,0.0,1.0,0.0,0.0,0.0,0.0,0.0,0.0,0.0,0.0,0.0
0.067616425,2.695147,0.0,0.0,0.0,1.0,0.0,0.0,1.0,0.0,0.0,0.0,0.0,0.0,0.0,0.0,0.0,0.0
0.046796843,-0.55118704,0.028798068,0.028798068,0.028798068,1.021662,0.028798068,0.02513358,0.028798068,0.028798068,0.97120196,0.021661932,0.028798068,0.028798068,0.028798068,-0.028798068,0.021661932,0.028798068
-0.53365034,-0.5896675,0.06497883,-0.06497883,0.06497883,0.93502116,0.06497883,0.06497883,0.06497883,0.06497883,0.06497883,0.06497883,0.06497883,0.06497883,0.93502116,-0.06497883,-0.05634165,0.06497883
-0.5843687,-0.70395917,0.0,0.0,0.0,1.0,0.0,0.0,0.0,0.0,1.0,0.0,0.0,0.0,0.0,0.0,0.0,0.0
-0.5743988,-0.7043463,0.0,0.0,0.0,1.0,0.0,0.0,0.0,0.0,1.0,0.0,0.0,0.0,0.0,0.0,0.0,0.0
-0.7237155,1.0501851,1.0,0.0,0.0,0.0,0.0,0.0,1.0,0.0,0.0,0.0,0.0,0.0,0.0,0.0,0.0,0.0
-0.75153846,2.2804263,0.08274613,0.08274613,0.069669135,0.9172539,0.08274613,0.08274613,-0.08274613,-0.062025372,0.08274613,0.08274613,0.072424516,-0.08274613,0.9172539,0.06224173,-0.08274613,0.08274613
-0.73762697,2.1958032,1.0,0.0,0.0,0.0,0.0,0.0,1.0,0.0,0.0,0.0,0.0,0.0,0.0,0.0,0.0,0.0
-0.623861,-0.55403566,0.03786928,-0.03786928,0.028485317,0.96691793,0.03786928,0.03786928,-0.028485317,0.03786928,0.03786928,0.03786928,0.037696566,0.03786928,0.9621307,-0.03786928,-0.037595235,0.03786928
-0.024347857,0.447856,0.113925755,-0.078446254,-0.0856951,0.88607424,0.113925755,0.113925755,0.9662546,-0.113925755,0.0856951,-0.113925755,-0.113925755,-0.113925755,-0.113925755,0.113925755,0.070895195,0.042063985
-0.66691023,-0.7119848,0.0,0.0,0.0,1.0,0.0,0.0,0.0,0.0,1.0,0.0,0.0,0.0,0.0,0.0,0.0,0.0
-0.5344854,-0.58978444,0.064886436,-0.064886436,0.064886436,0.93511355,0.064886436,0.064886436,-0.056676514,0.064886436,0.064886436,0.064886436,0.064886436,0.064886436,0.93511355,-0.064886436,-0.0067701675,0.064886436
1.9108888,0.32654032,0.0,0.0,0.0,1.0,0.0,0.0,0.0,0.0,1.0,0.0,0.0,0.0,0.0,0.0,0.0,0.0
0.03602076,-0.5100798,0.033324618,0.033324618,0.02081551,1.0204896,0.033324618,0.033324618,0.033324618,0.033324618,0.9666754,0.033324618,0.033324618,0.033324618,0.02911197,-0.033324618,0.033324618,0.033324618
-0.6360176,-0.6621986,0.050025888,-0.050025888,0.030767865,0.96237046,0.050025888,0.050025888,-0.031326536,0.050025888,0.050025888,0.050025888,0.050025888,0.050025888,0.9499741,-0.050025888,-0.021694887,0.050025888
-0.019538276,-0.5379264,0.06679912,0.06523125,-0.06672776,0.9332009,0.05024638,0.06672776,0.06672776,0.036775663,0.93595755,0.045308203,0.05017502,0.045308203,-0.06679912,-0.06679912,0.05017502,0.06679912
2.2540388,0.03401367,0.0,0.0,0.0,0.0,1.0,0.0,1.0,0.0,0.0,0.0,0.0,0.0,0.0,0.0,0.0,0.0
-0.018880002,-0.5203457,0.06374766,0.05563449,-0.047951072,0.96020675,0.06374766,0.06374766,0.06374766,0.048063494,0.9428726,0.05550822,0.056261823,0.048063494,-0.06374766,-0.05677842,0.06374766,0.06374766
-0.5474942,2.6693313,0.15720893,0.11825277,-0.11825277,0.8427911,0.15720893,0.15720893,0.8427911,-0.15720893,0.15720893,0.15720893,0.11825277,-0.15720893,-0.15720893,0.13740146,-0.15720893,0.12454271
1.8348392,0.094364345,0.0,0.0,0.0,1.0,0.0,0.0,1.0,0.0,0.0,0.0,0.0,0.0,0.0,0.0,0.0,0.0
-0.027859226,-0.52363366,0.073780805,0.053993784,-0.063211344,0.92622024,0.073780805,0.05549802,0.073779784,0.008382449,0.944502,0.03909005,0.073780805,0.043573137,-0.073779784,-0.05549802,0.055041462,0.073779784
-0.6402465,1.5775086,1.0,0.0,0.0,0.0,0.0,0.0,0.0,0.0,0.0,1.0,0.0,0.0,0.0,0.0,0.0,0.0
-0.5394342,2.7836583,0.14672026,0.14672026,-0.14672026,0.85327977,0.14672026,0.14672026,0.85327977,-0.14672026,0.14672026,0.14672026,0.12657687,-0.11036318,-0.12841862,0.14633653,-0.10958983,0.108108826
-0.75153846,-0.57033396,0.13621269,0.86378735,0.11865352,-0.13621269,0.13621269,0.099993765,-0.123124376,0.13621269,0.13621269,0.13621269,0.1017814,-0.13621269,-0.13621269,0.86378735,0.10245937,0.13621269
2.9934344,1.758203,0.0,0.0,0.0,1.0,0.0,0.0,1.0,0.0,0.0,0.0,0.0,0.0,0.0,0.0,0.0,0.0
-0.020657064,-0.50243,0.0619706,0.055243198,-0.039533045,0.9442566,0.0619706,0.0619706,0.0619706,0.03689053,0.9465672,0.05373856,0.055743385,0.053969387,-0.055743385,-0.0619706,0.0619706,0.0619706
1.3908309,-0.67320096,0.0,0.0,0.0,0.0,1.0,0.0,0.0,0.0,0.0,1.0,0.0,0.0,0.0,0.0,0.0,0.0
0.49307615,-0.4263507,0.0,0.0,0.0,0.0,1.0,0.0,1.0,0.0,0.0,0.0,0.0,0.0,0.0,0.0,0.0,0.0
-0.0057993988,0.49764267,0.10743354,-0.049189173,-0.10743354,0.89256644,0.10743354,0.08081165,0.9064602,-0.10743354,0.10743354,-0.10743354,-0.10743354,-0.10743354,-0.10743354,0.10743354,0.09353975,0.09353975
-0.7237155,1.432061,1.0,0.0,0.0,0.0,0.0,0.0,1.0,0.0,0.0,0.0,0.0,0.0,0.0,0.0,0.0,0.0
-0.56118333,2.765125,0.09158351,0.09158351,-0.058835328,0.90841645,0.09158351,0.09158351,-0.09158351,-0.09158351,0.09158351,0.09158351,0.06888922,-0.06888922,0.90841645,-0.024398442,-0.09158351,-0.09158351
-0.5482334,2.7694097,0.089230865,0.077913746,-0.06526384,0.91076916,0.089230865,0.042871945,-0.089230865,-0.089230865,0.089230865,0.089230865,0.089230865,-0.089230865,0.91076916,-0.089230865,-0.089230865,-0.089230865
0.019067552,0.51655054,0.09589876,-0.08389634,-0.09589876,0.90410125,0.09589876,0.08389634,0.9278648,-0.09589876,0.09589876,-0.09589876,-0.09589876,-0.09589876,-0.09589876,0.059796687,-0.0071346583,0.01915535
0.038165726,-0.5495115,0.035469588,0.026282733,0.035146445,1.0297807,0.035469588,0.035146445,0.035469588,0.035469588,0.9645304,0.035469588,0.035469588,0.035469588,0.026680266,-0.035469588,0.030985793,0.035469588
-0.73762697,2.0929883,1.0,0.0,0.0,0.0,0.0,0.0,1.0,0.0,0.0,0.0,0.0,0.0,0.0,0.0,0.0,0.0
-0.631957,-0.058606178,0.1025386,0.1025386,0.1025386,0.89746135,0.1025386,0.1025386,0.89746135,-0.1025386,0.1025386,0.1025386,0.06421037,-0.1025386,-0.07712966,0.1025386,-0.045061603,0.1025386
1.3490964,-0.6635171,0.0,1.0,0.0,0.0,0.0,0.0,0.0,1.0,0.0,0.0,0.0,0.0,0.0,0.0,0.0,0.0
1.5535953,0.61983806,0.0,0.0,0.0,1.0,0.0,0.0,1.0,0.0,0.0,0.0,0.0,0.0,0.0,0.0,0.0,0.0
1.2579762,0.19448768,0.0,0.0,0.0,1.0,0.0,0.0,1.0,0.0,0.0,0.0,0.0,0.0,0.0,0.0,0.0,0.0
-0.75153846,-0.57004493,0.13642146,0.86357856,0.10261639,-0.13642146,0.13642146,0.092669934,-0.058766365,0.13642146,0.13642146,0.13642146,0.13642146,-0.13642146,-0.13642146,0.86357856,0.06486173,0.13642146
0.07341288,2.644495,0.0,0.0,0.0,1.0,0.0,0.0,1.0,0.0,0.0,0.0,0.0,0.0,0.0,0.0,0.0,0.0
1.8424906,2.1124234,0.0,0.0,0.0,1.0,0.0,0.0,1.0,0.0,0.0,0.0,0.0,0.0,0.0,0.0,0.0,0.0
-0.5796195,2.8347273,0.14687826,0.14592691,-0.12831104,0.85312176,0.14687826,0.14687826,0.85312176,-0.14687826,0.14687826,0.14687826,0.14687826,-0.14687826,-0.081711516,0.12831104,-0.14687826,0.14663793
-0.6420089,0.5907771,0.04651099,0.04651099,0.04651099,0.953489,0.04651099,0.040534563,-0.04651099,-0.04651099,0.04651099,0.04651099,0.0290092,-0.04651099,0.953489,0.007214359,-0.04651099,0.04651099
0.029591685,2.6523325,0.0,0.0,0.0,1.0,0.0,0.0,1.0,0.0,0.0,0.0,0.0,0.0,0.0,0.0,0.0,0.0
-0.5994395,-0.7060613,0.0,0.0,0.0,1.0,0.0,0.0,0.0,0.0,1.0,0.0,0.0,0.0,0.0,0.0,0.0,0.0
-0.75153846,-0.57130545,0.13522923,0.86477077,0.13522923,-0.13522923,0.13522923,0.13522923,-0.13522923,0.13522923,0.13522923,0.13522923,0.101719595,-0.13522923,-0.13522923,0.86477077,0.100141935,0.13522923
-0.7237155,0.8711898,1.0,0.0,0.0,0.0,0.0,0.0,1.0,0.0,0.0,0.0,0.0,0.0,0.0,0.0,0.0,0.0
-0.73762697,1.4908179,1.0,0.0,0.0,0.0,0.0,0.0,1.0,0.0,0.0,0.0,0.0,0.0,0.0,0.0,0.0,0.0
1.3630079,-0.6552934,0.0,1.0,0.0,0.0,0.0,0.0,0.0,1.0,0.0,0.0,0.0,0.0,0.0,0.0,0.0,0.0
1.8424906,2.1139162,0.0,0.0,0.0,1.0,0.0,0.0,1.0,0.0,0.0,0.0,0.0,0.0,0.0,0.0,0.0,0.0
0.0024202801,0.4439008,0.100582436,-0.08744979,-0.037175436,0.8994176,0.100582436,0.08744979,0.92434174,-0.100582436,0.100582436,-0.100582436,-0.100582436,-0.100582436,-0.07378487,0.07036796,0.100582436,0.047668826
-0.7348446,-0.71226877,0.0,0.0,0.0,0.0,1.0,0.0,1.0,0.0,0.0,0.0,0.0,0.0,0.0,0.0,0.0,0.0
-0.47034183,2.3967152,0.1156499,0.1156499,0.1156499,0.88435006,0.1156499,0.1156499,-0.1156499,-0.1156499,0.1156499,0.1156499,0.1156499,-0.1156499,0.88435006,0.061946064,-0.1156499,-0.1156499
-0.53436357,-0.58944565,0.065228395,-0.065228395,0.040287588,0.9347716,0.065228395,0.056846883,-0.056846883,0.065228395,0.065228395,0.065228395,0.065228395,0.065228395,0.9347716,-0.065228395,-0.016518988,0.065228395
-0.75153846,-0.57057273,0.13597326,0.8640267,0.13597326,-0.13597326,0.13597326,0.13597326,-0.13492972,0.11884138,0.13597326,0.13597326,0.13597326,-0.13597326,-0.13597326,0.8640267,0.016036825,0.13597326
1.4047424,-0.6744898,0.0,0.0,0.0,0.0,1.0,0.0,0.0,0.0,0.0,1.0,0.0,0.0,0.0,0.0,0.0,0.0
0.07366536,0.4759366,0.039668366,-0.039668366,0.039668366,0.9603316,-0.039668366,0.039668366,-0.039668366,-0.039668366,0.03946377,-0.039668366,0.011033213,-0.039668366,0.9603316,-0.034575664,-0.039668366,0.034688503
0.037480097,-0.53905576,0.034783956,0.034783956,0.03024314,1.0215797,0.034783956,0.02616454,0.034783956,0.034783956,0.96521604,0.034783956,0.034783956,0.034783956,0.034783956,-0.034783956,0.02571309,0.034759264
0.65352196,-0.66006035,0.0,0.0,0.0,1.0,0.0,0.0,0.0,0.0,0.0,0.0,0.0,0.0,1.0,0.0,0.0,0.0
-0.2633697,-0.18090576,0.16518264,0.16518264,-0.06306159,0.83481735,0.16518264,0.12381575,0.12044171,0.07837588,-0.14534508,0.16518264,0.16518264,-0.14500307,0.83862627,-0.12044171,-0.13650332,0.16518264
-0.42062843,1.243938,0.15320979,0.115244605,0.15320979,0.8467902,0.15320979,0.15320979,-0.15320979,-0.09456688,0.15320979,0.15320979,0.115244605,-0.15320979,0.8467902,-0.15320979,-0.15320979,0.15320979
-0.56767493,-0.69806343,0.0,0.0,0.0,1.0,0.0,0.0,0.0,0.0,1.0,0.0,0.0,0.0,0.0,0.0,0.0,0.0
-0.7342211,0.07104526,0.0907286,0.0907286,0.06824618,0.9092714,0.0907286,0.07964043,0.9092714,-0.0907286,0.09059528,0.0907286,0.07964043,-0.0907286,-0.06824618,0.0907286,0.04795482,0.0907286
-0.027921185,-0.5060789,0.073718846,0.06391828,0.041384444,0.92628115,0.073718846,0.073718846,0.073718846,0.060802322,0.9555822,0.0038602408,0.073718846,0.060802322,-0.064647295,-0.064647295,0.073718846,0.064208455
0.88213414,-0.67329854,0.0,0.0,0.0,0.0,1.0,0.0,1.0,0.0,0.0,0.0,0.0,0.0,0.0,0.0,0.0,0.0
0.13003239,0.09466152,0.058938093,-0.058938093,0.058938093,0.9410619,-0.020297684,0.058938093,-0.058938093,-0.058938093,0.058938093,-0.058938093,-0.029442832,-0.058938093,0.9410619,-0.04433331,-0.058938093,-0.022594515
-0.6448391,-0.26641205,0.07623675,0.07623675,0.066535845,0.9237633,0.07623675,0.07623675,0.9237633,-0.07623675,0.07623675,0.066535845,0.07578341,-0.07623675,-0.07623675,0.07578341,0.035194874,0.07623675
1.3908309,-0.675336,0.0,0.0,0.0,0.0,1.0,0.0,0.0,0.0,0.0,1.0,0.0,0.0,0.0,0.0,0.0,0.0
-0.75153846,-0.57095444,0.13551348,0.8644865,0.13551348,-0.13551348,0.13551348,0.118382916,-0.071815744,0.13551348,0.13551348,0.13551348,0.13551348,-0.13551348,-0.13551348,0.8644865,0.10171168,0.13551348
-0.532676,-0.5893524,0.0651638,-0.0651638,0.049016297,0.9348362,0.0651638,0.0651638,-0.030571546,0.0651638,0.0651638,0.0651638,0.0651638,0.0651638,0.9348362,-0.0651638,-0.056953486,0.0651638
-0.61905587,3.673569,0.10651446,-0.10651446,0.10651446,0.89348555,0.10651446,0.10651446,0.89348555,-0.10651446,0.10651446,0.10651446,-0.005487211,0.04034843,0.10651446,-0.10651446,-0.084956326,0.10651446
-0.62924415,-0.655517,0.050671853,-0.050671853,0.037001215,0.9493281,0.050671853,0.050671853,-0.031816,0.050671853,0.050671853,0.050671853,0.050500758,0.050671853,0.9493281,-0.050671853,-0.03780269,0.050671853
1.3490964,-0.64602596,0.0,1.0,0.0,0.0,0.0,0.0,0.0,1.0,0.0,0.0,0.0,0.0,0.0,0.0,0.0,0.0
-0.6066903,-0.65016705,0.056172844,-0.056172844,0.033747006,0.9510684,0.056172844,0.04225329,-0.041809604,0.056172844,0.056172844,0.056172844,0.056172844,0.056172844,0.94382715,-0.056172844,-0.008611867,0.056172844
1.3351849,-0.6600944,0.0,1.0,0.0,0.0,0.0,0.0,0.0,1.0,0.0,0.0,0.0,0.0,0.0,0.0,0.0,0.0
-0.6358529,-0.6623789,0.049861114,-0.049861114,0.037505593,0.95013887,0.049861114,0.037505593,-0.049861114,0.049861114,0.049861114,0.049861114,0.037505593,0.049861114,0.95013887,-0.049861114,-0.022237385,0.049861114
0.026345672,2.6347866,0.0,0.0,0.0,1.0,0.0,0.0,1.0,0.0,0.0,0.0,0.0,0.0,0.0,0.0,0.0,0.0
-0.73134893,0.13731682,0.13747406,0.13685022,0.13747406,0.86252594,0.13747406,0.13747406,-0.13747406,-0.13747406,0.13747406,0.13685022,0.102167524,0.86252594,0.09873946,0.13747406,-0.014939282,0.08444153
-0.01923427,-0.509586,0.06339339,0.047684588,-0.040075827,0.9523154,0.06339339,0.06339339,0.06339339,0.030059591,1.0395389,0.047684588,0.06339339,0.047684588,-0.06339339,-0.06339339,0.06339339,0.06339339
-0.5811227,-0.64499277,0.0,0.0,0.0,1.0,0.0,0.0,0.0,0.0,1.0,0.0,0.0,0.0,0.0,0.0,0.0,0.0
-0.63593465,-0.6622866,0.049942877,-0.049942877,0.009382241,0.9500571,0.049942877,0.049942877,-0.037567098,0.049942877,0.049942877,0.049942877,0.049942877,0.049942877,0.9500571,-0.049942877,-0.037567098,0.049942877
-0.02024534,-0.53038126,0.06609206,0.04932013,-0.06609206,0.95035684,0.06609206,0.04013318,0.04971453,0.04932013,0.9339079,0.027611796,0.04971453,0.04932013,-0.066020675,-0.06609206,0.06609206,0.04932013
-0.73762697,4.455844,1.0,0.0,0.0,0.0,0.0,0.0,1.0,0.0,0.0,0.0,0.0,0.0,0.0,0.0,0.0,0.0
0.68180865,1.7583556,0.0,0.0,0.0,1.0,0.0,0.0,1.0,0.0,0.0,0.0,0.0,0.0,0.0,0.0,0.0,0.0
0.63961047,-0.6582403,0.0,0.0,0.0,1.0,0.0,0.0,0.0,0.0,0.0,0.0,0.0,0.0,1.0,0.0,0.0,0.0
-0.63589025,-0.66229004,0.049898505,-0.049898505,0.037533715,0.9501015,0.049898505,0.049898505,-0.049898505,0.049898505,0.049898505,0.049898505,0.037533715,0.049898505,0.9501015,-0.049898505,-0.009683466,0.049898505
-0.61565924,-0.29483864,0.029667526,0.029667526,0.029667526,0.9703325,0.029667526,0.022315953,-0.02592957,-0.01913309,0.029667526,0.029667526,0.022315953,0.022315953,0.9703325,-0.029667526,-0.029667526,0.029667526
-0.5332755,-0.5895827,0.06506774,-0.06506774,0.023123927,0.9349323,0.06506774,0.06506774,0.04894404,0.06506774,0.06506774,0.06506774,0.06506774,0.06506774,0.9349323,-0.06506774,-0.04894404,0.06506774
-0.6763441,1.6846911,0.09035239,0.09035239,0.06550387,0.90964764,0.09035239,0.09035239,-0.09035239,-0.09035239,0.09035239,0.09035239,0.09035239,-0.08978062,0.90964764,0.09035239,0.026808165,0.09035239
-0.6235028,0.33795244,0.037511036,0.037511036,0.037511036,0.96248895,0.037511036,0.012466505,-0.037511036,-0.003381276,0.037511036,0.037511036,0.02821585,-0.037511036,0.96248895,-0.027306223,-0.02821585,0.037511036
0.04627755,-0.5402533,0.028278772,0.028278772,0.028278772,1.0282787,0.028278772,0.028278772,0.028278772,0.028278772,0.97172123,0.028278772,0.027853299,0.028278772,0.028278772,-0.028278772,0.024894655,0.028278772
2.1253576,0.09131419,0.0,0.0,0.0,1.0,0.0,0.0,1.0,0.0,0.0,0.0,0.0,0.0,0.0,0.0,0.0,0.0
-0.64998454,2.6756036,0.0,0.0,0.0,1.0,0.0,0.0,0.0,0.0,1.0,0.0,0.0,0.0,0.0,0.0,0.0,0.0
-0.63572985,-0.662473,0.049738128,-0.049738128,0.049738128,0.9502619,0.049738128,0.049738128,-0.049738128,0.049738128,0.049738128,0.049738128,0.049738128,0.049738128,0.9502619,-0.049738128,-0.037413087,0.049738128
-0.7073172,-0.09444994,0.07982279,0.07982279,0.06004281,0.92017716,0.07982279,0.059264813,0.92017716,-0.07982279,0.07982279,0.07982279,0.06932277,-0.07982279,-0.07982279,0.07982279,0.028325405,-0.023286965
0.015832296,0.47990412,0.094750226,-0.094750226,-0.05921457,0.9052498,0.094750226,0.07127124,0.9407854,-0.094750226,0.094750226,-0.094750226,-0.094750226,-0.094750226,-0.08167502,0.041705042,0.017148426,0.09336169
0.49469915,-0.1968195,0.0,0.0,0.0,0.0,1.0,0.0,1.0,0.0,0.0,0.0,0.0,0.0,0.0,0.0,0.0,0.0
0.65352196,-0.6605301,0.0,0.0,0.0,1.0,0.0,0.0,0.0,0.0,0.0,0.0,0.0,0.0,1.0,0.0,0.0,0.0
0.63961047,-0.6298913,0.0,0.0,0.0,1.0,0.0,0.0,0.0,0.0,0.0,0.0,0.0,0.0,1.0,0.0,0.0,0.0
0.004291758,0.43439603,0.09828047,-0.038979664,-0.07432762,0.90171957,0.09828047,0.09828047,0.97325337,-0.09828047,0.09828047,-0.09828047,-0.06222161,-0.09828047,-0.09828047,0.073926695,0.054850545,0.09599033
1.4047424,-0.6780647,0.0,0.0,0.0,0.0,1.0,0.0,0.0,0.0,0.0,1.0,0.0,0.0,0.0,0.0,0.0,0.0
0.65352196,-0.66545725,0.0,0.0,0.0,1.0,0.0,0.0,0.0,0.0,0.0,0.0,0.0,0.0,1.0,0.0,0.0,0.0
1.3908309,-0.67313915,0.0,0.0,0.0,0.0,1.0,0.0,0.0,0.0,0.0,1.0,0.0,0.0,0.0,0.0,0.0,0.0
-0.0747497,-0.5168736,0.0872245,0.0872245,-0.036562957,0.9127755,0.0872245,0.0872245,0.0872245,-0.0872245,-0.0872245,-0.045286514,-0.024918921,-0.0872245,0.9127755,0.06561038,-0.06690063,-0.05784847
-0.55979174,-0.704585,0.0,0.0,0.0,1.0,0.0,0.0,0.0,0.0,1.0,0.0,0.0,0.0,0.0,0.0,0.0,0.0
0.65352196,-0.66219944,0.0,0.0,0.0,1.0,0.0,0.0,0.0,0.0,0.0,0.0,0.0,0.0,1.0,0.0,0.0,0.0
-0.75153846,2.2594144,0.08326133,0.08326133,0.07294542,0.9167387,0.08326133,0.08326133,-0.08326133,-0.08326133,0.08326133,0.08326133,0.027413571,-0.07542022,0.9167387,0.08326133,-0.07294542,0.08326133
-0.63200015,-0.6287362,0.0462403,-0.0462403,0.0462403,0.95375973,0.0462403,0.0462403,-0.034782015,0.0462403,0.0462403,0.0462403,0.0462403,0.0462403,0.95375973,-0.0462403,0.013065855,0.0462403
-0.6188673,0.16909876,0.032875538,0.032875538,0.02472902,0.96712446,0.032875538,0.032875538,-0.032875538,-0.022415195,0.032875538,0.032875538,0.032875538,-0.032875538,0.96712446,-0.011953992,-0.032875538,0.032875538
0.052313786,2.6455772,0.0,0.0,0.0,1.0,0.0,0.0,1.0,0.0,0.0,0.0,0.0,0.0,0.0,0.0,0.0,0.0
-0.73762697,1.3586346,1.0,0.0,0.0,0.0,0.0,0.0,1.0,0.0,0.0,0.0,0.0,0.0,0.0,0.0,0.0,0.0
0.30086574,0.05140911,0.0,0.0,0.0,1.0,0.0,0.0,0.0,0.0,0.0,0.0,0.0,0.0,1.0,0.0,0.0,0.0
0.96884906,1.2391074,0.0,0.0,0.0,1.0,0.0,0.0,1.0,0.0,0.0,0.0,0.0,0.0,0.0,0.0,0.0,0.0
0.65352196,-0.66015774,0.0,0.0,0.0,1.0,0.0,0.0,0.0,0.0,0.0,0.0,0.0,0.0,1.0,0.0,0.0,0.0
-0.5333409,-0.5896604,0.06490126,-0.06490126,0.062860675,0.93509877,0.06490126,0.06490126,0.06490126,0.06490126,0.06490126,0.06490126,0.06490126,0.06490126,0.93509877,-0.06490126,-0.06490126,0.06490126
-0.5341115,-0.5896701,0.06497632,-0.06497632,0.048875272,0.9350237,0.06497632,0.06497632,0.04060723,0.06497632,0.06497632,0.06497632,0.06497632,0.06497632,0.9350237,-0.06497632,-0.056708276,0.06497632
-0.6402465,1.5763401,1.0,0.0,0.0,0.0,0.0,0.0,0.0,0.0,0.0,1.0,0.0,0.0,0.0,0.0,0.0,0.0
-0.6323633,-0.66727793,0.0,0.0,0.0,0.0,1.0,0.0,0.0,0.0,0.0,1.0,0.0,0.0,0.0,0.0,0.0,0.0
-0.6176299,-0.5818345,0.042999223,-0.042999223,0.042999223,0.9570008,0.042999223,0.032344073,-0.042999223,0.042999223,0.042999223,0.042999223,0.042999223,0.042999223,0.9570008,-0.042999223,-0.032344073,0.042999223
-0.6158605,-0.16800396,0.094789095,0.094789095,0.047351904,0.9052109,0.094789095,0.094789095,0.9052109,-0.094789095,0.094789095,0.094789095,0.09442401,-0.094789095,-0.094789095,0.08170512,0.014505432,0.094789095
-0.5340129,-0.5895536,0.06510964,-0.06510964,0.047480207,0.9348904,0.06510964,0.06510964,0.055738788,0.06510964,0.06510964,0.06510964,0.040881243,0.06510964,0.9348904,-0.06510964,-0.064916916,0.06510964
1.5498856,2.1117723,0.0,0.0,0.0,1.0,0.0,0.0,1.0,0.0,0.0,0.0,0.0,0.0,0.0,0.0,0.0,0.0
-0.7014571,-0.66762894,0.0,0.0,0.0,0.0,1.0,0.0,0.0,0.0,0.0,1.0,0.0,0.0,0.0,0.0,0.0,0.0
-0.63600683,-0.66221035,0.050015103,-0.050015103,0.050015103,0.9499849,0.050015103,0.037621427,-0.04362998,0.050015103,0.050015103,0.050015103,0.04362998,0.050015103,0.9499849,-0.050015103,-0.028516883,0.050015103
-0.59248376,-0.5711956,0.0,0.0,0.0,1.0,0.0,0.0,0.0,0.0,1.0,0.0,0.0,0.0,0.0,0.0,0.0,0.0
0.036987867,-0.5336291,0.034291726,0.034291726,0.025794283,1.0342917,0.034291726,0.034291726,0.034291726,0.034291726,0.96570826,0.025794283,0.034291726,0.034291726,0.034291726,-0.034291726,0.034291726,0.034291726
-0.63605636,-0.662165,0.050064586,-0.050064586,0.02295778,0.9499354,0.050064586,0.050064586,-0.037658647,0.050064586,0.050064586,0.050064586,0.037658647,0.050064586,0.9499354,-0.050064586,-0.0032275058,0.050064586
-0.6402465,1.5770551,1.0,0.0,0.0,0.0,0.0,0.0,0.0,0.0,0.0,1.0,0.0,0.0,0.0,0.0,0.0,0.0
-0.11053514,-0.58244544,0.06297723,0.06297723,0.047371555,0.93702275,0.06297723,0.047371555,0.06297723,-0.06297723,-0.06297723,0.06297723,0.06297723,-0.06297723,0.93702275,0.06297723,-0.03033875,-0.0013199546
-0.7237155,0.85925627,1.0,0.0,0.0,0.0,0.0,0.0,1.0,0.0,0.0,0.0,0.0,0.0,0.0,0.0,0.0,0.0
-0.67050415,1.4287472,0.08451238,0.08451238,0.06357032,0.9154876,0.08451238,0.08451238,-0.08451238,-0.08451238,0.08451238,0.08451238,0.08451238,0.05313492,0.9154876,0.08451238,-0.04412873,0.08451238
1.3908309,-0.6683867,0.0,0.0,0.0,0.0,1.0,0.0,0.0,0.0,0.0,1.0,0.0,0.0,0.0,0.0,0.0,0.0
0.65352196,-0.6621636,0.0,0.0,0.0,1.0,0.0,0.0,0.0,0.0,0.0,0.0,0.0,0.0,1.0,0.0,0.0,0.0
-0.6009728,-0.38044715,0.072481886,0.072481886,0.06096083,0.9275181,0.072481886,0.072481886,0.9275181,-0.072481886,0.072481886,0.072481886,0.06334957,-0.072481886,-0.072368234,0.06334957,-0.06334957,0.05452097
0.63961047,-0.6271953,0.0,0.0,0.0,1.0,0.0,0.0,0.0,0.0,0.0,0.0,0.0,0.0,1.0,0.0,0.0,0.0
1.3490964,-0.6647226,0.0,1.0,0.0,0.0,0.0,0.0,0.0,1.0,0.0,0.0,0.0,0.0,0.0,0.0,0.0,0.0
-0.75153846,0.18121955,0.13186735,0.13186735,-0.07853706,0.86813265,0.13186735,0.13186735,-0.13186735,-0.13186735,0.13186735,0.13186735,0.13119583,0.86813265,0.055949297,0.11508767,0.030398153,0.11508767
2.1267488,0.091229044,0.0,0.0,0.0,1.0,0.0,0.0,1.0,0.0,0.0,0.0,0.0,0.0,0.0,0.0,0.0,0.0
2.4149485,0.09122612,0.0,0.0,0.0,1.0,0.0,0.0,1.0,0.0,0.0,0.0,0.0,0.0,0.0,0.0,0.0,0.0
-0.31194425,-0.73199,0.15649536,0.117716014,-0.15649536,0.882284,0.15649536,0.15649536,0.15649536,0.15649536,0.07217559,0.15649536,0.15649536,-0.15649536,0.9850643,-0.15649536,0.09878895,0.15649536
1.3908309,-0.678386,0.0,0.0,0.0,0.0,1.0,0.0,0.0,0.0,0.0,1.0,0.0,0.0,0.0,0.0,0.0,0.0
-0.7237155,1.476136,1.0,0.0,0.0,0.0,0.0,0.0,1.0,0.0,0.0,0.0,0.0,0.0,0.0,0.0,0.0,0.0
-0.6402465,1.5782562,1.0,0.0,0.0,0.0,0.0,0.0,0.0,0.0,0.0,1.0,0.0,0.0,0.0,0.0,0.0,0.0
-0.018999975,-0.54062337,0.067337416,0.050482348,-0.017751124,0.9677354,0.067337416,0.050482348,0.067168474,0.050482348,0.98587996,0.03287776,0.067168474,0.050482348,-0.050482348,-0.067168474,0.067168474,0.067168474
0.6815768,1.9408997,0.0,0.0,0.0,1.0,0.0,0.0,1.0,0.0,0.0,0.0,0.0,0.0,0.0,0.0,0.0,0.0
-0.61546373,-0.3142459,0.029471967,0.020807449,0.022133457,0.970528,0.029471967,0.029471967,-0.016855264,0.029471967,0.029471967,0.029471967,0.029471967,0.029471967,0.970528,-0.029471967,-0.029471967,0.029471967
-0.6848521,-0.15183257,0.07845689,0.07845689,0.05901538,0.9215431,0.07845689,0.07845689,0.9215431,-0.07845689,0.07845689,0.05901538,0.07845689,-0.07845689,-0.07845689,0.07845689,0.048834495,0.05894228
0.65352196,-0.66568774,0.0,0.0,0.0,1.0,0.0,0.0,0.0,0.0,0.0,0.0,0.0,0.0,1.0,0.0,0.0,0.0
-0.75153846,-0.570333,0.13611853,0.86388147,0.08512466,-0.13611853,0.13611853,0.13611853,-0.0649188,0.13611853,0.13611853,0.13611853,0.083784595,-0.13611853,-0.13611853,0.86388147,0.13565867,0.13611853
-0.5361683,2.7605722,0.087384485,0.065522894,-0.06330823,0.91261554,0.087384485,0.076484285,-0.087384485,-0.087384485,0.087384485,0.087384485,0.087384485,-0.087384485,0.91261554,-0.06573071,-0.087384485,-0.087384485
-0.5343931,-0.5897305,0.06479412,-0.06479412,0.06479412,0.9352059,0.06479412,0.06479412,0.056739032,0.06479412,0.06479412,0.06479412,0.06465637,0.06479412,0.9352059,-0.06479412,-0.04873822,0.06479412
-0.650912,-0.5851529,0.0,0.0,0.0,0.0,1.0,0.0,0.0,0.0,0.0,1.0,0.0,0.0,0.0,0.0,0.0,0.0
0.037775822,-0.5390878,0.035079684,0.035079684,0.025926773,1.0350797,0.035079684,0.035079684,0.035079684,0.035079684,0.9649203,0.035079684,0.0304416,0.035079684,0.025926773,-0.035079684,0.035079684,0.035079684
0.045815893,-0.51999366,0.027817117,0.027817117,0.02747317,1.0134721,0.027817117,0.027817117,0.027817117,0.027817117,0.9790759,0.024452792,0.027739577,0.027817117,0.027817117,-0.027817117,0.013566793,0.027678797
-0.5755581,-0.5731663,0.0,0.0,0.0,1.0,0.0,0.0,0.0,0.0,1.0,0.0,0.0,0.0,0.0,0.0,0.0,0.0
-0.63356733,-0.37315065,0.06612424,0.06612424,0.057959348,0.93387574,0.06612424,0.06612424,0.93387574,-0.06612424,0.06612424,0.06612424,0.06612424,-0.06612424,-0.05722402,0.057053164,-0.049738735,0.049738735
-0.012669581,0.52657664,0.11261998,-0.11261998,0.0027443757,0.901428,0.11261998,0.11261998,0.88738,-0.11261998,0.11261998,-0.11261998,-0.112138115,-0.11261998,-0.112138115,0.08423103,0.11261998,0.111079715
1.2605267,0.5553916,0.0,0.0,0.0,1.0,0.0,0.0,1.0,0.0,0.0,0.0,0.0,0.0,0.0,0.0,0.0,0.0
-0.6172061,-0.07266137,0.031214366,0.031214366,0.031214366,0.96878564,0.031214366,0.031214366,-0.031214366,-0.015211363,0.031214366,0.031214366,0.023479486,-0.023479486,0.96878564,-0.019416833,-0.019416833,0.031214366
-0.62660754,-0.27188897,0.08095913,0.08095913,0.058399938,0.91904086,0.08095913,0.08095913,0.91904086,-0.08095913,0.08095913,0.08095913,0.070623614,-0.08095913,-0.06089756,0.070623614,0.0007367525,0.047774196
-0.75153846,-0.57065743,0.13579163,0.8642084,0.13579163,-0.13579163,0.13579163,0.102110796,-0.13579163,0.13390903,0.13579163,0.13579163,0.099623896,-0.13579163,-0.13579163,0.8642084,0.09578001,0.13579163
-0.68198097,-0.31418297,1.0,0.0,0.0,0.0,0.0,0.0,0.0,0.0,0.0,1.0,0.0,0.0,0.0,0.0,0.0,0.0
-0.6226475,-0.65461165,0.052190315,-0.052190315,0.045680203,0.9478097,0.052190315,0.052190315,-0.03925762,0.052190315,0.052190315,0.052190315,0.045319777,0.052190315,0.9478097,-0.052190315,-0.03143235,0.052190315
-0.026603492,-0.51494634,0.073181674,0.071666226,-0.003749609,0.9268183,0.07304293,0.073181674,0.05504735,0.048940927,0.92697346,0.0015938403,0.073181674,0.048940927,-0.073181674,-0.073181674,0.05504735,0.05489222
-0.60727954,-0.27429852,0.083425805,0.083425805,0.083425805,0.9165742,0.083425805,0.083425805,0.9165742,-0.083425805,0.083425805,0.083425805,0.062590055,-0.083425805,-0.083425805,0.083425805,0.0030205566,0.083425805
-0.75153846,-0.5713787,0.13517126,0.8648287,0.13517126,-0.13517126,0.13517126,0.10167601,-0.11842383,0.13517126,0.13517126,0.13517126,0.13517126,-0.13517126,-0.13517126,0.8648287,0.084928565,0.13517126
-0.10096598,-0.54280394,0.068840355,0.061276235,-0.037222497,0.9311596,0.068840355,0.068840355,0.068840355,-0.068840355,0.9567756,7.976318e-05,0.05691488,-0.068840355,-0.068840355,-0.068840355,0.066125646,0.0138670085
-0.58135456,-0.69818795,0.0,0.0,0.0,1.0,0.0,0.0,0.0,0.0,1.0,0.0,0.0,0.0,0.0,0.0,0.0,0.0
-0.5341175,-0.5894376,0.06521419,-0.06521419,0.06521419,0.9347858,0.06521419,0.06521419,0.06495779,0.05688874,0.06521419,0.06521419,0.06521419,0.06521419,0.9347858,-0.06521419,-0.04868821,0.06521419
1.5508131,0.19481379,0.0,0.0,0.0,1.0,0.0,0.0,1.0,0.0,0.0,0.0,0.0,0.0,0.0,0.0,0.0,0.0
-0.7395524,-0.68508226,0.027197931,-0.027197931,0.011947618,0.97280204,0.027197931,0.027197931,-0.02029315,0.027197931,0.027197931,0.027197931,0.027197931,0.027197931,0.97280204,-0.027197931,0.01359244,0.027197931
-0.75153846,-0.5710873,0.1354525,0.86454755,0.1354525,-0.1354525,0.1354525,0.11849963,-0.10188754,0.1354525,0.1354525,0.1354525,0.113162994,-0.1354525,-0.1354525,0.86454755,0.1354525,0.1354525
0.96745795,0.7800244,0.0,0.0,0.0,1.0,0.0,0.0,1.0,0.0,0.0,0.0,0.0,0.0,0.0,0.0,0.0,0.0
1.5498856,2.1146884,0.0,0.0,0.0,1.0,0.0,0.0,1.0,0.0,0.0,0.0,0.0,0.0,0.0,0.0,0.0,0.0
1.3490964,-0.6629536,0.0,1.0,0.0,0.0,0.0,0.0,0.0,1.0,0.0,0.0,0.0,0.0,0.0,0.0,0.0,0.0
-0.7237155,0.9032964,1.0,0.0,0.0,0.0,0.0,0.0,1.0,0.0,0.0,0.0,0.0,0.0,0.0,0.0,0.0,0.0
-0.5052005,2.7478364,0.08079119,0.08079119,-0.040833298,0.91920877,0.08079119,0.049884494,-0.08079119,-0.08079119,0.08079119,0.08079119,0.08079119,-0.08079119,0.91920877,0.03868124,-0.08079119,-0.07055797
-0.29982448,1.1899946,0.12062052,0.12062052,-0.090730906,0.8793795,0.12062052,0.12062052,-0.12062052,-0.12062052,1.0308747,-0.12062052,0.090730906,-0.12062052,-0.12062052,0.12062052,-0.10557473,-0.12062052
-0.027432317,0.45513424,0.115014754,-0.115014754,-0.092454426,0.91348577,0.115014754,0.115014754,0.91348577,-0.115014754,0.115014754,-0.115014754,-0.08651424,-0.115014754,-0.115014754,0.115014754,0.115014754,0.039314326
-0.6185807,0.1436014,0.032589003,0.032589003,0.032589003,0.96741104,0.032589003,0.032589003,-0.032589003,-0.024464706,0.032589003,0.032589003,0.032589003,-0.032589003,0.96741104,-0.03095714,-0.024513489,0.032589003
-0.533923,-0.5896066,0.06501964,-0.06501964,0.037174582,0.9349804,0.06501964,0.06501964,0.047524728,0.06501964,0.06501964,0.06501964,0.06501964,0.06501964,0.9349804,-0.06501964,-0.06471077,0.06501964
-0.7214606,-0.57050157,0.093270674,0.093270674,0.050591998,0.90672934,0.093270674,0.093270674,-0.093270674,-0.093270674,0.093270674,0.069731906,0.093039885,0.90672934,-0.058367737,0.093270674,-0.08148009,0.06508279
0.20979519,0.06140268,0.024626689,-0.024626689,0.012360504,0.98157895,-0.024626689,0.024626689,-0.024549047,-0.024626689,0.024626689,-0.024626689,-0.018001096,-0.024626689,0.9753733,-0.024613714,-0.024626689,0.0035526403
-0.6402465,1.5809336,1.0,0.0,0.0,0.0,0.0,0.0,0.0,0.0,0.0,1.0,0.0,0.0,0.0,0.0,0.0,0.0
-0.6217181,-0.63057405,0.04894233,-0.04894233,0.04894233,0.9510577,0.04894233,0.04894233,-0.04277587,0.04894233,0.04894233,0.04894233,0.04894233,0.04894233,0.9510577,-0.04894233,-0.0146866925,0.04894233
2.9996946,1.7581576,0.0,0.0,0.0,1.0,0.0,0.0,1.0,0.0,0.0,0.0,0.0,0.0,0.0,0.0,0.0,0.0
-0.75153846,0.37495488,0.14127402,0.14127402,0.14127402,0.858726,0.14127402,0.14127402,-0.14127402,-0.14127402,0.14127402,0.14127402,0.13578346,0.858726,0.07896521,0.12371109,0.048522867,0.1062665
-0.02246412,-0.35671005,0.05738124,0.040553197,-0.05738124,0.95740354,0.05738124,0.057270765,0.05738124,0.0005157017,1.0199348,0.023978038,0.042596452,0.0175378,-0.05738124,-0.043162245,0.056815445,0.05738124
0.17905392,0.77190584,0.00084116415,-0.00084116415,-0.0004200856,0.9991588,0.00084116415,0.0005263884,0.9991588,-0.00084116415,0.00084116415,-0.00084116415,-0.00067516754,-0.00084116415,-0.00063272263,-0.0007348298,-0.00082531956,-0.00018017841
-0.62375575,0.33938977,0.037764013,0.037764013,0.033180706,0.962236,0.037764013,0.037764013,-0.037764013,0.032765113,0.037764013,0.037764013,0.037764013,-0.037764013,0.962236,-0.037764013,-0.032521278,0.037764013
-0.5727758,-0.5493712,0.0,0.0,0.0,1.0,0.0,0.0,0.0,0.0,1.0,0.0,0.0,0.0,0.0,0.0,0.0,0.0
-0.63591605,-0.6622692,0.04992432,-0.04992432,0.03710075,0.9500757,0.04992432,0.043696847,-0.04992432,0.04992432,0.04992432,0.04992432,0.03755314,0.04992432,0.9500757,-0.04992432,-0.03552719,0.04992432
0.9690809,1.2390605,0.0,0.0,0.0,1.0,0.0,0.0,1.0,0.0,0.0,0.0,0.0,0.0,0.0,0.0,0.0,0.0
-0.68777746,-0.1385565,0.0,0.0,0.0,1.0,0.0,0.0,0.0,0.0,1.0,0.0,0.0,0.0,0.0,0.0,0.0,0.0
-0.17336214,-0.6761204,0.09081044,0.09034293,0.06705199,0.93169224,0.09081044,0.068307735,0.09081044,0.09081044,-0.06813436,0.09081044,0.068307735,-0.068307735,0.9975404,-0.09081044,0.0107684685,0.09081044
-0.63607496,-0.66206706,0.050083224,-0.050083224,0.050083224,0.9499168,0.050083224,0.050083224,-0.037034873,0.050083224,0.050083224,0.050083224,0.050083224,0.050083224,0.9499168,-0.050083224,0.008206386,0.050083224
-0.73762697,1.1144499,1.0,0.0,0.0,0.0,0.0,0.0,1.0,0.0,0.0,0.0,0.0,0.0,0.0,0.0,0.0,0.0
-0.5337625,-0.58964115,0.064859144,-0.064859144,0.021361377,0.93514085,0.064859144,0.064859144,0.064859144,0.04878713,0.064859144,0.064859144,0.064859144,0.04878713,0.93514085,-0.064859144,-0.064859144,0.064859144
0.13160928,2.6644409,0.0,0.0,0.0,1.0,0.0,0.0,1.0,0.0,0.0,0.0,0.0,0.0,0.0,0.0,0.0,0.0
0.03751386,-0.5393624,0.03481772,0.03481772,0.021567404,1.0253848,0.03481772,0.026189934,0.03481772,0.03481772,0.9651823,0.03481772,0.03481772,0.03481772,0.03481772,-0.03481772,0.03481772,0.03481772
2.7010612,0.60852027,0.0,0.0,0.0,1.0,0.0,0.0,1.0,0.0,0.0,0.0,0.0,0.0,0.0,0.0,0.0,0.0
-0.62384516,-0.5535706,0.037853476,-0.037853476,0.03305253,0.9669475,0.037853476,0.03769747,-0.037853476,0.037853476,0.037853476,0.037853476,0.037853476,0.037853476,0.9621466,-0.037853476,-0.03733732,0.037853476
1.3908309,-0.6732379,0.0,0.0,0.0,0.0,1.0,0.0,0.0,0.0,0.0,1.0,0.0,0.0,0.0,0.0,0.0,0.0
1.3490964,-0.6650617,0.0,1.0,0.0,0.0,0.0,0.0,0.0,1.0,0.0,0.0,0.0,0.0,0.0,0.0,0.0,0.0
-0.08323101,0.4071461,0.13851155,-0.097459756,-0.12051713,0.86148846,0.13851155,0.13851155,0.9262243,-0.13851155,0.13851155,-0.13851155,-0.13851155,-0.13851155,-0.13851155,0.10418857,0.13851155,0.121175826
-0.73762697,1.1383225,1.0,0.0,0.0,0.0,0.0,0.0,1.0,0.0,0.0,0.0,0.0,0.0,0.0,0.0,0.0,0.0
-0.6402465,1.578408,1.0,0.0,0.0,0.0,0.0,0.0,0.0,0.0,0.0,1.0,0.0,0.0,0.0,0.0,0.0,0.0
0.037798367,-0.5463546,0.03510223,0.03510223,0.03498603,1.0311801,0.03510223,0.03510223,0.03510223,0.03510223,0.96489775,0.03510223,0.030664857,0.03510223,0.03510223,-0.03510223,0.026403945,0.03510223
-0.5706891,-0.60281575,0.0,0.0,0.0,1.0,0.0,0.0,0.0,0.0,1.0,0.0,0.0,0.0,0.0,0.0,0.0,0.0
0.5343469,-0.6757893,0.0,0.0,0.0,1.0,0.0,0.0,0.0,0.0,0.0,0.0,0.0,0.0,1.0,0.0,0.0,0.0
0.1711249,-0.25684568,0.07359878,-0.07359878,-0.073146075,0.94519484,0.07359878,0.07359878,0.0553611,-0.07359878,0.07359878,-0.07359878,-0.0641417,-0.07359878,0.9264012,-0.045904018,-0.0553611,0.0048890403
-0.6248391,-0.27105904,0.08011817,0.08011817,0.08011817,0.9198818,0.08011817,0.08011817,0.9198818,-0.08011817,0.08011817,0.08011817,0.06966536,-0.08011817,-0.060264997,0.06996053,-0.049190685,0.08011817
-0.022394689,-0.49246338,0.071825884,0.061120346,-0.071825884,0.92817414,0.071825884,0.061803073,0.061803073,0.044575848,0.9932966,0.044575848,0.061803073,0.025883706,-0.061803073,-0.06149192,0.071825884,0.06149192
-0.6642915,1.283661,0.07829976,0.07829976,0.07829976,0.92170024,0.07829976,0.07829976,-0.07829976,-0.06840169,0.07829976,0.07829976,0.078059785,-0.056339953,0.92170024,0.07829976,-0.07829976,0.07829976
-0.64998454,2.673594,0.0,0.0,0.0,1.0,0.0,0.0,0.0,0.0,1.0,0.0,0.0,0.0,0.0,0.0,0.0,0.0
-0.020026796,-0.5320767,0.0663106,0.05798584,-0.029644124,0.9336894,0.0663106,0.037400123,0.058330182,0.051257182,0.93986243,0.051257182,0.05938181,0.055540662,-0.0663106,-0.0663106,0.0663106,0.059915416
0.39198598,2.1144087,0.0,0.0,0.0,1.0,0.0,0.0,1.0,0.0,0.0,0.0,0.0,0.0,0.0,0.0,0.0,0.0
-0.010123999,0.65271026,0.115629286,-0.115629286,-0.0869765,0.88437074,0.115629286,0.0869765,0.88437074,-0.115629286,0.115629286,-0.115629286,-0.11336997,-0.115629286,0.0578674,-0.09993552,0.10012221,0.115629286
0.63961047,-0.627187,0.0,0.0,0.0,1.0,0.0,0.0,0.0,0.0,0.0,0.0,0.0,0.0,1.0,0.0,0.0,0.0
-0.62149453,-0.5497101,0.03782143,-0.03782143,0.03782143,0.9621786,0.03782143,0.03782143,-0.03297729,0.03782143,0.03782143,0.03782143,0.03297729,0.03782143,0.9621786,-0.03782143,-0.02844933,0.03782143
-0.021115107,-0.49452084,0.06336742,0.06336742,0.016736481,0.94350857,0.06336742,0.06336742,0.06336742,0.034501553,0.9431414,0.04821399,0.056692228,0.05460313,-0.06336742,-0.05685862,0.06336742,0.05491571
-0.5342198,-0.5890993,0.06554833,-0.06554833,0.015038851,0.9344517,0.06554833,0.06554833,0.0559012,0.057125706,0.06554833,0.06554833,0.057125706,0.06554833,0.9344517,-0.06554833,-0.04930554,0.06554833
-0.6738686,-0.26,0.06932821,0.06932821,0.05214877,0.93067175,0.06932821,0.06932821,0.93067175,-0.06932821,0.05214877,0.06932821,0.059369013,-0.06932821,-0.06932821,0.06053532,0.034628317,0.05214877
-0.533767,-0.5897526,0.064863674,-0.064863674,0.02414681,0.9351363,0.064863674,0.064863674,0.064863674,0.064863674,0.064863674,0.064863674,0.064863674,0.064863674,0.9351363,-0.064863674,-0.048790537,0.064863674
-0.53365946,-0.58949244,0.064987905,-0.064987905,0.04856498,0.9350121,0.064987905,0.064987905,0.064987905,0.048883982,0.064987905,0.064987905,0.048883982,0.048883982,0.9350121,-0.064987905,-0.04066869,0.064987905
-0.5672112,-0.6155592,0.0,0.0,0.0,1.0,0.0,0.0,0.0,0.0,1.0,0.0,0.0,0.0,0.0,0.0,0.0,0.0
-0.73762697,1.4614413,1.0,0.0,0.0,0.0,0.0,0.0,1.0,0.0,0.0,0.0,0.0,0.0,0.0,0.0,0.0,0.0
-0.73762697,1.3145715,1.0,0.0,0.0,0.0,0.0,0.0,1.0,0.0,0.0,0.0,0.0,0.0,0.0,0.0,0.0,0.0
-0.75153846,-0.57060343,0.13591377,0.8640862,0.11816809,-0.13591377,0.13591377,0.13591377,-0.08448883,0.11816809,0.13591377,0.13591377,0.11816809,-0.13591377,-0.13591377,0.8640862,0.13591377,0.13591377
2.9996946,1.758263,0.0,0.0,0.0,1.0,0.0,0.0,1.0,0.0,0.0,0.0,0.0,0.0,0.0,0.0,0.0,0.0
-0.63605803,-0.6621591,0.050066292,-0.050066292,0.043075595,0.9499337,0.050066292,0.03765993,-0.049848534,0.050066292,0.050066292,0.050066292,0.050066292,0.043674655,0.9499337,-0.050066292,-0.050066292,0.050066292
-0.75153846,2.7667913,1.0,0.0,0.0,0.0,0.0,0.0,1.0,0.0,0.0,0.0,0.0,0.0,0.0,0.0,0.0,0.0
1.8339119,0.32075807,0.0,0.0,0.0,1.0,0.0,0.0,1.0,0.0,0.0,0.0,0.0,0.0,0.0,0.0,0.0,0.0
-0.5331835,-0.5897205,0.06497573,-0.06497573,0.048874825,0.93502426,0.06497573,0.06497573,0.04701751,0.06497573,0.06497573,0.06497573,0.06497573,0.06497573,0.93502426,-0.06497573,-0.048874825,0.06497573
0.0372295,-0.53261274,0.034533363,0.025976036,0.030153506,1.0116869,0.034533363,0.034533363,0.034533363,0.034533363,0.9654666,0.034533363,0.034533363,0.034533363,0.034533363,-0.034533363,0.025806159,0.034533363
0.08615397,-0.6131618,0.09365959,-0.0815083,-0.09365959,0.9063404,0.09365959,0.09365959,0.09365959,-0.09365959,0.09365959,-0.09365959,-0.0815083,-0.09365959,0.9063404,0.09365959,0.09365959,0.08448111
-0.5336596,-0.5895508,0.06498809,-0.06498809,0.032078575,0.9350119,0.06498809,0.06498809,-0.023291007,0.06498809,0.06498809,0.06498809,0.06498809,0.06498809,0.9350119,-0.06498809,-0.060206253,0.06498809
1.2600629,1.1607479,0.0,0.0,0.0,1.0,0.0,0.0,1.0,0.0,0.0,0.0,0.0,0.0,0.0,0.0,0.0,0.0
-0.75153846,0.8809581,0.14863847,0.14765526,0.12844971,0.8513615,0.14863847,0.14863847,0.8513615,-0.14863847,0.14863847,0.14863847,0.12947749,-0.14863847,0.14863847,-0.11180605,0.09264507,0.12947749
-0.75153846,-0.57091194,0.13555905,0.8644409,0.13555905,-0.13555905,0.13555905,0.13555905,-0.033331085,0.13555905,0.13555905,0.13555905,0.118355036,-0.13555905,-0.13555905,0.8644409,0.13555905,0.13555905
1.3908309,-0.67832965,0.0,0.0,0.0,0.0,1.0,0.0,0.0,0.0,0.0,1.0,0.0,0.0,0.0,0.0,0.0,0.0
0.038186375,-0.5539953,0.035490233,0.035490233,0.02238847,1.0146825,0.035490233,0.035490233,0.035490233,0.035490233,0.9645098,0.035490233,0.035490233,0.035490233,0.035490233,-0.035490233,0.035490233,0.035490233
0.65352196,-0.6605141,0.0,0.0,0.0,1.0,0.0,0.0,0.0,0.0,0.0,0.0,0.0,0.0,1.0,0.0,0.0,0.0
-0.07054685,-0.6720173,0.055389915,0.03450106,0.048214138,0.9446101,0.055389915,0.02686039,0.055389915,-0.055389915,-0.055389915,-0.055389915,0.03896171,-0.055389915,0.9446101,0.055389915,-0.0050249384,-0.041664366
-0.08071563,-0.7448018,0.03572492,0.03572492,0.0072449045,0.96427506,0.03572492,0.026872326,0.03572492,-0.03572492,-0.031233776,0.03572492,0.03572492,-0.03572492,0.96427506,0.026501037,0.001628729,0.031105641
1.5471033,0.27461386,0.0,0.0,0.0,1.0,0.0,0.0,1.0,0.0,0.0,0.0,0.0,0.0,0.0,0.0,0.0,0.0
-0.6374642,-0.6689642,0.0,0.0,0.0,0.0,1.0,0.0,0.0,0.0,0.0,1.0,0.0,0.0,0.0,0.0,0.0,0.0
-0.5069281,-0.16725378,0.0,0.0,0.0,1.0,0.0,0.0,0.0,0.0,1.0,0.0,0.0,0.0,0.0,0.0,0.0,0.0
0.22783041,0.80047476,0.0,0.0,0.0,1.0,0.0,0.0,0.0,0.0,0.0,0.0,0.0,0.0,1.0,0.0,0.0,0.0
-0.75153846,-0.5711295,0.13541748,0.86458254,0.13541748,-0.13541748,0.13541748,0.13541748,-0.033222433,0.13541748,0.13541748,0.13541748,0.13499747,-0.13541748,-0.13541748,0.86458254,0.118468985,0.13541748
1.3630079,-0.6751705,0.0,1.0,0.0,0.0,0.0,0.0,0.0,1.0,0.0,0.0,0.0,0.0,0.0,0.0,0.0,0.0
-0.5360546,2.7612603,0.08749812,0.08749812,-0.0658162,0.9125019,0.08749812,-0.015243356,-0.08749812,-0.08749812,0.08749812,0.08749812,0.08749812,-0.08749812,0.9125019,0.041922845,-0.08749812,-0.08749812
-0.53399956,-0.5892675,0.06532806,-0.06532806,0.0057104873,0.93467194,0.06532806,0.06532806,0.04913985,0.06532806,0.06532806,0.06532806,0.06532806,0.06532806,0.93467194,-0.06532806,-0.048782006,0.06532806
1.3769194,-0.67324424,0.0,1.0,0.0,0.0,0.0,0.0,0.0,1.0,0.0,0.0,0.0,0.0,0.0,0.0,0.0,0.0
0.65352196,-0.6647532,0.0,0.0,0.0,1.0,0.0,0.0,0.0,0.0,0.0,0.0,0.0,0.0,1.0,0.0,0.0,0.0
1.3908309,-0.6782151,0.0,0.0,0.0,0.0,1.0,0.0,0.0,0.0,0.0,1.0,0.0,0.0,0.0,0.0,0.0,0.0
-0.73762697,1.4908209,1.0,0.0,0.0,0.0,0.0,0.0,1.0,0.0,0.0,0.0,0.0,0.0,0.0,0.0,0.0,0.0
-0.6402465,1.5802497,1.0,0.0,0.0,0.0,0.0,0.0,0.0,0.0,0.0,1.0,0.0,0.0,0.0,0.0,0.0,0.0
-0.6361134,-0.66210234,0.050121687,-0.050121687,0.019858465,0.94987833,0.050121687,0.03132378,-0.050121687,0.050121687,0.050121687,0.050121687,0.0377016,0.050121687,0.94987833,-0.050121687,-0.026835728,0.050121687
0.037949525,-0.5437075,0.035253387,0.026517643,0.035253387,1.0166701,0.035253387,0.035253387,0.035253387,0.035253387,0.9647466,0.035253387,0.035253387,0.035253387,0.035253387,-0.035253387,0.0021192352,0.035253387
0.65352196,-0.6618898,0.0,0.0,0.0,1.0,0.0,0.0,0.0,0.0,0.0,0.0,0.0,0.0,1.0,0.0,0.0,0.0
0.65352196,-0.65929985,0.0,0.0,0.0,1.0,0.0,0.0,0.0,0.0,0.0,0.0,0.0,0.0,1.0,0.0,0.0,0.0
-0.73762697,1.3145783,1.0,0.0,0.0,0.0,0.0,0.0,1.0,0.0,0.0,0.0,0.0,0.0,0.0,0.0,0.0,0.0
-0.73762697,1.4908174,1.0,0.0,0.0,0.0,0.0,0.0,1.0,0.0,0.0,0.0,0.0,0.0,0.0,0.0,0.0,0.0
0.04634478,-0.62422264,0.099294595,-0.099294595,-0.074689515,0.90070546,0.099294595,0.0976781,0.099294595,-0.099294595,0.099294595,-0.099294595,-0.099294595,-0.099294595,0.90070546,0.074689515,0.0871835,-0.099294595
-0.64486915,-0.26561454,0.0758031,0.0758031,0.0758031,0.9241969,0.0758031,0.0758031,0.9241969,-0.0758031,0.0758031,0.0758031,0.06628403,-0.0758031,-0.0758031,0.05701919,0.031118667,0.0758031
-0.73762697,2.210514,1.0,0.0,0.0,0.0,0.0,0.0,1.0,0.0,0.0,0.0,0.0,0.0,0.0,0.0,0.0,0.0
-0.5230105,-0.58068526,0.074040264,-0.034950275,0.055311702,0.92595977,0.074040264,0.074040264,-0.024396695,0.034950275,0.074040264,0.074040264,0.055693183,0.034950275,0.92595977,-0.074040264,-0.067782536,0.074040264
-0.75153846,-0.5702365,0.13625291,0.8637471,0.06790516,-0.1358891,0.13625291,0.13625291,0.027447317,0.13625291,0.13625291,0.13625291,0.13625291,-0.13625291,-0.13625291,0.8637471,0.13625291,0.13625291
1.3630079,-0.67177147,0.0,1.0,0.0,0.0,0.0,0.0,0.0,1.0,0.0,0.0,0.0,0.0,0.0,0.0,0.0,0.0
1.3908309,-0.67826074,0.0,0.0,0.0,0.0,1.0,0.0,0.0,0.0,0.0,1.0,0.0,0.0,0.0,0.0,0.0,0.0
0.63961047,-0.6621697,0.0,0.0,0.0,1.0,0.0,0.0,0.0,0.0,0.0,0.0,0.0,0.0,1.0,0.0,0.0,0.0
0.075035885,2.6584346,0.0,0.0,0.0,1.0,0.0,0.0,1.0,0.0,0.0,0.0,0.0,0.0,0.0,0.0,0.0,0.0
1.4047424,-0.6784314,0.0,0.0,0.0,0.0,1.0,0.0,0.0,0.0,0.0,1.0,0.0,0.0,0.0,0.0,0.0,0.0
-0.5725439,-0.33156878,0.0,0.0,0.0,1.0,0.0,0.0,0.0,0.0,1.0,0.0,0.0,0.0,0.0,0.0,0.0,0.0
-0.6402465,1.580656,1.0,0.0,0.0,0.0,0.0,0.0,0.0,0.0,0.0,1.0,0.0,0.0,0.0,0.0,0.0,0.0
-0.75153846,3.909549,0.10734217,-0.106211185,0.09395252,0.8926578,0.10734217,0.10734217,0.8926578,-0.10734217,0.10734217,0.10734217,0.0746163,-0.010189833,0.0446991,-0.017531212,-0.07968559,0.10734217
-0.084250666,-0.7096423,0.0,0.0,0.0,0.0,1.0,0.0,1.0,0.0,0.0,0.0,0.0,0.0,0.0,0.0,0.0,0.0
0.65352196,-0.6647042,0.0,0.0,0.0,1.0,0.0,0.0,0.0,0.0,0.0,0.0,0.0,0.0,1.0,0.0,0.0,0.0
-0.64998454,2.6158354,0.0,0.0,0.0,1.0,0.0,0.0,0.0,0.0,1.0,0.0,0.0,0.0,0.0,0.0,0.0,0.0
-0.66691023,-0.7117558,0.0,0.0,0.0,1.0,0.0,0.0,0.0,0.0,1.0,0.0,0.0,0.0,0.0,0.0,0.0,0.0
-0.7462057,-0.30848783,0.0,0.0,0.0,1.0,0.0,0.0,0.0,0.0,0.0,0.0,0.0,0.0,1.0,0.0,0.0,0.0
-0.73762697,1.9314218,1.0,0.0,0.0,0.0,0.0,0.0,1.0,0.0,0.0,0.0,0.0,0.0,0.0,0.0,0.0,0.0
1.3630079,-0.66265535,0.0,1.0,0.0,0.0,0.0,0.0,0.0,1.0,0.0,0.0,0.0,0.0,0.0,0.0,0.0,0.0
-0.5836731,-0.40298307,0.0,0.0,0.0,1.0,0.0,0.0,0.0,0.0,1.0,0.0,0.0,0.0,0.0,0.0,0.0,0.0
0.65352196,-0.6631944,0.0,0.0,0.0,1.0,0.0,0.0,0.0,0.0,0.0,0.0,0.0,0.0,1.0,0.0,0.0,0.0
-0.60084337,-0.38154733,0.07258436,0.07258436,0.07258436,0.92741567,0.07258436,0.07258436,0.92741567,-0.07258436,0.07258436,0.07258436,0.039504554,-0.07258436,-0.045301482,0.07258436,-0.07238528,0.063287795
-0.018013585,-0.5184719,0.06275921,0.055387612,-0.06275921,0.94678813,0.06275921,0.055843253,0.06275921,0.051831912,0.9756572,0.051831912,0.06275921,0.053979483,-0.055843253,-0.055720527,0.06275921,0.06275921
0.037127815,-0.53079665,0.034431677,0.029993068,0.034431677,1.0168449,0.034431677,0.034431677,0.034431677,0.034431677,0.9655683,0.034431677,0.034431677,0.034431677,0.034431677,-0.034431677,0.034431677,0.034431677
1.4047424,-0.6745241,0.0,0.0,0.0,0.0,1.0,0.0,0.0,0.0,0.0,1.0,0.0,0.0,0.0,0.0,0.0,0.0
1.3769194,-0.67304707,0.0,1.0,0.0,0.0,0.0,0.0,0.0,1.0,0.0,0.0,0.0,0.0,0.0,0.0,0.0,0.0
-0.7348446,-0.7122616,0.0,0.0,0.0,0.0,1.0,0.0,1.0,0.0,0.0,0.0,0.0,0.0,0.0,0.0,0.0,0.0
-0.66691023,-0.7109599,0.0,0.0,0.0,1.0,0.0,0.0,0.0,0.0,1.0,0.0,0.0,0.0,0.0,0.0,0.0,0.0
-0.75153846,-0.7240659,0.07051474,0.07051474,0.017368874,0.92948526,0.07051474,0.07051474,-0.07051474,-0.07051474,0.07051474,0.07051474,0.033138953,0.92948526,-0.044662833,0.07051474,-0.018679693,0.07051474
-0.5339287,-0.589507,0.06502535,-0.06502535,-0.00655465,0.9349747,0.06502535,0.06502535,0.06502535,0.06502535,0.06502535,0.06502535,0.06502535,0.06502535,0.9349747,-0.06502535,-0.06502535,0.06502535
-0.7358851,0.07127009,0.09053768,0.09053768,0.09053768,0.90946233,0.09053768,0.090414494,0.90946233,-0.09053768,0.09053768,0.09053768,-0.011123063,-0.09053768,-0.07924421,0.09053768,0.025403734,0.065805614
-0.12843491,-0.6207278,0.06597203,0.06597203,-0.06597203,0.93402797,0.04921578,0.06597203,0.06597203,-0.06597203,1.0659721,-0.04914937,0.03908737,-0.0494302,-0.06597203,0.0126596335,0.048235312,0.049624242
0.9737181,1.3043494,0.0,0.0,0.0,1.0,0.0,0.0,1.0,0.0,0.0,0.0,0.0,0.0,0.0,0.0,0.0,0.0
0.9737181,1.021966,0.0,0.0,0.0,1.0,0.0,0.0,1.0,0.0,0.0,0.0,0.0,0.0,0.0,0.0,0.0,0.0
-0.6001521,-0.38079867,0.072124906,0.072124906,0.05425245,0.9278751,0.072124906,0.072124906,0.9278751,-0.072124906,0.072124906,0.05425245,0.072124906,-0.072124906,-0.072124906,0.072124906,-0.072124906,0.072124906
-0.47125003,2.4049838,0.11474173,0.11474173,-0.08395027,0.8852583,0.11474173,0.11474173,-0.11474173,-0.11474173,0.11474173,0.11474173,0.11426211,-0.11474173,0.8852583,-0.09823365,-0.11474173,-0.11474173
0.036973152,-0.54001296,0.034277014,0.03423201,0.034277014,1.0211476,0.034277014,0.034277014,0.034277014,0.034277014,0.965723,0.034277014,0.034277014,0.034277014,0.03423201,-0.034277014,0.02578321,0.034277014
-0.552836,0.045236617,0.0,0.0,0.0,1.0,0.0,0.0,0.0,0.0,1.0,0.0,0.0,0.0,0.0,0.0,0.0,0.0
0.65352196,-0.6611361,0.0,0.0,0.0,1.0,0.0,0.0,0.0,0.0,0.0,0.0,0.0,0.0,1.0,0.0,0.0,0.0
0.65352196,-0.6611081,0.0,0.0,0.0,1.0,0.0,0.0,0.0,0.0,0.0,0.0,0.0,0.0,1.0,0.0,0.0,0.0
-0.028185781,-0.5126151,0.07159938,0.053734522,-0.07159938,0.94614285,0.07159938,0.053734522,0.07159938,0.051867362,0.9837626,-0.0017720871,0.07159938,0.04824089,-0.053857144,-0.053857144,0.07159938,0.07159938
-0.66691023,-0.7117875,0.0,0.0,0.0,1.0,0.0,0.0,0.0,0.0,1.0,0.0,0.0,0.0,0.0,0.0,0.0,0.0
-0.73762697,1.3586224,1.0,0.0,0.0,0.0,0.0,0.0,1.0,0.0,0.0,0.0,0.0,0.0,0.0,0.0,0.0,0.0
1.3908309,-0.6636809,0.0,0.0,0.0,0.0,1.0,0.0,0.0,0.0,0.0,1.0,0.0,0.0,0.0,0.0,0.0,0.0
1.3490964,-0.6645616,0.0,1.0,0.0,0.0,0.0,0.0,0.0,1.0,0.0,0.0,0.0,0.0,0.0,0.0,0.0,0.0
1.4047424,-0.67741627,0.0,0.0,0.0,0.0,1.0,0.0,0.0,0.0,0.0,1.0,0.0,0.0,0.0,0.0,0.0,0.0
-0.7187755,0.46511838,0.15921564,0.15921564,0.09775678,0.8407844,0.15921564,0.15921564,-0.15921564,-0.15921564,0.15921564,0.15921564,0.15921564,0.8407844,0.15921564,0.118570976,0.11944588,0.15921564
0.65352196,-0.66350263,0.0,0.0,0.0,1.0,0.0,0.0,0.0,0.0,0.0,0.0,0.0,0.0,1.0,0.0,0.0,0.0
-0.6424624,-0.26783183,0.0771061,0.0771061,0.0771061,0.92289394,0.0771061,0.0771061,0.92289394,-0.0771061,0.057999313,0.0771061,0.024598837,-0.0771061,-0.04762312,0.0771061,0.057999313,0.0771061
-0.73762697,1.1924958,1.0,0.0,0.0,0.0,0.0,0.0,1.0,0.0,0.0,0.0,0.0,0.0,0.0,0.0,0.0,0.0
-0.035856016,0.4818762,0.12027068,-0.07531429,-0.12027068,0.87972933,0.12027068,0.12027068,0.87972933,-0.12027068,0.12027068,-0.12027068,-0.12027068,-0.12027068,-0.090223,0.06045998,0.09046776,0.09046776
0.47615048,2.6393049,0.0,0.0,0.0,1.0,0.0,0.0,1.0,0.0,0.0,0.0,0.0,0.0,0.0,0.0,0.0,0.0
-0.75153846,-0.57144535,0.13502494,0.8649751,0.13502494,-0.13502494,0.13502494,0.10156593,-0.11346117,0.13502494,0.13502494,0.13502494,0.13502494,-0.13502494,-0.13502494,0.8649751,0.10156593,0.13502494
0.03753504,-0.53910923,0.0348389,0.030581137,0.024456926,1.0262058,0.0348389,0.0348389,0.0348389,0.0348389,0.9651611,0.0348389,0.0348389,0.0348389,0.0348389,-0.0348389,0.03467256,0.0348389
-0.75153846,-0.57158816,0.13496369,0.8650363,0.10151986,-0.13496369,0.13496369,0.10141162,-0.10151986,0.13496369,0.13496369,0.13496369,0.10151986,-0.13496369,-0.13496369,0.8650363,0.10151986,0.13496369
-0.56813866,-0.42510688,0.0,0.0,0.0,1.0,0.0,0.0,0.0,0.0,1.0,0.0,0.0,0.0,0.0,0.0,0.0,0.0
-0.72649777,-0.51531583,0.0,0.0,0.0,0.0,1.0,0.0,1.0,0.0,0.0,0.0,0.0,0.0,0.0,0.0,0.0,0.0
0.65352196,-0.6657323,0.0,0.0,0.0,1.0,0.0,0.0,0.0,0.0,0.0,0.0,0.0,0.0,1.0,0.0,0.0,0.0
2.121184,0.7855867,0.0,0.0,0.0,1.0,0.0,0.0,1.0,0.0,0.0,0.0,0.0,0.0,0.0,0.0,0.0,0.0
-0.73955816,-0.68503517,0.027203726,-0.027203726,0.0083604865,0.97279626,0.027203726,0.020462675,-0.02033447,0.027203726,0.027203726,0.027203726,0.020462675,0.027203726,0.97279626,-0.027203726,0.006669347,0.027203726
-0.019257963,-0.52911794,0.061514832,0.055012073,-0.05555444,0.93848515,0.061514832,0.061514832,0.061514832,0.05256472,0.9444883,0.05256472,0.061514832,0.05293533,-0.061514832,-0.061514832,0.046271533,0.055511728
-0.75153846,-0.57082736,0.13560535,0.86439466,0.11880412,-0.13560535,0.13560535,0.13560535,-0.09672525,0.13560535,0.13560535,0.13560535,0.13560535,-0.13560535,-0.13560535,0.86439466,0.04588607,0.13560535
-0.0006877398,0.54247904,0.10373459,-0.10373459,-0.10373459,0.8962654,0.10373459,0.10373459,0.8962654,-0.10373459,0.10373459,-0.10373459,-0.10373459,-0.10373459,-0.10373459,0.10373459,0.090819985,0.10373459
-0.75153846,-0.57087386,0.13561991,0.8643801,0.102013476,-0.13561991,0.13561991,0.13561991,-0.0096394885,0.13561991,0.13561991,0.13561991,0.13561991,-0.13561991,-0.13561991,0.8643801,0.102013476,0.13561991
-0.75153846,1.6794615,0.17443013,0.17443013,-0.10633984,0.8255699,0.17443013,0.17443013,0.8255699,-0.17443013,0.17443013,0.17443013,0.17443013,-0.17443013,-0.17443013,0.13120657,0.08679822,0.17443013
-0.20829478,-0.7110002,0.0,0.0,0.0,0.0,1.0,0.0,1.0,0.0,0.0,0.0,0.0,0.0,0.0,0.0,0.0,0.0
-0.75153846,2.7980158,1.0,0.0,0.0,0.0,0.0,0.0,1.0,0.0,0.0,0.0,0.0,0.0,0.0,0.0,0.0,0.0
1.5508131,0.19507048,0.0,0.0,0.0,1.0,0.0,0.0,1.0,0.0,0.0,0.0,0.0,0.0,0.0,0.0,0.0,0.0
-0.026732968,-0.51278025,0.0730522,0.05419463,0.008063056,0.9269478,0.0730522,0.0730522,0.054905325,0.020771962,0.9269478,0.020771962,0.0730522,0.05419463,-0.0730522,-0.054949954,0.0730522,0.054905325
-0.63014096,-0.64095616,0.048322648,-0.048322648,0.04237625,0.9516773,0.048322648,0.048322648,-0.048322648,0.048069604,0.048322648,0.048322648,0.048322648,0.048322648,0.9516773,-0.048322648,-0.017459583,0.048322648
0.9737181,1.6083868,0.0,0.0,0.0,1.0,0.0,0.0,1.0,0.0,0.0,0.0,0.0,0.0,0.0,0.0,0.0,0.0
-0.08496837,-0.5943311,0.067565516,0.067565516,0.025058765,0.93243444,0.067565516,0.05082287,0.067565516,-0.067565516,-0.067565516,0.0072852448,0.0090323165,-0.067565516,0.93243444,0.067565516,-0.04088234,-0.067565516
-0.75153846,0.21362323,0.13118088,0.13118088,0.03877247,0.8688191,0.13118088,0.09867443,-0.13118088,-0.13118088,0.13118088,0.13118088,0.09867443,0.8688191,0.13118088,0.13118088,0.082976036,0.10257331
-0.75153846,-0.5697205,0.13681701,0.86318296,0.119831264,-0.13681701,0.13681701,0.114408,-0.1021969,0.10277654,0.13681701,0.13681701,0.08613545,-0.13681701,-0.13681701,0.86318296,-0.033970937,0.13681701
-0.7348446,-0.71226984,0.0,0.0,0.0,0.0,1.0,0.0,1.0,0.0,0.0,0.0,0.0,0.0,0.0,0.0,0.0,0.0
0.65352196,-0.66073,0.0,0.0,0.0,1.0,0.0,0.0,0.0,0.0,0.0,0.0,0.0,0.0,1.0,0.0,0.0,0.0
-0.73762697,1.41738,1.0,0.0,0.0,0.0,0.0,0.0,1.0,0.0,0.0,0.0,0.0,0.0,0.0,0.0,0.0,0.0
0.03762886,-0.5443418,0.03493272,0.03487625,0.03493272,1.0261158,0.03493272,0.02621996,0.03493272,0.03493272,0.96506727,0.03493272,0.03493272,0.03493272,0.03493272,-0.03493272,0.02203675,0.03493272
-0.6174159,-0.6523911,0.052987024,-0.052987024,0.052987024,0.947013,0.052987024,0.052987024,-0.052981548,0.052987024,0.052987024,0.052987024,0.052987024,0.052987024,0.947013,-0.052987024,-0.021615557,0.052987024
0.047010943,-0.5498272,0.029012166,0.021822989,0.0027308792,1.0153127,0.029012166,0.029012166,0.029012166,0.029012166,0.97098786,0.028950024,0.029012166,0.029012166,0.028950024,-0.029012166,0.029012166,0.029012166
-0.6357899,-0.6623654,0.04979811,-0.04979811,0.04979811,0.95020187,0.04979811,0.04979811,-0.03118391,0.04979811,0.04979811,0.04979811,0.04979811,0.04979811,0.95020187,-0.04979811,-0.04979811,0.04979811
-0.75153846,4.343945,0.10288296,-0.10288296,0.08992028,0.8971171,0.10288296,0.10288296,0.8971171,-0.10288296,0.10288296,0.10288296,0.10288296,0.10288296,-0.049292177,-0.07445876,-0.07967202,0.10288296
1.3769194,-0.6734012,0.0,1.0,0.0,0.0,0.0,0.0,0.0,1.0,0.0,0.0,0.0,0.0,0.0,0.0,0.0,0.0
1.3769194,-0.66743594,0.0,0.0,0.0,0.0,1.0,0.0,0.0,0.0,0.0,1.0,0.0,0.0,0.0,0.0,0.0,0.0
0.65352196,-0.66050315,0.0,0.0,0.0,1.0,0.0,0.0,0.0,0.0,0.0,0.0,0.0,0.0,1.0,0.0,0.0,0.0
-0.67290664,0.10802921,0.11172371,0.11172371,0.083648846,0.8882763,0.11172371,0.11133383,0.8882763,-0.11172371,0.11172371,0.11172371,-0.055991367,-0.11172371,-0.11172371,0.11172371,0.036590017,0.055991367
-0.31422544,-0.72850233,0.15467788,0.1542158,-0.00087818876,0.8453221,0.15467788,0.11634891,0.15467788,0.15467788,0.024821784,0.15467788,0.15467788,0.04112001,0.8836511,-0.15467788,0.035220083,0.15467788
-0.5706891,-0.09476041,0.0,0.0,0.0,1.0,0.0,0.0,0.0,0.0,1.0,0.0,0.0,0.0,0.0,0.0,0.0,0.0
-0.64692426,0.8136712,0.06093246,0.052976735,0.06093246,0.9390675,0.06093246,0.015440549,-0.06093246,-0.052976735,0.06093246,0.06093246,0.06093246,-0.06093246,0.9390675,0.06093246,-0.06093246,0.06093246
-0.028407125,-0.55795753,0.07137804,0.049776763,-0.06247715,0.92862195,0.07137804,0.053690657,0.07137804,0.03339257,0.92862195,0.03339257,0.053690657,0.03339257,-0.053690657,-0.053690657,0.07137804,0.053690657
1.9428852,0.09481891,0.0,0.0,0.0,0.0,1.0,0.0,1.0,0.0,0.0,0.0,0.0,0.0,0.0,0.0,0.0,0.0
-0.75153846,-0.570008,0.1364339,0.8635661,0.118676685,-0.1364339,0.1364339,0.118676685,-0.1364339,0.1364339,0.1364339,0.1364339,0.08427035,-0.1364339,-0.1364339,0.8635661,0.101237774,0.1364339
-0.6308275,-0.3737508,0.06663038,0.06663038,0.056604,0.9333696,0.06663038,0.06663038,0.9333696,-0.06663038,0.06663038,0.06663038,0.06663038,-0.06663038,-0.037113775,0.050119456,-0.0582393,0.050119456
-0.0077374773,1.3253348,0.0,0.0,0.0,1.0,0.0,0.0,0.0,0.0,0.0,0.0,0.0,0.0,1.0,0.0,0.0,0.0
-0.75153846,0.8999709,0.1486693,0.1486693,0.11117263,0.8513307,0.1486693,0.1486693,0.8513307,-0.1486693,0.1486693,0.1486693,0.1486693,-0.1486693,0.1486693,-0.14801268,0.12962782,0.12551287
-0.6158207,-0.65145403,0.053942233,-0.053942233,0.04606109,0.94605774,0.053942233,0.053835213,0.0056786714,0.053942233,0.053942233,0.053942233,0.053942233,0.053942233,0.94605774,-0.053942233,-0.020450562,0.053942233
-0.6361048,-0.6621074,0.050113115,-0.050113115,0.03769515,0.9498869,0.050113115,0.03710521,-0.03745635,0.050113115,0.050113115,0.050113115,0.050113115,0.050113115,0.9498869,-0.050113115,-0.017193204,0.050113115
0.6794901,0.9537336,0.0,0.0,0.0,1.0,0.0,0.0,1.0,0.0,0.0,0.0,0.0,0.0,0.0,0.0,0.0,0.0
-0.62216157,-0.12479137,0.0,0.0,0.0,1.0,0.0,0.0,0.0,0.0,1.0,0.0,0.0,0.0,0.0,0.0,0.0,0.0
-0.108781636,-0.58416384,0.06280372,0.06280372,0.039366044,0.9371963,0.04724104,0.04724104,0.06280372,-0.06280372,-0.06280372,0.06280372,0.04724104,-0.06280372,0.9371963,0.06280372,-0.04724104,0.0049301926
-0.54626256,-0.17764404,0.058578677,0.058268648,0.044062957,0.94142133,0.058578677,0.044062957,-0.029427014,0.050103534,0.058578677,0.058578677,0.058578677,-0.028602231,0.94142133,-0.044062957,-0.058578677,0.058578677
1.3490964,-0.66521245,0.0,1.0,0.0,0.0,0.0,0.0,0.0,1.0,0.0,0.0,0.0,0.0,0.0,0.0,0.0,0.0
-0.7448146,-0.3058005,0.0,0.0,0.0,1.0,0.0,0.0,0.0,0.0,0.0,0.0,0.0,0.0,1.0,0.0,0.0,0.0
-0.02168098,-0.49904117,0.064656414,0.0568927,-0.04863464,0.9429984,0.064656414,0.064656414,0.064656414,0.053659506,1.0421673,0.035919733,0.064656414,0.053659506,-0.064656414,-0.05700161,0.064656414,0.064656414
-0.66554374,1.3182395,0.079551965,0.079551965,0.079551965,0.920448,0.079551965,0.079551965,-0.079551965,-0.079551965,0.079551965,0.079551965,0.049849194,-0.039951425,0.920448,0.079551965,-0.079551965,0.079551965
-0.5338902,-0.5886224,0.06591426,-0.06591426,0.06591426,0.9340857,0.06591426,0.06591426,-0.048006475,0.057226583,0.06591426,0.06591426,0.06591426,0.057226583,0.9340857,-0.06591426,0.014598992,0.06591426
-0.73762697,2.2389607,1.0,0.0,0.0,0.0,0.0,0.0,1.0,0.0,0.0,0.0,0.0,0.0,0.0,0.0,0.0,0.0
-0.73762697,2.2619135,1.0,0.0,0.0,0.0,0.0,0.0,1.0,0.0,0.0,0.0,0.0,0.0,0.0,0.0,0.0,0.0
1.3490964,-0.66508114,0.0,1.0,0.0,0.0,0.0,0.0,0.0,1.0,0.0,0.0,0.0,0.0,0.0,0.0,0.0,0.0
-0.26760802,-0.25519615,0.1621113,0.1621113,-0.015026823,0.83788866,0.1621113,0.1408782,0.1621113,0.1621113,-0.10690845,0.1621113,0.1621113,-0.12112791,0.8591218,-0.1621113,0.05135546,0.1621113
1.8339119,0.32075486,0.0,0.0,0.0,1.0,0.0,0.0,1.0,0.0,0.0,0.0,0.0,0.0,0.0,0.0,0.0,0.0
-0.68021756,-0.1960738,0.0063516,-0.0004398587,0.0063516,0.9936484,0.0063516,0.0055354396,-0.0055354396,-0.0046961154,0.0063516,0.0063516,0.0063516,-0.0063516,0.9936484,-0.0063516,-0.0063072415,0.0063516
-0.54384536,2.720398,0.093618914,0.070420265,0.0011769123,0.90638113,0.093618914,0.03345378,-0.093618914,-0.093618914,0.093618914,0.093618914,0.093618914,-0.093618914,0.90638113,-0.054341026,-0.093618914,-0.093618914
-0.58251387,-0.2989017,0.0,0.0,0.0,1.0,0.0,0.0,0.0,0.0,1.0,0.0,0.0,0.0,0.0,0.0,0.0,0.0
-0.669941,1.4322927,0.083949305,0.083949305,0.083949305,0.91605073,0.083949305,0.083949305,-0.083949305,-0.083949305,0.083949305,0.083949305,0.083949305,-0.07354815,0.91605073,0.083949305,-0.03140983,0.083949305
-0.6169688,-0.09491068,0.030977033,0.030853674,0.030977033,0.9690229,0.030977033,0.030977033,-0.030977033,-0.02247417,0.030977033,0.030977033,0.030977033,-0.030977033,0.9690229,-0.027074102,-0.030977033,0.030977033
-0.6168473,-0.099143885,0.030855551,0.030855551,0.030855551,0.96914446,0.030855551,0.030855551,-0.030855551,-0.023209587,0.030855551,0.030855551,0.030855551,-0.023209587,0.96914446,-0.0226721,-0.023209587,0.030855551
-0.7237155,0.8739477,1.0,0.0,0.0,0.0,0.0,0.0,1.0,0.0,0.0,0.0,0.0,0.0,0.0,0.0,0.0,0.0
-0.5373015,0.28215915,0.0,0.0,0.0,0.0,1.0,0.0,0.0,0.0,0.0,1.0,0.0,0.0,0.0,0.0,0.0,0.0
-0.7237155,0.8711916,1.0,0.0,0.0,0.0,0.0,0.0,1.0,0.0,0.0,0.0,0.0,0.0,0.0,0.0,0.0,0.0
-0.017753584,-0.5103509,0.064874075,0.052060805,-0.056592047,0.94342524,0.064874075,0.064874075,0.056252226,0.050533026,1.0278751,0.05187255,0.056592047,0.05187255,-0.064874075,-0.056592047,0.064874075,0.064874075
2.6996703,0.6077429,0.0,0.0,0.0,1.0,0.0,0.0,1.0,0.0,0.0,0.0,0.0,0.0,0.0,0.0,0.0,0.0
-0.53384614,-0.58945966,0.065174654,-0.065174654,0.0027209753,0.9348253,0.065174654,0.065174654,0.05693577,0.065174654,0.065174654,0.065174654,0.065174654,0.065174654,0.9348253,-0.065174654,-0.065174654,0.065174654
0.63961047,-0.6572271,0.0,0.0,0.0,1.0,0.0,0.0,0.0,0.0,0.0,0.0,0.0,0.0,1.0,0.0,0.0,0.0
-0.75153846,-0.5688448,0.13770261,0.8622974,0.13770261,-0.13770261,0.13770261,0.13770261,0.08680931,0.10193087,0.13770261,0.13770261,0.13770261,-0.13770261,-0.13770261,0.8622974,-0.050114296,0.13770261
0.63961047,-0.62987185,0.0,0.0,0.0,1.0,0.0,0.0,0.0,0.0,0.0,0.0,0.0,0.0,1.0,0.0,0.0,0.0
0.072222784,-0.6228479,0.09595847,-0.09595847,-0.09595847,0.9040415,0.09595847,0.09595847,0.09595847,-0.09595847,0.09595847,-0.09595847,-0.08374804,-0.09595847,0.9040415,0.059739005,0.07218009,0.04167834
-0.57092094,-0.38310513,0.0,0.0,0.0,1.0,0.0,0.0,0.0,0.0,1.0,0.0,0.0,0.0,0.0,0.0,0.0,0.0
-0.5373015,0.27889338,0.0,0.0,0.0,0.0,1.0,0.0,0.0,0.0,0.0,1.0,0.0,0.0,0.0,0.0,0.0,0.0
-0.7469539,0.7195883,0.14705071,0.14705071,0.11061174,0.8529493,0.14705071,0.14705071,0.8529493,-0.14705071,0.14705071,0.14705071,0.035015993,-0.14705071,0.14705071,-0.13088527,0.128339,0.128339
-0.61538184,-0.32573912,0.029390113,0.012073383,0.029390113,0.9706099,0.029390113,0.029390113,-0.018590176,0.022107283,0.029390113,0.029390113,0.029390113,0.026716705,0.9706099,-0.029390113,-0.022107283,0.029390113
-0.75153846,-0.57021207,0.13623422,0.8637658,0.13623422,-0.13623422,0.13623422,0.084913604,-0.10107295,0.13623422,0.13623422,0.13623422,0.08097595,-0.13623422,-0.13623422,0.8637658,0.118672274,0.13623422
-0.75153846,-0.57021874,0.13621254,0.8637875,0.13621254,-0.13621254,0.13621254,0.13621254,0.12311034,0.13621254,0.13621254,0.13621254,0.08529722,-0.13621254,-0.13621254,0.8637875,0.12987775,0.13621254
-0.75153846,1.6752214,0.17427525,0.17427525,-0.1413462,0.8257247,0.17427525,0.13109007,0.8257247,-0.17427525,0.17427525,0.17427525,0.15217195,-0.17427525,-0.17427525,0.17427525,0.15217195,0.17427525
-0.21867919,0.65486187,0.21683657,0.21683657,-0.13560341,0.7831634,0.21683657,0.21683657,0.07059178,-0.21683657,0.21683657,-0.21683657,0.16049664,0.21683657,0.7831634,0.16310474,0.06847679,0.21683657
0.39476827,1.9447224,0.0,0.0,0.0,1.0,0.0,0.0,1.0,0.0,0.0,0.0,0.0,0.0,0.0,0.0,0.0,0.0
0.65352196,-0.6664076,0.0,0.0,0.0,1.0,0.0,0.0,0.0,0.0,0.0,0.0,0.0,0.0,1.0,0.0,0.0,0.0
0.65352196,-0.66208977,0.0,0.0,0.0,1.0,0.0,0.0,0.0,0.0,0.0,0.0,0.0,0.0,1.0,0.0,0.0,0.0
-0.75153846,-0.68869966,0.023551222,-0.023551222,0.0040538763,0.9764488,0.023551222,0.023551222,-0.023551222,0.023551222,0.023551222,0.023551222,0.017701443,0.023551222,0.9764488,-0.023551222,0.01333669,0.023551222
-0.609008,0.19929375,0.037855208,0.037855208,0.037617274,0.9621448,0.037855208,0.023543285,-0.032959573,-0.032923758,0.037855208,0.037855208,0.037855208,-0.037855208,0.9621448,-0.014024219,-0.037855208,0.028474735
-0.6844754,-0.15211743,0.07877578,0.07877578,0.057912316,0.92122424,0.07877578,0.078438714,0.92122424,-0.07877578,0.07877578,0.07877578,0.05402543,-0.07877578,-0.059255242,0.059255242,0.03918845,0.059255242
0.65352196,-0.6659581,0.0,0.0,0.0,1.0,0.0,0.0,0.0,0.0,0.0,0.0,0.0,0.0,1.0,0.0,0.0,0.0
0.65352196,-0.66588366,0.0,0.0,0.0,1.0,0.0,0.0,0.0,0.0,0.0,0.0,0.0,0.0,1.0,0.0,0.0,0.0
-0.75153846,-0.5700574,0.13649586,0.8635042,0.119241074,-0.13649586,0.13649586,0.13649586,-0.009902963,0.13627252,0.13649586,0.13649586,0.1142835,-0.13649586,-0.13649586,0.8635042,0.09691189,0.13649586
-0.6170051,-0.096349396,0.031013383,0.027092898,0.023328306,0.96898663,0.031013383,0.031013383,-0.027092898,-0.019291904,0.031013383,0.031013383,0.031013383,-0.030697439,0.96898663,-0.031013383,-0.031013383,0.031013383
-0.0014150199,0.4528962,0.10045686,-0.062876284,-0.10045686,0.89954317,0.10045686,0.10045686,0.89954317,-0.10045686,0.10045686,-0.10045686,-0.10045686,-0.10045686,-0.10045686,0.10045686,0.10045686,0.10045686
1.3908309,-0.6680871,0.0,0.0,0.0,0.0,1.0,0.0,0.0,0.0,0.0,1.0,0.0,0.0,0.0,0.0,0.0,0.0
0.037969153,-0.5439979,0.03527301,0.026532397,0.017162275,1.0265324,0.03527301,0.03527301,0.03527301,0.03527301,0.964727,0.03527301,0.030653005,0.03527301,0.03527301,-0.03527301,0.013202714,0.03527301
-0.75153846,0.9510711,0.15047628,0.15047628,0.15047628,0.8495237,0.15047628,0.15047628,0.8495237,-0.15047628,0.15047628,0.15047628,0.15047628,-0.15047628,0.15047628,-0.12105377,0.11309016,0.15047628
0.037507206,-0.54284775,0.034811065,0.034811065,0.030410517,1.0348111,0.034811065,0.034811065,0.034811065,0.034811065,0.965189,0.034811065,0.034811065,0.034811065,0.02618492,-0.034811065,0.02618492,0.034811065
0.037912935,-0.545452,0.035216793,0.035216793,0.034980558,0.98282933,0.035216793,0.035216793,0.035216793,0.035216793,0.9647832,0.035216793,0.035216793,0.035216793,0.035216793,-0.035216793,0.035216793,0.035216793
-0.54709184,2.7650695,0.090372376,0.090372376,0.067978226,0.9096276,0.090372376,0.09026019,-0.090372376,-0.090372376,0.090372376,0.090372376,0.090372376,0.03283795,0.9096276,0.054455534,-0.067978226,-0.090372376
-0.75153846,0.67077684,0.1529069,0.1529069,-0.010025209,0.8470931,0.1529069,0.1529069,-0.1529069,-0.1529069,0.1529069,0.1529069,0.1529069,0.8470931,0.1529069,0.1529069,0.056184113,0.1529069
3.5682108,0.07586207,0.0,0.0,0.0,1.0,0.0,0.0,1.0,0.0,0.0,0.0,0.0,0.0,0.0,0.0,0.0,0.0
-0.6172392,-0.65260553,0.053273983,-0.053273983,0.04007276,0.946726,0.053273983,0.05315123,-0.04007276,0.053273983,0.053273983,0.053273983,0.053273983,0.053273983,0.946726,-0.053273983,0.012962992,0.053273983
1.3630079,-0.66334033,0.0,1.0,0.0,0.0,0.0,0.0,0.0,1.0,0.0,0.0,0.0,0.0,0.0,0.0,0.0,0.0
-0.20903316,0.12108797,0.15785259,0.15700147,-0.11587544,0.8421474,0.15785259,0.15785259,1.0777447,-0.15785259,0.15785259,-0.15785259,-0.15463115,-0.15785259,-0.15785259,0.13789809,0.15700147,0.15785259
-0.67575294,1.670506,0.089761205,0.06689605,0.067518495,0.9102388,0.089761205,0.089761205,-0.089761205,-0.089761205,0.089761205,0.089761205,0.089761205,-0.089761205,0.9102388,0.089761205,-0.08930205,0.067518495
0.21705192,-0.27510235,0.055532955,-0.055532955,0.027991764,0.95822805,-0.025472257,0.048341796,0.055532955,-0.055532955,0.055532955,-0.055532955,-0.045593224,-0.055532955,0.944467,-0.041771956,-0.039247893,0.023738809
-0.60730356,-0.0042755697,0.035455167,0.035455167,0.02666942,0.96454483,0.035455167,0.035365753,-0.035455167,-0.03478872,0.035455167,0.035455167,0.035365753,-0.035455167,0.96454483,-0.012589436,-0.02666942,0.035455167
0.067616425,2.6873593,0.0,0.0,0.0,1.0,0.0,0.0,1.0,0.0,0.0,0.0,0.0,0.0,0.0,0.0,0.0,0.0
-0.75153846,-0.68858427,0.023673933,-0.023673933,0.014560786,0.97632605,0.023673933,0.01769434,-0.020128481,0.023673933,0.023673933,0.023673933,0.023673933,0.023673933,0.97632605,-0.023673933,0.012047406,0.023673933
1.4047424,-0.67909086,0.0,0.0,0.0,0.0,1.0,0.0,0.0,0.0,0.0,1.0,0.0,0.0,0.0,0.0,0.0,0.0
-0.018501904,-0.5225058,0.06598063,0.0647758,-0.0391604,0.9503693,0.06598063,0.0492398,0.049517706,0.04280301,1.0651596,0.04280301,0.06586762,0.048719563,-0.049517706,-0.06598063,0.040476814,0.049517706
-0.31939808,0.59841007,0.20932466,0.20932466,-0.18286344,0.79067534,0.20932466,0.20932466,0.79067534,-0.20932466,0.20932466,-0.20932466,0.20932466,-0.20932466,-0.20932466,0.20932466,0.20932466,0.20932466
-0.53514534,-0.585721,0.068776034,-0.0418462,0.068776034,0.931224,0.068776034,0.068776034,0.068776034,0.011786764,0.068776034,0.068776034,0.068776034,0.06678651,0.931224,-0.068776034,-0.0398226,0.068776034
0.08639693,0.7464472,0.0,0.0,0.0,1.0,0.0,0.0,0.0,0.0,0.0,0.0,0.0,0.0,1.0,0.0,0.0,0.0
-0.0046551367,0.53628296,0.106491074,-0.106480084,-0.106480084,0.8935089,0.106491074,0.106491074,0.8935089,-0.106491074,0.106491074,-0.106491074,-0.106491074,-0.106491074,-0.09320759,0.049008846,0.051764198,0.106491074
-0.6357735,-0.6624466,0.049781717,-0.049781717,0.037445873,0.95021826,0.049781717,0.049781717,-0.03740945,0.049781717,0.049781717,0.049781717,0.049781717,0.049781717,0.95021826,-0.049781717,-0.028545287,0.049781717
-0.5059156,2.7530725,0.08007616,0.08007616,-0.039737143,0.91992384,0.08007616,-0.020109337,-0.08007616,-0.08007616,0.08007616,0.08007616,0.08007616,-0.079934664,0.91992384,0.04168754,-0.08007616,-0.08007616
1.3908309,-0.6767629,0.0,0.0,0.0,0.0,1.0,0.0,0.0,0.0,0.0,1.0,0.0,0.0,0.0,0.0,0.0,0.0
1.3490964,-0.65815586,0.0,1.0,0.0,0.0,0.0,0.0,0.0,1.0,0.0,0.0,0.0,0.0,0.0,0.0,0.0,0.0
-0.4802644,-0.6462676,0.0,0.0,0.0,1.0,0.0,0.0,0.0,0.0,1.0,0.0,0.0,0.0,0.0,0.0,0.0,0.0
-0.5339941,-0.58973706,0.06485893,-0.06485893,0.06485893,0.9351411,0.06485893,0.048786968,-0.06243948,0.06485893,0.06485893,0.06485893,0.06485893,0.06485893,0.9351411,-0.06485893,-0.02711549,0.06485893
-0.026083115,-0.52833253,0.07370205,0.05306196,-0.0033348836,0.9445612,0.07370205,0.063692875,0.05514762,0.050524455,0.97831315,0.007919441,0.055438776,0.050524455,-0.07370205,-0.07370205,0.055438776,0.055368256
-0.6155257,-0.29693827,0.029533971,0.029533971,0.029533971,0.970466,0.029533971,0.029533971,-0.02886229,0.029533971,0.029533971,0.029533971,0.029533971,0.00657053,0.970466,-0.029533971,-0.029533971,0.029533971
-0.0013867114,-0.5042388,0.11972941,-0.090060614,-0.105198234,0.8802706,0.11972941,0.11972941,0.11972941,-0.11972941,0.11972941,-0.11972941,-0.11972941,-0.11972941,0.8802706,0.088836595,0.040234223,-0.11972941
1.3630079,-0.6730128,0.0,1.0,0.0,0.0,0.0,0.0,0.0,1.0,0.0,0.0,0.0,0.0,0.0,0.0,0.0,0.0
1.4047424,-0.6780568,0.0,0.0,0.0,0.0,1.0,0.0,0.0,0.0,0.0,1.0,0.0,0.0,0.0,0.0,0.0,0.0
-0.6172038,-0.08513119,0.03121204,0.023477737,0.023272512,0.96878797,0.03121204,0.027030552,-0.03121204,-0.012743918,0.03121204,0.03121204,0.03121204,-0.027030552,0.96878797,-0.03121204,-0.03121204,0.03121204
0.03789059,-0.54615265,0.035194453,0.035194453,0.03516426,1.0350634,0.035194453,0.035194453,0.035194453,0.035194453,0.96480554,0.035194453,0.035194453,0.035194453,0.035194453,-0.035194453,0.0037662531,0.035194453
-0.58599174,-0.7044241,0.0,0.0,0.0,1.0,0.0,0.0,0.0,0.0,1.0,0.0,0.0,0.0,0.0,0.0,0.0,0.0
-0.71212953,-0.039682847,0.0839396,0.0839396,0.0839396,0.9160604,0.0839396,0.06313947,0.9160604,-0.0839396,0.0839396,0.0839396,0.0075892536,-0.0839396,-0.053018875,0.06282611,0.07609775,0.08167746
0.65352196,-0.66001046,0.0,0.0,0.0,1.0,0.0,0.0,0.0,0.0,0.0,0.0,0.0,0.0,1.0,0.0,0.0,0.0
-0.75153846,0.7235773,0.14277834,0.14277834,0.121778145,0.85722166,0.14277834,0.14192188,0.85722166,-0.124195404,0.14277834,0.14277834,0.10603259,-0.14277834,0.088815115,0.041433044,0.14277834,0.14277834
-0.73762697,2.2251725,1.0,0.0,0.0,0.0,0.0,0.0,1.0,0.0,0.0,0.0,0.0,0.0,0.0,0.0,0.0,0.0
0.65352196,-0.66357195,0.0,0.0,0.0,1.0,0.0,0.0,0.0,0.0,0.0,0.0,0.0,0.0,1.0,0.0,0.0,0.0
0.65352196,-0.6633477,0.0,0.0,0.0,1.0,0.0,0.0,0.0,0.0,0.0,0.0,0.0,0.0,1.0,0.0,0.0,0.0
-0.75153846,-0.569128,0.13740492,0.8625951,0.13683549,-0.13740492,0.13740492,0.11976139,0.08138871,0.10249853,0.13740492,0.13740492,0.11532235,-0.13740492,-0.13740492,0.8625951,0.09832616,0.13740492
-0.27428082,-0.7333317,0.14570047,0.10959609,-0.102670595,0.8542995,0.14570047,0.10959609,0.14570047,0.14570047,-0.022454936,0.14570047,0.14570047,-0.003335612,0.8542995,-0.14570047,-0.08336501,0.14570047
0.65352196,-0.66505194,0.0,0.0,0.0,1.0,0.0,0.0,0.0,0.0,0.0,0.0,0.0,0.0,1.0,0.0,0.0,0.0
1.3908309,-0.67829126,0.0,0.0,0.0,0.0,1.0,0.0,0.0,0.0,0.0,1.0,0.0,0.0,0.0,0.0,0.0,0.0
-0.65751576,-0.2637951,0.07291521,0.07291521,0.054846913,0.9270848,0.07291521,0.07291521,0.9270848,-0.07291521,0.07291521,0.07291521,0.07115058,-0.07291521,-0.07291521,0.07291521,-0.017667102,0.07291521
-0.61118335,-0.6512187,0.05533324,-0.05533324,0.033940334,0.9516616,0.05533324,0.05533324,-0.012888197,0.05533324,0.05533324,0.05533324,0.048072424,0.05533324,0.9446668,-0.05533324,-0.034024466,0.05533324
-0.75153846,-0.6885656,0.023672272,-0.023672272,-0.0026293818,0.9763277,0.023672272,0.020689687,-0.01463983,0.023672272,0.023672272,0.023672272,0.023672272,0.023672272,0.9763277,-0.023672272,0.007043612,0.023672272
0.29669228,2.640476,0.0,0.0,0.0,1.0,0.0,0.0,1.0,0.0,0.0,0.0,0.0,0.0,0.0,0.0,0.0,0.0
0.07341288,2.6892326,0.0,0.0,0.0,1.0,0.0,0.0,1.0,0.0,0.0,0.0,0.0,0.0,0.0,0.0,0.0,0.0
0.65352196,-0.6655365,0.0,0.0,0.0,1.0,0.0,0.0,0.0,0.0,0.0,0.0,0.0,0.0,1.0,0.0,0.0,0.0
-0.6713155,-0.712296,0.0,0.0,0.0,0.0,1.0,0.0,0.0,0.0,0.0,1.0,0.0,0.0,0.0,0.0,0.0,0.0
-0.65183425,-0.15877207,0.087173514,0.087173514,0.087173514,0.91282654,0.087173514,0.087173514,0.91282654,-0.087173514,0.087173514,0.087173514,-0.031833112,-0.087173514,-0.087173514,0.05458864,0.04232653,0.086706646
1.2612222,1.0916271,0.0,0.0,0.0,1.0,0.0,0.0,1.0,0.0,0.0,0.0,0.0,0.0,0.0,0.0,0.0,0.0
-0.5692979,-0.7047077,0.0,0.0,0.0,1.0,0.0,0.0,0.0,0.0,1.0,0.0,0.0,0.0,0.0,0.0,0.0,0.0
-0.7237155,0.9767499,1.0,0.0,0.0,0.0,0.0,0.0,1.0,0.0,0.0,0.0,0.0,0.0,0.0,0.0,0.0,0.0
-0.5739351,-0.70570624,0.0,0.0,0.0,1.0,0.0,0.0,0.0,0.0,1.0,0.0,0.0,0.0,0.0,0.0,0.0,0.0
-0.7223899,-0.56591433,0.094199955,0.094199955,0.08248916,0.90580004,0.094199955,0.08162942,-0.094199955,-0.094199955,0.094199955,0.07085733,0.094199955,0.90580004,0.05828225,0.08248916,-0.056781985,0.070696354
-0.75153846,0.8327838,0.15139267,0.07544034,0.11387775,0.8486073,0.15139267,0.15139267,0.8486073,-0.15139267,0.15099964,0.15139267,0.15099964,-0.15139267,0.15139267,-0.07271738,0.13289061,0.11387775
-0.0005738707,0.53275007,0.10848562,-0.10848562,-0.023269579,0.89151436,0.10848562,0.10848562,0.9098703,-0.10848562,0.08160303,-0.10848562,-0.10848562,-0.10848562,-0.017494384,0.10848562,0.06757315,0.108258106
0.65352196,-0.66167986,0.0,0.0,0.0,1.0,0.0,0.0,0.0,0.0,0.0,0.0,0.0,0.0,1.0,0.0,0.0,0.0
0.65352196,-0.6600313,0.0,0.0,0.0,1.0,0.0,0.0,0.0,0.0,0.0,0.0,0.0,0.0,1.0,0.0,0.0,0.0
-0.64998454,2.673557,0.0,0.0,0.0,1.0,0.0,0.0,0.0,0.0,1.0,0.0,0.0,0.0,0.0,0.0,0.0,0.0
1.3630079,-0.6718563,0.0,1.0,0.0,0.0,0.0,0.0,0.0,1.0,0.0,0.0,0.0,0.0,0.0,0.0,0.0,0.0
1.9438126,0.09537766,0.0,0.0,0.0,0.0,1.0,0.0,1.0,0.0,0.0,0.0,0.0,0.0,0.0,0.0,0.0,0.0
1.3908309,-0.67322373,0.0,0.0,0.0,0.0,1.0,0.0,0.0,0.0,0.0,1.0,0.0,0.0,0.0,0.0,0.0,0.0
-0.6467087,-0.657513,0.046573676,-0.046573676,0.046573676,0.95342636,0.046573676,0.046573676,-0.046573676,0.046573676,0.046573676,0.046573676,0.040666733,0.046573676,0.95342636,-0.046573676,-0.040666733,0.046573676
0.65352196,-0.6645816,0.0,0.0,0.0,1.0,0.0,0.0,0.0,0.0,0.0,0.0,0.0,0.0,1.0,0.0,0.0,0.0
-0.029134668,-0.5687769,0.07250536,0.06596894,-0.05453863,0.93403107,0.07250536,0.07250536,0.07250536,0.05943259,0.95073277,0.05943259,0.06723398,0.019814365,-0.07250536,-0.06596894,0.07250536,0.07250536
-0.60470796,0.21991493,0.04097465,0.030821186,0.03555721,0.9590254,0.04097465,0.030821186,-0.019561205,-0.019154768,0.04097465,0.04097465,0.04097465,-0.04097465,0.9590254,-0.021273721,-0.025403745,0.04097465
-0.06448755,0.42559627,0.13175061,-0.06250329,-0.082338125,0.8682494,0.13175061,0.13175061,0.9028527,-0.13175061,0.13175061,-0.13175061,-0.098354176,-0.13175061,-0.13175061,0.13175061,0.1158842,0.082338125
2.531341,-0.6870451,0.0,0.0,0.0,0.0,1.0,0.0,1.0,0.0,0.0,0.0,0.0,0.0,0.0,0.0,0.0,0.0
-0.66663927,1.3426301,0.08064749,0.08064749,0.08064749,0.9193525,0.08064749,0.08064749,-0.08064749,-0.08064749,0.08064749,0.08064749,0.08064749,-0.02506733,0.9193525,0.06066314,-0.029755704,0.08064749
-0.75153846,-0.57104707,0.13542591,0.8645741,0.13542591,-0.13542591,0.13542591,0.10186754,-0.13542591,0.13542591,0.13542591,0.13542591,0.13504353,-0.11836299,-0.13542591,0.8645741,0.1342216,0.13542591
-0.53379345,-0.5895222,0.06512197,-0.06512197,0.040827677,0.93487805,0.06512197,0.06512197,0.06512197,0.048984833,0.06512197,0.06512197,0.06512197,0.06512197,0.93487805,-0.06512197,-0.04881909,0.06512197
-0.75153846,-0.57104355,0.13550611,0.8644939,0.13550611,-0.13550611,0.13550611,0.10192786,-0.094426736,0.13550611,0.13550611,0.13550611,0.13550611,-0.13550611,-0.13550611,0.8644939,0.08312696,0.13550611
-0.026429519,-0.5102076,0.073355645,0.052481566,-0.073355645,0.9364334,0.073355645,0.073355645,0.073355645,0.05201481,0.9364334,0.017943082,0.063539386,0.063539386,-0.06356664,-0.063539386,0.073355645,0.06356664
0.13949245,-0.7110385,0.0,0.0,0.0,0.0,1.0,0.0,1.0,0.0,0.0,0.0,0.0,0.0,0.0,0.0,0.0,0.0
0.6101645,-0.68270624,0.0,0.0,0.0,0.0,1.0,0.0,1.0,0.0,0.0,0.0,0.0,0.0,0.0,0.0,0.0,0.0
-0.75153846,-0.56952894,0.13695946,0.8630405,0.10302108,-0.13695946,0.13695946,0.13695946,-0.03112834,0.13695946,0.13695946,0.13695946,0.034490854,-0.13695946,-0.13695946,0.8630405,0.058113337,0.13695946
0.65352196,-0.66334224,0.0,0.0,0.0,1.0,0.0,0.0,0.0,0.0,0.0,0.0,0.0,0.0,1.0,0.0,0.0,0.0
-0.75153846,0.34998304,0.13838705,0.13838705,0.09774991,0.861613,0.13838705,0.13838705,-0.13838705,-0.13838705,0.13838705,0.13838705,0.12106689,0.861613,0.13838705,0.08602979,-0.08677476,0.13838705
-0.75153846,5.4935584,0.13171268,-0.11489779,0.13171268,0.8682874,0.13171268,0.13171268,0.8682874,-0.11488374,0.13171268,0.13171268,-0.045806557,0.13171268,0.13171268,-0.13171268,0.08138701,0.13171268
-0.7107335,0.850632,0.03802682,0.03802682,0.03802682,0.9619732,0.03802682,0.03802682,-0.03802682,-0.03802682,0.03802682,0.03802682,0.03802682,-0.03802682,0.9619732,0.028603826,-0.012274243,0.03802682
0.0026427032,0.4939392,0.10126858,-0.08855168,-0.076174356,0.8987314,0.10126858,0.10126858,0.8987314,-0.10126858,0.10126858,-0.10126858,-0.10126858,-0.10126858,-0.076174356,0.10126858,0.10126858,0.08725224
1.3769194,-0.6758526,0.0,1.0,0.0,0.0,0.0,0.0,0.0,1.0,0.0,0.0,0.0,0.0,0.0,0.0,0.0,0.0
-0.0142247,0.48315495,0.109441854,-0.109441854,-0.109441854,0.8905582,0.109441854,0.109441854,0.8905582,-0.109441854,0.109441854,-0.109441854,-0.109441854,-0.109441854,-0.08232231,0.09569856,0.109441854,0.04438389
1.8415632,0.0338602,0.0,0.0,0.0,0.0,1.0,0.0,1.0,0.0,0.0,0.0,0.0,0.0,0.0,0.0,0.0,0.0
-0.010857884,0.53732026,0.110721946,-0.110721946,-0.06693556,0.88927805,0.110721946,0.110721946,0.88927805,-0.110721946,0.110721946,-0.110721946,-0.096540764,-0.110721946,-0.0832852,0.06303529,0.08276442,0.0832852
0.06774962,-0.060308054,0.10400565,-0.10400565,-0.10400565,0.89599437,0.10400565,0.10400565,0.09064147,-0.10400565,0.10400565,-0.10400565,-0.10400565,-0.10400565,0.89599437,-0.090521604,0.04365029,-0.10400565
0.029768195,0.5480639,0.09199233,-0.09199233,-0.06919676,0.92045087,0.09199233,0.09199233,0.93080324,-0.09199233,0.09199233,-0.09199233,-0.07967867,-0.09199233,-0.06919676,0.0012006126,0.031499635,0.091543406
-0.48079547,2.5043464,0.10519628,0.10519628,-0.031402208,0.89480376,0.10519628,0.10469558,-0.10519628,-0.10519628,0.10519628,0.10519628,0.10519628,-0.10519628,0.89480376,-0.016868714,-0.10519628,-0.10519628
-0.5750944,-0.23530369,0.0,0.0,0.0,1.0,0.0,0.0,0.0,0.0,1.0,0.0,0.0,0.0,0.0,0.0,0.0,0.0
0.39198598,2.1133916,0.0,0.0,0.0,1.0,0.0,0.0,1.0,0.0,0.0,0.0,0.0,0.0,0.0,0.0,0.0,0.0
-0.6374642,-0.66844285,0.0,0.0,0.0,0.0,1.0,0.0,0.0,0.0,0.0,1.0,0.0,0.0,0.0,0.0,0.0,0.0
-0.75153846,-0.68873894,0.02351307,-0.02351307,0.02351307,0.9764869,0.02351307,0.017686555,-0.02351307,0.02351307,0.02351307,0.02351307,0.02351307,0.02351307,0.9764869,-0.02351307,-0.010141257,0.02351307
-0.6286875,-0.35087276,0.024379011,0.018165505,0.024379011,0.975621,0.024379011,0.024379011,-0.018230243,0.015186052,0.024379011,0.024379011,0.024379011,-0.0041847387,0.975621,-0.024379011,-0.024379011,0.024379011
0.61804765,-0.6903109,0.0,0.0,0.0,1.0,0.0,0.0,0.0,0.0,0.0,0.0,0.0,0.0,1.0,0.0,0.0,0.0
-0.2581443,-0.71103734,0.0,0.0,0.0,0.0,1.0,0.0,1.0,0.0,0.0,0.0,0.0,0.0,0.0,0.0,0.0,0.0
2.9934344,1.7580234,0.0,0.0,0.0,1.0,0.0,0.0,1.0,0.0,0.0,0.0,0.0,0.0,0.0,0.0,0.0,0.0
-0.6939893,-0.043739624,0.0889852,0.0889852,0.04441581,0.9110148,0.0889852,0.0889852,0.9110148,-0.0889852,0.0889852,0.0889852,0.0075437333,-0.0889852,-0.0889852,0.06693477,0.06693477,-0.015442357
-0.73762697,1.3733166,1.0,0.0,0.0,0.0,0.0,0.0,1.0,0.0,0.0,0.0,0.0,0.0,0.0,0.0,0.0,0.0
-0.63608193,-0.6621526,0.050090205,-0.050090205,0.037677918,0.9499098,0.050090205,0.050090205,-0.037677918,0.043695528,0.050090205,0.050090205,0.050090205,0.050090205,0.9499098,-0.050090205,0.0013030968,0.050090205
-0.75153846,-0.56897926,0.13747707,0.8625229,0.13747707,-0.13747707,0.13747707,0.021111922,0.080484584,0.13747707,0.13747707,0.13747707,0.10341042,-0.13747707,-0.13747707,0.8625229,0.08591689,0.13747707
0.037078526,-0.5315676,0.034382388,0.034382388,0.011718895,1.0298766,0.034382388,0.034382388,0.034382388,0.034382388,0.96561766,0.034382388,0.034382388,0.034382388,0.034382388,-0.034382388,0.034382388,0.034382388
-0.53360623,-0.58944964,0.0651666,-0.0651666,0.040753342,0.9348334,0.0651666,0.0651666,-0.031940445,0.0651666,0.0651666,0.0651666,0.0651666,0.0651666,0.9348334,-0.0651666,-0.005930406,0.0651666
-0.58599174,3.9911394,0.0,0.0,0.0,1.0,0.0,0.0,0.0,0.0,0.0,0.0,0.0,0.0,1.0,0.0,0.0,0.0
-0.6977715,0.3252868,0.1303284,0.1303284,0.1303284,0.8696716,0.1303284,0.11412621,0.8696716,-0.1303284,0.12994266,0.1303284,0.01631966,-0.1303284,-0.083916105,0.0980332,0.12994266,0.081831
-0.027730327,-0.52420336,0.0739097,0.072791845,-0.044591337,0.937094,0.0739097,0.0739048,0.055594977,0.023267511,0.9652191,0.023267511,0.0739097,0.055087414,-0.0739048,-0.072791845,0.055590067,0.07348794
-0.5567421,2.5624442,0.16836455,0.12664402,-0.16836455,0.8316355,0.16836455,0.16787186,0.8316355,-0.16836455,0.16836455,0.16836455,0.16836455,-0.16836455,-0.16836455,0.16836455,-0.16836455,0.07451541
-0.5330978,-0.5893017,0.06489004,-0.06489004,0.06489004,0.93511,0.06489004,0.048810378,-0.047108203,0.06489004,0.06489004,0.06489004,0.06489004,0.06489004,0.93511,-0.06489004,-0.048810378,0.06489004
2.7068577,0.07474193,0.0,0.0,0.0,1.0,0.0,0.0,1.0,0.0,0.0,0.0,0.0,0.0,0.0,0.0,0.0,0.0
-0.73762697,1.8873767,1.0,0.0,0.0,0.0,0.0,0.0,1.0,0.0,0.0,0.0,0.0,0.0,0.0,0.0,0.0,0.0
-0.5329998,-0.5895024,0.06502392,-0.06502392,0.029402915,0.9349761,0.06502392,0.06502392,0.06396264,0.06502392,0.06502392,0.06502392,0.06502392,0.06502392,0.9349761,-0.06502392,-0.06487429,0.06502392
-0.64012337,-0.26783854,0.076853715,0.076853715,0.076853715,0.92314625,0.076853715,0.05780946,0.92314625,-0.076853715,0.076853715,0.076741055,0.076853715,-0.076853715,-0.076741055,0.076741055,-0.056368213,0.06759135
1.8366941,0.09126118,0.0,0.0,0.0,1.0,0.0,0.0,1.0,0.0,0.0,0.0,0.0,0.0,0.0,0.0,0.0,0.0
-0.75153846,2.2602174,0.082463495,0.082463495,0.082463495,0.9175365,0.082463495,0.082463495,-0.082463495,-0.082463495,0.082463495,0.082463495,0.082463495,-0.062029146,0.9175365,0.062029146,-0.062029146,0.082463495
-0.0027863737,0.43205243,0.10372268,-0.078020334,-0.07737303,0.8962773,0.10372268,0.07603237,0.92197967,-0.10372268,0.10372268,-0.10372268,-0.101632945,-0.10372268,-0.047861174,0.10372268,0.06534413,-0.011195028
0.63961047,-0.6606043,0.0,0.0,0.0,1.0,0.0,0.0,0.0,0.0,0.0,0.0,0.0,0.0,1.0,0.0,0.0,0.0
-0.022825157,0.50884277,0.11544845,-0.08684047,-0.11544845,0.8845516,0.11544845,0.11544845,0.8845516,-0.11544845,0.08684047,-0.11544845,-0.11544845,-0.11544845,-0.11544845,0.11544845,0.11544845,0.035721414
1.049072,0.7824063,0.0,0.0,0.0,0.0,1.0,0.0,1.0,0.0,0.0,0.0,0.0,0.0,0.0,0.0,0.0,0.0
0.65352196,-0.6643058,0.0,0.0,0.0,1.0,0.0,0.0,0.0,0.0,0.0,0.0,0.0,0.0,1.0,0.0,0.0,0.0
-0.54024065,2.8054898,0.14591381,0.10975653,-0.12650652,0.8540862,0.14591381,0.108331434,0.8540862,-0.14591381,0.14591381,0.14591381,0.12728596,-0.14591381,-0.08584515,0.14591381,-0.14591381,0.07172605
0.66372377,-0.6735243,0.0,0.0,0.0,0.0,1.0,0.0,1.0,0.0,0.0,0.0,0.0,0.0,0.0,0.0,0.0,0.0
2.4165714,0.6191807,0.0,0.0,0.0,1.0,0.0,0.0,1.0,0.0,0.0,0.0,0.0,0.0,0.0,0.0,0.0,0.0
-0.027643787,-0.53653836,0.07028651,0.062540054,-0.062416717,0.9297135,0.06303578,0.062672935,0.07028651,0.01956635,0.93732697,0.061222456,0.062461145,0.061222456,-0.07028651,-0.07028651,0.062672935,0.062672935
-0.5044286,2.74799,0.08156317,-0.034603015,-0.071048856,0.9184369,0.08156317,0.06964197,-0.08156317,-0.08156317,0.08156317,0.08156317,0.08156317,-0.060639948,0.9184369,0.071048856,-0.08156317,-0.061351903
2.629881,-0.6450392,0.0,0.0,0.0,0.0,1.0,0.0,1.0,0.0,0.0,0.0,0.0,0.0,0.0,0.0,0.0,0.0
-0.75153846,-0.5712728,0.13520959,0.86479044,0.101704836,-0.13520959,0.13520959,0.101704836,-0.076480106,0.13520959,0.13520959,0.13520959,0.13520959,-0.13520959,-0.13520959,0.86479044,0.101704836,0.13520959
1.2579762,0.19507754,0.0,0.0,0.0,1.0,0.0,0.0,1.0,0.0,0.0,0.0,0.0,0.0,0.0,0.0,0.0,0.0
-0.75153846,-0.71229726,0.0,1.0,0.0,0.0,0.0,0.0,0.0,1.0,0.0,0.0,0.0,0.0,0.0,0.0,0.0,0.0
-0.73762697,5.667548,1.0,0.0,0.0,0.0,0.0,0.0,1.0,0.0,0.0,0.0,0.0,0.0,0.0,0.0,0.0,0.0
-0.020264719,0.5149409,0.113835454,-0.113835454,-0.113835454,0.88616455,0.113835454,0.113835454,0.88616455,-0.113835454,0.113835454,-0.113835454,-0.113835454,-0.113835454,-0.113835454,0.07142757,0.11332254,0.09863512
-0.6158112,-0.33088365,0.029819503,0.0059816875,0.029819503,0.9701805,0.029819503,0.029819503,-0.009379949,0.007580652,0.029819503,0.029819503,0.029819503,0.011482766,0.9701805,-0.029819503,-0.022430267,0.029819503
-0.5436916,2.3989875,0.18118313,0.18118313,-0.18118313,0.81881684,0.18118313,0.18118313,0.81881684,-0.18118313,0.18118313,0.18118313,0.18118313,-0.18118313,-0.17861825,0.18118313,-0.13628617,0.15830983
-0.58460057,-0.7066436,0.0,0.0,0.0,1.0,0.0,0.0,0.0,0.0,1.0,0.0,0.0,0.0,0.0,0.0,0.0,0.0
0.65352196,-0.6633631,0.0,0.0,0.0,1.0,0.0,0.0,0.0,0.0,0.0,0.0,0.0,0.0,1.0,0.0,0.0,0.0
-0.62406576,-0.5562777,0.03807404,-0.03807404,0.037990384,0.961926,0.03807404,0.03807404,-0.03807404,0.03807404,0.03807404,0.03807404,0.03807404,0.03807404,0.961926,-0.03807404,-0.0031815795,0.03807404
-0.6431894,-0.26693425,0.07597812,0.07597812,0.057150837,0.92402184,0.07597812,0.07597812,0.92402184,-0.07597812,0.07597812,0.07597812,0.07597812,-0.07597812,-0.07597812,0.057150837,0.04458401,0.07597812
0.037953474,-0.5353574,0.035257332,0.035257332,-0.009742407,0.9936105,0.035257332,0.035257332,0.035257332,0.035257332,0.96474266,0.035257332,0.035257332,0.035257332,0.035139315,-0.035257332,0.026468351,0.035257332
-0.6590142,-0.26277596,0.072790615,0.072790615,0.072790615,0.9272094,0.072790615,0.072790615,0.9272094,-0.072790615,0.072790615,0.072790615,0.072790615,-0.072790615,-0.06606945,0.072790615,-0.042082097,0.072790615
-0.020854894,-0.5375098,0.07707541,0.06319983,-0.0045212395,0.935015,0.07707541,0.07707541,0.06498501,0.045292858,0.93533516,0.045292858,0.06466484,0.045292858,-0.06498501,-0.06466484,0.07707541,0.06466484
-0.635912,-0.6623223,0.049920242,-0.049920242,0.036024813,0.95007974,0.049920242,0.049920242,-0.049920242,0.049920242,0.049920242,0.049920242,0.043630566,0.049920242,0.95007974,-0.049920242,-0.036994223,0.049920242
0.009311114,0.5148785,0.09866267,-0.0856993,-0.07421418,0.9013373,0.09866267,0.09866267,0.92578584,-0.09866267,0.09866267,-0.09866267,-0.0856993,-0.09866267,-0.09866267,0.0734366,0.061250817,0.0363549
0.2274421,-0.2813981,0.048765615,-0.048765615,-0.03037224,0.9633184,0.036003623,0.04842553,0.001066864,-0.048765615,0.048765615,-0.048765615,-0.030282091,-0.048765615,0.9512344,-0.048765615,-0.048765615,0.03066007
0.10721625,-0.43808308,0.096405074,-0.096405074,-0.096405074,0.9035949,0.096405074,0.06032923,0.096405074,-0.096405074,0.096405074,-0.096405074,-0.096405074,-0.096405074,0.9035949,-0.0334787,0.059657082,0.022661118
-0.019968636,-0.52913076,0.06451389,0.057683956,0.025683988,0.93548614,0.06451389,0.058233798,0.06451389,0.051873747,0.9658938,0.051873747,0.06451389,0.051873747,-0.06451389,-0.058233798,0.058233798,0.06451389
1.8424906,2.114182,0.0,0.0,0.0,1.0,0.0,0.0,1.0,0.0,0.0,0.0,0.0,0.0,0.0,0.0,0.0,0.0
-0.11601523,-0.7111519,0.0,0.0,0.0,0.0,1.0,0.0,1.0,0.0,0.0,0.0,0.0,0.0,0.0,0.0,0.0,0.0
-0.006037877,0.51725453,0.11090479,-0.06917205,-0.11050036,0.90334594,0.11090479,0.11090479,0.88909525,-0.11090479,0.11090479,-0.11090479,-0.11090479,-0.11090479,-0.048492048,0.053791054,0.11090479,0.038363364
-0.63515353,-0.6574518,0.04939363,-0.04939363,0.03685589,0.95060635,0.04939363,0.04939363,-0.049219836,0.04939363,0.04939363,0.04939363,0.03715395,0.04939363,0.95060635,-0.04939363,-0.024596756,0.04939363
-0.58599174,3.9883492,0.0,0.0,0.0,1.0,0.0,0.0,0.0,0.0,0.0,0.0,0.0,0.0,1.0,0.0,0.0,0.0
-0.75153846,2.2599342,0.0827387,0.0827387,0.072759114,0.9172613,0.0827387,0.0827387,-0.0827387,-0.0827387,0.0827387,0.0827387,0.070131615,-0.0827387,0.9172613,0.0827387,-0.0827387,0.0827387
-0.027516406,-0.5179225,0.07041389,0.07041389,0.032254502,0.9295861,0.07041389,0.07041389,0.06327534,0.061231397,0.9372381,0.012825095,0.07041389,0.061231397,-0.07041389,-0.07041389,0.06327534,0.06327534
-0.61702085,-0.09762043,0.03102906,0.03102906,0.03102906,0.9689709,0.03102906,0.027029108,-0.019340143,-0.015721653,0.03102906,0.03102906,0.03102906,-0.03102906,0.9689709,-0.03102906,-0.023340091,0.03102906
-0.75153846,-0.6885874,0.02367897,-0.02367897,-0.0061858087,0.97632104,0.02367897,0.01781135,-0.014768728,0.02367897,0.02367897,0.02367897,0.020636346,0.02367897,0.97632104,-0.02367897,-0.01781135,0.02367897
1.9394073,0.087648764,0.0,0.0,0.0,0.0,1.0,0.0,1.0,0.0,0.0,0.0,0.0,0.0,0.0,0.0,0.0,0.0
1.3908309,-0.67675465,0.0,0.0,0.0,0.0,1.0,0.0,0.0,0.0,0.0,1.0,0.0,0.0,0.0,0.0,0.0,0.0
-0.028255943,-0.5025375,0.07152922,0.061117772,-0.050222877,0.93616545,0.07152922,0.07152922,0.06383455,0.014064611,0.9759224,0.05254175,0.063097864,0.054240603,-0.07152922,-0.07152922,0.06383455,0.07152922
-0.73391724,-0.71221733,0.0,0.0,0.0,0.0,1.0,0.0,1.0,0.0,0.0,0.0,0.0,0.0,0.0,0.0,0.0,0.0
0.65352196,-0.66111845,0.0,0.0,0.0,1.0,0.0,0.0,0.0,0.0,0.0,0.0,0.0,0.0,1.0,0.0,0.0,0.0
-0.5512915,-0.3909416,0.08285189,0.08285189,0.031580962,0.9171481,0.08285189,0.08285189,0.9171481,-0.08285189,0.08285189,0.07224028,0.07224028,-0.08285189,-0.0052927407,0.08285189,-0.06118769,0.08285189
-0.17914772,-0.73768425,0.09383547,0.09383547,0.03005576,0.92941684,0.09383547,0.09383547,0.09383547,0.09383547,-0.04007261,0.09383547,0.09383547,-0.09383547,0.98439014,-0.09383547,0.070583165,0.09383547
-0.73762697,1.5504925,1.0,0.0,0.0,0.0,0.0,0.0,1.0,0.0,0.0,0.0,0.0,0.0,0.0,0.0,0.0,0.0
-0.66691023,-0.7120058,0.0,0.0,0.0,1.0,0.0,0.0,0.0,0.0,1.0,0.0,0.0,0.0,0.0,0.0,0.0,0.0
-0.73762697,1.358629,1.0,0.0,0.0,0.0,0.0,0.0,1.0,0.0,0.0,0.0,0.0,0.0,0.0,0.0,0.0,0.0
-0.75153846,-0.570347,0.13617212,0.8638279,0.13617212,-0.13617212,0.13617212,0.13617212,-0.10242884,0.13617212,0.13617212,0.13617212,0.11941529,-0.13602549,-0.13617212,0.8638279,-0.02103308,0.13617212
-0.75153846,1.0871731,0.16765882,0.16765882,-0.12611319,0.8323412,0.16765882,0.16765882,-0.16765882,-0.16765882,0.16765882,0.16765882,-0.16765882,0.8323412,-0.019335147,0.07125473,0.14674537,0.16765882
-0.5345832,-0.58920336,0.065448046,-0.065448046,-0.001067834,0.93455195,0.065448046,0.065448046,-0.023065131,0.049230102,0.065448046,0.065448046,0.065448046,0.065448046,0.93455195,-0.065448046,-0.057229318,0.065448046
0.037749115,-0.54547226,0.035052978,0.035052978,0.02170424,1.0109254,0.035052978,0.035052978,0.035052978,0.035052978,0.96494704,0.035052978,0.035052978,0.035052978,0.035052978,-0.035052978,0.035036013,0.035036013
-0.029416483,-0.4888782,0.07222355,0.07222355,-0.06387811,0.92777646,0.07222355,0.06362204,0.06407636,0.036922004,0.92777646,0.022593211,0.06407636,0.052249387,-0.07222355,-0.06362204,0.07222355,0.06330755
-0.73762697,2.577662,1.0,0.0,0.0,0.0,0.0,0.0,1.0,0.0,0.0,0.0,0.0,0.0,0.0,0.0,0.0,0.0
-0.06474372,-0.48994467,0.06743986,0.06743986,-0.06673241,0.93256015,0.06743986,0.06743986,0.06743986,-0.039270055,1.0671175,0.009015989,0.06743986,0.06743986,-0.06743986,-0.06743986,-0.013173204,0.06743986
-0.6357308,-0.66247153,0.04973906,-0.04973906,0.04973906,0.95026094,0.04973906,0.04973906,-0.04973906,0.04973906,0.04973906,0.04973906,0.04973906,0.04973906,0.95026094,-0.04973906,-0.049692202,0.04973906
-0.6420479,0.04666033,0.11494818,0.11494818,0.113931894,0.88505185,0.11494818,0.085238755,0.88505185,-0.11494818,0.085238755,0.11494818,-0.05019531,-0.11494818,-0.11251667,0.11494818,0.015571728,0.070865825
-0.6174862,-0.040760577,0.031494454,0.031494454,0.023690168,0.96850556,0.031494454,0.031494454,-0.015359645,-0.023690168,0.031494454,0.031494454,0.023690168,-0.031251304,0.96850556,-0.031494454,-0.031494454,0.031494454
-0.75153846,-0.6886282,0.023611205,-0.023611205,0.014440094,0.9763888,0.023611205,0.023611205,-0.023611205,0.023611205,0.023611205,0.023611205,0.02059692,0.023611205,0.9763888,-0.023611205,-0.0069180094,0.023611205
2.9934344,1.7575337,0.0,0.0,0.0,1.0,0.0,0.0,1.0,0.0,0.0,0.0,0.0,0.0,0.0,0.0,0.0,0.0
-0.64998454,2.6559606,0.0,0.0,0.0,1.0,0.0,0.0,0.0,0.0,1.0,0.0,0.0,0.0,0.0,0.0,0.0,0.0
-0.5333541,-0.5894952,0.0651463,-0.0651463,0.044949837,0.9348537,0.0651463,0.049003124,-0.04014387,0.0651463,0.0651463,0.0651463,0.0651463,0.0651463,0.9348537,-0.0651463,-0.032445796,0.0651463
-0.009729417,0.49212113,0.10929998,-0.10929998,-0.10929998,0.89070004,0.10929998,0.0955288,0.89070004,-0.10929998,0.10929998,-0.10929998,-0.10929998,-0.10929998,-0.10929998,0.027858015,0.04038532,0.08186134
-0.6360273,-0.6622012,0.05003557,-0.05003557,0.05003557,0.94996446,0.05003557,0.049927477,-0.05003557,0.05003557,0.05003557,0.05003557,0.03763682,0.05003557,0.94996446,-0.05003557,0.023695,0.05003557
0.037980102,-0.55002064,0.03528396,0.03528396,0.026540643,1.0262468,0.03528396,0.03528396,0.03528396,0.03528396,0.9647161,0.03528396,0.03528396,0.03528396,0.030750137,-0.03528396,0.030750137,0.03528396
0.04303946,-0.7097482,0.0,0.0,0.0,0.0,1.0,0.0,1.0,0.0,0.0,0.0,0.0,0.0,0.0,0.0,0.0,0.0
0.63961047,-0.6300054,0.0,0.0,0.0,1.0,0.0,0.0,0.0,0.0,0.0,0.0,0.0,0.0,1.0,0.0,0.0,0.0
-0.59144396,-0.42542836,0.03860796,0.023842577,0.038507003,0.96139205,0.03860796,0.03860796,-0.033792052,0.023667444,0.03860796,0.03860796,0.03860796,0.024225052,0.96139205,-0.029040959,-0.03860796,0.03860796
-0.5950624,3.0517938,0.13073981,0.13073981,-0.13073981,0.8692602,0.13073981,0.13073981,0.8692602,-0.13073981,0.13073981,0.13073981,0.13073981,-0.1139404,-0.04858929,0.097846866,-0.13073981,0.13073981
-0.75153846,0.654498,0.15548894,0.15545502,0.10342653,0.84451103,0.15548894,0.15548894,-0.15548894,-0.15548894,0.15548894,0.15548894,-0.041748352,0.84451103,0.15545502,0.116958976,0.15548894,0.15548894
-0.025146164,-0.5205387,0.07278413,0.054171056,-0.035071276,0.94525164,0.07220687,0.053855546,0.05474832,0.003913489,0.9272159,0.050489306,0.07278413,0.050489306,-0.07278413,-0.05474832,0.052423492,0.05474832
-0.73762697,1.3439412,1.0,0.0,0.0,0.0,0.0,0.0,1.0,0.0,0.0,0.0,0.0,0.0,0.0,0.0,0.0,0.0
-0.75153846,0.2868493,0.10972777,0.10972777,0.09567391,0.8902722,0.10972777,0.08253737,0.8902722,-0.10972777,0.10972777,0.10972777,-0.08077296,-0.10972777,0.08253737,0.09567391,0.03898643,0.06848351
0.03693942,-0.5257635,0.03424328,0.03424328,0.015587307,1.0195693,0.03424328,0.03424328,0.03424328,0.03424328,0.9657567,0.03424328,0.03424328,0.03424328,0.025757838,-0.03424328,0.03424328,0.03424328
1.5547546,0.61672366,0.0,0.0,0.0,1.0,0.0,0.0,1.0,0.0,0.0,0.0,0.0,0.0,0.0,0.0,0.0,0.0
-0.61709183,-0.6512311,0.05335848,-0.05335848,0.05335848,0.9466415,0.05335848,0.04641375,-0.038433507,0.05335848,0.05335848,0.05335848,0.046366766,0.05335848,0.9466415,-0.05335848,-0.03950882,0.05335848
-0.62546784,-0.65171033,0.051300894,-0.051300894,0.031932186,0.9486991,0.051300894,0.051300894,-0.04475161,0.051300894,0.051300894,0.051300894,0.04475161,0.051300894,0.9486991,-0.051300894,-0.0080326,0.051300894
-0.6667612,-0.082571514,0.0121395085,0.009131353,0.009131353,0.9878605,0.0121395085,0.0121395085,-0.0121395085,-0.009099265,0.0121395085,0.0121395085,0.0121395085,-0.0121395085,0.9878605,-0.010605352,-0.0121395085,0.0121395085
-0.61547023,-0.43977553,0.0290148,0.014534839,0.025301237,0.9709852,0.0290148,0.0290148,-0.029007815,0.0290148,0.0290148,0.0290148,0.029007815,0.021687388,0.9709852,-0.0290148,-0.0290148,0.0290148
-0.64998454,2.6736245,0.0,0.0,0.0,1.0,0.0,0.0,0.0,0.0,1.0,0.0,0.0,0.0,0.0,0.0,0.0,0.0
-0.75153846,-0.5703673,0.13604811,0.8639519,0.13604811,-0.13604811,0.13604811,0.1189637,-0.11679993,0.117967956,0.13604811,0.13604811,0.118333764,-0.13604811,-0.13604811,0.8639519,0.11660542,0.13604811
-0.51056904,-0.12490839,0.074821405,0.074821405,0.05330509,0.9251786,0.074821405,0.074821405,0.056280755,-0.04716827,0.074821405,0.074821405,0.074821405,-0.03690749,0.9251786,-0.056280755,-0.074821405,0.074821405
-0.5365412,-0.5970524,0.06810155,-0.057550073,0.065084994,0.93457615,0.06810155,0.06810155,-0.051226072,0.057550073,0.06810155,0.06810155,0.06810155,0.06810155,0.9318984,-0.057550073,-0.040433735,0.06810155
1.4047424,-0.6779681,0.0,0.0,0.0,0.0,1.0,0.0,0.0,0.0,0.0,1.0,0.0,0.0,0.0,0.0,0.0,0.0
-0.004915572,0.44477367,0.10414392,-0.10414392,-0.10414392,0.8958561,0.10414392,0.10414392,0.9396694,-0.10414392,0.10414392,-0.10414392,-0.10414392,-0.10414392,-0.075132385,0.03860934,0.07791962,0.07134105
-0.6402465,1.5774797,1.0,0.0,0.0,0.0,0.0,0.0,0.0,0.0,0.0,1.0,0.0,0.0,0.0,0.0,0.0,0.0
-0.5345672,-0.58946544,0.06520011,-0.06520011,0.04643791,0.93479985,0.06520011,0.06520011,0.049043603,0.05486942,0.06520011,0.06520011,0.06520011,0.06520011,0.93479985,-0.06520011,-0.040938042,0.06520011
0.65352196,-0.66071546,0.0,0.0,0.0,1.0,0.0,0.0,0.0,0.0,0.0,0.0,0.0,0.0,1.0,0.0,0.0,0.0
-0.7107683,0.76846313,0.032033328,0.032033328,0.032033328,0.9679667,0.032033328,0.032033328,-0.032033328,-0.02409551,0.032033328,0.032033328,0.032033328,-0.032033328,0.9679667,0.0053906557,-0.032033328,0.032033328
0.65352196,-0.65905523,0.0,0.0,0.0,1.0,0.0,0.0,0.0,0.0,0.0,0.0,0.0,0.0,1.0,0.0,0.0,0.0
-0.5343573,-0.5891945,0.065454006,-0.065454006,0.014023162,0.934546,0.065454006,0.065454006,-0.013237906,0.057070687,0.065454006,0.065454006,0.065454006,0.065454006,0.934546,-0.065454006,-0.049234584,0.065454006
0.10656859,2.663992,0.0,0.0,0.0,1.0,0.0,0.0,1.0,0.0,0.0,0.0,0.0,0.0,0.0,0.0,0.0,0.0
-0.58599174,4.8892493,0.0,0.0,0.0,1.0,0.0,0.0,0.0,0.0,0.0,0.0,0.0,0.0,1.0,0.0,0.0,0.0
-0.46928728,2.3905766,0.11670445,0.11670445,0.080760434,0.88329554,0.11670445,0.08735825,-0.11670445,-0.11670445,0.11670445,0.11670445,0.11670445,-0.11670445,0.88329554,-0.009192664,-0.073081076,-0.11670445
0.07410845,2.7003226,0.0,0.0,0.0,1.0,0.0,0.0,1.0,0.0,0.0,0.0,0.0,0.0,0.0,0.0,0.0,0.0
-0.53310776,-0.58918405,0.065131806,-0.065131806,0.013528266,0.93486816,0.065131806,0.065131806,0.065131806,0.065131806,0.065131806,0.065131806,0.065131806,0.065131806,0.93486816,-0.065131806,-0.048756607,0.065131806
0.17957285,-0.2611274,0.06952638,-0.06952638,-0.06952638,0.93047357,0.05229783,0.05229783,0.042745646,-0.06952638,0.06952638,-0.06952638,-0.06952638,-0.06952638,0.93047357,-0.0085985055,-0.060853783,0.025545765
1.5535953,0.10274769,0.0,0.0,0.0,1.0,0.0,0.0,1.0,0.0,0.0,0.0,0.0,0.0,0.0,0.0,0.0,0.0
-0.7395058,-0.6851185,0.0271514,-0.0271514,0.010860039,0.9728486,0.0271514,0.0271514,-0.020350276,0.020423314,0.0271514,0.0271514,0.0271514,0.0271514,0.9728486,-0.0271514,0.012897933,0.0271514
-0.53364235,-0.5895303,0.065202706,-0.065202706,-0.004571235,0.9347973,0.065202706,0.065202706,0.065202706,0.065202706,0.065202706,0.065202706,0.065202706,0.065202706,0.9347973,-0.065202706,-0.065202706,0.065202706
-0.53403544,-0.5897504,0.06490024,-0.06490024,0.048818044,0.9350998,0.06490024,0.06490024,0.040306553,0.06490024,0.06490024,0.06490024,0.06490024,0.06490024,0.9350998,-0.06490024,-0.06490024,0.06490024
-0.018025478,-0.5142112,0.06460218,0.04825709,-0.008337288,0.9514062,0.06460218,0.04825709,0.04859385,0.0466922,0.97794425,0.0321752,0.06460218,0.0466922,-0.06460218,-0.06460218,0.05634012,0.06426543
-0.63621336,-0.662007,0.050221626,-0.050221626,0.0313398,0.9497784,0.050221626,0.043914992,-0.023254864,0.050221626,0.050221626,0.050221626,0.049198017,0.050221626,0.9497784,-0.050221626,-0.050221626,0.050221626
-0.75153846,-0.5713025,0.13515796,0.86484206,0.13515796,-0.10166599,0.13515796,0.08455628,-0.13515796,0.13515796,0.13515796,0.13515796,0.13515796,-0.13515796,-0.13515796,0.86484206,0.10166599,0.13515796
0.037981283,-0.54240304,0.035285145,0.02654153,0.0006146943,1.0229737,0.035285145,0.035285145,0.035285145,0.035285145,0.9647148,0.030868948,0.035285145,0.035285145,0.035219885,-0.035285145,0.035285145,0.035285145
0.63961047,-0.6301545,0.0,0.0,0.0,1.0,0.0,0.0,0.0,0.0,0.0,0.0,0.0,0.0,1.0,0.0,0.0,0.0
0.39198598,2.11405,0.0,0.0,0.0,1.0,0.0,0.0,1.0,0.0,0.0,0.0,0.0,0.0,0.0,0.0,0.0,0.0
0.63961047,-0.63698167,0.0,0.0,0.0,1.0,0.0,0.0,0.0,0.0,0.0,0.0,0.0,0.0,1.0,0.0,0.0,0.0
-0.3925628,2.1414568,0.20919526,-0.20919526,-0.20919526,0.7908048,0.20919526,0.20919526,0.7908048,-0.20919526,0.20919526,-0.20919526,-0.15618567,-0.20919526,-0.15735692,-0.03606517,-0.20919526,-0.07013987
1.2607585,0.6176043,0.0,0.0,0.0,1.0,0.0,0.0,1.0,0.0,0.0,0.0,0.0,0.0,0.0,0.0,0.0,0.0
-0.6221087,0.29392356,0.03611695,0.03611695,0.03611695,0.96388304,0.03611695,0.027167216,-0.026901718,-0.02868149,0.03611695,0.03611695,0.03611695,-0.03611695,0.96388304,-0.03611695,-0.03611695,0.03611695
-0.5479424,2.7639935,0.0895218,0.08940619,-0.078332506,0.9104782,0.0895218,0.0895218,-0.0895218,-0.0895218,0.0895218,0.0895218,0.0895218,-0.0895218,0.9104782,0.056209214,-0.0673384,-0.0895218
0.046825454,-0.5386478,0.028826678,0.017919684,0.0026627383,1.0288267,0.028826678,0.028826678,0.028826678,0.028826678,0.9711733,0.028826678,0.028826678,0.028826678,0.028826678,-0.028826678,0.0062011145,0.028826678
-0.5337395,-0.5898051,0.06483616,-0.06483616,0.048769843,0.93516386,0.06483616,0.06483616,0.06483616,0.06483616,0.06483616,0.06483616,0.06483616,0.06483616,0.93516386,-0.06483616,-0.06468181,0.06483616
2.414021,0.08818876,0.0,0.0,0.0,1.0,0.0,0.0,1.0,0.0,0.0,0.0,0.0,0.0,0.0,0.0,0.0,0.0
-0.635893,-0.66228944,0.04990127,-0.04990127,0.043634847,0.95009875,0.04990127,0.04990127,-0.04990127,0.04990127,0.04990127,0.04990127,0.0375358,0.04990127,0.95009875,-0.04990127,-0.019259512,0.04990127
0.7784935,-0.70061946,0.0,0.0,0.0,0.0,1.0,0.0,1.0,0.0,0.0,0.0,0.0,0.0,0.0,0.0,0.0,0.0
0.65352196,-0.6645713,0.0,0.0,0.0,1.0,0.0,0.0,0.0,0.0,0.0,0.0,0.0,0.0,1.0,0.0,0.0,0.0
0.15757738,2.677808,0.0,0.0,0.0,1.0,0.0,0.0,1.0,0.0,0.0,0.0,0.0,0.0,0.0,0.0,0.0,0.0
0.081134036,0.16705793,0.07148215,-0.07148215,0.060845032,0.9376435,0.06235648,0.07148215,-0.07148215,-0.07148215,0.07148215,-0.07148215,-0.07148215,-0.07148215,0.9285179,-0.04464329,-0.07148215,-0.05366768
-0.6516076,-0.70723724,0.0,0.0,0.0,1.0,0.0,0.0,0.0,0.0,1.0,0.0,0.0,0.0,0.0,0.0,0.0,0.0
2.7149727,0.60858166,0.0,0.0,0.0,1.0,0.0,0.0,1.0,0.0,0.0,0.0,0.0,0.0,0.0,0.0,0.0,0.0
-0.6695444,1.432684,0.08355266,0.08355266,0.073025495,0.91644734,0.08355266,0.08355266,-0.08355266,-0.08355266,0.08355266,0.08355266,0.08355266,-0.062848404,0.91644734,0.062848404,-0.073025495,0.08355266
-0.6077701,-0.27509177,0.08414821,0.08414821,0.06292977,0.9158518,0.08414821,0.08414821,0.9158518,-0.08414821,0.08414821,0.07340557,0.08414821,-0.08414821,-0.08414821,0.08320722,0.016453205,0.08414821
-0.58599174,4.6300206,0.0,0.0,0.0,1.0,0.0,0.0,0.0,0.0,0.0,0.0,0.0,0.0,1.0,0.0,0.0,0.0
1.5533634,0.056683607,0.0,0.0,0.0,1.0,0.0,0.0,1.0,0.0,0.0,0.0,0.0,0.0,0.0,0.0,0.0,0.0
