SrcBytes,SIntPktMax,Proto_arp,Proto_icmp,Proto_ipv6-icmp,Proto_tcp,Proto_udp,State_CLO,State_CON,State_ECO,State_FIN,State_INT,State_NRS,State_REQ,State_RST,State_TST,State_URH,State_URHPRO
1.2390381,-0.75153846,-0.11005839,1.1100583,0.05220261,0.11005839,-0.11005839,-0.06961539,-0.11005839,1.1100583,-0.11005839,0.11005839,0.0011518383,0.11005839,0.11005839,-0.015279258,0.095054515,-0.10936996
0.5525973,-0.7264166,-0.10092464,0.10092464,0.08783535,1.0759157,-0.063199714,-0.04751172,-0.10092464,0.10092464,-0.10092464,0.10092464,0.07591565,0.10092464,1.1009246,0.10055543,0.06861691,-0.10092464
-0.65828323,0.94739825,0.06324904,0.06324904,0.055306442,0.93675095,0.06324904,0.04757601,-0.06324904,-0.04757601,0.06324904,0.06324904,0.06324904,-0.06324904,0.93675095,0.06324904,-0.06324904,0.06324904
0.5511757,-0.75153846,-0.10234621,0.10234621,0.08840136,1.0769849,0.06336162,-0.050768077,-0.07698496,0.10234621,-0.10234621,0.10234621,-0.036634125,0.10234621,1.1023462,-0.037239447,0.07698496,-0.07698496
-0.618655,0.1394526,0.032663267,0.032663267,0.028398566,0.9673367,0.032663267,0.032663267,-0.032663267,-0.028398566,0.032663267,0.032663267,0.028398566,-0.032663267,0.9673367,-0.032663267,-0.032663267,0.032663267
-0.748623,-0.7151783,0.0028810592,0.0028810592,0.0028810592,0.99711895,0.0028810592,0.0028810592,0.99711895,-0.0028810592,0.0028810592,0.0028810592,0.0025180257,-0.0028810592,-0.0028810592,-0.0017993402,-0.0021671366,0.0021671366
-0.75153846,4.740101,0.108260825,-0.10819653,0.108260825,0.8917392,0.108260825,0.094711,0.8917392,-0.108260825,0.108260825,0.108260825,-0.004167879,0.108260825,0.023212839,-0.108260825,-0.08143394,0.108260825
0.5517343,-0.73654735,-0.10178762,0.10178762,0.10178762,1.0638254,-0.10178762,0.009154858,-0.07656478,0.10178762,-0.10178762,0.10178762,0.050545827,0.10178762,1.1017876,0.047034856,0.0153719485,-0.10178762
-0.75153846,2.2935474,0.083369955,0.083369955,0.011928856,0.91663,0.083369955,0.083369955,-0.083369955,-0.083369955,0.083369955,0.083369955,0.083369955,-0.083369955,0.91663,0.083369955,-0.062710986,0.083369955
0.7136677,-0.71259624,-0.31430525,0.31430525,0.31430525,0.31430525,0.68569475,-0.23488523,0.68569475,0.31430525,-0.31430525,0.31430525,0.24447124,0.31430525,0.31430525,-0.27391866,0.2363323,-0.31430525
-0.060031887,0.45777294,0.13203283,-0.09689018,-0.098445386,0.8679672,0.13203283,0.11528711,0.95166206,-0.13203283,0.13203283,-0.13203283,-0.13203283,-0.13203283,-0.08256954,0.1305588,0.11403164,0.1314215
-0.5846003,-0.07809046,-0.060515214,-0.060515214,-0.060515214,1.0605152,-0.060515214,-0.0605016,0.060515214,0.060515214,1.0451788,-0.060515214,-0.060515214,0.060515214,0.060515214,0.038047355,-0.045506004,0.060515214
-0.42471802,-0.65295136,0.047663186,-0.047663186,-0.047663186,1.0476631,0.047663186,0.04118331,-0.04757235,0.047663186,0.047663186,0.002551353,0.047663186,0.047663186,1.0476631,-0.047663186,0.035688,0.047663186
-0.7379561,0.034828555,0.12692368,0.12692368,-0.018281106,0.87307626,0.12692368,0.12643333,-0.12692368,-0.12692368,0.12692368,0.12692368,0.06319323,0.87307626,0.094981804,0.12692368,-0.12692368,0.07892743
0.55110735,-0.73849005,-0.10241462,0.10241462,0.10241462,1.0895537,-0.048396863,-0.033870623,-0.10241462,0.10241462,-0.10241462,0.10241462,-0.008965584,0.10241462,1.1024146,0.07036684,-0.01570486,-0.10241462
-0.5393374,2.3277118,0.18739219,0.18739219,-0.18739219,0.81260777,0.18739219,0.13880607,0.81260777,-0.18739219,0.18739219,0.18739219,0.18739219,-0.18739219,-0.18662488,0.14095666,-0.18739219,0.1635196
-0.6462978,0.8107356,0.0603061,0.0603061,0.0603061,0.9396939,0.0603061,0.052834295,-0.0603061,-0.052834295,0.0603061,0.0603061,0.0603061,-0.0603061,0.9396939,0.045362327,-0.0603061,0.0603061
-0.523643,-0.6492223,-0.009265533,-0.05714782,-0.023757089,1.0571477,0.05714782,0.057063114,0.05714782,0.05714782,0.05714782,0.049828365,0.05714782,0.05714782,1.0102848,-0.05714782,0.042986665,0.05714782
-0.75153846,-0.68851537,0.023719829,-0.023719829,0.023719829,0.97628015,0.023719829,0.023719829,0.016519357,0.023719829,0.023719829,0.023719829,0.023719829,0.023719829,0.97628015,-0.023719829,-0.014863422,0.023719829
-0.42985687,-0.6163495,0.028847614,-0.038350925,-0.033680774,1.0383509,0.038350925,0.038350925,-0.028475733,0.038350925,0.038350925,-0.028847614,0.038350925,0.038350925,1.0383509,-0.038350925,0.038350925,0.038350925
0.552464,-0.7366093,-0.10105794,0.10105794,0.0760159,1.101058,-0.00737579,-0.10105794,-0.10105794,0.10105794,-0.10105794,0.10105794,0.10105794,0.10105794,1.101058,0.020725897,0.054786377,-0.10105794
0.29334584,-0.3907747,-0.19996215,0.19996215,0.19996215,0.19996215,0.8000378,-0.14983203,0.8000378,0.19996215,-0.19996215,0.19996215,-0.086314544,0.19996215,0.19996215,-0.19996215,-0.19996215,-0.19996215
-0.0943113,-0.5522721,0.0013220591,-0.0017641366,0.0011028086,1.0017642,0.0017641366,-0.00043813023,-0.0017641366,-0.0017641366,0.9982359,-0.0017641366,-0.0012261253,-0.0017641366,0.0017641366,0.001183436,0.0004554931,-0.0013269852
0.5512215,-0.7384802,-0.10230045,0.10230045,0.08919785,1.04828,-0.061135598,0.017846867,-0.10230045,0.10230045,-0.10230045,0.10230045,0.046452608,0.10230045,1.1023004,0.037990924,0.06384794,-0.10230045
2.4444742,-0.75153846,-0.75153846,1.1163173,1.1163173,1.8375545,-0.6118783,0.57189345,-0.11631723,1.1163173,-0.75153846,1.1163173,-0.41587216,1.1163173,1.1163173,0.2802598,1.1163173,-0.6132275
1.0883552,-0.18369077,-0.45874798,0.45874798,0.45874798,1.458748,-0.45874798,-0.40191,0.72344625,0.45874798,-0.45874798,0.45874798,-0.45874798,0.45874798,0.45874798,-0.45874798,0.15978765,-0.31853747
0.6769404,0.49581516,-0.29399544,0.29399544,0.29399544,1.2939954,-0.18493532,-0.1898851,1.2934783,0.29399544,-0.29399544,0.29399544,-0.29399544,0.29399544,0.29399544,0.013801385,0.29271096,-0.29399544
-0.68770874,-0.15097326,0.077603765,0.077603765,0.077603765,0.92239624,0.077603765,0.077603765,0.92239624,-0.077603765,0.077603765,0.077603765,0.038097147,-0.077603765,-0.077603765,0.07732128,0.077603765,0.0486439
-0.65415066,-0.07761876,0.14606324,0.14606324,-0.0730124,0.85393673,0.14606324,0.14606324,-0.14606324,-0.14606324,0.14606324,0.14606324,0.14606324,0.85393673,0.14606324,0.14606324,-0.10694201,0.109568164
0.0003905641,0.44476736,0.10063945,-0.0619915,-0.08700881,0.89936054,0.10063945,0.10063945,0.89936054,-0.10063945,0.10063945,-0.10063945,-0.07570112,-0.10063945,-0.10063945,0.10063945,-0.07322628,0.10063945
-0.09634276,-0.5790856,-0.00023141074,0.00026732316,0.00020106831,0.9997327,-0.00026732316,8.874053e-06,0.00026732316,0.00023141074,1.0002674,0.00026732316,0.00020106831,0.00026732316,-0.00026732316,1.8427247e-05,-0.00019864751,0.00026732316
-0.5479541,2.7739744,0.08951008,0.07797135,-0.008463705,0.9104899,0.08951008,-0.08951008,-0.08951008,-0.08951008,0.08951008,0.08951008,0.08951008,-0.08951008,0.9104899,0.066884086,-0.08951008,-0.08951008
-0.06810574,0.44847825,0.13439259,-0.04927026,-0.13439259,0.8656074,0.13439259,0.10109028,0.8989097,-0.13439259,0.11686881,-0.13439259,-0.13439259,-0.13439259,-0.13439259,0.13439259,0.084665835,0.13437967
-0.63599133,-0.65499735,-0.057234824,-0.057234824,-0.057234824,1.0572349,-0.019382508,0.049843468,0.057234824,0.057234824,0.057234824,0.057234824,-0.01240924,0.057234824,0.9427652,-0.057234824,0.057234824,0.057234824
-0.09103359,-0.56019187,-0.0033788914,0.0035324865,-0.004096652,0.9953038,-0.004696199,0.00032113795,0.0035324865,0.004696199,1.0001284,0.004696199,0.004696199,0.004696199,-0.004696199,-0.0034963354,0.00037350727,0.0023326227
1.4226162,-0.75153023,-0.6239095,0.6239095,0.6239095,0.6239095,0.45883662,0.46203429,0.37609053,0.6239095,-0.6239095,0.6239095,-0.5411633,0.6239095,0.6239095,-0.3828904,0.46930552,-0.5411633
-0.75153846,0.5044187,0.12720656,0.12720656,0.12720656,0.8727934,0.12720656,0.11101995,0.8727934,-0.12720656,0.12720656,0.12720656,0.0149010345,-0.12720656,0.009976789,0.12720656,0.12632765,0.06347076
-0.009962696,1.253602,-0.015672991,0.011789244,-0.011789244,1.0072188,-0.015672991,-0.015672991,0.015672991,0.015672991,-0.011789244,0.015672991,0.015672991,0.015672991,1.015673,0.015672991,0.015672991,-0.011789244
-0.75153846,2.272141,0.083206475,0.083206475,0.082919665,0.9167935,0.083206475,0.072618715,-0.083206475,-0.083206475,0.083206475,0.083206475,0.083206475,-0.05200026,0.9167935,0.083206475,-0.083206475,0.083206475
-0.2595259,1.2002177,0.6192793,0.07211062,0.38072062,0.38072062,-0.38072062,-0.28637856,0.38072062,0.38072062,-0.38072062,0.6192793,-0.38072062,0.38072062,0.009385176,-0.3287455,0.23356776,-0.38072062
-0.61881095,0.15067029,0.03281918,0.024686625,0.032642778,0.9671808,0.03281918,0.03281918,-0.03281918,-0.024486393,0.03281918,0.03281918,0.024486393,-0.03281918,0.9671808,-0.03281918,-0.03281918,0.03281918
0.6555713,0.9256806,-0.31350964,0.31350964,0.23582236,1.3135097,-0.31350964,-0.2283233,1.3135097,0.31350964,-0.31350964,0.31350964,-0.3124677,0.31350964,0.31350964,-0.1945021,0.31350964,-0.31350964
-0.092463665,-0.57877684,-0.0029629176,0.0061262674,-0.00029757846,0.9938737,-0.0061262674,-0.0034106816,0.0044897157,0.0061262674,1.0061263,0.0061262674,0.0027010166,0.0061262674,-0.0052762427,-0.004477369,-0.0029588887,0.004477369
0.5526926,-0.75129277,-0.1008293,0.1008293,0.07584393,1.0846757,-0.0875387,-0.0303746,-0.1008293,0.1008293,-0.1008293,0.1008293,0.095329925,0.1008293,1.1008292,0.0875387,0.08837916,-0.1008293
-0.62399936,0.35089207,0.03800761,0.03800761,0.028360762,0.9619924,0.03800761,0.0283138,-0.03800761,-0.023166336,0.03800761,0.03800761,0.03800761,-0.03800761,0.9619924,-0.011644225,-0.028589375,0.03800761
-0.43159488,-0.61613137,0.03632004,-0.038467765,-0.038467765,1.0384678,0.038467765,0.038467765,-0.021106914,0.038467765,0.038467765,-0.028935498,0.038467765,0.038467765,1.0384678,-0.038467765,0.038467765,0.038467765
-0.63226026,-0.37453136,0.06620838,0.06620838,0.06620838,0.93379164,0.06620838,0.06620838,0.93379164,-0.06620838,0.06620838,0.06620838,0.057755966,-0.06620838,-0.06620838,0.041349616,-0.03743593,0.06620838
-0.31329116,0.760016,0.13320649,-0.13295093,-0.06292756,0.8667935,0.13320649,0.13320649,-0.13320649,-0.13320649,1.1332065,-0.13320649,0.116478905,-0.13320649,-0.13320649,-0.13320649,0.13320649,-0.13320649
-0.09676302,-0.56541044,0.0030221352,-0.0022250186,-0.00218819,1.0026158,0.0030221352,0.00026561745,-0.0030221352,-0.0030221352,0.9970181,-0.0030221352,-0.0014357297,-0.0022732532,0.0030221352,-0.0015237026,-0.00092416385,-0.0026110623
0.5407394,-0.7019313,-0.09887107,0.09887107,-0.031567715,0.981616,-0.07311716,-0.074370936,-0.074370936,0.09887107,-0.09887107,0.09887107,0.09887107,0.09887107,1.0988711,0.03591221,0.09887107,-0.074370936
0.23746906,-0.28608578,0.04441738,-0.04441738,-0.04441738,0.9567496,0.04437926,0.039007787,0.021697015,-0.04441738,0.04441738,-0.04441738,-0.03273153,-0.04441738,0.9555826,-0.022204515,-0.020674627,0.03341081
-0.6904575,-0.09807958,0.08336673,0.08336673,0.08336673,0.9166333,0.08336673,0.07286298,0.9166333,-0.08336673,0.08336673,0.08336673,0.07286298,-0.08336673,-0.061298035,0.082826465,0.0052443547,0.07251934
0.037271023,-0.5392204,0.034574885,0.034574885,0.026007274,1.0260073,0.034574885,0.034574885,0.034574885,0.034574885,0.96542513,0.034574885,0.034574885,0.034574885,0.034574885,-0.034574885,0.034574885,0.034574885
0.5524934,-0.7482223,-0.10102855,0.10102855,0.10102855,1.0749916,-0.08872426,-0.07599379,-0.08789004,0.10102855,-0.10102855,0.10102855,0.08298581,0.10102855,1.1010286,0.100429624,0.04786904,-0.10102855
0.6688879,0.64995605,-0.30204785,0.30204785,0.22693731,1.3020478,-0.30204785,-0.18158787,1.3020478,0.30204785,-0.30204785,0.30204785,-0.22276504,0.30204785,0.30204785,-0.03873706,0.27390268,-0.22609296
1.8356411,-0.75153846,-0.75153846,0.79423964,0.79423964,0.79423964,0.21994907,-0.75153846,0.20576036,0.79423964,-0.75153846,0.79423964,-0.6941699,0.79423964,0.79423964,-0.49735832,0.79423964,-0.75153846
0.5423099,-0.7343602,-0.09730064,0.09730064,0.09730064,1.0415399,-0.05955629,-0.09730064,-0.09730064,0.09730064,-0.09730064,0.09730064,-0.029221676,0.09730064,1.0973006,0.07318967,0.061041936,-0.09730064
1.9856517,0.7444134,-0.75153846,1.014043,0.626421,2.0140429,-0.75153846,-0.22168285,1.6358495,1.014043,-0.75153846,1.014043,-0.36089724,1.014043,1.014043,-0.41115278,0.76276445,-0.75153846
-0.62524736,4.150669,0.6797324,0.27752924,-0.084419,0.32026762,-0.32026762,-0.32026762,1.3202677,0.32026762,-0.32026762,-0.32026762,0.32026762,0.32026762,-0.27858144,0.27235657,-0.26147744,-0.32026762
-0.5165715,-0.64824253,0.015658176,-0.056436144,-0.04177686,1.0564362,0.056436144,0.056436144,0.042451344,0.056436144,0.056436144,0.056436144,0.054673366,0.056436144,1.0348524,-0.056436144,0.042451344,0.056436144
-0.42944795,-0.6163476,0.038095634,-0.038296103,-0.038296103,1.0382961,0.038296103,0.038296103,-0.018121075,0.038296103,0.038296103,-0.017265698,0.038296103,0.038296103,1.0382961,-0.038296103,0.038296103,0.038296103
0.48097786,0.7534894,-0.19851223,0.19851223,0.14909756,1.1985122,-0.19851223,-0.12556526,1.1985122,0.19851223,-0.19851223,0.19851223,-0.17475632,0.19851223,0.19851223,-0.13738684,0.12320996,-0.19700238
-0.75153846,2.376298,0.08408351,0.08408351,0.08408351,0.9159165,0.08408351,0.08408351,-0.08408351,-0.08408351,0.08408351,0.08408351,0.082477756,-0.063247725,0.9159165,0.08408351,-0.0734543,0.08408351
-0.48367858,1.3426874,0.7460516,-0.19102031,0.16073838,0.2539484,-0.2539484,-0.2539484,1.2539485,0.2539484,-0.2539484,-0.06839871,-0.16073838,0.2539484,0.2491185,-0.1586197,-0.12447217,-0.22154778
0.55299497,-0.75089556,-0.100526966,0.100526966,0.100526966,1.0632037,-0.100526966,-0.061104957,-0.100526966,0.100526966,-0.100526966,0.100526966,0.07455774,0.100526966,1.1005269,0.08683075,0.09387833,-0.100526966
0.5512041,-0.75153846,-0.10231787,0.10231787,0.07543205,0.9757635,-0.062440246,-0.076548256,-0.10231787,0.10231787,-0.10231787,0.10231787,0.10231787,0.10231787,1.1023178,0.03741903,-0.021065554,-0.10231787
-0.75153846,0.7886227,0.15879379,0.15879379,-0.03956091,0.84120625,0.15879379,0.15879379,-0.15879379,-0.15879379,0.15879379,0.15879379,0.13829705,0.84120625,0.11944489,0.0934557,0.15879379,0.15879379
-0.75153846,0.79381037,0.15807495,0.15807495,0.069217294,0.8419251,0.15807495,0.15807495,-0.15807495,-0.15807495,0.15807495,0.15807495,0.15807495,0.8419251,0.15807495,-0.099518746,0.15804626,0.15807495
0.06446806,-0.11377942,-0.010799672,0.0092843175,0.009438967,1.0107998,-0.010799672,-0.010799672,0.98920035,0.010799672,-0.010799672,0.010799672,0.009438967,0.010799672,0.010799672,-0.010799672,-0.010799672,-0.010755595
0.5500674,-0.7385694,-0.10345453,0.10345453,0.07612562,0.935896,-0.05030151,0.07364456,-0.10345453,0.10345453,-0.07781862,0.10345453,0.09029028,0.10345453,1.1034546,0.07781862,0.018372502,-0.09029028
-0.59312475,1.275615,0.7433097,-0.25669032,-0.19309798,0.25669032,-0.25669032,-0.25669032,1.2566903,0.25669032,-0.25669032,-0.15717539,-0.10344379,0.25669032,0.25669032,-0.058365967,-0.031227738,-0.25471905
0.036545046,-0.52479976,0.033848904,0.033848904,0.033848904,1.033849,0.033848904,0.033848904,0.033848904,0.033848904,0.9661511,0.033848904,0.033848904,0.033848904,0.033707995,-0.033848904,0.025461176,0.033848904
-0.75153846,2.260215,0.082462445,0.082462445,0.082462445,0.9175375,0.082462445,0.082462445,-0.082462445,-0.062028352,0.082462445,0.082462445,0.082462445,-0.082462445,0.9175375,0.082462445,-0.082462445,0.082462445
1.2482606,-0.75153846,-0.11474723,1.1147473,0.0704905,0.055593967,-0.11474723,-0.11474723,-0.11443242,1.1147473,-0.11474723,0.11474723,-0.11474723,0.11474723,0.11474723,-0.05438786,0.09445184,-0.113348216
-0.4301721,-0.6157852,0.03361907,-0.038731273,-0.033981465,1.0387312,0.038731273,0.038731273,-0.014360314,0.038731273,0.038731273,0.0030299611,0.038731273,0.038731273,1.0387312,-0.038731273,0.03361907,0.038731273
0.037693128,-0.5452331,0.03499699,0.03499699,0.034842197,1.02193,0.03499699,0.03499699,0.03499699,0.03499699,0.965003,0.03499699,0.03499699,0.03499699,0.03499699,-0.03499699,0.026086818,0.03499699
-0.6335641,-0.37326998,0.06612102,0.06612102,0.040748216,0.93387896,0.06612102,0.06612102,0.93387896,-0.06612102,0.06612102,0.06612102,0.06607733,-0.06612102,-0.049736314,0.049736314,-0.06612102,0.06612102
-0.51616573,1.2125523,0.7431006,-0.25689948,0.13940154,0.25689948,-0.25689948,-0.25689948,1.2568995,0.25689948,-0.25689948,-0.059637528,-0.25689948,0.25689948,0.092834115,-0.08934888,-0.19324012,-0.2562338
-0.09852672,-0.5836585,0.064195804,0.064195804,0.03957248,0.9358042,0.064195804,0.05709244,0.064195804,-0.064195804,-0.064195804,0.044846077,0.064195804,-0.064195804,0.9358042,0.064195804,-0.012579772,-0.008608628
-0.087635115,-0.55588216,-0.008717181,0.008717181,-0.006557071,0.9923957,-0.006557071,0.0028325366,0.008717181,0.008717181,1.0075777,0.008717181,0.0043983157,0.008717181,-0.008717181,-0.008205605,-1.996092e-05,0.0054442086
0.121531695,-0.24017622,0.090316996,-0.090316996,-0.09013787,0.909683,0.090316996,0.06747964,0.090316996,-0.090316996,0.090316996,-0.090316996,-0.06793657,-0.06793657,0.909683,-0.0895056,-0.04385722,0.06747964
-0.545551,1.5230751,0.7390485,-0.14271304,-0.117792234,0.26095155,-0.26095155,-0.26095155,1.2609515,0.26095155,-0.26095155,-0.096100464,-0.22559536,0.26095155,0.26095155,-0.1962881,0.0692274,-0.26095155
-0.67526644,1.6983347,0.089274734,0.089274734,0.07806393,0.9107253,0.089274734,0.089274734,-0.089274734,-0.089274734,0.089274734,0.089274734,0.089274734,-0.089274734,0.9107253,0.089274734,-0.08921566,0.089274734
2.326725,1.3181283,-0.75153846,1.3050151,1.3050151,1.9753697,-0.75153846,-0.23162504,-0.30501515,1.3050151,-0.75153846,1.3050151,-0.197444,1.3050151,1.3050151,-0.75153846,1.3050151,-0.23918794
0.03802407,-0.5517492,0.035327934,0.035327934,0.035327934,1.0201398,0.035327934,0.026573712,0.035327934,0.035327934,0.964672,0.035327934,0.035327934,0.035327934,0.035327934,-0.035327934,0.016987521,0.035327934
-0.75153846,2.184577,0.025329884,0.025329884,-0.016786834,0.9746701,0.025329884,0.025329884,-0.025329884,-0.025329884,1.004739,0.025329884,0.025329884,-0.025329884,0.025329884,0.025329884,0.021390647,-0.01904732
1.1513147,-0.75111943,-0.49873364,0.49873364,0.49873364,0.49873364,0.6940693,-0.49727243,0.5012663,0.49873364,-0.49873364,0.49873364,-0.28693897,0.49873364,0.49873364,-0.18021385,0.49873364,-0.49873364
-0.526222,-0.6483604,0.0003890982,-0.05652374,-0.049409173,1.0565238,0.04251723,0.04179841,0.05652374,0.05652374,0.05652374,0.05652374,0.04251723,0.05652374,1.0565238,-0.05652374,0.049544297,0.05652374
-0.75153846,-0.5708642,0.13562517,0.8643749,0.13562517,-0.13562517,0.13562517,0.11853714,-0.047012813,0.13562517,0.13562517,0.13562517,0.13562517,-0.13562517,-0.13562517,0.8643749,0.13562517,0.13562517
-0.55158204,-0.55993533,-0.014495714,-0.0344097,-0.026621724,1.0344096,0.0344097,0.034390442,0.034390442,0.0344097,0.0344097,0.0344097,0.034390442,0.0344097,0.9897827,-0.0344097,0.0344097,0.0344097
-0.43021834,-0.61606467,0.033494174,-0.038453177,-0.038453177,1.0384532,0.038453177,0.038453177,-0.038453177,0.038453177,0.038453177,0.038453177,0.038411733,0.038453177,1.0384532,-0.038453177,0.038411733,0.038453177
-0.43031573,-0.61572415,0.038663946,-0.038819462,-0.033944633,1.0388194,0.038819462,0.0289523,0.01961615,0.038819462,0.038819462,0.023766533,0.038819462,0.038819462,1.0388194,-0.038819462,0.038819462,0.038819462
0.55154,-0.75153846,-0.10198194,0.10198194,0.06127699,1.0765237,-0.02376857,0.035744492,-0.10198194,0.10198194,-0.10198194,0.10198194,0.075412616,0.10198194,1.1019819,0.0829196,0.10198194,-0.07671094
-0.073051065,-0.3921334,0.00679429,-0.00679429,-0.0028203977,1.0051106,0.005110673,0.00679429,-0.0059374287,-0.00679429,0.9932057,-0.00679429,-0.00679429,-0.00679429,0.00679429,-0.00679429,0.005069011,0.00025918288
-0.75153846,-0.5709056,0.13563812,0.8643619,0.13563812,-0.13563812,0.13563812,0.085336074,-0.034534585,0.13502482,0.13563812,0.13563812,0.10202718,-0.13563812,-0.13563812,0.8643619,0.11748873,0.13563812
-0.42991346,-0.6159428,0.03875801,-0.03875801,-0.029153824,1.038758,0.033690847,0.038757026,0.010685562,0.03875801,0.03875801,0.024967305,0.03875801,0.03875801,1.038758,-0.03875801,0.03875801,0.03875801
-0.75153846,-0.57066596,0.13588111,0.86411893,0.13588111,-0.13588111,0.13588111,0.117945336,-0.13588111,0.1188746,0.13588111,0.13588111,0.13588111,-0.13588111,-0.13588111,0.86411893,0.062447324,0.13588111
-0.6572257,2.6661553,-0.0072412086,-0.0072412086,0.0072412086,1.0072412,-0.0072412086,-0.0072412086,0.0072412086,0.0072412086,0.9927588,-0.0072412086,-0.0072412086,0.0072412086,0.0072412086,-0.0072412086,0.0072412086,0.0072412086
-0.5478828,2.7695472,0.08958142,0.08958142,-0.017048579,0.91041857,0.08958142,-0.032401852,-0.08958142,-0.08958142,0.08958142,0.08958142,0.08958142,-0.08958142,0.91041857,0.06738325,-0.06681356,-0.08958142
-0.60364324,2.5809865,0.12749168,-0.018533954,-0.07983047,0.87250835,0.12749168,0.12749168,-0.12749168,-0.12749168,0.12749168,0.12749168,0.12736271,0.87250835,0.047142796,0.12749168,-0.09589941,0.12749168
-0.6437678,-0.6489758,-0.05568935,-0.05568935,-0.027595881,1.0556893,-0.041889593,-0.020492423,0.05568935,0.05568935,0.05568935,0.05568935,-0.013178565,0.05568935,0.9443106,-0.05568935,0.04139564,0.05568935
-0.09153329,-0.5777483,-0.006384275,0.007050761,-0.004838529,0.99294925,-0.007050761,0.00065849157,0.006174213,0.007050761,1.0061742,0.007050761,0.007050761,0.007050761,-0.007050761,-0.0028669224,-0.0011053204,0.0053035887
0.5524268,-0.7378117,-0.10109516,0.07604391,0.10109516,1.0760438,-0.07604391,-0.08762683,-0.07604391,0.10109516,-0.10109516,0.10109516,0.07530049,0.10109516,1.1010952,-0.03721203,0.05103299,-0.07604391
0.037108965,-0.5311074,0.034412824,0.034412824,0.02588537,1.0258853,0.034412824,0.029989472,0.034412824,0.034412824,0.9655872,0.034412824,0.034412824,0.034412824,0.029793149,-0.034412824,0.034412824,0.034412824
-0.41368863,-0.61802983,0.03550677,-0.03550677,-0.03550677,1.0355068,0.03550677,0.026708229,-0.026708229,0.03550677,0.03550677,0.026708229,0.03550677,0.03550677,1.0355068,-0.03550677,0.03550677,0.03550677
-0.65192753,0.14278091,0.16099761,0.16099761,-0.09755476,0.8390024,0.16099761,0.16099761,-0.16099761,-0.16099761,0.16099761,0.14037713,0.16099761,0.8390024,0.12007613,0.16099761,0.09285407,0.121102616
0.5514413,-0.7388907,-0.1020806,0.1020806,0.07585964,1.0350043,-0.050747897,-0.008588712,-0.1020806,0.1020806,-0.1020806,0.1020806,0.055719722,0.1020806,1.1020806,0.063499086,0.017323751,-0.08879452
0.5416655,-0.7130507,-0.09794496,0.09794496,0.04387724,1.0979449,-0.061497938,-0.053467873,-0.08576857,0.09794496,-0.09794496,0.09794496,0.06093135,0.09794496,1.0979449,0.09753286,0.034799892,-0.09753286
-0.46473068,0.9272987,0.7410152,-0.095349364,0.18993282,0.25898483,-0.25898483,-0.25898483,1.2589848,0.25898483,-0.25898483,-0.08889403,-0.22365913,0.25898483,0.25898483,0.10029306,-0.024810892,-0.25898483
0.5529086,-0.75153846,-0.100613356,0.100613356,0.07568149,1.0868282,-0.088063024,-0.08854138,-0.100613356,0.100613356,-0.100613356,0.100613356,0.07568149,0.100613356,1.1006134,0.025855325,0.07568149,-0.100613356
0.54190034,-0.75153846,-0.09771013,0.09771013,0.09771013,1.0465965,-0.013193792,0.03679303,-0.08515081,0.09771013,-0.09771013,0.09771013,0.08371353,0.09771013,1.0977101,0.097231284,0.07288173,-0.07349768
0.55089855,-0.75153846,-0.10262343,0.08913963,0.07638466,1.1026235,-0.06263705,0.06309333,-0.10262343,0.10262343,-0.10262343,0.10262343,0.08884925,0.10262343,1.1026235,0.06196392,0.019574884,-0.10262343
0.5511952,-0.75153846,-0.1023268,0.1023268,0.08956274,0.9836099,0.053071827,-0.10205928,-0.1023268,0.1023268,-0.1023268,0.1023268,-0.023649901,0.1023268,1.1023269,-0.06799612,0.07615159,-0.076970346
-0.7426707,-0.03190523,0.07599239,0.07599239,0.07594779,0.92400765,0.07599239,0.057161573,0.92400765,-0.07599239,0.07599239,0.07599239,0.0013364339,-0.07599239,-0.057161573,0.07599239,0.07594779,0.02449835
-0.2556301,1.195765,0.61538357,0.12612021,0.33337247,0.3846164,-0.3846164,-0.38023606,0.3846164,0.3846164,-0.3846164,0.61538357,-0.283192,0.3846164,0.18343775,-0.18629421,-0.09652415,-0.28930894
-0.09126138,-0.5823556,-0.0038961135,0.008597342,-0.007538705,0.9924613,-0.008633721,-0.0061508305,0.0064942962,0.008633721,1.0075387,0.008633721,0.0070450576,0.008633721,-0.008633721,0.0038949978,0.00011835748,0.008633721
-0.71544874,2.2775018,0.02581644,0.02581644,-0.02581644,0.97418356,0.02581644,0.02581644,-0.02581644,-0.02581644,1.0042747,0.02581644,0.02581644,-0.02581644,0.01939844,0.02581644,0.022617836,-0.02581644
-0.6307495,-0.37440708,0.06632056,0.06632056,0.04858382,0.9336794,0.06632056,0.06632056,0.9336794,-0.06632056,0.06632056,0.06632056,0.06632056,-0.06632056,-0.049886405,0.06632056,-0.058047846,0.06632056
0.5493702,-0.7381583,-0.10415169,0.10415169,0.10355027,1.0334194,-0.064140305,-0.0015619118,-0.06465835,0.10415169,-0.10415169,0.10415169,-0.10415169,0.10415169,1.1041516,0.10355027,-0.004071041,-0.08994897
-0.58066386,-0.44412693,-0.005327914,-0.005327914,-0.0034369202,1.0053279,-0.004665518,0.0032914293,0.0040076636,0.005327914,0.005327914,0.0037915625,-0.0039807856,0.005327914,1.0053011,-0.005327914,0.005301036,0.005327914
-0.079558715,0.4716715,0.14009711,-0.14009711,-0.14009711,0.85990286,0.14009711,0.14009711,0.9126831,-0.14009711,0.14009711,-0.14009711,-0.14009711,-0.14009711,-0.14009711,0.14009711,0.051458716,0.14009711
-0.43068567,-0.61602837,0.038449526,-0.038449526,-0.038449526,1.0384495,0.03841592,0.033581838,-0.028921776,0.038449526,0.038449526,-0.014551776,0.038449526,0.038449526,1.0384495,-0.038449526,0.038449526,0.038449526
1.1996017,-0.75153846,-0.19122924,0.19122924,0.19122924,0.19122924,1.118688,0.046662793,-0.19086382,0.19122924,-0.19122924,1.1912292,0.1676973,0.14384289,0.19122924,-0.19122924,0.1676973,-0.14384289
0.04682339,-0.5459595,0.028824612,0.025229089,0.020920468,1.0212013,0.028824612,0.021363378,0.028824612,0.028824612,0.97117543,0.028824612,0.021681912,0.028824612,0.028824612,-0.028824612,0.025121987,0.028824612
-0.5141432,1.2506666,0.7407815,-0.22348383,-0.09384096,0.2592185,-0.2592185,-0.2592185,1.2592186,0.2592185,-0.2592185,-0.036476865,-0.15445884,0.2592185,0.19237684,-0.16028665,0.021379944,-0.1949845
0.5510637,-0.75153846,-0.10245823,0.10245823,0.10245823,0.89754176,-0.05493262,0.0045851953,-0.10245823,0.10245823,-0.10245823,0.10245823,0.02655207,0.10245823,1.1024582,0.012526344,0.050784487,-0.0770692
-0.59567064,-0.6494894,-0.05654183,-0.05654183,-0.05654183,1.0565418,0.02083703,0.04926283,0.05654183,0.05654183,0.05654183,0.05654183,0.05654183,0.05654183,0.94345814,-0.05654183,0.042530835,0.05654183
-0.5529854,-0.55384064,0.0021066642,-0.033006314,-0.01408185,1.0330063,0.032136645,0.03298538,0.033006314,0.033006314,0.033006314,0.03298538,0.010523847,0.033006314,1.0288748,-0.033006314,0.00779898,0.033006314
0.55183166,-0.74886453,-0.10169031,0.10169031,0.10169031,1.1016903,0.0116127115,-0.07566792,-0.10169031,0.10169031,-0.10169031,0.10169031,0.025000433,0.10169031,1.1016903,0.059405863,0.08598741,-0.07649158
-0.75153846,-0.5682797,0.13816026,0.8618397,0.13816026,-0.13816026,0.13816026,0.086806536,0.13816026,0.13816026,0.13816026,0.13816026,0.13816026,-0.09374197,-0.13816026,0.8618397,-0.05274684,0.13816026
-0.61985,-0.42207184,-0.0030071451,-0.0030071451,0.0022344862,1.003007,-0.0030071451,-0.0022442609,0.0030071451,0.0030071451,0.0030071451,0.0018651496,-0.0030071451,0.0030071451,1.0018278,-0.0030071451,0.0030071451,0.0030071451
-0.75153846,2.2599134,0.08277285,0.08277285,0.051763766,0.91722715,0.08277285,0.062261835,-0.08277285,-0.08277285,0.08277285,0.08277285,0.08277285,-0.07227478,0.91722715,0.08277285,-0.08146444,0.08277285
-0.42962873,-0.6163142,0.038347177,-0.038347177,-0.028844781,1.0383472,0.038347177,0.038347177,-0.0075414428,0.038347177,0.038347177,-0.006297354,0.038347177,0.038347177,1.0383472,-0.038347177,0.038347177,0.038347177
0.16389343,0.7230167,-0.037505154,0.037505154,-0.037505154,1.0278666,0.037505154,-0.037505154,0.037505154,0.037505154,-0.037505154,0.037505154,0.017143592,0.037505154,1.0375051,0.0328111,0.037505154,-0.022899004
-0.07907814,0.45234677,0.14057769,-0.088325426,-0.06731112,0.8594223,0.14057769,0.14057769,0.9814372,-0.14057769,0.14057769,-0.14057769,-0.14057769,-0.14057769,-0.14057769,0.13949288,0.12639357,0.13949288
2.214741,0.17676966,-0.75153846,1.0645746,1.063276,2.0645745,-0.6185049,-0.74533033,-0.064574555,1.0645746,-0.75153846,1.0645746,-0.68691635,1.0645746,1.0645746,-0.080862984,0.6688758,-0.4851842
-0.257033,1.1946726,0.6167864,-0.18419878,0.15935142,0.38321352,-0.38321352,-0.38321352,0.38321352,0.38321352,-0.38321352,0.6167864,-0.28825372,0.38321352,0.12012179,0.022287864,0.23780705,-0.38321352
1.089665,-0.20752016,-0.46114808,0.46114808,0.46114808,1.4611481,-0.3373118,-0.37786317,0.60702664,0.46114808,-0.46114808,0.46114808,-0.33401054,0.46114808,0.46114808,0.19138213,0.39747745,-0.40189296
0.48112413,0.75245076,-0.19836593,0.19836593,0.13764393,1.1983659,-0.19836593,-0.17251118,1.1983659,0.19836593,-0.19836593,0.19836593,-0.14921111,0.19836593,0.19836593,-0.19836593,0.19836593,-0.1976561
-0.68984896,1.9287256,0.73290974,-0.17066091,-0.12564704,0.26709023,-0.26709023,-0.26709023,1.2670902,0.26709023,-0.26709023,-0.26709023,-0.20090562,0.26709023,0.26709023,0.14209884,0.08238748,-0.26650637
-0.008358779,2.5603049,-0.10913092,0.094523124,0.02577399,1.1091309,-0.10913092,-0.082088426,1.1091309,0.10913092,-0.10913092,0.10913092,-0.094523124,0.10913092,-0.094523124,0.10913092,0.053871136,0.073795095
0.6566711,0.8897444,-0.317047,0.317047,0.2340826,1.317047,-0.317047,0.056508303,1.2781662,0.317047,-0.317047,0.317047,-0.13997938,0.317047,0.317047,-0.30546477,0.317047,-0.3154304
0.550072,-0.738544,-0.103449956,0.103449956,0.050051585,1.0500516,0.020185875,0.073763885,-0.09015718,0.103449956,-0.103449956,0.103449956,-0.09015718,0.103449956,1.10345,0.087489925,0.07781519,-0.103449956
0.038816486,-0.562176,0.036120348,0.03161477,0.036120348,0.994819,0.036120348,0.036120348,0.036120348,0.036120348,0.96387964,0.036120348,0.036120348,0.036120348,0.036101453,-0.036120348,0.035871312,0.036120348
-0.7179629,0.06652797,0.0948739,0.0948739,0.0948739,0.9051261,0.0948739,0.0948739,0.9051261,-0.0948739,0.07136426,0.0948739,-0.0948739,-0.0948739,-0.05280022,0.0948739,0.09116551,0.04458055
-0.48754755,-0.60760534,-0.1044725,-0.1044725,-0.06550885,1.1044725,-0.1044725,-0.1044725,0.1044725,0.1044725,0.90931016,-0.1044725,-0.03704849,0.1044725,0.1044725,-0.09068983,-0.10386139,0.0878943
-0.75153846,2.3029313,0.08318661,0.08318661,0.08212784,0.9168134,0.08318661,0.08318661,-0.08318661,-0.08318661,0.08318661,0.08318661,0.07294999,-0.08318661,0.9168134,0.08318661,-0.0723193,0.08318661
1.7849652,-0.75153846,-0.75153846,0.7799956,0.7799956,0.58671373,0.70895255,0.12766775,0.22000438,0.7799956,-0.75153846,0.7799956,-0.07239688,0.7799956,0.7799956,-0.68335575,0.58671373,-0.75153846
0.5419657,-0.7206001,-0.09764473,0.09764473,0.09764473,1.0853012,0.073448494,-0.09712255,-0.09764473,0.09764473,-0.09764473,0.09764473,0.073448494,0.09764473,1.0976447,0.09584769,0.09764473,-0.09764473
0.037742633,-0.5402314,0.035046495,0.030543203,0.035046495,1.0263621,0.035046495,0.035046495,0.035046495,0.035046495,0.9649535,0.035046495,0.035046495,0.035046495,0.035046495,-0.035046495,0.0128187835,0.035046495
1.2000431,-0.75153846,-0.19078779,0.19078779,0.19078779,0.19078779,1.11657,-0.008311957,-0.19078779,0.19078779,-0.19078779,1.1907878,-0.04622888,0.19078779,0.19078779,-0.11931328,0.095535256,-0.14351082
-0.60295486,1.6294026,0.73926026,-0.22794409,-0.07051756,0.26073977,-0.26073977,-0.26073977,1.2607398,0.26073977,-0.26073977,-0.16229172,-0.15911825,0.26073977,0.227888,-0.121119514,-0.08455204,-0.26073977
1.2484088,-0.75153846,-0.11459915,1.1145992,0.08620162,0.09921255,-0.09921255,0.055780824,-0.11459915,1.1145992,-0.11459915,0.11459915,0.0040856004,0.11459915,0.09921255,-0.06978089,0.11321959,-0.11459915
-0.099547036,-0.5912186,0.0020929957,-0.0020929957,0.0014671115,1.002093,0.0020929957,-0.0018090697,-0.0018187477,-0.0020929957,0.9984352,-0.0020929957,-0.0018249128,-0.0015743533,0.0020929957,0.0020929957,0.0015743533,-0.0015743533
-0.62918407,-0.3747104,0.06661004,0.06661004,0.05010415,0.93338996,0.06661004,0.06661004,0.93338996,-0.06661004,0.06661004,0.06661004,0.06661004,-0.06661004,-0.059238844,0.06661004,-0.05010415,0.06661004
-0.4304191,-0.61612564,0.038484264,-0.038484264,-0.038484264,1.0384842,0.038484264,0.038484264,-0.022842634,0.038484264,0.038484264,0.038484264,0.038484264,0.038484264,1.0384842,-0.038484264,0.038484264,0.038484264
0.0380695,-0.5565043,0.035373364,0.035373364,0.035373364,1.0353733,0.035373364,0.035373364,0.035373364,0.035373364,0.96462667,0.035373364,0.035373364,0.035373364,0.035373364,-0.035373364,0.035373364,0.035373364
-0.4882202,-0.42836773,-0.0801503,-0.0801503,-0.06958099,1.0801504,-0.0801503,-0.06913145,0.0801503,0.0801503,1.0498444,-0.0801503,-0.0801503,0.0801503,0.0801503,-0.06958099,-0.028830647,-0.007518906
0.31311858,-0.46569216,-0.20870799,0.20870799,0.15368718,0.20870799,0.7912921,-0.17954063,0.7912921,0.20870799,-0.20870799,0.20870799,-0.12539712,0.20870799,0.20870799,-0.20870799,-0.18258667,-0.20870799
-0.73773545,0.07151161,0.09030132,0.09030132,0.07884843,0.90969867,0.09030132,0.06792477,0.90969867,-0.09030132,0.09030132,0.09030132,0.06301236,-0.09030132,-0.06725038,0.06792477,-0.00428495,0.09030132
-0.75153846,0.66070116,0.15447344,0.15447344,0.11272494,0.8455266,0.15447344,0.15447344,-0.15447344,-0.15447344,0.15447344,0.15447344,0.11529695,0.8455266,0.13456029,0.15447344,-0.09437551,0.15447344
-0.75153846,-0.6887153,0.023544196,-0.023544196,0.023544196,0.9764558,0.023544196,0.023544196,-0.014743518,0.023544196,0.023544196,0.023544196,0.023544196,0.023544196,0.9764558,-0.023544196,-0.017408567,0.023544196
-0.6613814,-0.26297686,0.07214367,0.07214367,0.07214367,0.9278563,0.07214367,0.07214367,0.9278563,-0.07214367,0.07214367,0.07214367,0.07214367,-0.07214367,-0.06271185,0.07214367,0.048915185,0.07214367
0.008282581,0.5372832,0.10018457,-0.10018457,-0.09969924,0.89981544,0.10018457,0.10018457,0.89981544,-0.10018457,0.10018457,-0.10018457,-0.10016046,-0.10018457,-0.10018457,0.063030645,0.075358965,0.10018457
-0.5478243,-0.6494828,-0.042668916,-0.056725398,-0.056725398,1.0567254,0.048720293,0.056725398,0.056652185,0.056725398,0.056725398,0.056725398,0.049673393,0.056725398,0.9580811,-0.056725398,0.055569593,0.056725398
-0.56725657,-0.65004224,-0.056505494,-0.056505494,-0.056505494,1.0565056,0.056505494,0.0425035,0.056505494,0.056505494,0.056505494,0.0425035,0.0425035,0.056505494,0.9434945,-0.056505494,0.0425035,0.056505494
0.038467992,-0.55756736,0.035771854,0.03566598,0.03566598,0.99412143,0.035771854,0.035771854,0.035771854,0.035771854,0.96422815,0.035771854,0.035771854,0.035771854,0.035771854,-0.035771854,0.035771854,0.035771854
0.5520263,-0.75153846,-0.10149565,0.10149565,0.10149565,1.0891345,-0.08839474,-0.10149565,-0.07634516,0.10149565,-0.10149565,0.10149565,0.043470282,0.10149565,1.1014956,-0.02432747,0.08633984,-0.089134485
-0.61961246,-0.6545887,-0.057646826,-0.057646826,-0.057588913,1.0576469,0.045971375,-0.0005612611,0.057646826,0.057646826,0.057646826,0.043362014,-0.0433041,0.057646826,0.94942266,-0.057646826,0.057646826,0.057646826
-0.08922351,-0.55818516,-0.0056688576,0.0049614026,0.006595845,0.99340415,-0.006595845,-0.0050285296,0.006595845,0.006595845,1.0064737,0.006595845,0.0049614026,0.006595845,-0.006595845,-0.0036948929,-0.0039059282,0.0057841837
-0.6155521,-0.32848462,0.02956036,0.021852987,0.02956036,0.9704396,0.02956036,0.02956036,-0.02956036,-0.0027144128,0.02956036,0.02956036,0.025786588,0.025786588,0.9704396,-0.02956036,-0.02956036,0.02956036
-0.097346,-0.58242464,0.00043950742,-0.0005842949,4.8474307e-05,1.0004433,0.0005842949,8.750431e-05,-0.00043950742,-0.0005842949,0.9995785,-0.0005842949,-0.00028064224,-0.0005842949,0.0005842949,0.00043733232,0.00037481944,-0.0005842949
-0.098341085,-0.4800659,-0.23144737,-0.11492544,0.23144737,0.23144737,0.76855266,-0.23144737,0.9096242,0.23144737,-0.23144737,0.23144737,-0.111821406,0.23144737,-0.20209296,-0.23144737,-0.23144737,-0.14415725
1.1996396,-0.75153846,-0.19119133,0.19119133,0.19119133,0.14381437,1.023497,0.03675933,-0.19119133,0.19119133,-0.19119133,1.1911913,-0.1415813,0.19119133,0.19119133,-0.19119133,0.19119133,-0.13947228
0.03801371,-0.5421526,0.035317574,0.035180274,0.035180274,1.0203658,0.035317574,0.030420084,0.035317574,0.035317574,0.9648197,0.035180274,0.035317574,0.035317574,0.035317574,-0.035317574,0.015010258,0.031151306
-0.43061706,-0.6160564,0.033665035,-0.03851813,-0.03851813,1.0385182,0.03851813,0.03851813,-0.038272113,0.03851813,0.03851813,6.561447e-05,0.03851813,0.03851813,1.0289733,-0.03851813,0.03851813,0.03851813
-0.7395987,-0.6850371,0.027244287,-0.027244287,0.0032258022,0.97275573,0.027244287,0.027171142,-0.020493189,0.027244287,0.027244287,0.027244287,0.01708337,0.027244287,0.97275573,-0.027244287,-0.005546231,0.027244287
-0.09090607,-0.5682035,-0.006423538,0.006423538,-0.0021975967,0.9951682,-0.006423538,0.0004409625,0.006423538,0.006423538,1.0012934,0.006423538,0.0017994215,0.006423538,-0.006423538,-0.0008589047,-0.0048299036,0.003906007
-0.75153846,-0.56963557,0.13683088,0.86316913,0.11846866,-0.13683088,0.13683088,0.13683088,-0.02005543,0.13683088,0.13683088,0.13683088,0.04548279,-0.13683088,-0.13683088,0.86316913,0.13683088,0.13683088
0.54052144,-0.7263314,-0.099089056,0.099089056,0.08559051,1.0857759,-0.098782256,0.04695232,-0.06139296,0.099089056,-0.099089056,0.099089056,-0.0227389,0.099089056,1.0990891,0.086407244,0.074288435,-0.099089056
-0.4297834,1.284775,0.058384493,-0.1367232,0.055751994,1.1562083,0.15620832,-0.15620832,-0.15620832,-0.05533719,-0.13433811,-0.15620832,0.11528605,-0.15620832,1.1562083,-0.15620832,0.117500104,-0.117500104
-0.75153846,0.951243,0.15036076,0.15036076,0.15036076,0.84963924,0.15036076,0.15036076,0.84963924,-0.15036076,0.15036076,0.15036076,0.13198482,-0.15036076,0.150276,-0.12492458,0.113101564,0.15036076
-0.43061665,-0.61521524,0.0289737,-0.038518544,-0.038518544,1.0385185,0.038518544,0.038518544,0.023725638,0.038518544,0.038518544,0.02236418,0.038518544,0.038518544,1.0385185,-0.038518544,0.0289737,0.038518544
-0.75153846,2.2592452,0.08341943,0.08341943,0.0620541,0.91658056,0.08341943,0.08341943,-0.08341943,-0.072874025,0.08341943,0.08341943,0.04983821,-0.06274818,0.91658056,0.08290027,-0.08290027,0.08341943
-0.5968224,-0.37301028,0.011294379,0.011294379,-0.0055600833,0.98870564,0.008495643,-0.00034486968,-0.011294379,-0.011294379,-0.011294379,-0.0036250832,0.008495643,-0.011294379,0.98870564,0.011294379,-0.011294379,-0.011294379
-0.5465284,-0.59135133,-0.12038183,-0.12038183,-0.12038183,1.1203818,-0.12038183,-0.12038183,0.12038183,0.12038183,0.87961817,-0.12038183,-0.010897623,0.12038183,0.12038183,-0.12030294,-0.049494244,0.063388474
-0.6190025,0.17607582,0.033010803,0.033010803,0.032853458,0.9669892,0.033010803,0.033010803,-0.033010803,-0.028526956,0.033010803,0.033010803,0.033010803,-0.033010803,0.9669892,-0.020699201,-0.016410347,0.033010803
-0.6429627,-0.6552205,-0.056970965,-0.056970965,-0.04252579,1.056971,-0.042853627,0.012781213,0.056970965,0.056970965,0.056970965,0.056970965,-0.035103794,0.056970965,0.94302905,-0.056970965,0.056970965,0.056970965
1.1978356,-0.75153846,-0.19299538,0.19299538,0.09623663,0.19299538,1.0121456,0.054464612,-0.14517139,0.19299538,-0.19299538,1.1929953,-0.04193847,0.19299538,0.19299538,-0.14460015,0.014458284,-0.19299538
1.1999259,-0.75153846,-0.1909049,0.1909049,0.1909049,0.1909049,1.0138224,0.030141521,-0.1909049,0.1909049,-0.1909049,1.190905,-0.06771591,0.1909049,0.1909049,-0.1435989,0.14158836,-0.1435989
-0.68131006,-0.15299915,0.079783864,0.079783864,0.07904566,0.9202161,0.079783864,0.079783864,0.9202161,-0.079783864,0.079783864,0.079783864,-0.07844328,-0.079783864,-0.079783864,0.06983177,0.07904566,0.06983177
-0.5595248,-0.5123242,-0.0033646598,-0.021623358,-0.016225107,1.0216234,0.021623358,0.02151306,0.021623358,0.021623358,0.021623358,0.021623358,0.01875563,0.021623358,1.0162652,-0.021623358,0.018895015,0.021623358
0.095466204,0.059995502,-0.09178903,0.09178903,-0.049320847,1.091776,-0.09178903,-0.09178903,0.09178903,0.09178903,0.90821093,0.09178903,0.08076566,0.09178903,0.091775954,-0.08076566,0.06904382,0.09178903
-0.122918956,-0.4755997,-0.23549965,-0.2068182,0.17714316,0.23549965,0.7645003,-0.23539582,1.0231159,0.23549965,-0.23549965,0.23549965,-0.04822752,0.23549965,-0.113306046,-0.23549965,-0.17391688,0.055919886
-0.48232776,1.3154103,0.7447008,-0.22054404,0.22388303,0.25529918,-0.25529918,-0.25529918,1.2552991,0.25529918,-0.25529918,-0.121045955,-0.18333608,0.25529918,0.25417525,-0.021404408,-0.15677285,-0.25529918
-0.09260903,-0.5820429,-0.006271637,0.005468341,-0.004389282,0.99372834,-0.006271637,0.0038217993,0.006271637,0.006271637,1.0054682,0.006271637,0.006271637,0.006271637,-0.006271637,-0.0015717337,-0.0038512445,0.006271637
-0.656824,-0.65674424,-0.05553045,-0.05553045,-0.05553045,1.0555304,-0.05553045,-0.0344672,0.05553045,0.05553045,0.05553045,0.04671481,-0.04855708,0.05553045,0.9444696,-0.05553045,0.05553045,0.05553045
-0.15992129,-0.4768995,-0.23386496,-0.23386496,0.20241144,0.23386496,0.76613504,-0.11301065,1.008748,0.23386496,-0.23386496,0.23386496,-0.17591354,0.23386496,-0.23386496,-0.23386496,-0.20647703,-0.055952653
-0.65021044,-0.37091047,0.06282756,0.06282756,0.06282756,0.9371724,0.06282756,0.06282756,0.9371724,-0.06282756,0.06282756,0.054806784,0.03819327,-0.06282756,-0.06259104,0.06282756,-0.06259104,0.04725897
-0.54642534,-0.59150636,-0.12048488,-0.12048488,-0.12048488,1.1204848,-0.12048488,-0.12048488,0.12048488,0.12048488,0.8795151,-0.12048488,-0.04370102,0.12048488,0.12048488,-0.09266113,0.06342362,0.053704064
-0.026729502,2.555845,-0.09527336,0.09527336,0.022130877,1.0952734,-0.09527336,-0.094662026,1.0952734,0.09527336,-0.09527336,0.09527336,-0.07047647,0.09527336,-0.07166472,0.06855431,0.059637293,-0.07166472
1.2099024,-0.75153846,-0.19483992,0.19483992,0.19483992,0.14655885,1.1465588,-0.09492119,-0.19483992,0.19483992,-0.19483992,1.19484,-0.014695505,0.19483992,0.19483992,-0.14655885,0.14280798,-0.19483992
0.18897301,0.082340434,0.030931897,-0.030931897,0.030763749,0.9690681,-0.030931897,0.030931897,-0.030931897,-0.030931897,0.030931897,-0.030931897,-0.023233745,-0.030931897,0.9690681,-0.030931897,-0.030931897,-0.021507379
1.2107674,-0.75153846,-0.19397499,0.19397499,0.19397499,0.19397499,1.1892099,-0.017579636,-0.19397499,0.19397499,-0.19397499,1.1939751,-0.1589852,0.19397499,0.19397499,-0.14590822,0.19397499,-0.19397499
0.038524278,-0.55225074,0.03582814,0.031224415,0.03582814,1.0134195,0.03582814,0.026949976,0.03582814,0.03582814,0.9641719,0.03582814,0.03582814,0.03582814,0.03582814,-0.03582814,0.0022197063,0.03582814
1.249101,-0.73742545,-0.113906935,1.1139069,0.113906935,0.07132931,-0.09081944,-0.02189073,-0.113906935,1.1139069,-0.113906935,0.113906935,0.05833056,0.113906935,0.113906935,-0.052915245,0.08568095,-0.113906935
0.61385673,1.5851194,-0.35986134,0.35986134,0.31377056,1.3598613,-0.35986134,-0.31377056,1.3598613,0.35986134,-0.35986134,0.35986134,-0.26849908,0.35986134,0.35986134,-0.13475014,0.12560885,-0.26443028
-5.816389e-05,0.43880945,0.100190714,-0.08765112,-0.100190714,0.8998093,0.100190714,0.07536359,0.97337705,-0.100190714,0.100190714,-0.100190714,-0.09947731,-0.100190714,-0.100190714,0.100190714,0.006761973,0.08765112
-0.47063074,2.397005,0.11536098,0.11536098,-0.11536098,0.884639,0.11536098,0.11477164,-0.11536098,-0.11536098,0.11536098,0.11536098,0.11536098,-0.11536098,0.884639,-0.08648326,-0.11536098,-0.11536098
0.0050842566,0.44499698,0.09860925,-0.09860925,-0.08428517,0.90139073,0.09860925,0.09860925,0.91635853,-0.09860925,0.09860925,-0.09860925,-0.08618503,-0.09860925,-0.06174979,0.09860925,0.02700952,0.045386102
-0.032921616,-0.48565418,-0.22545454,-0.16448686,0.1695872,0.22545454,0.7745455,0.19246134,0.7745455,0.22545454,-0.08209932,0.22545454,-0.1695872,0.22545454,0.12476885,-0.22545454,-0.22545454,-0.22545454
-0.47072917,-0.4370526,-0.27524465,-0.27524465,-0.16923802,0.27524465,0.72475535,-0.23817419,1.2752447,0.27524465,-0.24091117,-0.16521253,-0.27524465,0.27524465,0.27227074,-0.27524465,-0.064870484,-0.27227074
-0.75153846,1.6321986,0.17439994,0.17439994,-0.15061054,0.8256,0.17439994,0.15186517,0.8256,-0.17439994,0.17439994,0.17439994,0.17439994,-0.17439994,-0.10964942,0.10964942,0.17439994,0.17439994
0.55255526,-0.75153846,-0.100966714,0.100966714,0.100966714,1.1008716,-0.08110435,-0.049053296,-0.100966714,0.100966714,-0.100966714,0.100966714,0.020879472,0.100966714,1.1009667,0.06157595,0.10023416,-0.07594729
-0.7283351,-0.679419,0.08298769,0.08298769,0.03215516,0.91701233,0.08298769,0.062423445,-0.08298769,-0.08298769,0.08298769,0.08298769,0.062423445,0.91701233,-0.08298769,0.08298769,-0.057174668,0.08298769
-0.43533933,0.69886523,0.15065241,-0.15065241,0.048703983,1.1506524,0.15065241,-0.11446865,-0.15065241,-0.062370803,-0.07266088,-0.15065241,0.10747363,-0.15065241,1.1506524,-0.07783997,0.05529956,-0.11332095
-0.52140826,-0.64881676,0.007839713,-0.05646847,-0.05604064,1.0564685,0.05646847,0.05646847,0.049170986,0.05646847,0.05646847,0.05646847,0.04232,0.05646847,1.0564685,-0.05646847,0.05646847,0.05646847
-0.25743493,1.1985655,0.6171884,0.18097156,0.3316545,0.38281158,-0.38281158,-0.33522114,0.38281158,0.38281158,-0.38281158,0.6171884,-0.3815192,0.38281158,0.10679379,-0.38281158,0.28795138,-0.3326311
1.2200857,-0.75153846,-0.10118766,1.1011877,0.07512979,0.10118766,-0.05999294,-0.06297683,-0.10118766,1.1011877,-0.10118766,0.10118766,-0.07565965,0.10118766,0.10118766,-0.0881016,0.0747048,-0.10118766
-0.47489297,-0.5257606,0.009575593,-0.02021037,-0.02021037,1.0202104,0.008802003,0.017621838,-0.006842821,0.02021037,0.02021037,0.015202262,0.02021037,0.02021037,1.0202104,-0.02021037,0.02021037,0.02021037
-0.67557776,1.7127807,0.08958602,0.08958602,0.06738672,0.910414,0.08958602,0.08958602,-0.08958602,-0.08958602,0.08958602,0.08958602,0.08958602,-0.08958602,0.910414,0.08958602,-0.05482418,0.08958602
-0.5998546,-0.42275572,-0.0016715922,-0.0016715922,0.001257373,1.0016716,-0.0016715922,0.0016715922,0.0016715922,0.0016715922,0.0016715922,0.0014547742,-0.0014574272,0.0016715922,1.0016716,-0.0016715922,0.001257373,0.0016715922
-0.5683089,-0.07094289,-0.053852662,-0.04050804,-0.053852662,1.0538526,-0.053852662,-0.053852662,0.053852662,0.053852662,1.040508,-0.053852662,-0.03245373,0.053852662,0.053700976,0.053852662,-0.04019071,0.04589855
-0.6562319,2.6194081,0.7039197,-0.12901361,0.038399782,0.2960803,-0.2960803,-0.2960803,1.2960802,0.2960803,-0.2960803,-0.2960803,-0.2960803,0.2960803,0.2960803,-0.05700435,0.13435653,-0.2960803
-0.57794076,-0.64335597,-0.054830715,-0.054830715,-0.054830715,1.0548307,0.041243732,0.047945276,0.054830715,0.054830715,0.054830715,0.054830715,0.047945276,0.054830715,0.94516927,-0.054830715,0.054830715,0.054830715
-0.75153846,2.7259095,0.085165344,0.085165344,-0.0008261362,0.9148347,0.085165344,0.085165344,-0.085165344,-0.085165344,0.085165344,0.085165344,0.085165344,-0.059287526,0.9148347,0.085165344,-0.085165344,0.085165344
0.0019833473,0.43128505,0.09805878,-0.08368299,-0.08570391,0.90194124,0.09805878,0.09805878,0.9481845,-0.09805878,0.09805878,-0.09805878,-0.048592094,-0.09805878,-0.09805878,0.09805878,0.073081665,0.09805878
-0.4299796,-0.61617494,0.028929695,-0.038460046,-0.038460046,1.03846,0.038460046,0.028929695,1.7866027e-05,0.038460046,0.038460046,-0.032975145,0.038460046,0.038460046,1.033566,-0.038460046,0.038460046,0.038460046
-0.6333416,-0.3275266,0.019295076,0.019295076,0.016864002,0.98070496,0.019295076,-0.019295076,0.008699631,-0.019295076,-0.019295076,-0.019295076,0.016843062,-0.019295076,0.98318624,0.019295076,-0.019295076,-0.019295076
0.5532308,-0.75153846,-0.10029114,0.10029114,0.10029114,1.1002911,-0.10029114,-0.10029114,-0.10029114,0.10029114,-0.10029114,0.10029114,0.0754738,0.10029114,1.1002911,0.064214274,0.07539588,-0.10029114
-0.4358132,0.4091452,0.15017854,-0.15017854,0.07515997,1.0345817,0.15017854,-0.15017854,-0.15017854,-0.10576956,-0.07515997,-0.15013443,-0.06112182,-0.15017854,1.1501786,-0.0036478546,0.112964496,-0.11226748
34.579865,-0.75153846,-0.75153846,22.09499,22.09499,23.09499,11.179802,3.9405417,1.9860165,22.09499,-0.75153846,22.09499,-0.75153846,22.09499,22.09499,4.7439575,16.61988,4.7957716
0.047460083,-0.560452,0.029461307,0.029461307,0.022150716,1.0294613,0.029461307,0.022160834,0.029461307,0.029461307,0.9705387,0.029461307,0.029461307,0.029461307,0.029461307,-0.029461307,0.01322633,0.029461307
0.54339963,-0.74225026,-0.096210845,0.096210845,0.096210845,1.0709445,-0.08400843,-0.096210845,-0.096210845,0.096210845,-0.096210845,0.096210845,0.096210845,0.096210845,1.0962108,0.09556249,0.07167683,-0.096210845
0.21916732,1.941226,-0.17281866,0.17281866,0.12086983,1.1728187,-0.17281866,-0.17281866,1.1728187,0.17281866,-0.17281866,0.17281866,-0.1308598,0.17281866,0.17274998,-0.17281866,0.12999442,-0.10003742
0.026673442,2.5505214,-0.13090394,0.13090394,0.040065832,1.130904,-0.13090394,-0.13090394,1.130904,0.13090394,-0.13090394,0.13090394,-0.0945656,0.13090394,-0.098466106,0.08631894,0.024786418,0.05459734
-0.28457424,0.08245106,0.6025933,-0.39740673,0.34471393,0.39740673,-0.39740673,-0.39740673,0.39740673,0.39740673,-0.29892984,0.6025933,-0.39740673,0.39740673,-0.29892984,-0.39740673,-0.39740673,-0.39740673
0.5516409,-0.7370321,-0.10188104,0.10188104,0.06375602,1.0890019,-0.10188104,-0.062265143,-0.10188104,0.10188104,-0.10188104,0.10188104,-0.009020024,0.10188104,1.101881,0.08892351,0.040590767,-0.10188104
1.875926,-0.21578807,-0.75153846,0.8242077,0.8242077,1.3018277,-0.75153846,-0.61997014,0.3950392,0.8242077,-0.75153846,0.8242077,-0.75153846,0.8242077,0.8242077,-0.3805679,0.8242077,-0.75153846
0.036756646,-0.5290446,0.034060508,0.034060508,0.034060508,1.0340606,0.034060508,0.03386606,0.034060508,0.034060508,0.9659395,0.034060508,0.034060508,0.034060508,0.034060508,-0.034060508,0.025620347,0.034060508
1.3035499,-0.4428683,-0.5340716,0.5340716,0.5340716,1.5340717,-0.4017294,-0.4017294,0.46592838,0.5340716,-0.5340716,0.5340716,-0.5340716,0.5340716,0.5340716,-0.45321316,0.5340716,-0.5340716
1.1943796,1.4654807,-0.6481109,0.6481109,0.0029300377,1.4875098,-0.6481109,-0.6481109,1.648111,0.6481109,-0.6481109,0.6481109,-0.48395973,0.6481109,0.6481109,-0.6481109,0.46934456,-0.56645256
-0.68445194,-0.15189636,0.078520454,0.078520454,0.078520454,0.9214796,0.078520454,0.078520454,0.9214796,-0.078520454,0.078520454,0.078520454,0.026107706,-0.078520454,-0.05906319,0.0685945,0.078520454,0.05906319
-0.75153846,-0.5705154,0.13595302,0.86404693,0.10226403,-0.13595302,0.13595302,0.1173886,-0.067812085,0.11859684,0.13595302,0.13595302,0.118364066,-0.13595302,-0.13595302,0.86404693,0.13595302,0.13595302
0.046209358,-0.5349012,0.02821058,0.021060424,0.02821058,1.0279897,0.02821058,0.02112069,0.02821058,0.02821058,0.9717894,0.021220036,0.021220036,0.02821058,0.028173542,-0.02821058,0.027924636,0.02821058
-0.28239977,0.087252155,0.6004188,-0.3995812,0.24361439,0.3995812,-0.3995812,-0.3995812,0.3995812,0.3995812,-0.24905552,0.6004188,-0.3995812,0.3995812,-0.3995812,-0.34807122,-0.3995812,-0.30056548
-0.54231036,-0.6540379,-0.047645647,-0.05820322,-0.05820322,1.0582032,0.05820322,0.057918727,0.05820322,0.05820322,0.05820322,0.05820322,0.05820322,0.05820322,0.96297777,-0.05820322,0.050199833,0.05820322
0.07449637,0.4764125,0.04049938,-0.04049938,-0.004706544,0.9595006,0.04043755,0.04049938,-0.04049938,-0.04049938,0.04049938,-0.04049938,-0.04049938,-0.04049938,0.9595006,-0.04049938,-0.04049938,-0.02559992
0.7284704,-0.31150317,-0.34332365,0.34332365,0.34332365,0.34332365,0.6653006,-0.30326408,0.7003479,0.34332365,-0.34332365,0.34332365,-0.30326408,0.34332365,0.34332365,-0.25021625,0.15801957,-0.34332365
0.036883492,-0.5300253,0.03418735,0.03418735,0.03418735,1.0341873,0.03418735,0.03418735,0.03418735,0.03418735,0.9658126,0.03418735,0.03418735,0.03418735,0.03418735,-0.03418735,0.02932509,0.03418735
1.9969503,0.7555342,-0.75153846,1.0027443,0.8660664,1.8660665,-0.75153846,-0.5036612,0.021604434,1.0027443,-0.75153846,1.0027443,-0.75153846,1.0027443,1.0027443,-0.75153846,1.0027443,-0.6272991
0.08881799,-0.52229536,0.09887405,-0.09887405,-0.074373186,0.90112597,0.09887405,0.09887405,0.09887405,-0.09887405,0.09887405,-0.09887405,-0.09887405,-0.09887405,0.90112597,-0.04394529,0.061750613,0.014482286
-0.75153846,-0.5683397,0.13808842,0.86191154,0.13808842,-0.13808842,0.13808842,0.10273643,0.06584094,0.12051713,0.13808842,0.13808842,0.081798054,-0.13808842,-0.13808842,0.86191154,-0.047387473,0.13808842
-0.54619646,-0.59102756,-0.12071379,-0.12071379,-0.12071379,1.1207138,-0.12071379,-0.0753903,0.12071379,0.12071379,0.8792862,-0.12071379,0.09080107,0.12071379,0.09080107,-0.09080107,-0.10178437,0.0753903
-0.09134605,-0.57658917,-0.0051627466,0.0068635233,0.0026485596,0.9948372,-0.0068635233,-0.0034254033,0.006010263,0.0051627466,1.0068636,0.0068635233,0.0051627466,0.0051627466,-0.0068635233,-0.0051627466,-0.0042729164,0.0051627466
-0.6426127,0.7272394,0.056620955,0.056620955,0.056620955,0.94337904,0.056620955,0.056620955,-0.056620955,-0.056620955,0.056620955,0.056620955,0.04259035,-0.056620955,0.950725,0.04015906,-0.04862926,0.056620955
-0.75153846,1.8421476,0.17375606,0.17375606,-0.12313711,0.82624394,0.17375606,0.17375606,0.82624394,-0.17375606,0.17375606,0.17375606,0.17375606,-0.17375606,-0.17375606,0.17375606,0.17375606,0.10963143
-0.47265556,-0.6064668,-0.09803352,-0.09803352,-0.073594384,1.0980334,-0.09803352,-0.09788697,0.09803352,0.09803352,1.0616773,-0.09803352,-0.08342215,0.09803352,0.09803352,-0.09803352,-0.017860781,0.09803352
-0.37254772,0.81377155,0.2289785,0.2289785,-0.2289785,0.77102154,0.2289785,0.2289785,0.77102154,-0.2289785,0.17223792,-0.2289785,0.2289785,-0.2289785,-0.2289785,0.2289785,0.22144148,0.2289785
-0.51209617,1.4769017,0.7390932,-0.26090682,-0.1914038,0.26090682,-0.26090682,-0.26090682,1.2609068,0.26090682,-0.26090682,-0.03055524,-0.077472575,0.26090682,0.26090682,-0.07813259,0.26090682,-0.12731749
0.009278947,0.51340914,0.10118093,-0.08792837,-0.10118093,0.8988191,0.10118093,0.10118093,0.91207165,-0.10118093,0.10118093,-0.10118093,-0.10118093,-0.10118093,-0.08792837,0.048149653,0.02378983,0.056462914
-0.6259346,-0.6543472,-0.04319536,-0.057425283,-0.042987213,1.0574254,0.014814572,0.00976625,0.057425283,0.057425283,0.057425283,0.057425283,-0.048668727,0.057425283,0.94257474,-0.057425283,0.057425283,0.057425283
-0.6173204,1.8835713,0.7297686,-0.27023143,0.20067608,0.27023143,-0.27023143,-0.27023143,1.2702314,0.23417015,-0.27023143,-0.20060933,-0.22420695,0.27023143,0.26372835,0.16290978,0.21284458,-0.27023143
-0.46843505,2.3969424,0.11755669,0.11755669,0.11755669,0.8824433,0.11755669,0.11755669,-0.11755669,-0.11755669,0.11755669,0.11755669,0.11755669,-0.11755669,0.8824433,0.08842628,0.05888948,-0.11752835
-0.6430415,-0.6551552,-0.05704975,-0.05704975,-0.05704975,1.0570498,-0.014878746,0.042912886,0.05704975,0.05704975,0.05704975,0.05704975,-0.02281128,0.05704975,0.94295025,-0.05704975,0.05704975,0.05704975
-0.5791267,1.2748936,0.7412425,-0.19155607,-0.025187664,0.2587574,-0.2587574,-0.2587574,1.2587575,0.2587574,-0.2587574,-0.19160298,0.045059673,0.2587574,0.2587574,-0.15583238,-0.012256026,-0.19130835
-0.47370008,-0.437473,-0.27482426,-0.27482426,-0.23934498,0.27482426,0.7251758,-0.20495144,1.2748243,0.27482426,-0.27482426,-0.19252679,-0.23506773,0.27482426,0.27482426,-0.27482426,-0.17058438,-0.27482426
-0.4312221,-0.6160886,0.038376812,-0.038376812,-0.038376812,1.0383768,0.038376812,0.038376812,-0.033510823,0.038376812,0.038376812,-0.029865168,0.038376812,0.038376812,1.028867,-0.038376812,0.038376812,0.038376812
-0.548208,2.453919,0.17713045,0.17712623,-0.17713045,0.82286954,0.17713045,0.17713045,0.82286954,-0.17713045,0.17713045,0.17713045,0.17713045,-0.17713045,-0.15555775,0.17713045,-0.17712623,0.13191186
-0.4309668,-0.6161986,0.02888472,-0.038400266,-0.038400266,1.0384003,0.038400266,0.038400266,-0.038400266,0.038400266,0.038400266,-0.0012545022,0.038400266,0.038400266,1.0288848,-0.038400266,0.038400266,0.038400266
-0.48121715,2.5081787,0.10477459,0.10477459,-0.040501773,0.89522547,0.10477459,0.10477459,-0.10477459,-0.10477459,0.10477459,0.10477459,0.10477459,-0.10477459,0.89522547,0.075782806,-0.10477459,-0.10477459
-0.5658015,1.1928335,0.74636716,-0.25363284,0.08540326,0.25363284,-0.25363284,-0.25363284,1.2536329,0.25363284,-0.25363284,-0.04814684,-0.1616244,0.25363284,0.22164106,-0.1616244,-0.15400499,-0.19007647
-0.5467441,0.15699841,-0.020235226,-0.020235226,-0.020235226,1.0202352,-0.020235226,-0.020235226,0.020235226,0.020235226,1.0147953,-0.020235226,-0.007343544,0.020235226,0.017660348,0.020235226,-0.020013357,0.017616378
-0.6464883,0.81294954,0.060496602,0.060496602,0.060496602,0.93950343,0.060496602,0.04178957,-0.060496602,-0.060496602,0.060496602,0.060496602,0.052748248,-0.060496602,0.93950343,0.060496602,-0.052748248,0.060496602
0.1575425,-0.3706605,0.08157917,-0.08157917,-0.08157917,0.92880154,0.08157917,0.071198486,0.08157917,-0.08157917,0.08157917,-0.08157917,-0.08157917,-0.08157917,0.93863606,-0.060096204,-0.08157917,0.061363958
-0.30507135,-0.33649558,-0.33239287,-0.29051325,0.1195692,0.33239287,0.6676072,-0.33239287,0.33239287,0.33239287,-0.33076197,0.74997365,-0.20814672,0.33239287,-0.25002635,-0.33239287,-0.25002635,-0.29051325
0.47948575,0.7520774,-0.20000435,0.20000435,0.14933561,1.1760699,-0.20000435,-0.14762405,1.2000043,0.20000435,-0.19974175,0.20000435,-0.10476421,0.20000435,0.20000435,-0.069693595,0.20000435,-0.098443404
0.55109847,-0.73761994,-0.10242354,0.10242354,0.04891258,1.063565,-0.017575908,0.013384629,-0.10242354,0.10242354,-0.10242354,0.10242354,0.07704311,0.10242354,1.1024235,0.0033814777,0.10242354,-0.08916853
1.3553886,-0.75153846,-0.58540976,0.58540976,0.58540976,0.58540976,0.7615767,-0.440346,0.41459024,0.58540976,-0.58540976,0.58540976,0.085982874,0.58540976,0.58540976,-0.440346,0.440346,-0.5123869
-0.75153846,-0.57027155,0.13619699,0.86380297,0.13619699,-0.13619699,0.13619699,0.06646497,-0.09713962,0.13619699,0.13619699,0.13619699,0.085458584,-0.1356708,-0.13619699,0.86380297,0.13619699,0.13619699
0.54139584,-0.71608,-0.09821464,0.09821464,0.07239807,1.0735813,-0.039323345,0.013438135,-0.08537584,0.09821464,-0.09821464,0.09821464,0.09791888,0.09821464,1.0982146,0.03460621,0.073877186,-0.09791888
-0.75153846,-0.57041043,0.1360193,0.8639807,0.1360193,-0.1360193,0.1360193,0.1360193,-0.10231389,0.101276755,0.1360193,0.1360193,0.10231389,-0.1360193,-0.1360193,0.8639807,0.060188204,0.1360193
0.2916692,-0.38983905,-0.2011751,0.2011751,0.15132418,0.2011751,0.7988249,-0.13918069,0.7988249,0.2011751,-0.2011751,0.2011751,-0.08718511,0.2011751,0.2011751,-0.17549244,-0.2011751,-0.2011751
-0.48122546,2.505122,0.10476628,0.10476628,-0.07880531,0.89523375,0.10476628,0.06556144,-0.10476628,-0.10476628,0.10476628,0.10476628,0.10476628,-0.10476628,0.89523375,0.09143756,-0.10476628,-0.10476628
-0.48473263,1.3882799,0.74710566,-0.25289437,0.20926434,0.25289437,-0.25289437,-0.25289437,1.2528944,0.25289437,-0.25289437,-0.15715535,-0.25289437,0.25289437,0.25289437,0.1773448,-0.02466935,-0.25289437
-0.75153846,0.83713204,0.14698443,0.14698443,0.14698443,0.8530156,0.14698443,0.14698443,0.8530156,-0.127672,0.14698443,0.14698443,0.127672,-0.14698443,0.14698443,-0.091239795,0.11056188,0.127672
-0.42990524,-0.6162211,0.038264066,-0.038302556,-0.038302556,1.0383027,0.038302556,0.038302556,-0.012227832,0.038302556,0.038302556,-0.018914996,0.038302556,0.038302556,1.0383027,-0.038302556,0.038302556,0.038302556
-0.42975277,-0.6164071,0.03822313,-0.03822313,-0.03822313,1.0382231,0.03822313,0.03822313,-0.03279853,0.03822313,0.03822313,-0.022819167,0.03822313,0.03822313,1.0382147,-0.03822313,0.038214736,0.03822313
-0.54629606,-0.5913659,-0.12061416,-0.12061416,-0.12054337,1.120614,-0.12061416,-0.09072613,0.12061416,0.12061416,0.90927386,-0.12061416,-0.08714398,0.12061416,0.12061416,-0.102023266,-0.06113835,-0.008725066
1.23028,-0.75153846,-0.10490497,1.1049049,0.07890966,0.09207654,-0.09208429,-0.091648,-0.10490497,1.1049049,-0.10490497,0.10490497,-0.03624753,0.10490497,0.10490497,-0.07769199,0.10490497,-0.094975814
0.5415282,-0.727583,-0.098082274,0.098082274,0.06766404,1.0980823,-0.098082274,0.010902708,-0.09750469,0.098082274,-0.098082274,0.098082274,0.083390184,0.098082274,1.0980823,0.045970287,0.098082274,-0.07410117
-0.75153846,-0.6886518,0.023621075,-0.023621075,0.023613766,0.9763789,0.023621075,0.023621075,-0.017767802,0.020644933,0.023621075,0.023621075,0.023428489,0.023621075,0.9763789,-0.023621075,-0.0014646426,0.023621075
0.55168873,-0.7253731,-0.10183328,0.10183328,0.10183328,0.94971967,-0.08184514,-0.07588654,-0.10183328,0.10183328,-0.10183328,0.10183328,0.019422837,0.10183328,1.1018333,0.09722767,0.10183328,-0.10183328
-0.4303154,-0.6161025,0.038587943,-0.038587943,-0.038587943,1.0385879,0.03372607,0.038587943,-0.0040618796,0.038587943,0.038587943,-0.008651368,0.038587943,0.038587943,1.0385879,-0.038587943,0.028868617,0.038587943
-0.4302843,-0.61584914,0.03370486,-0.038619053,-0.038619053,1.038619,0.038619053,0.03370486,0.008879145,0.038619053,0.038619053,-0.026746593,0.038619053,0.038619053,1.038619,-0.038619053,0.038619053,0.038619053
-0.09074888,-0.5570337,-0.0031229528,0.0033183165,0.002854171,0.9956613,-0.0038209488,-0.0029688063,0.0027647498,0.0044114753,1.0044115,0.0044114753,0.0044114753,0.0044114753,-0.0044114753,-0.0021521803,-0.0038209488,0.0044114753
-0.42946425,-0.6160217,0.023460273,-0.03851166,-0.03851166,1.0385116,0.03851166,0.03851166,-0.014804263,0.03851166,0.03851166,-0.02338202,0.03851166,0.03851166,1.0385116,-0.03851166,0.03851166,0.03851166
-0.48096845,2.5078697,0.10502331,0.10502331,0.020286392,0.89497674,0.10502331,0.10466844,-0.10502331,-0.10502331,0.10502331,0.10502331,0.09170319,-0.10502331,0.89497674,0.07899867,-0.10502331,-0.10502331
2.6175144,-0.7505869,-0.75153846,1.2342591,0.91221684,1.9177196,-0.5986146,1.0016406,-0.22547032,1.2342591,-0.75153846,1.2342591,-0.083834276,1.2342591,1.2342591,-0.75153846,1.2342591,-0.75153846
0.86787635,0.38825408,-0.39172283,0.39172283,0.3316718,1.3903301,-0.3415513,-0.3415513,1.2858039,0.39172283,-0.39172283,0.39172283,-0.17130816,0.39172283,0.39172283,-0.39172283,0.29297626,-0.39172283
-0.6126212,-0.30518124,0.026397582,0.026397582,-0.02303819,0.9736024,0.026397582,-0.01561695,-0.011201587,-0.026397582,-0.026397582,-0.026397582,0.019856289,-0.026397582,0.9736024,0.026397582,-0.026397582,-0.026397582
0.037016414,-0.5273399,0.034320276,0.03429334,0.034320276,0.98169816,0.034320276,0.034320276,0.034320276,0.034320276,0.9656797,0.02581575,0.034320276,0.034320276,0.02581575,-0.034320276,0.03429334,0.034320276
-0.59620064,4.626701,-0.0102089355,0.0102089355,-0.0102089355,1.0037203,-0.0102089355,-0.0102089355,0.0102089355,0.0102089355,-0.0102089355,-0.0102089355,0.006090449,-0.0015062871,0.9897911,0.0102089355,0.010170778,-0.010195875
0.03835625,-0.5710773,0.03566011,0.026823567,0.0355028,1.0268236,0.03566011,0.03566011,0.03566011,0.03566011,0.9643399,0.03566011,0.03566011,0.03566011,0.03566011,-0.03566011,0.03566011,0.03566011
-0.75153846,-0.57077754,0.1356319,0.8643681,0.1356319,-0.1356319,0.1356319,0.1356319,-0.0028315056,0.102022484,0.1356319,0.1356319,0.102022484,-0.1356319,-0.1356319,0.8643681,0.1356319,0.1356319
-0.6472159,0.8149469,0.06122413,0.06086511,0.053612858,0.93877584,0.06122413,0.06122413,-0.06122413,-0.06086511,0.06122413,0.06122413,0.06122413,-0.053612858,0.93877584,0.0032309592,-0.046052862,0.06122413
-0.097699724,-0.57681847,0.0015686705,-0.0020854415,-0.00061828573,1.0020853,0.0020854415,0.0013102886,-0.0020854415,-0.0020854415,0.99853116,-0.0020854415,-0.0018092621,-0.0020854415,0.0020854415,0.00016809616,0.0015686705,-0.0018257835
-0.72404706,0.3319204,0.123680145,0.123680145,0.09303236,0.8763199,0.123680145,0.123680145,0.8763199,-0.10783927,0.123680145,0.123680145,0.059893385,-0.123680145,0.09020352,0.077048846,-0.0026914058,0.12105887
-0.02134271,0.47749183,0.11275746,-0.11258062,-0.11275746,0.88724256,0.11275746,0.098550655,0.88724256,-0.11275746,0.11275746,-0.11275746,-0.098550655,-0.11275746,-0.11275746,0.11275746,0.11221197,0.11275746
1.256734,-0.75153846,-0.12018532,1.1201854,0.12018532,0.10489213,0.0052252067,-0.08568827,-0.12018532,1.1201854,-0.12018532,0.12018532,-0.12018532,0.12018532,0.12018532,-0.015234272,-0.03668379,-0.09040355
0.19159578,0.8324861,-0.012121392,0.010563786,0.012121392,1.0121213,-0.012121392,-0.005874815,1.0121213,0.012121392,-0.012121392,0.012121392,0.008982493,0.012121392,0.012121392,-0.004799498,-0.0006153502,-0.012121392
-0.49599716,-0.35384005,-0.0709822,-0.0709822,-0.062038846,1.0709822,-0.0709822,-0.043608323,0.0709822,0.0709822,1.0618725,-0.0709822,-0.0709822,0.0709822,0.0709822,-0.05339291,-0.050044984,0.053162843
-0.6945968,-0.04320135,0.0884335,0.0884335,0.0877952,0.91156656,0.0884335,0.0884335,0.91156656,-0.0884335,0.0884335,0.0884335,-0.016672648,-0.0884335,-0.07729134,0.0884335,0.06651979,0.03950369
-0.629831,-0.6499903,-0.0561278,-0.0561278,-0.0561278,1.0561278,0.014823032,0.0100453645,0.0561278,0.0561278,0.0561278,0.0561278,-0.049088806,0.0561278,0.9438722,-0.0561278,0.056110244,0.0561278
-0.5045036,2.7481363,0.081488185,0.07125522,0.06100305,0.91851187,0.081488185,0.07084897,-0.081488185,-0.081488185,0.081488185,0.081488185,0.08119572,-0.081488185,0.91851187,-0.041071914,-0.081488185,-0.081488185
-0.4297011,-0.61601436,0.033526786,-0.03850669,-0.03850669,1.0385067,0.03850669,0.03850669,-0.028460745,0.03850669,0.03850669,0.023984872,0.03850669,0.03850669,1.0385067,-0.03850669,0.03850669,0.03850669
-0.25961977,1.1994395,0.6193732,0.11768332,0.3320281,0.38062674,-0.38062674,-0.38062674,0.38062674,0.38062674,-0.38062674,0.6193732,-0.38062674,0.38062674,0.21550533,-0.26023766,0.18553399,-0.37774733
-0.097728856,-0.5776043,0.0012910916,-0.0020563046,0.00048073122,1.0020562,0.0020563046,0.000880621,-0.001800647,-0.002028157,0.99848175,-0.0020563046,-0.00066926517,-0.0020563046,0.0020563046,0.0013127753,0.0014562742,-0.0020563046
0.15523455,-0.59875214,0.07927124,-0.06887667,-0.07927124,0.92072874,0.07927124,0.07927124,0.07927124,-0.07927124,0.06887667,-0.07927124,-0.07927124,-0.07927124,0.92072874,0.07927124,0.07927124,0.07927124
1.9996911,0.7584,-0.75153846,1.0000035,1.0000035,1.7522038,-0.75153846,0.36512375,0.15299505,1.0000035,-0.75153846,1.0000035,-0.37384933,1.0000035,1.0000035,0.48529273,1.0000035,-0.75153846
-0.2561715,1.2460487,0.615925,-0.1364071,0.3329082,0.38407502,-0.38407502,-0.38407502,0.38407502,0.38407502,-0.38407502,0.615925,-0.38407502,0.38407502,0.19322848,-0.2327587,0.37434903,-0.33345285
0.43297505,1.5136429,-0.2488336,0.18717295,0.21758604,1.2488335,-0.2488336,-0.2488336,1.2488335,0.2488336,-0.2488336,0.2488336,-0.13421628,0.2488336,0.2488336,-0.15525155,0.1559254,-0.09637641
-0.08762553,-0.546519,-0.006852744,0.006852744,0.0060065263,0.9957337,-0.006852744,0.0037394904,0.006852744,0.006852744,1.0051547,0.006852744,0.0042663002,0.006852744,-0.006852744,0.0016840023,-0.0017387948,0.0060065263
-0.0057296893,0.45929372,0.10448909,-0.078425884,-0.067785054,0.8955109,0.10448909,0.10448909,0.93461186,-0.10448909,0.07859683,-0.10448909,-0.09128038,-0.10448909,-0.10448909,0.10448909,0.08792806,0.07859683
-0.75153846,-0.5710477,0.13539053,0.8646095,0.13539053,-0.13539053,0.13539053,0.13539053,-0.10184093,0.11838873,0.13539053,0.13539053,0.13539053,-0.13539053,-0.13539053,0.8646095,0.11651537,0.13539053
-0.6674929,-0.15546222,0.083124235,0.083124235,0.062436607,0.9168758,0.083124235,0.083124235,0.9168758,-0.083124235,0.083124235,0.083124235,0.083124235,-0.083124235,-0.06987342,0.083124235,-0.038072295,0.083124235
-0.430957,-0.6162024,0.02889209,-0.038410064,-0.038410064,1.0384101,0.038410064,0.038410064,-0.01381739,0.038410064,0.038410064,-0.028663853,0.038410064,0.038410064,1.0384101,-0.038410064,0.038403504,0.038410064
-0.6752021,1.6966771,0.089210376,0.089210376,0.066908054,0.91078967,0.089210376,0.089210376,-0.089210376,-0.089210376,0.089210376,0.089210376,0.089210376,-0.067104146,0.91078967,0.067104146,-0.07808242,0.089210376
-0.75153846,0.18220358,0.09696852,0.09696852,0.09696852,0.90303147,0.09696852,0.08511776,0.90303147,-0.09696852,0.09687819,0.09696852,0.047392458,-0.09696852,-0.09687819,0.09696852,-0.037900627,0.058978505
0.0033623716,2.540682,-0.112712406,0.112712406,0.05614879,1.1127124,-0.112712406,-0.112712406,1.1127124,0.112712406,-0.112712406,0.112712406,-0.06697103,0.112712406,-0.112712406,0.06727333,0.0847824,-0.06570307
-0.48536438,-0.6038487,-0.10225033,-0.10225033,-0.10225033,1.1022503,-0.10225033,-0.10225033,0.10225033,0.10225033,1.1022503,-0.10225033,-0.10225033,0.10225033,0.10225033,-0.10225033,-0.007456837,0.101921536
-0.6750128,1.672965,0.08902109,0.08902109,0.08902109,0.9109789,0.08902109,0.08902109,-0.08902109,-0.08902109,0.08902109,0.08902109,0.066961765,-0.08902109,0.9109789,0.08902109,-0.066675015,0.08902109
1.2396524,-0.75153846,-0.10944397,1.109444,0.10944397,0.10944397,-0.06848882,0.06848882,-0.10944397,1.109444,-0.10944397,0.10944397,0.055821866,0.10944397,0.10944397,-0.049484022,0.08232389,-0.10944397
-0.5805038,-0.3362337,0.043665975,0.024149334,0.032845594,0.956334,0.043665975,0.043665975,-0.032845594,0.010090129,0.043665975,0.043665975,0.043665975,0.043665975,0.956334,-0.043665975,-0.03814605,0.043665975
0.8891463,-0.07416619,-0.37114847,0.37114847,0.37114847,1.3711485,-0.32337105,-0.27917838,1.0033809,0.37114847,-0.37114847,0.37114847,-0.37077314,0.37114847,0.37114847,-0.082640156,0.27917838,-0.37114847
0.046271153,-0.53704286,0.02827238,0.02126652,0.02827238,1.0134897,0.02827238,0.02827238,0.02827238,0.02827238,0.97172767,0.02827238,0.024710193,0.02827238,0.02827238,-0.02827238,0.020974638,0.02126652
-0.75153846,0.16897522,0.09725625,0.073156275,0.084759325,0.90274376,0.09725625,0.09725625,0.90274376,-0.09725625,0.09725625,0.09725625,0.017643929,-0.09725625,0.060402773,0.09725625,0.022298457,0.072828405
0.5428805,-0.71449727,-0.09673005,0.09673005,0.09673005,1.0727371,-0.09673005,-0.060424462,-0.09673005,0.09673005,-0.09673005,0.09673005,0.072075605,0.09673005,1.0967301,0.09673005,0.06065429,-0.09673005
-0.38883516,-0.6617978,0.03879743,-0.03879743,-0.03879743,1.0387975,0.03879743,0.03879743,-0.03879743,0.03879743,0.03879743,0.023865866,0.03879743,0.03879743,1.0387975,-0.03879743,0.03879743,0.03879743
1.2581143,-0.73681855,-0.11880511,1.118805,0.11880511,0.08936536,-0.1040854,-0.03764031,-0.11880511,1.118805,-0.11880511,0.11880511,0.055350438,0.11880511,0.11880511,0.043735467,0.054201163,-0.118660174
-0.08948653,-0.5509348,-0.0050040013,0.004379809,-0.00081082626,0.99627274,-0.0050040013,0.0029021192,0.0037405125,0.0050040013,1.0049806,0.0050040013,0.0050040013,0.0050040013,-0.0050040013,-0.004343753,0.000894703,0.0049075987
-0.42992568,-0.6162696,0.0382821,-0.0382821,-0.0382821,1.038282,0.0382821,0.0382821,-0.009682715,0.0382821,0.0382821,-0.021939473,0.0382821,0.0382821,1.038282,-0.0382821,0.0382821,0.0382821
0.6500033,0.92535305,-0.31907767,0.31907767,0.31907767,1.3190776,-0.27807784,-0.24001063,1.3190776,0.31907767,-0.31907767,0.31907767,-0.31858397,0.31907767,0.31907767,-0.073650286,0.24001063,0.04560963
-0.03268881,2.5948417,-0.10030524,0.10030524,-0.053849906,1.1003053,-0.10030524,-0.060354464,1.1003053,0.10030524,-0.10030524,0.10030524,-0.030357143,0.10030524,-0.10030524,0.0017801002,-0.014878152,-0.015795588
0.046979856,-0.551004,0.028981078,0.028981078,0.015772747,1.0217745,0.028981078,0.025305415,0.028981078,0.028981078,0.9710189,0.028981078,0.018123941,0.028981078,0.028981078,-0.028981078,0.028981078,0.028956063
-0.42993528,-0.6159101,0.028944101,-0.03873622,-0.03873622,1.0387362,0.029137429,0.03873622,0.020991482,0.03873622,0.03873622,0.03337934,0.03873622,0.03873622,1.0387362,-0.03873622,0.038656596,0.03873622
-0.48263457,-0.60222507,-0.10173414,-0.10173414,-0.10173414,1.1017342,-0.10173414,-0.10173414,0.10173414,0.10173414,1.1017342,-0.10173414,-0.010191141,0.10173414,0.10173414,-0.10173414,0.09982286,0.09909715
-0.475745,-0.6056925,-0.09865383,-0.09865383,-0.09865383,1.0986538,-0.09865383,-0.072713435,0.09865383,0.09865383,1.0742075,-0.09865383,-0.07420754,0.09865383,0.09865383,-0.09865383,-0.04992224,0.07420754
-0.46754435,1.1354003,0.7438289,-0.24733415,-0.107571214,0.25617117,-0.25617117,-0.25617117,1.2561712,0.25617117,-0.25617117,-0.038803294,-0.023238003,0.25617117,0.18391424,-0.18703052,0.09985466,-0.21779954
-0.75153846,2.2584434,0.084224656,0.084224656,0.06335388,0.91577536,0.084224656,0.084224656,-0.084224656,-0.084224656,0.084224656,0.084224656,0.050635274,0.05182716,0.91577536,0.05281255,-0.05281255,0.084224656
-0.5967028,1.9277059,0.73190266,-0.23485444,0.20030688,0.26809734,-0.26809734,-0.26809734,1.2680973,0.26809734,-0.26809734,-0.2340324,-0.26809734,0.26809734,0.26756567,-0.1024064,0.16780551,-0.2349934
-0.5604935,-0.5580069,-0.025498182,-0.03389808,-0.029429948,1.0338981,0.03389808,0.029338649,0.025498182,0.03389808,0.03389808,0.03389808,0.029157871,0.03389808,1.0149847,-0.03389808,0.029683929,0.03389808
-0.024036344,0.4475445,0.114237264,-0.07993735,-0.052643236,0.88576275,0.114237264,0.114237264,0.91403306,-0.114237264,0.114237264,-0.114237264,-0.08592942,-0.114237264,-0.114237264,0.0848878,0.114237264,0.08302587
-0.54593545,-0.59101003,-0.120974734,-0.120974734,-0.120974734,1.1209747,-0.120974734,-0.10502035,0.120974734,0.120974734,0.879425,-0.120974734,0.026960837,0.120974734,0.120574996,-0.1059862,0.11883709,0.06026511
-0.431037,-0.61610895,0.033638977,-0.038561933,-0.038561933,1.0385619,0.038561933,0.038561933,-0.006501166,0.038561933,0.038561933,-0.016014466,0.038561933,0.038561933,1.0385619,-0.038561933,0.038561933,0.038561933
1.2720624,-0.31228602,-0.6388263,0.6388263,0.6388263,1.4694228,-0.23933128,0.03796207,-0.08827772,0.6388263,0.36117366,0.6388263,-0.6356557,0.6388263,0.6388263,-0.05859624,0.63142663,-0.3092473
0.03601741,-0.5100831,0.033321273,0.033321273,0.033321273,1.0245984,0.033321273,0.029192826,0.033321273,0.033321273,0.96667874,0.033321273,0.033104736,0.033321273,0.0250643,-0.033321273,0.033321273,0.033321273
-0.52797765,-0.6542104,-0.030383782,-0.058014125,-0.058014125,1.0580142,0.058014125,0.058014125,0.058014125,0.058014125,0.058014125,0.058014125,0.05085066,0.058014125,1.0164253,-0.058014125,0.058014125,0.058014125
-0.092675716,-0.5810083,-0.0063383197,0.0063383197,0.0054666316,0.9936617,-0.0063383197,0.0025781335,0.0063383197,0.0054666316,1.0063384,0.0063383197,0.0063383197,0.0054666316,-0.0063383197,0.0015548554,0.00013495708,0.0063383197
1.5548497,-0.5721583,-0.6991891,0.6991891,0.6991891,0.6991891,0.69431,0.42303583,0.39382806,0.6991891,-0.6991891,0.6991891,-0.69792867,0.6991891,0.6991891,-0.43250117,0.33890638,-0.52593094
-0.09016447,-0.56907064,-0.0074727074,0.003691833,-0.0046399613,0.9924632,-0.0075368104,0.0033914954,0.0075368104,0.0075368104,1.0074728,0.0075368104,0.0027348334,0.0074727074,-0.0075368104,-0.0028348393,-0.0029117772,0.0074727074
-0.5475802,2.6692452,0.1571229,0.1571229,-0.1571229,0.8428771,0.1571229,0.1571229,0.8428771,-0.1571229,0.1571229,0.1571229,0.13732629,-0.1571229,-0.134618,0.11818804,-0.1571229,0.1571229
1.2989057,-0.44156918,-0.53593355,0.53593355,0.53593355,1.4031299,-0.53027177,-0.26542285,0.66417056,0.53593355,-0.53593355,0.53593355,-0.25915864,0.53593355,0.53593355,-0.53593355,0.5340104,-0.53593355
-0.09875284,-0.58136904,0.0021717423,-0.0017512785,-7.74356e-05,1.0028872,0.0028871936,-0.0014742934,-0.0028871936,-0.0028871936,0.9971128,-0.0028871936,-0.0028871936,-0.0028871936,0.0028871936,0.0013216096,-0.0006836551,-0.0025270234
-0.2563262,1.1935883,0.6160797,-0.027006108,0.28878534,0.3839203,-0.3839203,-0.3839203,0.3839203,0.3839203,-0.3839203,0.6160797,-0.33374482,0.3839203,-0.006682694,0.07150077,0.3839203,-0.3839203
-0.54019,2.7829027,0.14596447,0.14596447,-0.14596447,0.85403556,0.14596447,0.14596447,0.85403556,-0.14596447,0.14596447,0.14596447,0.14571494,-0.14596447,0.052777022,0.14596447,-0.10979465,0.14596447
-0.75153846,-0.5702275,0.13631906,0.8636809,0.13631906,-0.13631906,0.13631906,0.114535496,0.10253936,0.13631906,0.13631906,0.13631906,0.13618118,-0.13631906,-0.13631906,0.8636809,0.13631906,0.13631906
2.0013537,0.7661222,-0.75153846,0.9920808,0.6220783,1.9920807,-0.75153846,0.8651718,0.42839423,0.9920808,-0.62862027,0.9920808,-0.62862027,0.9920808,0.9920808,-0.62862027,0.9857006,-0.62862027
-0.08879575,-0.5520053,-0.0061680954,0.0061680954,-0.004482992,0.9938818,-0.0061680954,-0.0061680954,0.006118199,0.0053806547,1.0027972,0.0061680954,0.0061680954,0.0061680954,-0.0061680954,-0.0053274212,-0.004639649,0.004639649
1.1983975,-0.75153846,-0.19243336,0.19243336,0.19243336,0.19243336,1.1324348,0.1286721,-0.19243336,0.19243336,-0.19243336,1.1924334,-0.1131522,0.19243336,0.19243336,-0.09238155,0.0837509,-0.0965489
0.29330468,-0.2523318,-0.19977148,0.19977148,0.19977148,0.19977148,0.8259811,-0.032346778,0.80022854,0.19977148,-0.19977148,0.19977148,0.09516092,0.19977148,0.19977148,-0.19977148,-0.17276314,-0.19977148
-0.0055695353,0.49741277,0.10766341,-0.09338451,-0.1053413,0.9066155,0.10766341,0.10766341,0.8923366,-0.10766341,0.10766341,-0.10766341,-0.10766341,-0.10766341,-0.09338451,0.053203236,0.07850732,0.08029492
-0.5010359,1.2777494,0.74546325,-0.1304193,0.2336195,0.25453675,-0.25453675,-0.25453675,1.2545367,0.25453675,-0.25453675,-0.09953517,-0.1867659,0.25453675,0.25453675,-0.25453675,-0.00014614686,-0.2226796
-0.5600364,2.7662718,0.092730455,0.092730455,0.06918036,0.9072696,0.092730455,0.092730455,-0.092730455,-0.092730455,0.092730455,0.092730455,0.092730455,0.0017750161,0.9072696,0.06975197,-0.092730455,-0.06975197
-0.5476481,2.7699947,0.08981612,0.08981612,-0.06731818,0.91018385,0.08981612,-0.056318603,-0.08981612,-0.08981612,0.08981612,0.08981612,0.08981612,-0.08981612,0.91018385,-0.08981612,-0.08981612,-0.06755981
0.018499017,0.51711905,0.09533022,-0.07094229,-0.082883365,0.90466976,0.09533022,0.07170752,0.9407394,-0.09533022,0.09533022,-0.09533022,-0.07170752,-0.09533022,-0.09533022,0.08271452,0.07733346,0.082883365
0.037904315,-0.5497729,0.035208177,0.035208177,0.026069023,1.0352081,0.035208177,0.035208177,0.035208177,0.035208177,0.96479183,0.035208177,0.035208177,0.035208177,0.035208177,-0.035208177,0.035208177,0.035208177
-0.630457,1.8291873,0.7361991,-0.16453435,0.16963969,0.26380092,-0.26380092,-0.26380092,1.263801,0.26380092,-0.26380092,-0.17934178,-0.2632818,0.26380092,0.26380092,-0.15673079,-0.0709876,-0.26380092
-0.6329139,-0.059563097,0.10349552,0.10349552,0.06442207,0.89650446,0.10349552,0.10349552,0.89650446,-0.09006812,0.10349552,0.10349552,0.08920114,-0.10349552,-0.088235155,0.10349552,-0.034992553,0.10349552
1.238166,-0.75153846,-0.110930376,1.1109304,0.09612717,0.04755628,-0.05348777,-0.08153055,-0.110930376,1.1109304,-0.110930376,0.110930376,-0.06832035,0.110930376,0.110930376,-0.110930376,0.110930376,-0.09612717
1.0771055,0.26142177,-0.47648987,0.47648987,0.47648987,1.4764898,-0.13544364,-0.38128412,1.1332554,0.47648987,-0.47648987,0.47648987,-0.29206172,0.47648987,0.47648987,-0.19531049,0.47230917,-0.47648987
0.888686,-0.17480251,-0.3692902,0.3692902,0.3692902,1.2746333,-0.22910708,-0.26996464,0.7938116,0.3692902,-0.3692902,0.3692902,-0.3692902,0.3692902,0.3692902,-0.27778056,0.26008368,-0.32061672
-0.75153846,-0.5708179,0.13564846,0.8643515,0.13564846,-0.13564846,0.13564846,0.09852806,-0.092247576,0.102034956,0.13564846,0.13564846,0.13564846,-0.13564846,-0.13564846,0.8643515,0.102034956,0.13564846
-0.02305701,2.5480251,-0.09646989,0.09646989,0.07256477,1.0964699,-0.09646989,-0.09646989,1.0964699,0.09646989,-0.09646989,0.07256477,-0.042482965,0.09646989,-0.09646989,0.061237644,0.06049082,-0.017213825
1.2034137,1.4733466,-0.6390768,0.6390768,0.6390768,1.6390768,-0.6390768,-0.6390768,1.6390768,0.6390768,-0.6390768,0.6390768,-0.6390768,0.6390768,0.6390768,-0.5580862,0.6390768,-0.6390768
-0.5798511,2.8344955,0.14664666,0.14664666,-0.14664666,0.8533533,0.14664666,0.14664666,0.8533533,-0.14664666,0.14664666,0.14664666,0.067261316,-0.14664666,-0.08816507,0.14653172,-0.14664666,0.091535084
-0.64177173,0.59101427,0.046273805,0.046273805,0.046084445,0.9537262,0.046273805,0.046273805,-0.046273805,-0.046273805,0.046273805,0.046273805,0.046273805,-0.034807213,0.9537262,0.021153107,-0.046273805,0.046273805
-0.051742055,2.5709987,-0.08133374,0.08133374,0.07977053,1.0813338,-0.08133374,-0.08133374,1.0813338,0.08133374,-0.08133374,0.08133374,-0.08133374,0.08133374,-0.061179325,-0.06306661,0.08133374,0.020989269
-0.4937775,-0.6003993,-0.10566198,-0.10566198,-0.10566198,1.105662,-0.10566198,-0.079479076,0.10566198,0.10566198,1.0135092,-0.10566198,-0.07900777,0.10566198,0.10566198,-0.10566198,-0.04942681,0.09196879
-0.75153846,-0.57067776,0.13585694,0.8641431,0.11919621,-0.13585694,0.13585694,0.13585694,0.018393716,0.13585694,0.13585694,0.13585694,0.13585694,-0.13585694,-0.13585694,0.8641431,0.13057859,0.13585694
-0.53358847,1.0613168,0.7472391,-0.11162462,0.22024623,0.2527609,-0.2527609,-0.2527609,1.2527609,0.2527609,-0.2527609,-0.04317712,-0.12533835,0.2527609,0.22024623,-0.25211996,-0.15524125,-0.2527609
-0.5474795,1.3647559,0.7454298,-0.191488,0.029484149,0.25457016,-0.25457016,-0.25457016,1.2545702,0.25457016,-0.25457016,-0.105038896,-0.0056656823,0.25457016,0.25457016,0.020215325,0.1744728,-0.25457016
1.2472327,-0.75153846,-0.11577523,1.1157752,0.10104318,0.05515223,-0.0707462,0.070324704,-0.087086275,1.1157752,-0.11577523,0.11577523,0.033575967,0.11577523,0.11577523,0.11577523,0.11577523,-0.10104318
1.1933788,1.4648044,-0.64911175,0.64911175,0.40221623,1.6491117,-0.56705606,-0.4933602,1.0224189,0.64911175,-0.64911175,0.64911175,-0.4778467,0.64911175,0.64911175,-0.56705606,0.48826268,-0.64911175
0.0018536635,0.44446743,0.10001582,-0.08765501,-0.087750435,0.8999841,0.10001582,0.10001582,0.8999841,-0.10001582,0.10001582,-0.10001582,-0.10001582,-0.10001582,-0.10001582,0.09712966,0.07003319,-0.030477382
-0.46023718,-0.43766132,-0.27460745,-0.23863979,0.010290537,0.27460745,0.7253925,-0.23863979,1.2746074,0.27460745,-0.27460745,-0.1621305,-0.17649095,0.27460745,0.27460745,-0.23863979,0.07632793,-0.27460745
-0.47039378,2.3966632,0.11559797,0.11559797,-0.062627666,0.88440204,0.11559797,0.11559797,-0.11559797,-0.11559797,0.11559797,0.11559797,0.11559797,-0.11559797,0.88440204,0.11559797,-0.11559797,-0.11559797
-0.43069953,-0.6162383,0.038435683,-0.038435683,-0.038435683,1.0384357,0.038435683,0.038435683,-0.028911373,0.038435683,0.038435683,-0.00087126717,0.038435683,0.038435683,1.0384357,-0.038435683,0.038435683,0.038435683
-0.75153846,-0.57020426,0.13634175,0.86365825,0.13634175,-0.13634175,0.13634175,0.102556445,-0.13634175,0.10057205,0.13634175,0.13634175,0.102556445,-0.13634175,-0.13634175,0.86365825,0.021465028,0.13634175
1.2098826,-0.75153846,-0.1948598,0.1948598,0.1948598,0.1948598,1.0711495,-0.07009978,-0.1948598,0.1948598,-0.1948598,1.1948597,-0.1464065,0.1948598,0.1948598,-0.1711278,0.19384012,-0.1689643
0.074071184,0.4763424,0.04007419,-0.04007419,0.030143853,0.96985614,0.04007419,0.04007419,-0.04007419,-0.04007419,0.04007419,-0.04007419,-0.04007419,-0.04007419,0.9599258,-0.030143853,-0.04007419,-0.04007419
0.03754276,-0.5389931,0.034846622,0.034846622,0.029889574,1.0289044,0.034846622,0.030412495,0.034846622,0.034846622,0.9651534,0.034846622,0.034846622,0.034846622,0.026211675,-0.034846622,0.030412495,0.034846622
0.55143094,-0.73685336,-0.102091014,0.102091014,0.102091014,0.9604486,-0.074454755,-0.038612377,-0.102091014,0.102091014,-0.102091014,0.102091014,0.011875983,0.102091014,1.1020911,0.023160324,0.054232057,-0.102091014
-0.3368382,0.018849947,0.046212986,-0.040178634,0.03457307,0.9715467,0.040996045,-0.046973243,-0.046973243,-0.016206965,-0.040178634,-0.046973243,0.032553155,-0.046973243,1.0469732,0.046973243,0.040996045,-0.022024125
-0.21471708,1.1849624,0.05270155,0.05270155,-0.052096795,1.0299982,0.05270155,0.05270155,0.05270155,0.05270155,-0.05270155,0.05270155,0.05270155,0.05270155,0.94729847,-0.05270155,0.039642174,0.05270155
-0.47109306,-0.60148156,-0.096581884,-0.096581884,-0.096581884,1.0965819,-0.096581884,-0.084081545,0.096581884,0.096581884,1.072649,-0.096581884,-0.096581884,0.096581884,0.096581884,-0.096581884,0.018010948,0.096581884
-0.734644,0.07062236,0.0911515,0.0911515,0.067883484,0.9088485,0.0911515,0.0911515,0.9088485,-0.0911515,0.06856427,0.0911515,0.010089702,-0.0911515,-0.06856427,0.0911515,0.0006985571,0.06856427
-0.0982069,-0.5736756,0.0028907857,-0.0034331316,-0.002505667,1.0034331,0.0034331316,0.00036992377,-0.0025824057,-0.0034331316,0.9965669,-0.0034331316,-0.0025824057,-0.0034331316,0.0034331316,-0.0009376523,-0.0004891836,-0.0034331316
0.6040824,-0.71688884,-0.27805176,0.27805176,0.27805176,0.27805176,0.72194827,-0.17193195,0.72194827,0.27805176,-0.27805176,0.27805176,0.0057999864,0.27805176,0.27805176,-0.27805176,-0.19181775,-0.2091509
0.1302461,0.09487523,0.0591518,-0.0591518,0.011229286,0.95550597,0.0591518,0.0591518,-0.0591518,-0.0591518,0.0591518,-0.0591518,-0.0591518,-0.0591518,0.94084823,-0.01529179,-0.0591518,-0.044494063
-0.6446227,-0.26619565,0.07602035,0.07602035,0.047509253,0.9239797,0.07602035,0.07602035,0.9239797,-0.07602035,0.07602035,0.07602035,0.065048724,-0.07602035,-0.07602035,0.07602035,-0.012610951,0.07602035
1.197072,-0.75153846,-0.19375879,0.19375879,0.1457456,0.1689807,0.82942826,-0.08335166,-0.19375879,0.19375879,-0.19375879,1.1937588,-0.041758366,0.19375879,0.19375879,-0.12753054,0.119527966,-0.1457456
-0.75153846,-0.56983405,0.13663387,0.8633661,0.085333064,-0.13663387,0.13663387,0.11919075,-0.07971387,0.13663387,0.13663387,0.13663387,0.04428581,-0.13663387,-0.13663387,0.8633661,0.11919075,0.13663387
-0.429015,-0.616019,0.03361456,-0.038497202,-0.038497202,1.0384972,0.038497202,0.038497202,-0.0017538257,0.038497202,0.038497202,0.008504288,0.028957644,0.038497202,1.0384972,-0.038497202,0.038497202,0.038497202
-0.6194786,3.6335342,0.10609177,-0.10609177,0.10584383,0.89390826,0.10609177,0.10609177,0.89390826,-0.10609177,0.10609177,0.10609177,0.092769176,0.021084907,0.10609177,-0.10609177,-0.10609177,0.10609177
-0.5216172,-0.64923376,-0.01643886,-0.056955077,-0.04977958,1.0569551,0.056955077,0.056955077,0.056955077,0.056955077,0.056955077,0.056955077,0.01612961,0.056955077,0.98512274,-0.056955077,0.050139237,0.056955077
1.2372139,-0.75153846,-0.11188263,1.0970901,0.081733264,0.08415826,-0.08266296,-0.02302171,-0.09709016,1.1118826,-0.11188263,0.11188263,0.0057662074,0.11188263,0.11188263,-0.0153848585,0.08415826,-0.080344036
-0.4944876,-0.6503101,0.025975907,-0.05602982,-0.05602982,1.0560298,0.048876837,0.042145707,0.026708717,0.05602982,0.05602982,0.05602982,0.05602982,0.05602982,1.0200495,-0.05602982,0.048876837,0.05602982
1.2303637,-0.75153846,-0.10482123,1.1048212,0.10482123,0.064848214,-0.10482123,0.007098873,-0.10482123,1.1048212,-0.10482123,0.10482123,0.06099676,0.10482123,0.10482123,-0.10482123,0.10482123,-0.07884667
-0.52794,-0.6541883,-0.024568543,-0.058051784,-0.058051784,1.0580518,0.05796079,0.058051784,0.058051784,0.058051784,0.058051784,0.058051784,0.058051784,0.058051784,1.0300785,-0.058051784,0.058051784,0.058051784
-0.053014647,2.5554264,-0.07936032,0.07936032,-0.013684536,1.0793604,-0.07936032,-0.07936032,1.0793604,0.07936032,-0.07936032,0.07936032,-0.0067685284,0.07936032,-0.07936032,0.07936032,0.05760942,0.015322147
-0.7302073,0.1384584,0.13633247,0.13633247,-0.10254946,0.86366755,0.13633247,0.10254946,-0.13633247,-0.13633247,0.08497483,0.13633247,0.13633247,0.86366755,0.11875784,0.13633247,-0.11875784,0.13537143
-0.08885422,-0.55104405,-0.00449863,0.0062265657,0.0025692086,0.99621266,-0.0062265657,-0.00083065865,0.0062265657,0.005330232,1.0046836,0.0062265657,0.0045665167,0.0062265657,-0.005330232,0.0035926027,-0.0062265657,0.0062265657
-0.48549986,-0.54936993,-0.095622815,-0.095622815,-0.095622815,1.0956228,-0.095622815,-0.09559975,0.095622815,0.095622815,0.98460674,-0.095622815,-0.0719276,0.095622815,0.095622815,-0.095622815,-0.056149915,0.095622815
-0.6189317,-0.65470403,-0.057525493,-0.057525493,-0.057525493,1.0575255,-0.015697036,0.035162713,0.057525493,0.057525493,0.057525493,0.057525493,0.021451328,0.057525493,0.9425324,-0.057525493,0.057467632,0.057525493
-0.09209377,-0.5747902,-0.0057563717,0.0057563717,-0.0016073727,0.99717367,-0.0057563717,-0.001929252,0.0057563717,0.0057563717,1.0056295,0.0057563717,0.004164736,0.0057563717,-0.0057563717,-0.0057508806,0.0027608434,0.0049376856
-0.52557135,4.7145224,0.7026163,0.29738373,-0.29553068,0.29738373,-0.29738373,-0.29738373,1.218078,0.29738373,-0.29738373,-0.2585628,0.2586785,-0.29738373,-0.016474746,0.22369242,0.29738373,-0.29738373
0.43321624,1.5097632,-0.24859239,0.24859239,0.15297225,1.2485924,-0.24859239,-0.24859239,1.2485924,0.24859239,-0.24859239,0.24859239,-0.21706347,0.24859239,0.24859239,-0.15345907,0.24859239,-0.089617744
0.5424268,-0.731342,-0.097183645,0.097183645,0.097183645,1.0971836,-0.09642245,-0.031431157,-0.07217924,0.097183645,-0.097183645,0.097183645,0.09642245,0.097183645,1.0971836,0.05884495,0.048097257,-0.097183645
-0.5834755,-0.6544833,-0.057705235,-0.057705235,-0.050257333,1.0577053,0.041859344,0.034273744,0.057705235,0.057705235,0.057705235,0.057705235,0.043405954,0.057705235,0.9422948,-0.057705235,0.057705235,0.057705235
-0.6158726,-0.27584815,0.029880906,0.014916583,0.029880906,0.9701191,0.029880906,0.029880906,-0.01850073,0.018716766,0.029880906,0.029880906,0.029880906,0.011066766,0.9701191,-0.029880906,-0.029800648,0.029880906
-0.42975935,-0.616202,0.038358863,-0.038448427,-0.038448427,1.0384485,0.038448427,0.038448427,-0.0234624,0.038448427,0.038448427,0.03371708,0.038448427,0.038448427,1.0384485,-0.038448427,0.038358863,0.038448427
-0.4218337,1.619947,0.042804085,-0.16415806,0.12347991,1.1234798,0.16415806,-0.12084002,-0.16415806,-0.07779471,-0.16415806,-0.16415806,0.14375024,-0.16415806,1.1641581,-0.16415806,0.12347991,-0.16415806
-0.6232495,0.3382057,0.03725777,0.03725777,0.03725777,0.96274227,0.03725777,0.03724406,-0.03724406,-0.03273591,0.03725777,0.03725777,0.03725777,-0.03725777,0.96274227,-0.03193555,-0.03725777,0.03725777
0.046491027,-0.54003984,0.02849225,0.028314944,0.021431908,1.0181636,0.02849225,0.02849225,0.02849225,0.02849225,0.9715078,0.024890436,0.02849225,0.02849225,0.02849225,-0.02849225,0.021194845,0.02849225
1.4913579,-0.5426856,-0.6339998,0.6339998,0.629007,1.6339997,-0.47057295,-0.548227,0.8526521,0.6339998,-0.6339998,0.6339998,-0.31346864,0.6339998,0.6339998,-0.28218856,0.14191353,-0.46734667
-0.6574998,2.6680884,-0.0075152796,-0.0075152796,0.005652996,1.0075153,-0.0075152796,-0.0075152796,0.0075152796,0.0075152796,0.9953841,-0.0075152796,-0.0075152796,0.0075152796,0.0075152796,-0.0075152796,0.0075152796,0.001320798
-0.64288574,-0.6553171,-0.05689401,-0.05689401,-0.05689401,1.056894,-0.03140287,0.020184608,0.05689401,0.05689401,0.05689401,0.05689401,-0.04964976,0.05689401,0.943106,-0.05689401,0.05689401,0.05689401
-0.70729303,-0.09442584,0.079798706,0.079798706,0.079798706,0.9202013,0.079798706,0.079798706,0.9202013,-0.079798706,0.079798706,0.079798706,0.049300663,-0.079798706,-0.019223489,0.060024686,-0.02994049,0.079798706
0.015897982,0.47983843,0.09481591,-0.07132065,-0.07074389,0.917328,0.09481591,0.07132065,0.9804684,-0.09481591,0.09481591,-0.09481591,-0.09481591,-0.09481591,-0.09481591,0.03259629,0.05917669,0.07132065
0.29728878,-0.13894597,-0.19741037,0.19741037,0.19741037,0.19741037,0.80258965,-0.10837278,0.80258965,0.19741037,-0.19741037,0.19741037,0.032993257,0.19741037,0.19741037,-0.19741037,-0.12079507,-0.19741037
0.5525183,-0.7486392,-0.10100361,0.10100361,0.08809127,1.0630807,-0.10100361,-0.10100361,-0.08809127,0.10100361,-0.10100361,0.10100361,0.023083821,0.10100361,1.1010035,0.10100361,0.06991148,-0.10077565
0.54148793,-0.7280138,-0.09812254,0.09812254,0.073807895,1.0631825,-0.07314837,-0.09812254,-0.09812254,0.09812254,-0.09812254,0.09812254,0.0356571,0.09812254,1.0981225,0.073807895,-0.02427803,-0.08551428
0.0031258706,0.43556193,0.09711458,-0.07304971,-0.09711458,0.9152834,0.09711458,0.09711458,0.9028854,-0.09711458,0.09711458,-0.09711458,-0.09711458,-0.09711458,-0.07304971,0.09711458,0.08471662,0.0730349
1.2075092,-0.75153846,-0.19723317,0.19723317,0.17246541,0.19723317,1.1470948,0.13358977,-0.19723317,0.19723317,-0.19723317,1.1972332,-0.18527573,0.19723317,0.19723317,-0.119281776,0.09477272,-0.11155274
0.5519913,-0.75143194,-0.101530686,0.101530686,0.09234549,1.1015307,-0.057382915,-0.075054005,-0.101530686,0.101530686,-0.101530686,0.101530686,0.074647546,0.101530686,1.1015307,0.017731972,0.076371506,-0.08869594
1.199637,-0.7514175,-0.19119386,0.19119386,0.19119386,0.19119386,1.1911938,-0.09145144,-0.19119386,0.19119386,-0.19119386,1.1911938,-0.10429303,0.19119386,0.19119386,-0.14067756,0.19119386,-0.16654709
-0.056776106,-0.52648234,0.09683321,0.09002015,0.0017413124,0.9031668,0.09683321,0.07283806,0.09683321,-0.09683321,-0.054656055,-0.09683321,-0.04092234,-0.09683321,0.9031668,0.09683321,0.09683321,0.07283806
-0.4631201,-0.6079134,-0.09667165,-0.08433019,-0.09633463,1.0966717,-0.09667165,-0.08433019,0.09667165,0.09667165,0.91566986,-0.09667165,-0.09667165,0.09667165,0.09667165,-0.07271653,-0.019479483,-0.040222965
0.551957,-0.7385967,-0.101564914,0.101564914,0.076397255,1.0588288,-0.101564914,-0.030542761,-0.101564914,0.101564914,-0.101564914,0.101564914,0.018059716,0.101564914,1.1015649,0.07053716,0.040383346,-0.101564914
-0.75153846,2.2699842,0.0833299,0.0833299,0.05096444,0.9166701,0.0833299,0.0833299,-0.0833299,-0.0833299,0.0833299,0.0833299,0.07269174,-0.071185865,0.9166701,0.0833299,-0.0833299,0.0833299
-0.53534985,-0.62456644,-0.037918486,-0.050410032,-0.050410032,1.05041,0.03740131,0.050410032,0.050410032,0.050410032,0.050410032,0.050410032,0.0335071,0.050410032,0.94958997,-0.050410032,0.04216586,0.050410032
-0.6187808,0.16508742,0.032789066,0.024663977,0.032724027,0.96721095,0.032789066,0.032789066,-0.032789066,-0.024663977,0.032789066,0.032789066,0.032789066,-0.032789066,0.96721095,-0.024463814,-0.032789066,0.032789066
-0.036827344,2.556436,-0.08914113,0.08914113,0.063859195,1.0891411,-0.08914113,-0.08914113,1.0891411,0.08914113,-0.08914113,0.08914113,-0.07794712,0.08914113,-0.08914113,0.0023720209,-0.062251713,0.019694
-0.5476369,1.3289421,0.7449417,-0.19078216,-0.11781021,0.2550583,-0.2550583,-0.2550583,1.2550583,0.2550583,-0.2550583,-0.1866,-0.12396557,0.2550583,0.2550583,0.1875768,-0.025552988,-0.2233499
0.292702,0.043245353,-0.008163758,0.008163758,0.007920207,1.0081612,0.0071557118,-0.008163758,0.006138186,0.008163758,-0.008163758,0.008163758,0.0071227467,0.008163758,1.0081638,0.0063058175,0.008163758,-0.008163758
0.6541532,0.92441154,-0.31469586,0.31469586,0.18867528,1.3146958,-0.31469586,-0.274783,1.3146958,0.31469586,-0.31469586,0.31469586,-0.23671463,0.31469586,0.31469586,-0.31469586,0.274783,-0.23591462
0.5529326,-0.74807334,-0.10058929,0.10058929,0.10058929,1.0994229,-0.10058929,-0.10058929,-0.10058929,0.10058929,-0.10058929,0.10058929,0.045485772,0.10058929,1.1005893,0.06997009,0.08791561,-0.10058929
-0.42975104,-0.615873,0.038688604,-0.038688604,-0.038688604,1.0386887,0.03366919,0.038688604,0.010135585,0.038688604,0.038688604,-0.016103044,0.038688604,0.038688604,1.0386887,-0.038688604,0.03366919,0.038688604
-0.43078917,-0.6163004,0.038346,-0.038346,-0.02884391,1.038346,0.038346,0.038346,-0.028647874,0.038346,0.038346,-0.036848553,0.038346,0.038346,1.038346,-0.038346,0.038346,0.038346
-0.25822273,1.1943163,0.6179762,0.0021916255,0.279835,0.38202378,-0.38202378,-0.3817101,0.38202378,0.38202378,-0.38202378,0.6179762,-0.3796414,0.38202378,0.35982436,-0.15052992,0.1705805,-0.38202378
-0.3013102,-0.33622482,-0.3310531,-0.20828047,0.1508142,0.3310531,0.66894686,-0.24901858,0.3310531,0.3310531,-0.33014497,0.75098145,-0.33014497,0.3310531,-0.09663077,-0.24901858,-0.20509133,-0.20828047
-0.53445673,-0.58465976,-0.013070688,-0.040173925,-0.030218875,1.040174,0.034995105,0.025040053,0.040173925,0.040173925,0.040173925,0.040173925,0.034995105,0.040173925,0.97874963,-0.040173925,0.034995105,0.040173925
-0.61549544,-0.16763884,0.09442398,0.09442398,0.082477786,0.905576,0.09442398,0.09442398,0.905576,-0.09442398,0.09442398,0.09442398,0.07102583,-0.09442398,-0.09442398,0.09442398,-0.031668678,0.09442398
-0.4303965,-0.6161564,0.03849753,-0.038506836,-0.03376832,1.0385069,0.038506836,0.038506836,-0.038506836,0.038506836,0.038506836,0.038506836,0.038506836,0.038506836,1.0385069,-0.038506836,0.03849753,0.038506836
0.9979691,1.5598557,-0.55191654,0.55191654,0.41355836,1.5519166,-0.55191654,-0.43318796,1.5519166,0.55191654,-0.55191654,0.55191654,-0.55191654,0.55191654,0.55191654,-0.346771,0.13643351,-0.55032253
-0.35142943,-0.3176013,-0.35002765,-0.35002765,0.3146389,0.35002765,0.6499723,-0.14496359,0.35002765,0.35002765,-0.35002765,0.7792247,-0.35002765,0.35002765,-0.35002765,-0.35002765,0.19562936,-0.35002765
-0.5273461,-0.6535798,-0.009121269,-0.058645677,-0.035666298,1.0586457,0.05111001,0.058645677,0.058645677,0.058645677,0.058645677,0.057822432,0.036485728,0.058645677,1.0503398,-0.058645677,0.05111001,0.058645677
-0.50027186,-0.47898373,-0.092211895,-0.092211895,-0.092211895,1.092212,-0.092211895,-0.080487035,0.092211895,0.092211895,0.9878801,-0.092211895,-0.06901755,0.092211895,0.092211895,-0.092211895,-0.0049096337,0.092060946
0.03738187,-0.53323513,0.034685727,0.034685727,0.034685727,0.971299,0.034685727,0.034685727,0.034685727,0.034685727,0.96531427,0.034685727,0.034685727,0.034685727,0.034685727,-0.034685727,0.034685727,0.02609065
-0.6222052,-0.65463215,-0.057597436,-0.057597436,-0.057597436,1.0575975,-0.0036906619,0.040663462,0.05732682,0.057597436,0.057597436,0.057597436,0.005390856,0.057597436,0.94240254,-0.057597436,0.057597436,0.057597436
-0.25838023,1.1951888,0.6181337,0.18461272,0.23502855,0.38186628,-0.38186628,-0.37890893,0.38186628,0.38186628,-0.38186628,0.6181337,-0.38186628,0.38186628,0.2806232,-0.25909072,0.28724033,-0.38186628
-0.09297009,-0.58400065,0.064532414,0.064532414,0.008568382,0.93546754,0.064532414,0.049953323,0.064532414,-0.064532414,-0.064532414,0.031570643,0.064532414,-0.064532414,0.93546754,0.064532414,-0.048541356,-0.034516647
-0.46935242,1.1136192,0.74563694,-0.25436303,0.11049786,0.25436303,-0.25436303,-0.25436303,1.254363,0.25436303,-0.25436303,-0.052330766,-0.13508648,0.25436303,0.1913322,-0.022699457,0.09022169,-0.25436303
-0.66944695,1.4298043,0.083455205,0.083455205,0.06277512,0.9165448,0.083455205,0.06277512,-0.083455205,-0.083455205,0.083455205,0.083455205,0.07301019,-0.06277512,0.9165448,0.083455205,-0.07286438,0.083455205
1.2009964,-0.75153846,-0.18983449,0.14279376,0.18983449,0.18983449,1.1427938,-0.14258869,-0.18983449,0.18983449,-0.18983449,1.1898345,-0.028210845,0.18983449,0.18983449,-0.18983449,0.18983449,-0.14279376
0.55114263,-0.7513453,-0.10237932,0.10237932,0.063812144,1.0854855,0.10237932,-0.07257988,-0.10237932,0.10237932,-0.10237932,0.10237932,0.07680177,0.10237932,1.1023793,-0.0030728364,0.046811476,-0.07700986
-0.6006827,-0.38015708,0.072191805,0.072191805,0.072191805,0.9278082,0.072191805,0.072191805,0.9278082,-0.072191805,0.072191805,0.072191805,0.06309604,-0.072191805,-0.054302767,0.072191805,-0.054302767,0.054302767
0.540848,-0.7256654,-0.09876247,0.09876247,0.03535978,1.0363566,0.033130847,-0.072370306,-0.09876247,0.09876247,-0.09876247,0.09876247,0.0864845,0.09876247,1.0987625,-0.052231226,0.09730005,-0.07428925
1.2392493,-0.75153846,-0.10984708,1.1098471,0.0789802,0.08262712,-0.09614498,-0.03417918,-0.10984708,1.1098471,-0.10984708,0.10984708,-0.026642669,0.10984708,0.10984708,0.021413017,0.08107445,-0.10984708
-0.75153846,0.18257703,0.13050987,0.13050987,-0.03554469,0.86949015,0.13050987,0.13050987,-0.13050987,-0.13050987,0.13050987,0.13050987,0.13050987,0.86949015,0.09782156,0.13050987,-0.007834863,0.13050987
1.4945792,-0.5409405,-0.63216954,0.63216954,0.63216954,1.6321696,-0.20282456,-0.4050949,0.5258429,0.63216954,-0.63216954,0.63216954,0.13895199,0.63216954,0.63216954,-0.47551876,0.5527842,-0.63216954
1.6968734,-0.6257245,-0.71807516,0.71807516,0.71807516,1.718075,-0.71807516,-0.17226602,0.28192484,0.71807516,-0.71807516,0.71807516,-0.25614822,0.71807516,0.71807516,0.37015712,0.5368039,-0.71807516
-0.42997932,-0.6160458,0.024084074,-0.038460292,-0.033614486,1.0384603,0.03825558,0.02892988,-0.015780054,0.038460292,0.038460292,-0.026886938,0.038460292,0.038460292,1.0384603,-0.038460292,0.038460292,0.038460292
1.1996177,-0.75153846,-0.1912131,0.1912131,0.16712125,0.14383075,0.9193693,-0.049687855,-0.1912131,0.1912131,-0.1912131,1.1912131,-0.17825538,0.1912131,0.1912131,-0.14383075,0.1912131,-0.1912131
-0.5346015,1.2913582,0.7410341,-0.24999085,0.18344894,0.25896588,-0.25896588,-0.22241224,1.2589658,0.25896588,-0.25896588,-0.14935297,-0.1898242,0.25896588,0.25896588,0.11971921,-0.1316106,-0.25896588
-0.2590899,1.2915497,0.6188434,-0.016459163,0.38115662,0.38115662,-0.38115662,-0.38115662,0.38115662,0.38115662,-0.38115662,0.6188434,-0.38115662,0.38115662,-0.02539245,-0.13826886,0.20817485,-0.38115662
-0.092854485,-0.58458865,-0.0048720404,0.0049021565,-0.0023409168,0.99431026,-0.0065170885,0.0054542557,0.0065170885,0.0065170885,1.0040874,0.0065170885,0.000948057,0.0065170885,-0.0065170885,-0.00030689832,-0.0065170885,0.0065170885
0.42131382,1.6806368,-0.26026297,0.26026297,0.19469836,1.2602631,-0.26026297,-0.1638529,1.2602631,0.26026297,-0.26026297,0.26026297,-0.19577014,0.26026297,0.26026297,-0.1921061,0.25919122,-0.077942
-0.61547756,-0.3337442,0.029485816,0.02209819,0.029485816,0.9705142,0.029485816,0.01786078,-0.029485816,-0.008685001,0.029485816,0.029485816,0.029485816,0.029458376,0.9705142,-0.02217927,-0.029485816,0.029485816
-0.68507385,-0.15205432,0.07867864,0.07867864,0.068408504,0.9213214,0.07867864,0.07867864,0.9213214,-0.07867864,0.07867864,0.07867864,-0.012448916,-0.07867864,-0.07867864,0.06879848,0.05918218,0.05918218
0.55092233,-0.75153846,-0.102599636,0.102599636,0.08954414,1.1025996,0.051482048,-0.017578296,-0.102599636,0.102599636,-0.102599636,0.102599636,0.07717557,0.102599636,1.1025996,0.075038016,-0.017239802,-0.07717557
-0.75153846,-0.57002103,0.13643053,0.8635695,0.102031715,-0.13643053,0.13643053,0.13643053,0.05100418,0.13643053,0.13643053,0.13643053,0.08252854,-0.13643053,-0.13643053,0.8635695,0.13613346,0.13643053
-0.5359432,2.7607973,0.0876095,0.0876095,-0.06568861,0.9123905,0.0876095,0.0505819,-0.0876095,-0.0876095,0.0876095,0.0876095,0.0876095,-0.0876095,0.9123905,0.04364216,-0.06557211,-0.0876095
-0.43075383,-0.61567956,0.028808765,-0.03884507,-0.03884507,1.0388451,0.03884507,0.03884507,-0.0073416037,0.03884507,0.03884507,0.027873825,0.03884507,0.03884507,1.0388451,-0.03884507,0.03884507,0.03884507
-0.30894744,-0.24318838,-0.34196454,-0.34196454,0.16969347,0.34196454,0.65803546,0.1158202,0.34196454,0.34196454,-0.25722617,1.2234372,-0.25443184,0.34196454,-0.25337493,-0.34196454,-0.077156916,-0.34196454
0.037661225,-0.53920245,0.034965083,0.034965083,0.0260785,1.0220869,0.034965083,0.034965083,0.034965083,0.034965083,0.9651152,0.034965083,0.034965083,0.034965083,0.034884833,-0.034965083,0.01811186,0.034965083
0.04552248,-0.5202871,0.027523708,0.027523708,0.015839666,1.023215,0.027523708,0.027523708,0.027523708,0.027523708,0.9724763,0.027523708,0.027523708,0.027523708,0.027523708,-0.027523708,0.027523708,0.027523708
-0.48754242,-0.4851506,-0.088015705,-0.076633096,-0.088015705,1.0880158,-0.088015705,-0.088015705,0.088015705,0.088015705,1.0546184,-0.088015705,-0.0057857316,0.088015705,0.088015705,-0.06620552,0.03917554,0.027560936
-0.6339663,-0.3735497,0.066523276,0.066523276,0.049652085,0.93347675,0.066523276,0.050038897,0.93347675,-0.066523276,0.066523276,0.05794777,0.064516604,-0.066523276,-0.066523276,0.066523276,-0.03180112,0.066523276
-0.012657215,0.5265643,0.11263234,-0.097776145,-0.0847222,0.88736767,0.11263234,0.0847222,0.9012278,-0.11263234,0.11263234,-0.11263234,-0.11263234,-0.11263234,-0.11263234,0.11263234,-0.03735294,0.0847222
0.8803099,0.17517477,-0.38021684,0.38021684,0.38021684,1.3802168,-0.2859996,-0.3765281,0.8698536,0.38021684,-0.38021684,0.38021684,-0.38021684,0.38021684,0.38021684,-0.17937686,0.2846188,-0.2859996
-0.6169836,-0.091689795,0.030991873,0.030991873,0.030991873,0.96900815,0.030991873,0.030991873,-0.030991873,-0.004630681,0.030991873,0.030991873,0.030991873,-0.023194185,0.96900815,-0.030991873,-0.030991873,0.030991873
-0.6257464,-0.27102783,0.080097996,0.080097996,0.079855226,0.91990197,0.080097996,0.080097996,0.91990197,-0.080097996,0.080097996,0.080097996,0.059146166,-0.080097996,-0.060249813,0.080097996,0.028385364,0.07010674
-0.75153846,-0.5705035,0.13594559,0.86405444,0.13594559,-0.13594559,0.13594559,0.11870366,-0.11343522,0.13594559,0.13594559,0.13594559,0.10225845,-0.13594559,-0.13594559,0.86405444,0.04442676,0.13594559
-0.27984816,0.08794983,0.5978672,-0.4021328,0.09616932,0.4021328,-0.4021328,-0.4021328,0.4021328,0.4021328,-0.35062793,0.74902004,-0.32615247,0.4021328,-0.40102997,-0.4021328,-0.35062793,-0.4021328
-0.51387894,-0.6502237,0.04083105,-0.05657827,-0.04141588,1.0565783,0.049165163,0.05657827,0.042558238,0.05657827,0.05657827,0.05657827,0.05657827,0.05657827,1.0425583,-0.05657827,0.05657827,0.05657827
-0.097284205,-0.5717155,0.0025009548,-0.0025009548,-0.0008277883,1.0018812,0.0025009548,0.0019839243,-0.0025009548,-0.0025009548,0.9981849,-0.0025009548,-0.0018812211,-0.0025009548,0.0025009548,0.0018812211,-0.001941436,-0.0009065364
-0.60774463,-0.27476358,0.08389088,0.08389088,0.08389088,0.91610914,0.08389088,0.08389088,0.91610914,-0.08389088,0.08389088,0.08389088,0.019723166,-0.08389088,-0.06310282,0.08389088,-0.08389088,0.062457237
-0.75153846,-0.57115775,0.13539228,0.86460775,0.10184225,-0.13539228,0.13539228,0.13539228,-0.10119362,0.13539228,0.13539228,0.13539228,0.10097447,-0.13539228,-0.13539228,0.86460775,0.13539228,0.13539228
-0.1310263,-0.6374681,-0.015191212,-0.03878004,0.022260185,1.0387801,0.03878004,-0.0072767525,-0.03878004,-0.029170392,0.97578746,-0.03878004,-0.023604022,-0.03878004,0.03878004,0.03878004,0.033728503,-0.029170392
-0.48021716,-0.59705055,-0.101137415,-0.101137415,-0.101137415,1.1011375,-0.101137415,-0.10082366,0.101137415,0.101137415,0.9365824,-0.101137415,0.084641665,0.101137415,0.07607569,-0.10082366,-0.026408723,0.062884435
-0.43028402,-0.61603254,0.03858894,-0.038619302,-0.038619302,1.0386193,0.038619302,0.03858894,0.0046810512,0.038619302,0.038619302,0.028651292,0.038619302,0.038619302,1.0386193,-0.038619302,0.03858894,0.038619302
1.0893703,-0.20657119,-0.46144292,0.46144292,0.34158513,1.4614428,-0.46144292,-0.22644737,0.7467966,0.46144292,-0.46144292,0.46144292,-0.18485962,0.46144292,0.46144292,-0.077774465,0.34709796,-0.46144292
-0.7396197,-0.68501496,0.027265232,-0.027265232,0.005917747,0.97273475,0.027265232,0.0170509,-0.013373518,0.027265232,0.027265232,0.027265232,0.027265232,0.027265232,0.97273475,-0.027265232,-0.023452451,0.027265232
-0.75153846,-0.56812465,0.1384151,0.8615849,0.084387116,-0.1384151,0.1384151,0.13486949,0.022164315,0.12097553,0.1384151,0.1384151,0.058272988,-0.1384151,-0.1384151,0.8615849,-0.01743888,0.1384151
0.6734093,0.4859758,-0.29404864,0.29404864,0.2528964,1.2940485,-0.21850504,-0.29061648,1.2196398,0.29404864,-0.29404864,0.29404864,-0.29404864,0.29404864,0.29404864,-0.29136992,0.14307083,-0.21894093
0.9993499,1.5641527,-0.5505357,0.5505357,0.32356453,1.5505357,-0.5505357,-0.47044075,1.5505357,0.5505357,-0.5505357,0.5505357,-0.41411364,0.5505357,0.5505357,-0.5505357,0.5505357,-0.48163208
1.2379689,-0.7514835,-0.111127436,1.1111275,0.08164357,0.08296028,-0.08359021,0.111127436,-0.111127436,1.1111275,-0.111127436,0.111127436,-0.09263039,0.111127436,0.111127436,0.002748832,0.08211321,-0.06917268
-0.5322725,1.1582816,0.7450148,-0.15118358,-0.04272872,0.2549852,-0.2549852,-0.2549852,1.2549852,0.2549852,-0.2549852,-0.014272425,-0.16124576,0.2549852,0.18831038,-0.19180019,-0.21881303,-0.2549852
-0.5053507,2.7476861,0.080641046,0.07048069,-0.08011408,0.91935897,0.080641046,-0.0275179,-0.080641046,-0.080641046,0.080641046,0.080641046,0.080641046,-0.080641046,0.91935897,0.006724164,-0.060658302,-0.080641046
-0.2995681,1.190251,0.12087691,0.07439712,-0.1206789,0.8791231,0.12087691,0.12087691,-0.12087691,-0.12087691,0.97961026,-0.12087691,0.12087691,-0.12087691,-0.12087691,0.12087691,-0.10286209,-0.12087691
-0.0272304,0.46992806,0.11521667,-0.08666612,-0.08666612,0.8847833,0.11521667,0.11521667,0.89977914,-0.11521667,0.11521667,-0.11521667,-0.11521667,-0.11521667,-0.11521667,0.07167039,0.070418864,0.08616773
-0.42658228,0.059680916,0.13965893,-0.047630623,0.059041195,0.84059054,0.15940948,-0.13692142,-0.15940948,-0.13551033,-0.15940948,-0.15940948,-0.017943423,-0.15940948,1.1594094,0.15940948,0.13600814,-0.15609984
-0.4304038,-0.6161266,0.038499538,-0.038499538,-0.038499538,1.0384995,0.038499538,0.038499538,-0.02870657,0.038499538,0.038499538,-0.010784859,0.038499538,0.038499538,1.0384995,-0.038499538,0.033648793,0.038499538
-0.72178257,-0.57082355,0.093592614,0.093592614,-0.050679665,0.90640736,0.093592614,0.093592614,-0.093592614,-0.093592614,0.093592614,0.093592614,0.093592614,0.90640736,-0.093592614,0.093592614,0.063743904,0.093592614
0.20967105,0.061278537,0.024502546,-0.024502546,0.0022589255,0.9786357,-0.024502546,0.024502546,-0.018430844,-0.024502546,0.024502546,-0.024502546,-0.021364262,-0.024502546,0.9754975,-0.024502546,-0.024502546,-0.012145835
-0.25714073,1.1978278,0.6168942,0.0007246658,0.23801039,0.38310578,-0.38310578,-0.3341972,0.38310578,0.38310578,-0.38310578,0.6168942,-0.38310578,0.38310578,0.04728818,-0.15871352,0.20594634,-0.38310578
-0.521538,-0.6282786,-0.0029151067,-0.051237777,-0.051237777,1.0512378,0.044722717,0.044782076,0.051237777,0.051237777,0.051237777,0.038541123,0.03756395,0.051237777,0.98885363,-0.051237777,0.051237777,0.051237777
2.0014699,0.75993294,-0.75153846,0.7508659,0.6175957,1.7508659,-0.75153846,0.86047506,0.25605607,0.9982247,-0.75153846,0.9982247,-0.47087264,0.9982247,0.9982247,-0.62785906,0.87370825,-0.74779403
-0.75153846,0.37695172,0.1392772,0.1392772,0.07609433,0.8607228,0.1392772,0.1392772,-0.1392772,-0.1392772,0.1392772,0.1392772,0.12155464,0.8607228,0.06928605,0.10476449,-0.1392772,0.1392772
-0.07402837,-0.40123197,0.00579868,-0.005816996,-0.0026934016,1.0043756,0.005816996,0.005816996,-0.0009842378,-0.005816996,0.9956245,-0.005816996,-0.0036548206,-0.005816996,0.005816996,-0.00073091825,-0.0036107525,-0.0055073136
0.17905481,0.7719067,0.00084204954,-0.00084204954,-0.00084204954,0.99915797,0.00084204954,0.00063338893,0.99915797,-0.00084204954,0.00084204954,-0.00084204954,-0.00060584187,-0.00084204954,-0.0007366545,-0.000516404,-0.0005353088,-1.7354832e-05
-0.6238447,0.33930084,0.037852954,0.037852954,0.037852954,0.96214706,0.037852954,0.016194817,-0.023445182,-0.037852954,0.037852954,0.037852954,0.02307764,-0.037852954,0.96214706,-0.037852954,-0.037852954,0.037852954
-0.4882046,-0.4648,-0.084571175,-0.084571175,-0.063614555,1.0845711,-0.084571175,-0.07361278,0.084571175,0.084571175,1.0739156,-0.084571175,-0.063614555,0.084571175,0.084571175,-0.062433135,0.037360497,0.084571175
-0.64310724,-0.65491253,-0.05728099,-0.05728099,-0.042395435,1.057281,-0.03409286,-0.03936021,0.05728099,0.05728099,0.05728099,0.05728099,-0.00083040027,0.05728099,0.94981605,-0.05728099,0.043086838,0.05728099
0.6534495,0.9234291,-0.31563145,0.31563145,0.31563145,1.3156314,-0.31563145,-0.18770908,1.3156314,0.31563145,-0.31563145,0.31563145,-0.19523172,0.31563145,0.31563145,0.06969967,0.2374184,-0.1971239
-0.6171976,-0.067976594,-0.0705799,-0.0705799,-0.05306319,1.0705799,-0.0705799,-0.0705799,0.0705799,0.0705799,0.94690967,-0.0705799,-0.033290192,0.0705799,0.0705799,0.031391438,-0.044608805,0.053090293
-0.21948698,-0.55198497,0.044685595,0.044685595,-0.033367738,1.0446856,0.044685595,0.033612557,0.044685595,0.044685595,-0.044685595,0.044685595,0.044685595,0.044685595,0.95531446,-0.044685595,-0.044685595,0.044685595
-0.5349778,-0.65375435,-0.01004855,-0.05839593,-0.05839593,1.0583959,0.05839593,0.05101393,0.05839593,0.05839593,0.05839593,0.05839593,0.04279844,0.05839593,1.0543842,-0.05839593,0.035816737,0.05839593
-0.54769087,1.137262,0.74566233,-0.25433764,0.14244644,0.25433764,-0.25433764,-0.25433764,1.2543377,0.25433764,-0.25433764,-0.031423245,-0.16076843,0.25433764,0.12654988,-0.15716587,-0.15885241,-0.22379299
-0.43034112,-0.61593807,0.02889212,-0.0385622,-0.0385622,1.0385622,0.0385622,0.0385622,0.011067235,0.0385622,0.0385622,-0.03577544,0.0385622,0.0385622,1.0385622,-0.0385622,0.0385622,0.0385622
0.011804165,2.5446358,-0.11980511,0.11980511,0.10541712,1.1198051,-0.11980511,-0.11980511,1.1198051,0.11980511,-0.11973816,0.11980511,-0.11973816,0.11980511,-0.090117544,-0.03565304,0.059990555,0.006250374
0.037407674,-0.5394685,0.034711536,0.034711536,0.021693118,1.0173985,0.034711536,0.034711536,0.034711536,0.034711536,0.9652885,0.034711536,0.034711536,0.034711536,0.034711536,-0.034711536,0.026110057,0.034711536
1.8779652,-0.21457578,-0.75153846,0.82309604,0.61913395,1.823096,-0.61913395,-0.75153846,0.9390983,0.82309604,-0.75153846,0.82309604,-0.75153846,0.82309604,0.82309604,-0.7190466,0.82309604,-0.7190466
-0.5605788,-0.5576393,-0.02541292,-0.033784736,-0.025363358,1.0337847,0.025363358,0.02541292,0.033784736,0.033784736,0.033784736,0.03373517,0.025226133,0.033784736,1.0037963,-0.033784736,0.020127986,0.033784736
1.199834,-0.75153846,-0.19099689,0.19099689,0.19099689,0.19099689,1.1204066,0.16664988,-0.1677354,0.19099689,-0.19099689,1.1909969,-0.14366809,0.19099689,0.19099689,-0.15631402,0.19099241,-0.19099689
1.2392434,-0.75131065,-0.109853,1.109853,0.109853,0.08263156,-0.109853,-0.06837938,-0.109853,1.109853,-0.109853,0.109853,-0.023076173,0.109853,0.109853,-0.007193109,0.09407848,-0.109853
-0.08371058,0.40762568,0.13803197,-0.11782445,-0.08725091,0.86196804,0.13803197,0.10380817,0.92197406,-0.13803197,0.13803197,-0.13803197,-0.13700408,-0.13803197,-0.13803197,0.13801232,0.103827834,0.13803197
-0.5467689,1.2185029,0.74626726,-0.25257555,-0.07431202,0.25373274,-0.25373274,-0.25373274,1.2537327,0.25373274,-0.25373274,-0.056861136,-0.1897009,0.25373274,0.25373274,-0.047534894,-0.01781394,-0.25257555
-0.25911194,1.1972734,0.61886543,0.37987527,0.38113457,0.38113457,-0.38113457,-0.38113457,0.38113457,0.38113457,-0.38113457,0.61886543,-0.33391273,0.38113457,0.25110647,-0.37987527,0.2394681,-0.37987527
0.038326785,-0.5458262,0.035630647,0.031037476,0.013109144,1.0354772,0.035630647,0.033670872,0.035630647,0.035630647,0.96436936,0.035630647,0.035630647,0.035630647,0.035630647,-0.035630647,0.03532041,0.026446113
-0.4814082,-0.51353484,-0.08928088,-0.08928088,-0.08928088,1.0892808,-0.08928088,-0.055500172,0.08928088,0.08928088,1.065519,-0.08928088,-0.087944895,0.08928088,0.07762387,-0.08928088,-0.07653257,0.054771893
0.46986693,-0.73989034,-0.064479955,0.064479955,-0.028088227,1.0320187,-0.048501905,-0.064479955,-0.056301955,0.064479955,-0.064479955,0.064479955,0.05584849,0.064479955,1.06448,-0.0040607583,0.047473393,-0.064479955
0.17038189,-0.2575887,0.07285577,-0.07285577,-0.07285577,0.9271442,0.07285577,0.07285577,0.054802205,-0.07285577,0.07285577,-0.07285577,-0.07285577,-0.07285577,0.9271442,-0.07285577,-0.07285577,0.029822256
-0.6248087,-0.27102867,0.08008779,0.08008779,0.07003064,0.9199122,0.08008779,0.08008779,0.9199122,-0.08008779,0.08008779,0.08008779,0.06004656,-0.08008779,-0.08008779,0.06024214,0.011739053,0.08008779
-0.09371207,-0.55446374,0.00031172982,-0.000437737,-0.00017732303,1.0005085,0.0005085064,-8.102589e-05,-0.0004988148,-0.000437737,0.9995049,-0.0005085064,-0.00042223322,-0.000437737,0.0005085064,7.868677e-05,0.00017965512,-0.0005085064
-0.66463655,1.283316,0.078644805,0.078644805,0.059156723,0.9213552,0.078644805,0.04944586,-0.078644805,-0.06906683,0.078644805,0.078644805,0.078644805,-0.06906683,0.9213552,0.078644805,-0.040599756,0.078644805
-0.65726346,2.666315,-0.0072789043,-0.0072789043,0.0072682854,1.0072789,-0.0072789043,-0.0054751877,0.0072789043,0.0072789043,0.9965117,-0.0072789043,-0.0072789043,0.0072789043,0.0072789043,-0.0072789043,0.0072789043,0.0072682854
-0.09228213,-0.5781703,-0.0059447372,0.0059447372,0.0022053402,0.9940553,-0.0059447372,0.0013254803,0.0044716373,0.0059447372,1.0043466,0.0059447372,0.005163648,0.0059447372,-0.0059447372,0.0002731434,-0.0059303916,0.0044716373
0.21864387,1.9410666,-0.17334211,0.17334211,0.15097745,1.1733421,-0.17334211,-0.17334211,1.1733421,0.17334211,-0.17334211,0.17334211,-0.16405046,0.17334211,0.10818661,-0.17334211,0.10818661,-0.10834464
-0.014852427,0.49855614,0.11090086,-0.10995021,-0.08341976,0.8890991,0.11090086,0.08341976,0.8890991,-0.11090086,0.11090086,-0.11090086,-0.09688161,-0.11090086,-0.11090086,0.08341976,0.047774695,0.06940052
0.5427302,-0.7240673,-0.09688023,0.09688023,0.07287343,1.0728734,-0.096321896,-0.072202355,-0.09688023,0.09688023,-0.09688023,0.09688023,0.017253252,0.09688023,1.0968802,0.09688023,0.06062658,-0.08463338
-0.5506149,-0.5544733,-0.022698656,-0.03305819,-0.03305819,1.0330582,0.024722774,0.027975924,0.03305819,0.03305819,0.03305819,0.03305819,0.0029524919,0.03305819,0.987143,-0.03305819,0.03305819,0.03305819
-0.08893444,-0.54422325,-0.0044519077,0.0044519077,0.0034818435,0.99610156,-0.004446135,-0.0009935469,0.0044519077,0.0044519077,1.0044519,0.0044519077,0.0044519077,0.0044519077,-0.0044519077,-0.0033083842,-0.0024143676,0.003895396
-0.43028098,-0.6162571,0.038390525,-0.038390525,-0.038390525,1.0383905,0.038390525,0.038376413,0.0028266325,0.038390525,0.038390525,-0.028863294,0.038390525,0.038390525,1.0383905,-0.038390525,0.038376413,0.038390525
-0.67421997,-0.26035136,0.06967959,0.06967959,0.06967959,0.9303204,0.06967959,0.06967959,0.9303204,-0.06967959,0.06967959,0.06967959,0.043430675,-0.06967959,-0.060697194,0.05177595,0.024135973,0.06967959
-0.4304776,-0.61619055,0.038425747,-0.038425747,-0.038425747,1.0384258,0.038425747,0.033536118,-0.028129246,0.038425747,0.038425747,-0.027992386,0.038425747,0.038425747,1.0384258,-0.038425747,0.038425747,0.038425747
-0.43026623,-0.61607504,0.038405262,-0.038405262,-0.033502307,1.0384052,0.028888486,0.038405262,-0.02898056,0.038405262,0.038405262,-0.034230415,0.028888486,0.038405262,1.0384052,-0.038405262,0.038405262,0.038405262
-0.47706273,-0.5254108,-0.090148486,-0.090148486,-0.090148486,1.0901484,-0.090148486,-0.090148486,0.090148486,0.090148486,0.94748026,-0.090148486,-0.0534593,0.090148486,0.090148486,-0.06780981,0.026030025,0.05407501
-0.51500154,1.3203361,0.7442746,-0.16024397,0.012282278,0.25572535,-0.25572535,-0.25572535,1.2557253,0.25572535,-0.25572535,-0.18149695,-0.05086007,0.25572535,0.25485012,0.21511975,-0.10015343,-0.25572535
-0.5456985,1.2371836,0.74484426,-0.11429071,0.06993069,0.2551557,-0.2551557,-0.2551557,1.2551557,0.2551557,-0.2551557,-0.052154504,-0.1647771,0.2551557,0.09403073,-0.2527653,-0.15956712,-0.2551557
-0.75153846,-0.5708704,0.1356468,0.8643532,0.1356468,-0.1356468,0.1356468,0.1356468,-0.1356468,0.1356468,0.1356468,0.1356468,0.1356468,-0.1356468,-0.1356468,0.8643532,0.035174303,0.1356468
2.0048823,0.7634508,-0.75153846,0.9948122,0.86574644,1.8657465,-0.6282819,-0.47961563,0.13425352,0.9948122,-0.75153846,0.9948122,-0.66450346,0.9948122,0.9948122,-0.6282819,0.86574644,-0.75153846
-0.642914,-0.6553031,-0.056922253,-0.056922253,-0.056797132,1.0569223,-0.042691864,0.02539595,0.056922253,0.056922253,0.056922253,0.056922253,-0.04503143,0.056922253,0.94307774,-0.056922253,0.04982187,0.056922253
-0.61722183,2.5469701,0.7077627,0.06336886,-0.13652922,0.29223725,-0.29223725,-0.29223725,1.2922373,0.29223725,-0.29223725,-0.29223725,-0.26705712,0.29223725,0.29223725,0.20971881,-0.091029465,-0.29223725
1.2858456,-0.22730823,-0.5480663,0.5480663,0.5480663,1.5480663,-0.1353452,-0.2746873,0.8096068,0.5480663,-0.5480663,0.5480663,-0.41380942,0.5480663,0.5480663,-0.3412146,0.5480663,-0.41225618
-0.42980418,-0.6162926,0.038403615,-0.038403615,-0.038403615,1.0384036,0.038403615,0.038403615,-0.0076690153,0.038403615,0.038403615,-0.008822957,0.038403615,0.038403615,1.0384036,-0.038403615,0.038403615,0.038403615
0.03715522,-0.532687,0.03445908,0.030074203,0.021535287,1.0344591,0.03445908,0.03426841,0.03445908,0.03445908,0.9655409,0.03445908,0.03445908,0.03445908,0.03445908,-0.03445908,0.03445908,0.03445908
0.08663219,-0.61364,0.0941378,-0.070810586,-0.070810586,0.9058622,0.0941378,0.057754036,0.0941378,-0.0941378,0.0941378,-0.0941378,-0.0941378,-0.0941378,0.9058622,0.0941378,0.08197348,-0.06551653
-0.43035546,-0.6162228,0.038316056,-0.038316056,-0.038316056,1.0383161,0.038316056,0.02882138,-0.01212362,0.038316056,0.038316056,-0.027895099,0.038316056,0.038316056,1.0383161,-0.038316056,0.038316056,0.038316056
0.8537155,0.75440043,-0.40634745,0.40634745,0.3566867,1.4063474,-0.20401286,-0.30565506,1.3007239,0.40634745,-0.40634745,0.40634745,-0.30397826,0.40634745,0.40634745,-0.23437062,0.40634745,-0.4030947
-0.75153846,0.881086,0.14851056,0.14851056,0.14851056,0.8514894,0.14851056,0.14851056,0.8514894,-0.14851056,0.14851056,0.14851056,0.14851056,-0.14851056,0.12948945,-0.11170984,0.0856102,0.11170984
-0.75153846,-0.5696337,0.1368373,0.8631627,0.1363951,-0.1368373,0.1368373,0.119940996,0.1368373,0.1363951,0.1368373,0.1368373,0.0860329,-0.1368373,-0.1368373,0.8631627,0.055288877,0.1368373
1.2003059,-0.75153846,-0.19052486,0.19052486,0.19052486,0.16579993,1.1905249,0.0003864672,-0.19052486,0.19052486,-0.19052486,1.1905249,-0.16579993,0.19052486,0.19052486,-0.19052486,0.19052486,-0.16596432
-0.051008172,-0.53578126,0.053704314,0.053704314,0.011519814,0.98011667,0.053704314,0.046055034,0.053704314,0.053704314,0.94629574,0.053704314,0.053704314,0.053704314,-0.053704314,-0.053704314,0.025915155,0.053704314
0.5514545,-0.75153846,-0.102067515,0.102067515,0.07677531,1.0330595,0.07677531,-0.048144642,-0.102067515,0.102067515,-0.102067515,0.102067515,0.02181251,0.102067515,1.1020675,-0.016663423,0.07677531,-0.102067515
0.072875395,-0.70465976,0.088032335,-0.06621803,-0.088032335,0.91196764,0.088032335,0.088032335,0.088032335,-0.088032335,0.088032335,-0.088032335,-0.088032335,-0.088032335,0.91196764,0.088032335,0.0872669,-0.088032335
-0.081767365,-0.7446665,0.03558959,0.03558959,0.03558959,0.96441036,0.03558959,0.03558959,0.03558959,-0.03558959,-0.03558959,0.03558959,0.03558959,-0.03558959,0.96441036,0.026742546,0.022439888,0.031330585
1.0833286,-0.18916085,-0.4637747,0.4637747,0.4637747,1.4623691,-0.37329972,0.28109807,0.7153709,0.4637747,-0.4637747,0.4637747,-0.22494018,0.4637747,0.4637747,-0.4637747,0.4637747,-0.4637747
-0.30362552,-0.3351255,-0.3338387,-0.3338387,0.025159638,0.3338387,0.6661613,-0.2448936,0.3338387,0.3338387,-0.3338387,0.79762137,-0.25030133,0.3338387,-0.20775463,-0.3338387,-0.25005063,-0.2101738
-0.4765698,-0.13689552,-0.03035826,-0.03035826,-0.03035826,1.0303583,-0.03035826,-0.026571434,0.03035826,0.03035826,1.0303583,-0.03035826,-0.015004065,0.03035826,0.03035826,-0.015401203,-0.025081234,0.03035826
0.1805252,0.75316954,-0.04730522,0.04730522,-0.04730522,1.023494,0.04730522,-0.035583034,0.04730522,0.04730522,-0.04116788,0.04730522,0.040652797,0.04730522,1.0473052,0.035583034,0.04730522,-0.023493953
-0.75153846,-0.5707881,0.1357589,0.8642411,0.1357589,-0.1357589,0.1357589,0.09475011,-0.068703935,0.1357589,0.1357589,0.1357589,0.1357589,-0.1357589,-0.1357589,0.8642411,0.06423707,0.1357589
1.2493873,-0.75153846,-0.11362064,1.1136206,0.085465595,0.11362064,-0.11362064,-0.015916169,-0.11362064,1.1136206,-0.11362064,0.11362064,-0.11362064,0.11362064,0.11362064,-0.014015141,0.029589362,-0.11362064
-0.53630966,2.7610054,0.087243095,0.08674371,-0.05485858,0.9127569,0.087243095,0.0870385,-0.087243095,-0.087243095,0.087243095,0.087243095,0.087243095,-0.087243095,0.9127569,-0.087243095,-0.087243095,-0.087243095
-0.43014804,-0.6160721,0.033596657,-0.038523465,-0.038523465,1.0385234,0.03360539,0.038523465,-0.037992276,0.038523465,0.038523465,-0.03360539,0.038523465,0.038523465,1.0385234,-0.038523465,0.03829074,0.038523465
1.2589803,-0.75153846,-0.11793914,1.1179391,0.102931775,0.102931775,-0.11793914,-0.060638975,-0.11793914,1.1179391,-0.11793914,0.11793914,0.0039532995,0.11793914,0.11793914,-0.027681831,0.08820899,-0.08871397
0.5516583,-0.7389176,-0.101863675,0.101863675,0.06391568,1.1018636,-0.008131123,-0.051529378,-0.101863675,0.101863675,-0.101863675,0.101863675,-0.02941523,0.101863675,1.1018636,0.04696984,0.10116859,-0.10143003
1.1989475,-0.75143033,-0.1918832,0.1918832,0.1918832,0.1443348,1.1918832,0.027199548,-0.1918832,0.1918832,-0.1918832,1.1918832,0.0052527264,0.1918832,0.1918832,-0.0939299,0.1443348,-0.1918832
-0.5492653,1.3027225,0.74468213,-0.1920504,0.0070186295,0.25531784,-0.25531784,-0.25531784,1.2553178,0.25531784,-0.25531784,-0.03902138,-0.15992051,0.25531784,0.22774035,-0.12649807,0.16755775,-0.25531784
-0.2586847,1.1986878,0.6184382,-0.022332482,0.37793684,0.38156182,-0.38156182,-0.33316845,0.38156182,0.38156182,-0.38156182,0.6184382,-0.38156182,0.38156182,0.22441636,-0.15481657,0.15231776,-0.38156182
-0.54326683,-0.65409833,-0.05812566,-0.05812566,-0.05063262,1.0581257,0.05812566,0.042820215,0.05812566,0.05812566,0.05812566,0.05812566,0.05560892,0.05812566,0.9493674,-0.05812566,0.03282597,0.05812566
0.037759155,-0.54389787,0.03506302,0.03506302,0.03506302,1.0263494,0.03506302,0.03506302,0.03506302,0.03506302,0.964937,0.030615984,0.03505895,0.03506302,0.03506302,-0.03506302,0.026374446,0.03506302
0.55171055,-0.75153846,-0.10181139,0.10181139,0.10181139,1.1018114,0.028275255,-0.063882895,-0.10181139,0.10181139,-0.10181139,0.10181139,0.054429233,0.10181139,1.1018114,0.08850685,0.0042988956,-0.10181139
0.5508423,-0.7365356,-0.10267966,0.10267966,0.07666687,0.89732033,0.03584931,-0.07666687,-0.10267966,0.10267966,-0.10267966,0.10267966,0.0007005222,0.10267966,1.1026796,-0.061615795,0.06236577,-0.10267966
-0.5164513,1.1352564,0.74183446,-0.22287166,0.12487558,0.25816554,-0.25816554,-0.25816554,1.2581656,0.25816554,-0.25816554,-0.09518135,-0.1851922,0.25816554,0.12985826,-0.15752277,-0.25816554,-0.25816554
-0.54541487,1.348917,0.74446726,-0.22409096,-0.09875012,0.25553277,-0.25553277,-0.25553277,1.2555327,0.25553277,-0.25553277,-0.09164155,-0.08916891,0.25553277,0.25553277,-0.067161754,-0.09392058,-0.2542832
-0.097087525,-0.58845603,0.06352798,0.06352798,0.036513425,0.936472,0.054920614,0.06352798,0.06352798,-0.062909886,-0.06352798,0.06352798,0.06352798,-0.06352798,0.936472,0.06352798,-0.047785826,-0.035118595
-0.6448895,-0.26563483,0.07582342,0.07582342,0.07582342,0.9241766,0.07582342,0.07582342,0.9241766,-0.07582342,0.07582342,0.07582342,0.047481112,-0.07582342,-0.07582342,0.07582342,-0.020176891,0.07582342
-0.5935753,2.0056574,0.7276573,-0.23746125,0.23746125,0.2723427,-0.2723427,-0.27102625,1.2723428,0.2723427,-0.2723427,-0.1673394,-0.16439673,0.2723427,0.23526841,-0.2723427,0.19349615,-0.23746125
-0.42971253,-0.6159983,0.03383153,-0.038727112,-0.038727112,1.0387272,0.038727112,0.03383153,0.0070886994,0.038727112,0.038727112,0.023620103,0.038727112,0.038727112,1.0387272,-0.038727112,0.0386313,0.038727112
-0.75153846,-0.5709986,0.13549076,0.8645092,0.13549076,-0.13549076,0.13549076,0.13465676,-0.04289179,0.13549076,0.13549076,0.13549076,0.11858989,-0.13549076,-0.13549076,0.8645092,0.13549076,0.13549076
1.2482383,-0.75153846,-0.1147696,1.1147696,0.08632984,0.1147696,-0.1147696,-0.08567526,-0.1147696,1.1147696,-0.1147696,0.1147696,-0.010091038,0.1147696,0.1147696,0.100840375,-0.026978927,-0.1147696
1.1990067,-0.75153846,-0.19182426,0.19182426,0.19182426,0.19182426,1.1411328,-0.063571565,-0.19182426,0.19182426,-0.19182426,1.1918242,-0.031222017,0.19182426,0.19182426,-0.16813827,-0.0044361763,-0.19182426
0.54304564,-0.7348059,-0.09656481,0.09656481,0.08439818,1.0685058,-0.09656481,-0.07210722,-0.09656481,0.09656481,-0.09656481,0.09656481,0.09656481,0.09656481,1.0965648,0.015616107,0.09625184,-0.072636165
-0.024245843,2.5591528,-0.09928173,0.09928173,0.0043029357,1.0992818,-0.09928173,-0.09928173,1.0992818,0.09928173,-0.09928173,0.09928173,0.010398054,0.09928173,-0.07216235,0.032928295,0.0868142,0.0056829276
1.2070844,-0.75153846,-0.19765799,0.19765799,0.09392196,0.14867859,1.0393524,0.043483797,-0.19765799,0.19765799,-0.19765799,1.197658,-0.13802488,0.19765799,0.19765799,-0.19765799,0.12198476,-0.14867859
-0.5080353,-0.2670601,-0.06450865,-0.056461938,-0.064313106,1.0645087,-0.06450865,-0.06450865,0.06450865,0.06450865,1.0562432,-0.06450865,-0.027215518,0.06450865,0.06450865,0.031984992,-0.06450865,0.064313106
-0.2556736,1.2913798,0.61542714,0.38457292,0.38275045,0.38457292,-0.38457292,-0.38457292,0.38457292,0.38457292,-0.38457292,0.61542714,-0.28927624,0.38457292,-0.08813614,-0.38457292,-0.23887867,-0.28927624
-0.6461629,3.9077737,0.10556708,-0.10556708,0.06535908,0.8944329,0.10556708,0.10556708,0.8944329,-0.10556708,0.10556708,0.10556708,0.066254586,0.092799425,0.10556708,-0.10556708,-0.058506686,0.10556708
0.112315625,-0.51307595,-0.1965663,0.17129892,0.1965663,0.1965663,0.80343366,0.0363719,0.80343366,0.1965663,-0.17163584,0.1965663,-0.1965663,0.1965663,0.1965663,-0.1965663,-0.1965663,-0.1965663
0.5519022,-0.75103486,-0.10161978,0.10161978,0.076314524,1.063848,-0.08595374,-0.10161978,-0.07643852,0.10161978,-0.10161978,0.10161978,-0.025284458,0.10161978,1.1016198,0.0035817428,0.06334315,-0.07643852
-0.6521357,2.6136842,-0.0021512045,-0.0021512045,0.0021512045,1.0021513,-0.0021512045,-0.001586227,0.0021512045,0.0021512045,0.9983819,-0.0021512045,-0.0021512045,0.0021512045,0.0021512045,-0.0021512045,0.0021512045,0.0018773987
-0.5461452,-0.5909908,-0.12076503,-0.09083961,-0.12076503,1.120765,-0.12076503,-0.12076503,0.12076503,0.12076503,0.87923497,-0.12076503,-0.0746388,0.12076503,0.12076503,-0.085500985,-0.059796084,-0.07519008
-0.733536,-0.3108696,-0.012669712,-0.012669712,-0.009506088,1.0126697,-0.012669712,-0.012669712,0.012669712,0.0034747464,-0.012669712,-0.012669712,-0.012669712,0.009530174,1.0126697,0.012669712,0.012669712,-0.012669712
-0.51783454,1.670509,0.7390872,-0.26091278,0.16108638,0.26091278,-0.26091278,-0.26091278,1.2609128,0.26091278,-0.26091278,-0.07542883,-0.2268073,0.26091278,0.26091278,-0.08285192,-0.1448973,-0.26091278
1.2496556,-0.7374942,-0.113352254,1.1133523,0.071124375,0.085263714,-0.08501463,0.09476663,-0.113352254,1.1133523,-0.113352254,0.113352254,-0.07025769,0.113352254,0.113352254,-0.10518068,0.113352254,-0.113352254
-0.51060814,-0.32991803,-0.07306502,-0.07306502,-0.054959603,1.073065,-0.07306502,-0.07306502,0.07306502,0.07306502,1.0637982,-0.07306502,-0.07306502,0.07306502,0.07306502,-0.045692768,0.0044480274,0.07306502
0.55230266,-0.73894644,-0.10121928,0.10121928,0.100906916,1.1012193,-0.100906916,-0.016471172,-0.088806234,0.10121928,-0.10121928,0.10121928,0.08830882,0.10121928,1.1012193,0.076137275,0.0097626615,-0.10121928
-0.60070896,-0.38141286,0.07244989,0.07244989,0.045612,0.9275501,0.07244989,0.072166264,0.9275501,-0.07244989,0.07244989,0.07244989,0.072166264,-0.07244989,-0.053970084,0.063564986,-0.07244989,0.072166264
-0.08911936,-0.56465876,-0.008346569,0.008346569,0.0059131053,0.99189115,-0.008346569,-0.005099771,0.00522319,0.008346569,1.0024713,0.008346569,0.0030835313,0.008346569,-0.008346569,0.0009884591,-0.0045769806,0.0040514623
0.037836283,-0.53008825,0.035140146,0.035140146,0.0082955025,1.0145155,0.035140146,0.035140146,0.035140146,0.035140146,0.9648599,0.035140146,0.030293372,0.035140146,0.030293372,-0.030293372,0.017715402,0.035140146
1.2071962,-0.75153846,-0.19754617,0.19754617,0.17232674,0.19754617,0.8766249,-0.14789958,-0.14859448,0.19754617,-0.19754617,1.1975461,-0.12293255,0.19754617,0.19754617,-0.17232674,0.19754617,-0.12053679
1.258913,-0.75153846,-0.11800631,1.1180063,0.103088856,0.088764496,-0.11800631,-0.11800631,-0.11800631,1.1180063,-0.11800631,0.11800631,-0.087899424,0.11800631,0.11800631,0.07155679,0.088764496,-0.11800631
-0.46322486,-0.44064185,-0.27161977,-0.27161977,-0.23728366,0.27161977,0.72838026,-0.27161977,1.2716198,0.27161977,-0.27161977,-0.109862834,-0.16627453,0.27161977,0.20431274,-0.20431274,0.038855653,-0.27161977
-0.5465429,-0.59059256,-0.12036732,-0.12036732,-0.12036732,1.1203673,-0.12036732,-0.12036732,0.12036732,0.12036732,0.9245072,-0.12036732,0.012899068,0.12036732,0.12036732,-0.090540454,-0.060331326,0.12036732
-0.75153846,-0.72455657,0.07100539,0.07100539,0.004682879,0.9289946,0.07100539,0.07100539,-0.07100539,-0.07100539,0.07100539,0.052751143,0.070455655,0.9289946,-0.07100539,0.05341034,-0.043147538,0.052751143
-0.4304958,-0.6161248,0.038407534,-0.038407534,-0.038407534,1.0384076,0.038407534,0.038407534,-0.0026123445,0.038407534,0.038407534,-0.028819185,0.028890193,0.038407534,1.0384076,-0.038407534,0.038407534,0.038407534
-0.7356838,0.071471415,0.09033636,0.09033636,0.09033636,0.9096636,0.09033636,0.09033636,0.9096636,-0.09033636,0.09033636,0.09033636,-0.043164164,-0.09033636,-0.090120666,0.09033636,0.08281474,0.06733216
-0.09146617,-0.5677205,-0.0032571983,0.005128776,0.003024722,0.99487126,-0.005128776,0.0032897103,0.005128776,0.005128776,1.0003448,0.005128776,0.005128776,0.005128776,-0.005128776,-0.001424686,-0.0040876786,0.005128776
0.6543246,0.98495585,-0.31939352,0.31939352,0.2402482,1.3193935,-0.31939352,-0.27848583,1.3193935,0.31939352,-0.31939352,0.31939352,-0.11103374,0.31939352,0.31939352,-0.31939352,0.2402482,-0.27848583
0.6675016,0.7157495,-0.30621648,0.26789123,0.30621648,1.3062165,-0.30621648,-0.17792022,1.3062165,0.30621648,-0.30621648,0.30621648,-0.30514282,0.30621648,0.30621648,-0.2008583,0.15261236,-0.30337384
-0.60033494,-0.38098153,0.072307765,0.072307765,0.072307765,0.92769223,0.072307765,0.072307765,0.92769223,-0.072307765,0.072307765,0.072307765,0.03346195,-0.072307765,-0.072307765,0.072307765,-0.05439,0.072307765
-0.46913052,2.407103,0.116861224,0.116861224,0.073081665,0.8831388,0.116861224,0.116861224,-0.116861224,-0.116861224,0.116861224,0.116861224,0.116861224,-0.116861224,0.8831388,0.08790317,0.0140174115,-0.116861224
0.037432853,-0.53105944,0.034736715,0.0303746,0.034736715,0.972156,0.034736715,0.034736715,0.034736715,0.034736715,0.96526325,0.034736715,0.034736715,0.034736715,0.034736715,-0.034736715,0.034736715,0.03456866
-0.5302309,0.06784173,-0.022605112,-0.022605112,-0.022605112,1.0226051,-0.022605112,-0.022605112,0.022605112,0.022605112,1.0085814,-0.022605112,-0.014240967,0.022605112,0.022605112,0.019842485,-0.020042436,0.017003594
0.5526584,-0.75153846,-0.10086358,0.10086358,0.06295119,1.1008636,-0.07514259,-0.04595679,-0.10086358,0.10086358,-0.10086358,0.10086358,0.059991732,0.10086358,1.1008636,0.10086358,0.07514259,-0.10086358
0.55170757,-0.75153846,-0.101814374,0.101814374,0.076584905,1.0403124,-0.099484615,-0.016250452,-0.101814374,0.101814374,-0.101814374,0.101814374,-0.051324394,0.101814374,1.1018144,0.07042701,0.09863821,-0.101814374
-0.097075306,-0.56905943,0.0023487424,-0.0027098565,0.0027098565,1.0011775,0.0027098565,0.0009501895,-0.0027098565,-0.0027098565,0.99729013,-0.0027098565,-0.0020381494,-0.0027098565,0.0027098565,-0.0012691536,-0.0006374247,-0.0020314662
-0.5463045,-0.5911818,-0.120605715,-0.12022469,-0.120605715,1.1206057,-0.120605715,-0.120605715,0.120605715,0.120605715,0.9092802,-0.120605715,-0.043518778,0.120605715,0.120605715,-0.05857739,0.08995088,0.120605715
-0.4789134,1.1793627,0.74128646,-0.06620496,0.23619738,0.25871357,-0.25871357,-0.25871357,1.2587136,0.25871357,-0.25871357,-0.13141975,0.0037820525,0.25871357,0.117488794,-0.19233313,0.1305112,-0.25871357
1.1990896,-0.75153846,-0.1917412,0.1917412,0.1917412,0.16670638,1.0360407,0.11919317,-0.1917412,0.1917412,-0.1917412,1.1917412,-0.1872502,0.1917412,0.1917412,-0.11919317,0.14422798,-0.1426889
1.2397506,-0.75153846,-0.10934573,1.1093458,0.10934573,0.086693674,-0.10791075,0.020878024,-0.10934573,1.1093458,-0.10934573,0.10934573,-0.019691687,0.10934573,0.10934573,-0.06604746,0.08224999,-0.10934573
1.208968,-0.75153846,-0.19577424,0.19577424,0.19577424,0.19577424,1.0535643,0.0044339728,-0.19577424,0.19577424,-0.19577424,1.1957743,-0.19034654,0.19577424,0.19577424,-0.12218696,0.14726163,-0.11712892
-0.7178309,0.46606308,0.15827097,0.15827097,0.105417274,0.84172904,0.15827097,0.15827097,-0.15827097,-0.15827097,0.15827097,0.15827097,0.13859499,0.84172904,0.15827097,0.11905162,-0.14126834,0.15827097
0.5525884,-0.75153846,-0.10093355,0.10093355,0.10093355,1.1008646,-0.07592234,-0.06311725,-0.10093355,0.10093355,-0.10093355,0.10093355,0.10093355,0.10093355,1.1009336,0.066955164,0.062322583,-0.08796123
-0.642003,-0.26737246,0.07664673,0.07664673,0.05765377,0.9233533,0.07664673,0.07664673,0.9233533,-0.07664673,0.07664673,0.07664673,0.05765377,-0.07664673,-0.036171734,0.07664673,-0.03259059,0.07634765
-0.5839637,1.3007915,0.74329156,-0.25670847,-0.01002473,0.25670847,-0.25670847,-0.25670847,1.2567085,0.25670847,-0.25670847,-0.0989375,-0.048524007,0.25670847,0.19309644,-0.25670847,-0.16336353,-0.17956929
-0.035523925,0.48154408,0.12060277,-0.090717554,-0.12060277,0.8793973,0.12060277,0.12060277,0.8793973,-0.12060277,0.12034631,-0.12060277,-0.07492176,-0.12060277,-0.10560964,0.07572442,0.090461105,0.10456726
0.22631131,2.3894658,-0.24983916,0.24983916,0.18792933,1.2498392,-0.21680681,-0.24701446,1.2498392,0.24983916,-0.24983916,0.24983916,-0.15489699,0.24983916,0.14182566,-0.12307811,0.21680681,-0.1481179
-0.75153846,-0.57028055,0.13618968,0.8638103,0.13618968,-0.13618968,0.13618968,0.13618968,-0.05835122,0.13618968,0.13618968,0.13618968,0.11897363,-0.13618968,-0.13618968,0.8638103,0.050184503,0.13618968
0.03744776,-0.5391965,0.034751624,0.034751624,0.02578129,1.0261402,0.034751624,0.026140213,0.034751624,0.034751624,0.96524835,0.034751624,0.034751624,0.034751624,0.026140213,-0.034751624,0.030176798,0.034751624
-0.75153846,-0.5712831,0.13526878,0.86473125,0.13526878,-0.13526878,0.13526878,0.13526878,-0.04240817,0.13526878,0.13526878,0.13526878,0.13526878,-0.13526878,-0.13526878,0.86473125,0.10174935,0.13526878
-0.49681008,-0.3537783,-0.07132859,-0.07132859,-0.044517722,1.0713286,-0.07132859,-0.07132859,0.07132859,0.07132859,1.0713286,-0.07132859,-0.031236943,0.07132859,0.07132859,-0.061887037,0.0004261611,0.07132859
-0.4670861,-0.25590417,-0.25941166,-0.25941166,0.041116387,0.25941166,0.74058837,-0.25940618,1.2594117,0.25941166,-0.25941166,-0.1376759,-0.08940491,0.25941166,-0.094585866,-0.22651055,0.062070426,-0.25941166
0.55019116,-0.73873585,-0.10333082,0.10333082,-0.09191197,1.0512393,-0.10216877,-0.10333082,-0.07772556,0.10333082,-0.10333082,0.10333082,0.06372164,0.10333082,1.1033309,-0.06913181,0.03510439,-0.10333082
1.4608383,0.12524101,-0.6603457,0.6603457,0.6557007,1.5638138,-0.6603457,-0.6245842,0.67759323,0.6603457,-0.4967129,0.6603457,-0.57964325,0.6603457,0.6603457,-0.48091388,0.6603457,-0.48834908
-0.67074287,-0.65691924,-0.055319693,-0.055319693,-0.055319693,1.0553197,-0.055319693,-0.055319693,0.055319693,0.055319693,0.055319693,0.055319693,-0.04161155,0.055319693,0.9447168,-0.055319693,0.055319693,0.055319693
-0.08986893,-0.57543653,-0.009096139,0.009096139,0.0031277689,0.99315786,-0.009096139,0.005633671,0.009096139,0.009096139,1.0090961,0.009096139,0.004444654,0.009096139,-0.009096139,-0.005662854,0.0032457327,0.009096139
-0.75153846,-0.57106566,0.135367,0.86463296,0.118368134,-0.135367,0.135367,0.135367,-0.08995926,0.135367,0.135367,0.135367,0.13522075,-0.135367,-0.135367,0.86463296,0.118368134,0.135367
-3.696885e-05,0.516123,0.10438536,-0.07851881,-0.06026537,0.8956147,0.10438536,0.10438536,0.8956147,-0.10438536,0.10438536,-0.10438536,-0.10438536,-0.10438536,-0.10438536,0.06558568,0.10438536,0.09145223
-0.75153846,-0.5702301,0.13626364,0.8637364,0.13626364,-0.10249769,0.13626364,0.10249769,-0.06089727,0.13626364,0.13626364,0.13626364,0.11915807,-0.13626364,-0.13626364,0.8637364,0.03973442,0.13626364
-0.75153846,1.7214429,0.1740139,0.1740139,-0.1740139,0.82598615,0.1740139,0.17210627,0.82598615,-0.1740139,0.1740139,0.1740139,0.1740139,-0.1740139,-0.1523808,0.13089348,0.1523808,0.0844419
0.009150997,-0.49355444,-0.21744578,-0.0627618,0.21744578,0.21744578,0.78255427,-0.065619215,0.78255427,0.21744578,-0.21744578,0.21744578,-0.21577604,0.21744578,0.21649177,-0.21744578,-0.19041327,-0.21744578
-0.69589335,2.506541,0.7085252,-0.08535512,0.18938357,0.29147482,-0.29147482,-0.29147482,1.2914748,0.29147482,-0.29147482,-0.29147482,-0.21909781,0.29147482,0.29147482,-0.21740825,-0.29147482,-0.21909781
1.0921146,-0.26362813,-0.4586986,0.4586986,0.45382327,1.3988082,-0.4586986,-0.39497337,0.6549663,0.4586986,-0.4586986,0.4586986,-0.27751336,0.4586986,0.39880827,-0.4586986,0.45382327,-0.39880827
-0.09717072,-0.5700655,0.0019476054,-0.0026144527,0.00033818537,1.0019666,0.0026144527,-0.0019665884,-0.0026144527,-0.0026144527,0.99848026,-0.0026144527,-0.0026144527,-0.0026144527,0.0026144527,-0.00072167534,0.0016463258,-0.0026144527
-0.52861536,-0.6360759,0.0027528438,-0.053202927,-0.053202927,1.0532029,0.053202927,0.053202927,0.053202927,0.053202927,0.053202927,0.053202927,0.053202927,0.053202927,1.0527229,-0.053202927,0.053202927,0.053202927
0.6358682,1.2705368,-0.33784994,0.33784994,0.33649692,1.33785,-0.33784994,-0.12806174,1.33785,0.33784994,-0.33784994,0.33784994,-0.21170527,0.33784994,0.33784994,-0.14448549,0.15196562,-0.33784994
-0.0979358,-0.5881843,0.06141878,0.06141878,0.06141878,0.9385812,0.06141878,0.0077109644,0.06141878,-0.06141878,-0.06141878,0.06141878,0.06141878,-0.06141878,0.9385812,0.06141878,-0.012297157,-0.0076324455
-0.75153846,0.2151164,0.12968771,0.12968771,-0.09755127,0.8703123,0.12968771,0.09755127,-0.12968771,-0.12968771,0.12968771,0.12968771,0.12968771,0.8703123,0.09755127,0.09755127,-0.10928865,0.12968771
-0.75153846,-0.5709597,0.13557786,0.86442214,0.10198185,-0.13557786,0.13557786,0.13557786,-0.093373254,0.13557786,0.13557786,0.13557786,0.13557786,-0.13557786,-0.13557786,0.86442214,0.0476151,0.13557786
-0.46084335,-0.43826857,-0.27400127,-0.2389074,-0.16367579,0.27400127,0.7259987,-0.27400127,1.2740012,0.27400127,-0.27400127,-0.15071154,-0.033872254,0.27400127,0.20610413,-0.20610413,-0.013125379,-0.23685968
0.5528396,-0.75153846,-0.10068238,0.10068238,0.08842027,1.1006824,-0.07573341,-0.045888253,-0.10068238,0.10068238,-0.10068238,0.10068238,0.10068238,0.10068238,1.1006824,0.08842027,0.06972918,-0.10068238
-0.5466599,1.3444917,0.7432688,-0.08187696,0.07837522,0.25673118,-0.25673118,-0.25673118,1.2567313,0.25673118,-0.25673118,-0.14272174,-0.14369732,0.25673118,0.19311352,-0.021860797,-0.07442926,-0.25673118
0.03751645,-0.5444542,0.03482031,0.03482031,0.03482031,1.0348203,0.03482031,0.026191872,0.03482031,0.03482031,0.9651797,0.03482031,0.03482031,0.03482031,0.034669396,-0.03482031,0.03438504,0.03482031
-0.50812685,-0.649076,-0.019057097,-0.05630207,-0.055964895,1.0563021,0.035129286,0.05630207,0.05630207,0.05630207,0.05630207,0.05630207,0.035162754,0.05630207,0.9852305,-0.05630207,0.05630207,0.05630207
0.046769146,-0.550069,0.028770367,0.028770367,0.021641107,1.0169587,0.028770367,0.028770367,0.028770367,0.028770367,0.9712296,0.028770367,0.028770367,0.028770367,0.028770367,-0.028770367,0.028770367,0.028770367
-0.642957,-0.6551983,-0.056965243,-0.056965243,-0.04284932,1.0569652,-0.04628958,0.023461439,0.056965243,0.056965243,0.056965243,0.056965243,-0.04953361,0.056965243,0.94303477,-0.056965243,0.049692847,0.056965243
-0.75153846,4.289793,0.10161294,-0.06058053,0.10161294,0.8983871,0.10161294,0.09995866,0.8983871,-0.10161294,0.10161294,0.10161294,0.10161294,0.10161294,0.06293741,-0.10161294,-0.10161294,0.10161294
1.2583679,-0.73685,-0.11855149,1.1185515,0.10194828,0.10324889,-0.11855149,-0.031373594,-0.074586056,1.1185515,-0.11855149,0.11855149,0.019100528,0.11855149,0.11855149,-0.050513808,0.08917458,-0.11784
1.1889293,-0.75153846,-0.18799007,0.18799007,0.14140639,0.18799007,1.1158608,-0.14140639,-0.18799007,0.18799007,-0.18799007,1.1879901,-0.11392653,0.18799007,0.18799007,-0.08919596,0.0858328,-0.16525397
0.55237204,-0.75153846,-0.101149924,0.101149924,0.101149924,1.0724598,-0.03370529,-0.09505572,-0.101149924,0.101149924,-0.101149924,0.101149924,0.062004913,0.101149924,1.10115,0.024574306,0.07600458,-0.101149924
-0.6729718,0.10796403,0.11178889,0.11178889,0.08408775,0.88821113,0.11178889,0.11134121,0.88821113,-0.11178889,0.09775089,0.11178889,-0.03946524,-0.11178889,-0.11178889,0.1112505,0.08328373,0.11178889
-0.4303822,-0.61613375,0.03852114,-0.03852114,-0.033667695,1.0385212,0.03852114,0.03852114,-0.028333945,0.03852114,0.03852114,0.038412295,0.03852114,0.03852114,1.0385212,-0.03852114,0.03852114,0.03852114
-0.53151274,-0.05558405,-0.03917636,-0.03917636,-0.03409364,1.0391763,-0.03917636,-0.03409364,0.03917636,0.03917636,0.99212986,-0.03917636,-0.010551868,0.03917636,0.03917636,0.03917636,-0.03917636,0.03917636
-0.43630996,0.87077534,0.14879325,-0.11259081,0.13017707,1.1115026,0.14968176,0.009273209,-0.14968176,-0.11259081,-0.14899102,-0.14968176,0.11259081,-0.14968176,1.1496818,-0.11259081,0.14968176,-0.13101076
-0.09792264,-0.5809588,0.0013406336,-0.0014009922,-0.0018320259,1.001401,0.0018625233,-0.0006331259,-0.001385948,-0.0018625233,0.9988549,-0.0018625233,-0.0016071409,-0.0014009922,0.0018625233,-0.0008514988,-0.0009826116,-2.0357635e-05
1.3416808,-0.50638545,-0.60120434,0.60120434,0.60120434,0.60120434,0.47456986,-0.45132524,0.5477733,0.60120434,-0.60120434,0.60120434,-0.60120434,0.60120434,0.60120434,-0.5238136,0.044565767,-0.60120434
-0.75153846,-0.5701209,0.13632101,0.863679,0.13632101,-0.13632101,0.13632101,0.13632101,-0.09241888,0.13632101,0.13632101,0.13632101,0.102099,-0.11914532,-0.13632101,0.863679,0.039913923,0.13632101
-0.63084495,-0.37376833,0.06664789,0.06664789,0.041679695,0.9333521,0.06664789,0.06664789,0.9333521,-0.06664789,0.06664789,0.06664789,0.066304274,-0.06664789,-0.0331783,0.050132625,-0.041679695,0.050132625
-0.021435333,1.3116369,-0.013697857,0.013697857,-0.013697857,1.0136979,-0.013697857,-0.013697857,0.013697857,0.013697857,-0.010303546,0.013697857,0.009914009,0.013697857,1.0136979,0.0067726523,0.01190028,-0.013689753
-0.75153846,0.8806593,0.14893946,0.1289151,0.14893946,0.85106057,0.14893946,0.14893946,0.85106057,-0.14893946,0.14893946,0.14893946,0.1300495,-0.14893946,0.12851697,-0.0931425,0.0931425,0.14874825
-0.57545656,-0.6492292,-0.056167044,-0.056167044,-0.056167044,1.056167,0.056138158,0.042220034,0.056167044,0.056167044,0.056167044,0.056167044,0.035117127,0.056167044,0.94383293,-0.056167044,0.05454485,0.056167044
-0.56296945,-0.6541954,-0.05059326,-0.058025077,-0.058025077,1.0580251,0.037863594,0.03617087,0.058025077,0.058025077,0.058025077,0.058025077,0.04344299,0.058025077,0.94197494,-0.058025077,0.04364653,0.058025077
0.48033744,0.754581,-0.19915265,0.19915265,0.14980286,1.1991527,-0.19915265,-0.14980286,1.1991527,0.19915265,-0.19915265,0.19915265,-0.19915265,0.19915265,0.19915265,0.018732544,0.11440018,-0.19915265
-0.56839615,-0.07102594,-0.05376543,-0.05376543,-0.05376543,1.0537654,-0.05376543,-0.05374099,0.05376543,0.05376543,1.0402677,-0.05376543,-0.004693325,0.05376543,0.040442422,0.05376543,-0.046785902,0.0461132
-0.099294536,-0.5841128,0.06275267,0.06275267,0.06275267,0.93724734,0.06275267,0.038565606,0.06275267,-0.06275267,-0.06275267,0.06275267,0.06275267,-0.06275267,0.93724734,0.04720264,-0.061257385,-0.026187195
-0.39226156,-0.24135536,0.09542228,-0.09542228,0.07135363,0.92822325,0.09542228,-0.0835195,-0.09542228,-0.082642466,-0.0835195,-0.09542228,-0.09525254,-0.09542228,1.0954224,0.09542228,0.09542228,-0.09542228
1.2390053,-0.75153846,-0.11009109,1.1100911,0.079758376,0.068735965,-0.10875406,-0.09567327,-0.11009109,1.1100911,-0.11009109,0.11009109,-0.082810655,0.11009109,0.11009109,-0.05229226,0.11009109,-0.038801078
-0.73249376,-0.30204356,-0.012320803,-0.0077153295,-0.012320803,1.0123209,-0.012320803,-0.012320803,0.0092677185,0.00094780116,-0.012320803,-0.012320803,-0.012320803,0.012320803,1.0123209,0.012320803,0.012320803,-0.012320803
-0.090332285,-0.5529289,-0.0029856255,0.0030049605,-0.0012010359,0.99604845,-0.0034765673,-0.0017037098,0.002391642,0.0039948886,1.0039948,0.0039948886,0.0039948886,0.0039948886,-0.0039948886,-0.0039948886,-0.0030049605,0.0034765673
-0.6656639,1.3181192,0.07967217,0.07967217,0.07967217,0.92032784,0.07967217,0.059339833,-0.07967217,-0.07967217,0.07967217,0.07967217,0.05992951,-0.06976745,0.92032784,0.06976745,-0.05002479,0.07967217
-0.42964,-0.6162008,0.03833591,-0.03833591,-0.03833591,1.0383359,0.03833591,0.028836314,-0.03833591,0.03833591,0.03833591,0.03833591,0.03833591,0.03833591,1.0383359,-0.03833591,0.03347377,0.03833591
-0.64373034,1.9692903,0.73032963,-0.23468365,0.2668405,0.2696704,-0.2696704,-0.23468365,1.2696704,0.2696704,-0.2696704,-0.2696704,-0.2696704,0.2696704,0.13292593,-0.22445615,-0.16785966,-0.23468365
-0.66210335,1.9901773,0.72826356,-0.2717364,-0.04105294,0.2717364,-0.2717364,-0.2717364,1.2717364,0.2717364,-0.2717364,-0.2717364,-0.13231075,0.2717364,0.2717364,-0.07022004,-0.19634359,-0.23737684
1.2399507,-0.75153846,-0.1091458,1.1091458,0.095393986,0.1091458,-0.08209961,0.012781957,-0.1091458,1.1091458,-0.1091458,0.1091458,-0.040279664,0.1091458,0.1091458,-0.05185157,0.1091458,-0.1091458
-0.36065862,-0.041137274,0.051947568,-0.06906074,0.06906074,1.0522248,0.06906074,-0.054215174,-0.06906074,-0.025315057,-0.006827945,-0.06906074,-0.06906074,-0.06906074,1.0690608,0.06906074,0.0684486,0.026136512
1.2910614,-0.2220957,-0.54285055,0.54285055,0.54285055,1.4083328,-0.2718372,-0.40833288,0.45714945,0.54285055,-0.54285055,0.54285055,-0.54285055,0.54285055,0.54285055,-0.47481057,0.40833288,-0.54285055
-0.6801619,-0.19327153,0.006295906,0.0031486377,0.006295906,0.99370414,0.006295906,0.0047357813,-0.006295906,-0.00025501812,0.006295906,0.006295906,0.006269885,-0.0054960423,0.99370414,-0.006226217,-0.0055211564,0.006295906
-0.5443218,2.7199214,0.09314241,0.09314241,0.0001408793,0.9068576,0.09314241,0.08136807,-0.09314241,-0.09314241,0.09314241,0.09314241,0.09314241,-0.09314241,0.9068576,-0.08136807,-0.09314241,-0.09314241
-0.51957196,-0.23595981,-0.062941894,-0.062941894,-0.062941894,1.0629419,-0.062941894,-0.061035536,0.062941894,0.062941894,1.0472027,-0.062941894,0.009776917,0.062941894,0.062941894,-0.040775783,-0.047344968,0.033453315
-0.6692709,1.4329628,0.08327918,0.08327918,0.08327918,0.91672087,0.08327918,0.08327918,-0.08327918,-0.08327918,0.08327918,0.08327918,0.08327918,-0.08327918,0.91672087,0.08327918,-0.06254106,0.08327918
-0.6171363,-0.09898112,0.031144535,0.026273556,0.031144535,0.96885544,0.031144535,0.031144535,-0.027168488,-0.016249444,0.031144535,0.031144535,0.027168488,-0.031144535,0.96885544,-0.031144535,-0.031144535,0.031144535
-0.61712766,-0.09925715,0.031135911,0.031135911,0.031135911,0.9688641,0.031135911,0.03107834,-0.014948359,-0.031135911,0.031135911,0.031135911,0.031135911,-0.031135911,0.9688641,-0.027239025,-0.031135911,0.031135911
-0.468027,1.1296362,0.7443115,-0.2210093,0.012311809,0.25568852,-0.25568852,-0.25568852,1.2556885,0.25568852,-0.25568852,-0.04487803,-0.19232923,0.25568852,0.18969196,0.12107617,-0.08698492,-0.2226217
-0.25086877,0.4605953,-0.2864327,0.097016506,0.2864327,0.2864327,0.71356726,-0.20567764,0.2864327,0.2864327,-0.2864327,0.7139433,-0.25215536,0.2864327,-0.2864327,-0.2860566,-0.10408193,-0.24844357
-0.46917903,1.0642778,0.74330527,-0.22467518,0.0732962,0.25669473,-0.25669473,-0.25669473,1.2566948,0.25669473,-0.25669473,-0.07230563,-0.18313566,0.25669473,0.2161381,-0.10782926,-0.09666058,-0.1602692
-0.089349814,-0.558959,-0.006718636,0.006718636,-0.0050564082,0.99327785,-0.0050564082,-0.001661247,0.006722153,0.006722153,1.001299,0.006722153,0.0033053432,0.006722153,-0.006722153,-0.0040344573,-0.0020587463,0.004990137
1.8798101,-0.21211737,-0.75153846,0.8198603,0.7117,1.8198602,-0.75153846,-0.48743016,0.18013972,0.8198603,-0.75153846,0.8198603,-0.61397946,0.8198603,0.8198603,-0.118600495,0.8198603,-0.75153846
-0.4303199,-0.6162827,0.02884811,-0.038351584,-0.038351584,1.0383515,0.038351584,0.038351584,-0.03825197,0.038351584,0.038351584,0.038351584,0.038351584,0.038351584,1.0383515,-0.038351584,0.038351584,0.038351584
0.5421305,-0.75153846,-0.09748005,0.09748005,0.07332461,1.0603504,-0.004232807,-0.046899334,-0.09748005,0.09748005,-0.09748005,0.09748005,0.07332461,0.09748005,1.09748,-0.035185635,0.07332461,-0.08511665
-0.75153846,-0.57119954,0.13534789,0.8646521,0.13534789,-0.13534789,0.13534789,0.13534789,-0.059019744,0.13534789,0.13534789,0.13534789,0.13534789,-0.13534789,-0.13534789,0.8646521,0.13534789,0.13534789
0.5415572,-0.70362765,-0.098053284,0.098053284,0.0735017,1.0864027,-0.047507636,-0.022913147,-0.098053284,0.098053284,-0.098053284,0.098053284,0.04735292,0.098053284,1.0980533,0.06839752,0.052757557,-0.098053284
-0.07697227,-0.5976638,0.07077438,0.07077438,0.07077438,0.9292256,0.07077438,0.07077438,0.07077438,-0.07077438,-0.07077438,-0.04295691,-0.037712812,-0.07077438,0.9292256,0.05323658,0.070223525,-0.05323658
-0.5024029,-0.3145871,-0.06851804,-0.05994247,-0.06851804,1.068518,-0.06851804,-0.05153936,0.06851804,0.06851804,1.0218891,-0.06851804,-0.032386452,0.06851804,0.06851804,-0.06847744,-0.017736714,0.05153936
-0.2414907,0.42257628,-0.2958108,-0.19653277,0.25648016,0.2958108,0.7041892,0.18816167,0.18598334,0.2958108,-0.2958108,1.1986248,-0.18598334,0.2958108,-0.2958108,-0.29547107,0.12847166,-0.29412726
-0.74899435,0.71754783,0.14909108,0.112146504,0.14183563,0.8509089,0.14909108,0.14909108,0.8509089,-0.14909108,0.14909108,0.14909108,0.14909108,-0.14909108,-0.036800988,-0.10759034,0.09350033,0.112146504
-0.6156282,-0.33320913,0.02963642,0.010371798,0.02963642,0.97036356,0.02963642,0.02963642,-0.012114476,0.021765146,0.02963642,0.02963642,0.025927205,0.02963642,0.97036356,-0.02963642,-0.02963642,0.02963642
-0.75153846,-0.5698847,0.13656153,0.8634384,0.13656153,-0.13656153,0.13656153,0.10093815,-0.013309112,0.13656153,0.13656153,0.13656153,0.050962143,-0.13656153,-0.13656153,0.8634384,0.10152318,0.13656153
-0.75153846,-0.57083744,0.13559385,0.86440617,0.13559385,-0.13518552,0.13559385,0.13559385,-0.13343081,0.11902258,0.13559385,0.13559385,0.13518552,-0.13559385,-0.13559385,0.86440617,0.06751135,0.13559385
-0.75153846,1.5750422,0.17327231,0.17327231,0.056102775,0.8267277,0.17327231,0.17327231,0.8267277,-0.17327231,0.17327231,0.17327231,0.13033566,-0.17327231,0.13033566,0.12478024,0.107125536,0.13033566
-0.37016204,0.5323734,0.057367623,-0.06535373,0.06535373,0.9545492,0.06535373,-0.026332688,-0.06535373,0.041477624,-0.00032588,-0.06535373,-0.049159154,-0.06535373,1.0653538,-0.03988141,0.04117305,-0.049159154
0.23429051,1.7842445,-0.16047776,0.120711565,0.16047776,1.1604779,-0.16047776,-0.120711565,1.1604779,0.16047776,-0.16047776,0.16047776,-0.16047776,0.16047776,0.16047776,-0.11923825,0.1402117,-0.11392228
0.55086726,-0.7513878,-0.10265471,0.10265471,0.0033298656,1.1026547,-0.046307426,0.047457483,-0.10265471,0.10265471,-0.10265471,0.10265471,0.06316746,0.10265471,1.1026547,0.029948764,0.06354714,-0.07692049
0.55168533,-0.75153846,-0.101836644,0.101836644,0.101836644,0.9614598,-0.101836644,-0.101478815,-0.08883584,0.101836644,-0.101836644,0.101836644,0.048789144,0.101836644,1.1018366,-0.009470571,0.101836644,-0.101836644
-0.75153846,-0.68852854,0.02372237,-0.02372237,-0.0071308976,0.97627765,0.02372237,0.020684028,-0.008582268,0.02372237,0.02372237,0.02372237,0.017843995,0.02372237,0.97627765,-0.02372237,0.014131584,0.02372237
-0.60902596,0.19438015,0.03787318,0.03787318,0.027972545,0.96212685,0.03787318,0.028488256,-0.028488256,-0.013336974,0.03787318,0.03787318,0.03787318,-0.032816395,0.96212685,-0.032975238,-0.03787318,0.03787318
-0.68478984,-0.15243182,0.07909016,0.07909016,0.06805958,0.9209098,0.07909016,0.05885215,0.9209098,-0.07909016,0.07909016,0.07909016,0.07909016,-0.07909016,-0.07845059,0.07909016,0.049576778,0.03582548
0.5521631,-0.7389802,-0.10135883,0.10135883,0.023115302,1.0052956,-0.10135883,-0.07604848,-0.10135883,0.10135883,-0.10135883,0.10135883,0.0757225,0.10135883,1.1013589,0.061135814,0.07624224,-0.10116507
0.55128455,-0.75153846,-0.1022374,0.076903105,0.1022374,0.9921416,0.036757596,0.016611861,-0.1022374,0.1022374,-0.1022374,0.1022374,0.1022374,0.1022374,1.1022375,-0.03392549,0.06953377,-0.1022374
-0.75153846,-0.57039565,0.13615756,0.8638424,0.13615756,-0.13615756,0.13615756,0.13615756,0.1024179,0.13615756,0.13615756,0.13615756,0.13615756,-0.13615756,-0.13615756,0.8638424,0.111441866,0.13615756
-0.61692226,-0.09280341,0.030930502,0.030930502,0.023265963,0.9690695,0.030930502,0.030930502,-0.030930502,-0.00064032385,0.030930502,0.030930502,0.030930502,-0.023265963,0.9690695,-0.030930502,-0.030930502,0.030930502
-0.00018662214,0.4516678,0.10168526,-0.088788554,-0.10091926,0.89908075,0.10168526,0.088788554,0.9278369,-0.10168526,0.10168526,-0.10168526,-0.10168526,-0.10168526,-0.088788554,0.07552266,0.073555864,0.10084874
1.1987526,-0.75153846,-0.19207829,0.1669994,0.19207829,0.19207829,1.0506437,-0.017210403,-0.19207829,0.19207829,-0.19207829,1.1920782,-0.08823183,0.19207829,0.19207829,-0.14201586,0.19155815,-0.19207829
0.037910216,-0.5440684,0.035214078,0.035214078,0.035214078,1.0219077,0.035214078,0.030633762,0.035214078,0.035214078,0.96478593,0.035214078,0.035214078,0.035214078,0.035214078,-0.035214078,0.015814861,0.035214078
-0.75153846,0.95037353,0.15117384,0.15010267,0.11371316,0.84882617,0.15117384,0.13225335,0.84882617,-0.15117384,0.15117384,0.15117384,0.09360221,-0.15117384,0.15117384,-0.11371316,0.0932219,0.15117384
0.037553694,-0.5428012,0.034857556,0.034857556,0.03050949,1.0348575,0.034857556,0.03476643,0.034857556,0.034857556,0.9651424,0.034857556,0.034857556,0.034857556,0.034857556,-0.034857556,0.03050949,0.034857556
0.03777747,-0.5455875,0.03508133,0.030690646,0.030690646,1.0263882,0.03508133,0.035016473,0.03508133,0.03508133,0.9649187,0.03508133,0.03508133,0.03508133,0.03508133,-0.03508133,0.03444581,0.03508133
-0.54803056,2.7641308,0.08943368,0.08943368,-0.032333612,0.9105663,0.08943368,0.08943368,-0.08943368,-0.08943368,0.08943368,0.08943368,0.08943368,-0.08943368,0.9105663,-0.05522754,-0.08943368,-0.08943368
-0.75153846,0.63268983,0.15310377,0.15310377,0.107722886,0.84689623,0.15310377,0.13362181,-0.15310377,-0.15310377,0.15310377,0.15310377,0.13362181,0.84689623,0.11516485,0.11444553,-0.07726348,0.15310377
2.4414568,-0.75153846,-0.75153846,1.1267539,0.701089,1.9759318,-0.6047497,-0.4638462,-0.12675393,1.1267539,-0.61193436,1.1267539,-0.74513924,1.1267539,1.1267539,0.32493436,1.1267539,-0.75153846
-0.5285093,-0.6487831,-0.0077417037,-0.057096414,-0.057096414,1.0570965,0.056853734,0.057096414,0.042947985,0.057096414,0.057096414,0.042947985,0.0020409026,0.057096414,0.9797072,-0.057096414,0.006523557,0.057096414
1.2491558,-0.75153846,-0.1138522,1.1138521,0.09955509,0.10020562,-0.07134266,0.019837707,-0.1138522,1.1138521,-0.1138522,0.1138522,0.027224243,0.1138522,0.1138522,-0.08378943,0.085639775,-0.1138522
-0.20859233,0.120647125,0.15829343,0.119068526,-0.09853174,0.8417066,0.15829343,0.15829343,1.0962853,-0.15829343,0.15829343,-0.15829343,-0.15663338,-0.15829343,-0.13775665,0.119068526,0.09775041,0.15829343
-0.67583907,1.6705472,0.089847356,0.089847356,0.07837713,0.9101527,0.089847356,0.089847356,-0.089847356,-0.06758329,0.089847356,0.089847356,0.07633655,-0.089847356,0.9216229,0.06758329,-0.089847356,0.089847356
0.21594636,-0.27620792,0.054427378,-0.054427378,-0.054273665,0.9455727,0.03184955,0.054273665,0.027634446,-0.054427378,0.047569826,-0.054427378,-0.054427378,-0.054427378,0.9455727,-0.054427378,-0.054273665,0.041194502
-0.6075786,0.0046379,0.035730164,0.02238942,0.035730164,0.9642698,0.035730164,0.03548338,-0.035730164,-0.013923921,0.035730164,0.035730164,0.035730164,-0.03548338,0.9642698,-0.035730164,-0.03548338,0.03124331
-0.03035821,2.5893846,-0.097974636,0.097974636,0.08344277,1.0857946,-0.097974636,-0.0599887,1.0979747,0.097974636,-0.097974636,0.097974636,-0.073696636,0.097974636,-0.097974636,-0.010934543,0.05986245,0.012524519
-0.75153846,-0.6886927,0.023565533,-0.023565533,0.0020387408,0.97643447,0.023565533,0.023565533,-0.023565533,0.023565533,0.023565533,0.023565533,0.01772602,0.023565533,0.97643447,-0.023565533,-0.0138876205,0.023565533
1.2082717,-0.7513734,-0.19647062,0.19647062,0.19561607,0.19647062,1.0121155,0.051476367,-0.19647062,0.19647062,-0.19647062,1.1964706,-0.06433059,0.19647062,0.19647062,-0.14778545,0.19647062,-0.19647062
-0.090498455,-0.56491584,-0.004525186,0.0060159243,0.0029712091,0.9939841,-0.0060159243,-0.0018060924,0.004525186,0.0060159243,1.005248,0.0060159243,0.0059972913,0.0060159243,-0.0060159243,-0.0012708488,-0.0052479124,0.0029544723
-0.31927875,0.59829074,0.20944402,0.18367064,-0.20944402,0.790556,0.20944402,0.20944402,0.8424559,-0.20944402,0.2090438,-0.20944402,0.20944402,-0.20944402,-0.20944402,0.20944402,0.20944402,0.20944402
-0.43043223,-0.61602604,0.033672277,-0.038471088,-0.038471088,1.0384711,0.038471088,0.028938003,0.002095607,0.038471088,0.038471088,-0.028938003,0.038471088,0.038471088,1.0384711,-0.038471088,0.028701346,0.038471088
0.081147246,0.7411975,-0.0052496884,0.0052496884,-0.0052496884,1.0045816,-0.0011598641,-0.0052496884,0.0052496884,0.0052496884,-0.0052496884,0.0052496884,0.0052496884,0.0052496884,1.0052496,-0.0045576096,0.0052496884,-0.003948817
-0.0047887126,0.5100281,0.1063575,-0.1063575,-0.1063575,0.91999775,0.1063575,0.1063575,0.8936425,-0.1063575,0.1063575,-0.1063575,-0.08000225,-0.1063575,-0.1063575,0.06722925,0.1063575,0.047475204
-0.60190666,-0.65423024,-0.05799815,-0.05799815,-0.05799815,1.0579982,0.021200493,0.03614407,0.05799815,0.05799815,0.05799815,0.05799815,0.0061509493,0.05799815,0.9420018,-0.05799815,0.033566285,0.05799815
-0.50567096,2.753317,0.08032074,0.06041736,-0.045326553,0.9196792,0.08032074,-0.058585256,-0.08032074,-0.08032074,0.08032074,0.08032074,0.08012215,-0.08032074,0.9196792,0.03946745,-0.07036911,-0.06961716
1.1981262,-0.75153846,-0.19270474,0.19270474,0.14495274,0.14495274,0.9849209,0.08670973,-0.19270474,0.19270474,-0.19270474,1.1927047,-0.19270474,0.19270474,0.19270474,-0.11923709,0.16698906,-0.14294416
1.2398766,-0.75153846,-0.10921979,1.1092198,0.10908893,0.108275205,-0.10814613,-0.08046235,-0.10921979,1.1092198,-0.10921979,0.10921979,-0.053048745,0.10921979,0.10921979,-0.08215527,0.038629577,-0.10921979
-0.41176963,-0.5777728,-0.06849478,-0.06849478,-0.06849478,1.0684948,-0.06849478,-0.06849478,0.06849478,0.06849478,1.0684948,-0.06849478,0.012370621,0.06849478,0.06849478,-0.06849478,0.051337715,0.051253956
-0.4306758,-0.61613655,0.038459405,-0.038459405,-0.038434,1.0384594,0.028929211,0.038459405,-0.0005509546,0.038459405,0.038459405,-0.028527418,0.038459405,0.038459405,1.0384594,-0.038459405,0.028929211,0.038459405
-0.09824459,-0.5843247,0.0015405744,-0.0015405744,0.0011241852,1.0015169,0.0015405744,0.0013950863,-0.0015405744,-0.0015405744,0.99884117,-0.0015405744,-0.0011431271,-0.0013516207,0.0015405744,0.00044094346,-0.0009466905,-0.0015405744
-0.6158126,-0.3397461,0.029820876,-0.010959665,0.0220342,0.97017914,0.029820876,0.029820876,-0.029820876,0.014288475,0.029820876,0.029820876,0.029820876,0.01897734,0.97017914,-0.029820876,-0.025906617,0.029820876
-0.099419974,-0.46981683,0.08530744,0.08530744,0.075906694,0.9146926,0.08530744,-0.052450784,0.08530744,-0.08530744,-0.08530744,0.075906694,0.075906694,-0.08530744,0.9146926,0.08530744,-0.06049718,-0.06416837
1.2491724,-0.75153846,-0.11383547,1.1138355,0.09849763,0.07137984,-0.099588126,0.070002966,-0.11383547,1.1138355,-0.11383547,0.11383547,-0.017895669,0.11383547,0.11383547,-0.11383547,0.0988892,-0.11343497
1.2099135,-0.75153846,-0.19482882,0.19482882,0.19482882,0.19482882,1.0796242,0.103033185,-0.19482882,0.19482882,-0.19482882,1.1948289,-0.1095489,0.19482882,0.19482882,-0.14655049,0.17028148,-0.14655049
-0.6170865,-0.0937556,0.031094814,0.031094814,0.031094814,0.9689052,0.031094814,0.019394035,-0.023389561,-0.01505055,0.031094814,0.031094814,0.031094814,-0.022481786,0.9689052,-0.031094814,-0.031094814,0.031094814
0.037764117,-0.54627913,0.03506798,0.03506798,0.03493246,1.0263782,0.03506798,0.03506798,0.03506798,0.03506798,0.964932,0.03506798,0.030605676,0.03506798,0.03506798,-0.03506798,0.03506798,0.026378175
-0.48390263,-0.602335,-0.102089114,-0.102089114,-0.102089114,1.1020892,-0.102089114,-0.102089114,0.102089114,0.102089114,0.91090137,-0.102089114,-0.08909861,0.102089114,0.102089114,-0.06380106,-0.021179248,0.07679156
-0.7118514,-0.03940473,0.08366148,0.08366148,0.08366148,0.9163385,0.08366148,0.08366148,0.9163385,-0.08366148,0.08366148,0.08366148,0.038898088,-0.08366148,-0.08366148,0.08366148,0.06293027,0.02048421
0.5507786,-0.75153846,-0.10274336,0.10274336,0.08983095,1.0001991,0.10274336,0.06793341,-0.10274336,0.10274336,-0.10274336,0.10274336,0.10274336,0.10274336,1.1027434,0.03355696,0.08844021,-0.08841866
-0.75153846,0.72537464,0.14098106,0.14098106,0.14098106,0.859019,0.14098106,0.10604614,0.859019,-0.14098106,0.14098106,0.14098106,0.14098106,-0.14098106,0.14098106,-0.14098106,0.10604614,0.105726466
-0.5869589,1.9558265,0.730654,-0.23586138,0.057743747,0.26934603,-0.26934603,-0.26934603,1.269346,0.26934603,-0.26934603,-0.23248632,-0.2365637,0.26934603,0.26934603,0.23539044,0.07447192,-0.26934603
0.5531721,-0.73905516,-0.1003498,0.1003498,0.07548325,1.0877618,-0.07548325,-0.040686876,-0.07498786,0.1003498,-0.1003498,0.1003498,0.1003498,0.1003498,1.1003498,0.09972003,0.07548325,-0.1003498
0.5534713,-0.7386059,-0.10005061,0.10005061,0.087696634,1.0752581,-0.075258195,-0.087696634,-0.10005061,0.10005061,-0.10005061,0.10005061,0.10005061,0.10005061,1.1000506,0.10005061,0.10001935,-0.07522693
-0.75153846,-0.5707486,0.13578425,0.86421573,0.13578425,-0.13578425,0.13578425,0.13385868,-0.06164799,0.118485875,0.13578425,0.13578425,0.118562765,-0.13578425,-0.13578425,0.86421573,0.13578425,0.13578425
-0.39032584,-0.623665,0.029655404,-0.029655404,-0.029655404,1.0296553,0.029655404,0.029655404,-0.029655404,0.029655404,0.029655404,0.029655404,0.029655404,0.029655404,1.0296553,-0.029655404,0.029655404,0.029655404
0.55005354,-0.75138396,-0.10346845,0.10346845,0.06337817,1.1034684,-0.021055315,0.029304244,-0.08995897,0.10346845,-0.10346845,0.10346845,0.024393983,0.10346845,1.1034684,-0.011303534,0.04359728,-0.10346845
1.199775,-0.75153846,-0.1910558,0.1910558,0.1910558,0.1910558,1.138014,-0.17038658,-0.1910558,0.1910558,-0.1910558,1.1910559,-0.13788636,0.1910558,0.1910558,-0.119315736,0.11823947,-0.19010198
-0.6579109,-0.2641902,0.07331033,0.07331033,0.055144127,0.9266897,0.07331033,0.0639208,0.9266897,-0.07331033,0.07331033,0.07331033,0.045452558,-0.07331033,-0.07331033,0.07331033,0.013219698,0.07331033
-0.49961534,-0.6503171,0.0070600645,-0.056234803,-0.056234803,1.0562347,0.056234803,0.056234803,0.056234803,0.056234803,0.056234803,0.056234803,0.048453286,0.056234803,0.99415654,-0.056234803,0.041457072,0.056234803
-0.75153846,-0.68869644,0.023541443,-0.023541443,0.014611262,0.97645855,0.023541443,0.023541443,-0.023541443,0.023541443,0.023541443,0.023541443,0.023541443,0.023541443,0.97645855,-0.023541443,0.0011237792,0.023541443
0.115836464,2.45962,-0.18085583,0.18085583,0.15890585,1.1808558,-0.18085583,-0.18085583,1.1808558,0.18085583,-0.18085583,0.18085583,-0.18054993,0.18085583,-0.0001784116,-0.13603996,0.06439786,-0.061085068
-0.025670733,2.590149,-0.09908361,0.09908361,0.07453082,1.0990837,-0.09908361,-0.09867991,1.0990837,0.09908361,-0.09908361,0.09908361,-0.09908361,0.09908361,-0.09908361,0.080371596,0.09908361,-0.024230925
0.552189,-0.75153846,-0.10133297,0.10133297,0.061949402,1.0762228,-0.10133297,0.018354308,-0.10133297,0.10133297,-0.10133297,0.10133297,0.042482942,0.10133297,1.101333,0.06079351,0.08567034,-0.10133297
-0.3300868,-0.37106732,-0.3412287,-0.3412287,0.3412287,0.3412287,0.65877134,-0.15544607,0.3412287,0.3412287,-0.3412287,0.65877134,-0.25667265,0.3412287,-0.25667265,-0.3412287,-0.025426995,-0.3412287
-0.6510953,-0.15803306,0.0864345,0.0864345,0.08632906,0.9135655,0.0864345,0.0864345,0.9135655,-0.0864345,0.0864345,0.0864345,0.075223744,-0.0864345,-0.0864345,0.0864345,0.054307085,0.06501615
0.8595614,0.68996626,-0.4016609,0.4016609,0.29806745,1.4016608,-0.25236484,-0.29582843,1.4016608,0.4016609,-0.4016609,0.4016609,-0.4016609,0.4016609,0.4016609,-0.4016609,0.4016609,-0.30212983
-0.47171864,-0.6071284,-0.09757927,-0.09757927,-0.09757927,1.0975792,-0.09757927,-0.060982604,0.09757927,0.09757927,1.0975792,-0.09757927,-0.085162625,0.09757927,0.09757927,-0.09757927,-0.07322648,0.09757927
-0.4682089,1.1954067,0.7444934,-0.25509986,-0.08412804,0.25550658,-0.25550658,-0.25550658,1.2555066,0.25550658,-0.25550658,0.004484091,-0.15308638,0.25550658,0.25550658,-0.22384982,-0.12499748,-0.21865658
-0.47387385,-0.605645,-0.10006122,-0.10006122,-0.0999111,1.1000612,-0.10006122,-0.08104826,0.10006122,0.10006122,0.9125041,-0.10006122,-0.01641573,0.10006122,0.10006122,-0.09807856,0.049543634,0.04935684
-0.72194517,-0.5654696,0.093755215,0.093755215,0.034413755,0.90624475,0.093755215,0.093755215,-0.093755215,-0.093755215,0.093755215,0.093755215,0.093755215,0.90624475,-0.057863396,0.069950804,-0.022874013,0.093755215
-0.3682536,1.2165216,0.23234518,0.23234518,-0.17477034,0.76765484,0.23234518,0.23234518,0.76765484,-0.23234518,0.23234518,-0.23234518,0.23234518,-0.23234518,-0.23234518,0.23234518,0.23234518,0.23234518
-0.0017431192,0.5198895,0.107316375,-0.040135466,-0.107316375,0.8926836,0.107316375,0.107316375,0.8926836,-0.107316375,0.107316375,-0.107316375,-0.08072351,-0.107316375,-0.08540894,0.107308,-0.02084582,0.107316375
0.55082977,-0.7079068,-0.10269217,0.10269217,0.10269217,1.0645355,-0.015680403,0.054858193,-0.10269217,0.10269217,-0.10269217,0.10269217,0.061782185,0.10269217,1.1026921,0.06794356,0.045184348,-0.10269217
0.55186725,-0.75153846,-0.10165469,0.10165469,0.06374194,1.1016546,-0.090667166,-0.05099769,-0.07646479,0.10165469,-0.10165469,0.10165469,-0.08893184,0.10165469,1.1016546,-0.015224443,0.10165469,-0.10165469
-0.65724957,2.6662922,-0.0072650234,-0.0072650234,0.0072650234,1.0072651,-0.0072650234,-0.0063496437,0.0072650234,0.0072650234,0.99273497,-0.0072650234,-0.0072650234,0.0072650234,0.0072650234,-0.0072650234,0.0072650234,0.0072650234
1.2493551,-0.7374569,-0.113652915,1.1136528,0.113652915,0.113652915,-0.084001355,0.043670382,-0.113652915,1.1136528,-0.113652915,0.113652915,-0.018557658,0.113652915,0.113652915,-0.099001475,0.09942836,-0.113111265
1.3425952,-0.5058398,-0.60121745,0.60121745,0.5237145,0.60121745,0.39878252,0.36814168,0.39878252,0.60121745,-0.60121745,0.60121745,-0.60121745,0.60121745,0.60121745,-0.45050713,0.5237145,-0.45223656
1.1978885,-0.75153846,-0.19294244,0.19294244,0.19294244,0.19294244,0.9174295,0.111070216,-0.14513156,0.19294244,-0.19294244,1.1929424,0.08180763,0.19294244,0.19294244,-0.167396,0.19246553,-0.03934838
-0.60214806,-0.6474202,-0.056666467,-0.056666467,-0.04262459,1.0566665,0.020281177,0.014198618,0.056666467,0.056666467,0.056666467,0.04917434,0.04917434,0.056666467,0.95082563,-0.056666467,0.049106408,0.056666467
0.5530258,-0.73908705,-0.10049616,0.10049616,0.10049616,1.0620071,-0.07559334,-0.08812944,-0.10049616,0.10049616,-0.10049616,0.10049616,0.0017420016,0.10049616,1.1004962,0.06371855,0.07559334,-0.10049616
-0.09758243,-0.565872,0.004057603,-0.004057603,0.0034186773,1.0035311,0.004057603,0.0009450361,-0.004057603,-0.004057603,0.99946386,-0.004057603,-0.004057603,-0.003052131,0.004057603,0.004057603,-0.00076755986,-0.0035311736
-0.42648587,0.35176423,0.10323771,-0.13724746,0.10323771,0.91762173,0.13724746,-0.10323771,-0.13724746,-0.05608412,-0.13724746,-0.13724746,-0.11951343,-0.13724746,1.1372474,0.007856369,0.13724746,-0.10411952
-0.06490216,0.42601088,0.131336,-0.103165746,-0.081371695,0.868664,0.131336,0.131336,0.92407197,-0.131336,0.131336,-0.131336,-0.131336,-0.131336,-0.131336,0.131336,0.09879111,0.11460063
1.7673688,-0.75153846,-0.75153846,0.76397234,0.76397234,0.76397234,0.5209557,-0.1387213,0.23602769,0.76397234,-0.75153846,0.76397234,-0.57466096,0.76397234,0.76397234,-0.75153846,0.76397234,-0.75153846
-0.42920107,1.266487,0.12879592,-0.11793815,0.07265636,1.0770781,0.15679067,-0.10102994,-0.15679067,-0.13716711,-0.15679067,-0.13716711,0.15679067,-0.15679067,1.1567906,-0.09532947,0.053684905,-0.15679067
-0.75153846,-0.5695646,0.1369084,0.8630916,0.050756894,-0.13647595,0.1369084,0.10298268,0.08613526,0.1369084,0.1369084,0.1369084,0.1369084,-0.1369084,-0.1369084,0.8630916,0.10021781,0.1369084
-0.429935,-0.61590767,0.038736492,-0.038736492,-0.038736492,1.0387366,0.038736492,0.029186375,0.01150011,0.038736492,0.038736492,0.024448577,0.038736492,0.038736492,1.0387366,-0.038736492,0.029137634,0.038736492
-0.75153846,-0.56973964,0.1368101,0.86318994,0.11963002,-0.1368101,0.1368101,0.10290873,0.13356331,0.1368101,0.1368101,0.1368101,0.1368101,-0.10290873,-0.1368101,0.86318994,0.014866816,0.1368101
-0.09707355,-0.5688072,0.0027116155,-0.0027116155,-0.00064044213,1.0027115,0.0027116155,-0.0012917811,-0.0027116155,-0.002039677,0.9973468,-0.0027116155,-0.0027116155,-0.0027116155,0.0027116155,0.00081594,-0.002039677,-0.002377931
0.18199295,-0.5169354,-0.19410306,0.19410306,0.19346172,0.19410306,0.8539954,-0.09588097,0.80589694,0.19410306,-0.17005408,0.19410306,-0.19209886,0.19410306,0.19410306,-0.19410306,-0.17005408,-0.19410306
0.3891137,-0.4616554,-0.22105083,0.22105083,0.22105083,0.19329213,0.7789492,-0.21973933,0.7789492,0.22105083,-0.22105083,0.22105083,0.110465005,0.22105083,0.22105083,-0.220442,-0.16514063,-0.16627473
-0.75153846,-0.57088816,0.1356003,0.86439973,0.1356003,-0.1356003,0.1356003,0.13495395,-0.083653025,0.1356003,0.1356003,0.1356003,0.1356003,-0.11828911,-0.1356003,0.86439973,0.08468753,0.1356003
0.5521128,-0.75153846,-0.101409115,0.101409115,0.101409115,1.1014091,-0.006959066,-0.06367305,-0.101409115,0.101409115,-0.101409115,0.101409115,0.047280096,0.101409115,1.1014091,0.060264833,0.086771734,-0.0888021
-0.75153846,0.34927002,0.13910003,0.13910003,0.082499124,0.8609,0.13910003,0.13910003,-0.13910003,-0.13910003,0.13910003,0.13910003,0.13910003,0.8609,0.105032295,0.13910003,-0.08438049,0.08600806
-0.75153846,5.494916,0.13035548,-0.13035548,0.13035548,0.8696445,0.13035548,0.081629165,0.8696445,-0.13035548,0.13035548,0.13035548,-0.097255714,0.13035548,0.13035548,-0.13035548,-0.061829634,0.13035548
-0.7110599,0.85030556,0.03835328,0.03835328,0.03349014,0.96164674,0.03835328,0.022569496,-0.03835328,-0.03835328,0.03835328,0.03835328,0.03835328,-0.03835328,0.96164674,0.01720795,-0.017329007,0.03835328
0.009082378,0.6203696,0.10770825,-0.10770825,-0.10770825,0.8922917,0.10770825,0.07874837,0.8922917,-0.10770825,0.10770825,-0.10770825,-0.10770825,-0.10770825,0.0475858,-0.05690318,0.09298669,0.033303924
1.2571166,-0.75106204,-0.11980283,1.1198028,0.090115845,0.11980283,-0.016813654,-0.08927955,-0.090115845,1.1198028,-0.11980283,0.11980283,0.06849258,0.11980283,0.11980283,-0.05461554,0.11980283,-0.11980283
-0.012625015,0.50907123,0.11104154,-0.06856109,-0.11104154,0.88895845,0.11104154,0.11104154,0.91561085,-0.11104154,0.09668114,-0.11104154,-0.11104154,-0.11104154,-0.11104154,0.06704216,0.11104154,0.08241242
1.2746273,-0.53307575,-0.56693596,0.56693596,0.56693596,0.56693596,0.57355005,0.42644995,0.43306404,0.56693596,-0.56693596,0.56693596,-0.35505867,0.56693596,0.56693596,-0.56693596,0.56693596,-0.49752748
-0.010835876,0.52358246,0.110743955,-0.066247635,-0.08330175,0.88925606,0.110743955,0.1101485,0.88925606,-0.110743955,0.110743955,-0.110743955,-0.082706295,-0.110743955,-0.09702299,0.082706295,0.09702299,0.110743955
0.06971993,-0.05765479,0.10597596,-0.10597596,0.0677148,0.91553706,0.07931111,0.09397551,-0.10597596,-0.10597596,0.10597596,-0.10597596,-0.10597596,-0.10566348,0.894024,0.007854148,-0.10597596,-0.07524415
0.028661938,0.5368564,0.09088608,-0.09088608,-0.08996412,0.9091139,0.09088608,0.09088608,0.9316354,-0.09088608,0.09088608,-0.09088608,-0.09088608,-0.09088608,-0.09088608,-0.03863369,0.09088608,0.05737254
-0.48044142,2.5047004,0.10555032,0.10555032,-0.07922958,0.8944497,0.10555032,0.0343006,-0.10555032,-0.10555032,0.10555032,0.10555032,0.10555032,-0.10555032,0.8944497,0.064544916,-0.10555032,-0.10555032
-0.5203901,-0.18059933,-0.054704353,-0.054704353,-0.047720626,1.0547044,-0.054704353,-0.054704353,0.054704353,0.054704353,1.040796,-0.054704353,-0.0096833985,0.054704353,0.054704353,-0.02082159,-0.054704353,0.05443383
0.21255349,1.9339591,-0.1794325,0.1794325,0.1778841,1.1562829,-0.1794325,-0.13496937,1.1794325,0.1794325,-0.1794325,0.1794325,0.10996621,0.1794325,-0.13258556,-0.029685281,-0.007573651,-0.11198779
-0.3026609,-0.33363953,-0.3348033,-0.3348033,0.17178796,0.3348033,0.6651967,0.19259153,0.3348033,0.3348033,-0.3348033,0.8331684,-0.3348033,0.3348033,-0.20993638,-0.3348033,-0.18584822,-0.32915214
-0.75153846,-0.6886666,0.023585325,-0.023585325,-0.0023002664,0.9764146,0.023585325,0.023585325,-0.017740907,0.023585325,0.023585325,0.023585325,0.023585325,0.023585325,0.9764146,-0.023585325,-0.01744389,0.023585325
-0.628858,-0.35202447,0.024549479,0.004918501,0.01846615,0.9754505,0.024549479,0.009001374,-0.024549479,0.011715988,0.024549479,0.024549479,0.024390034,0.02285761,0.9754505,-0.018248372,-0.024549479,0.024549479
0.52687097,-0.75153846,-0.09117664,0.09117664,0.09117664,0.9962752,-0.07624383,-0.016135711,-0.09117664,0.09117664,-0.09117664,0.09117664,0.0019126106,0.09117664,1.0911766,0.021112787,0.007842601,-0.09117664
-0.13756706,-0.47648925,-0.23454809,-0.20495334,0.1764274,0.23454809,0.7654519,-0.20519266,1.0978429,0.23454809,-0.23454809,0.23454809,-0.14607206,0.23454809,-0.1753278,-0.1764274,-0.23454809,-0.11463113
1.9922186,0.7568077,-0.75153846,1.0012157,0.620053,2.0012157,-0.4988361,0.43655884,0.1257682,1.0012157,-0.75153846,1.0012157,0.39690542,1.0012157,1.0012157,-0.74905986,1.0012157,-0.75153846
-0.6940142,-0.043764535,0.089010105,0.089010105,0.018447269,0.9109899,0.089010105,0.089010105,0.9109899,-0.089010105,0.089010105,0.089010105,0.089010105,-0.089010105,-0.089010105,0.089010105,0.06695351,0.06988078
-0.5458204,1.371248,0.7444679,-0.25512707,-0.03386222,0.25553212,-0.25553212,-0.25553212,1.2555321,0.25553212,-0.25553212,-0.12443903,0.047606472,0.25553212,0.22626528,0.085978374,0.11011292,-0.25553212
-0.6159716,-0.65494514,-0.057297673,-0.057297673,-0.028859444,1.0572977,-0.010630042,0.04305774,0.057297673,0.057297673,0.057297673,0.057297673,-0.018798076,0.057297673,0.9427023,-0.057297673,0.057297673,0.057297673
-0.75153846,-0.56993693,0.13651948,0.8634805,0.13651948,-0.13651948,0.13651948,0.067184985,-0.084752694,0.118582055,0.13651948,0.13651948,0.101671115,-0.13651948,-0.13651948,0.8634805,0.118582055,0.13651948
0.0372992,-0.5313469,0.034603063,0.034603063,0.02602847,1.0299433,0.034603063,0.03017113,0.034603063,0.034603063,0.96539694,0.034603063,0.034603063,0.034603063,0.034603063,-0.034603063,0.016518751,0.034603063
-0.43011108,-0.61628765,0.038328566,-0.038328566,-0.038328566,1.0383286,0.038328566,0.038328566,-0.028830789,0.038328566,0.038328566,0.038328566,0.038328566,0.038328566,1.0383286,-0.038328566,0.038328566,0.038328566
-0.58683157,3.9921148,-0.0011165019,0.0011165019,-0.0011165019,1.0009753,-0.0011165019,-0.0011165019,0.0011165019,0.0011165019,-0.0011165019,-0.0011165019,-0.0008398331,-0.0011165019,0.9988835,0.0011165019,0.0004892177,-0.0011165019
-0.6979893,0.32506904,0.1305462,0.1305462,0.1305462,0.8694538,0.1305462,0.09819703,0.8694538,-0.1305462,0.1305462,0.1305462,0.007658573,-0.1305462,-0.06530082,0.1305462,0.0017490666,0.11366576
-0.09843369,-0.5765023,0.0032063455,-0.00241181,0.00044239094,1.0023558,0.0032063455,0.00058042083,-0.0032063455,-0.0032063455,0.99758816,-0.0032063455,-0.0032063455,-0.0032063455,0.0032063455,0.002020853,-0.0024818506,-0.0032063455
-0.55576557,2.5634208,0.16934101,0.14729482,-0.16934101,0.830659,0.16934101,0.16934101,0.830659,-0.16934101,0.16934101,0.16934101,0.16934101,-0.16934101,-0.16934101,0.16934101,-0.16934101,-0.06761485
-0.42976236,-0.6157463,0.028918676,-0.0384454,-0.0384454,1.0384454,0.0384454,0.0384454,-0.0384454,0.0384454,0.0384454,0.033457525,0.0384454,0.0384454,1.0334575,-0.0384454,0.0384454,0.0384454
1.8890265,-0.7430892,-0.75153846,0.81783116,0.69684863,1.5124737,-0.75153846,-0.56028163,0.6033418,0.81783116,-0.75153846,0.81783116,-0.039861135,0.81783116,0.81783116,0.32574493,-0.08526157,-0.75153846
-0.56889373,1.6923752,0.74075884,-0.12733756,0.19374996,0.25924113,-0.25924113,-0.25924113,1.2592411,0.25924113,-0.25924113,-0.19500151,-0.22538729,0.25924113,0.25924113,-0.03678818,-0.22251602,-0.25911596
-0.42971325,-0.6162636,0.023944333,-0.038262688,-0.038262688,1.0382627,0.038262688,0.038262688,-0.038262688,0.038262688,0.038262688,-0.038262688,0.038262688,0.038262688,1.0382627,-0.038262688,0.038262688,0.038262688
-0.6402304,-0.26794562,0.0769608,0.0769608,0.0769608,0.9230392,0.0769608,0.0769608,0.9230392,-0.0769608,0.0769608,0.0769608,0.056215942,-0.0769608,-0.06716779,0.0769608,-0.01338938,0.0769608
1.2891269,-0.45630616,-0.54756737,0.54756737,0.54756737,1.3406136,-0.38072267,-0.4763001,0.89860255,0.54756737,-0.54756737,0.54756737,-0.54756737,0.54756737,0.54756737,-0.092276506,0.29471204,-0.3349913
-0.75153846,2.2692995,0.08327623,0.08327623,0.06264049,0.9167238,0.08327623,0.08327623,-0.08327623,-0.08327623,0.08327623,0.08327623,0.08327623,-0.024083775,0.9167238,0.08327623,-0.06264049,0.08327623
-0.0046526985,0.43391877,0.10185635,-0.08876834,-0.10185635,0.89814365,0.10185635,0.10185635,0.95800835,-0.10185635,0.08876834,-0.10185635,-0.10185635,-0.10185635,-0.10185635,0.10185635,0.06352847,0.07584347
0.54244673,-0.75153846,-0.097163714,0.097163714,0.08106477,1.0964047,-0.097163714,-0.048717156,-0.060601644,0.097163714,-0.097163714,0.097163714,0.047800794,0.097163714,1.0971637,0.07308667,0.071365766,-0.060601644
-0.022573689,0.5085913,0.115699925,-0.086489275,-0.115699925,0.88430005,0.115699925,0.115699925,0.88430005,-0.115699925,0.115699925,-0.115699925,-0.115699925,-0.115699925,-0.08702963,0.08371541,0.061339274,0.115699925
0.6742977,0.40763196,-0.3747743,0.3747743,0.3747743,0.28190574,0.62522566,0.061227065,0.62522566,0.3747743,-0.3747743,0.3747743,-0.055019192,0.3747743,0.3747743,-0.3747743,0.28190574,-0.3747743
0.55108416,-0.7513881,-0.10243778,0.10243778,0.10243778,1.0874618,-0.069523185,-0.09918677,-0.10243778,0.10243778,-0.10243778,0.10243778,-0.025020707,0.10243778,1.1024377,0.025204591,-0.007617266,-0.10209931
-0.5414617,2.8042686,0.14469269,0.12610042,-0.14469269,0.8553073,0.14469269,0.14469269,0.8553073,-0.14469269,0.14469269,0.14469269,0.14469269,-0.14469269,-0.0023151375,0.14469269,-0.14469269,0.12523822
0.4326165,-0.49968514,-0.23110726,0.23110726,0.23110726,0.23110726,0.76889277,-0.17383918,0.76889277,0.23110726,-0.23110726,0.23110726,-0.097994864,0.23110726,0.23110726,-0.2028631,-0.23110726,-0.23110726
1.6742699,-0.1231207,-0.7423014,0.7423014,0.46359548,1.6475368,-0.44136155,-0.14542943,0.25769863,0.7423014,-0.7423014,0.7423014,-0.644463,0.7423014,0.7423014,-0.26395816,0.7423014,-0.7378367
-0.09711126,-0.579197,0.00081903505,-0.00081903505,-0.00061607274,1.0007131,0.00081903505,0.00081903505,-0.00081903505,-0.00081903505,0.99928683,-0.00081903505,-0.00061607274,-0.00081903505,0.00081903505,0.00076960394,0.0001690818,-0.00081903505
-0.5046255,2.747793,0.08136623,0.070119366,-0.040669136,0.91863376,0.08136623,0.04895044,-0.08136623,-0.08136623,0.08136623,0.08136623,0.08136623,-0.039886944,0.91863376,0.08136623,-0.08136623,-0.0511226
1.8273976,-0.75153846,-0.75153846,0.8024834,0.60362905,0.8024834,0.24318987,0.4816031,0.50642145,0.8024834,-0.75153846,0.8024834,-0.39257336,0.8024834,0.8024834,-0.75153846,0.8024834,-0.60362905
-0.75153846,-0.5707251,0.13575727,0.86424273,0.13575727,-0.13575727,0.13575727,0.13575727,-0.10211679,0.11853919,0.13575727,0.13575727,0.10211679,-0.13575727,-0.13575727,0.86424273,0.07378401,0.13575727
0.88610905,-0.17678955,-0.3718671,0.3718671,0.23411515,1.3696437,-0.075310394,-0.27523655,1.1321406,0.3718671,-0.3718671,0.3718671,-0.017682374,0.3718671,0.3718671,-0.36718965,0.19472085,-0.2797189
-0.7028478,-0.75153846,-0.048690632,1.0486906,-0.04249488,0.04854314,-0.048690632,-0.022250447,-0.048690632,0.9513093,-0.048690632,-0.048690632,0.02613419,-0.048690632,0.048690632,0.048690632,-0.048690632,-0.048690632
-0.59954065,5.94684,0.7207083,0.24504086,-0.13942459,0.27929166,-0.27929166,-0.21008354,1.2417891,0.27929166,-0.27929166,-0.27929166,0.14307798,-0.27929166,-0.18825646,0.21008354,0.11224206,-0.27929166
-0.015635064,0.6722203,0.1184651,-0.1184651,-0.10324296,0.8815349,0.1184651,0.08910961,0.8815349,-0.1184651,0.1184651,-0.1184651,-0.1184651,-0.1184651,0.1184651,-0.07712172,0.10110887,-0.10324296
-0.6065581,-0.33267662,0.020566344,0.020566344,-0.0012726791,0.97943366,0.01800957,-0.020438515,-0.020566344,-0.020566344,-0.020566344,0.0023250561,0.017880192,-0.020566344,0.9872161,0.020566344,-0.020566344,-0.020566344
-0.54242027,2.4002588,0.18245442,0.18245442,-0.13561134,0.81754553,0.18245442,0.1581413,0.81754553,-0.18245442,0.18245442,0.18245442,0.13591798,-0.18245442,-0.18245442,0.18245442,-0.18245442,0.18245442
-0.48246297,-0.604506,-0.10213759,-0.10213759,-0.10213759,1.1021376,-0.10213759,-0.10094252,0.10213759,0.10213759,0.89786243,-0.10213759,-0.054733854,0.10213759,0.10213759,-0.089311525,-0.024998453,0.07536437
0.5512994,-0.7261219,-0.10222257,0.10222257,0.07488385,1.0766183,0.028200524,-0.040748365,-0.10222257,0.10222257,-0.10222257,0.10222257,0.06344711,0.10222257,1.1022226,-0.019871332,0.10222257,-0.10222257
-0.5517332,-0.56009316,-0.029948711,-0.034258544,-0.034258544,1.0342585,0.012718253,0.034258544,0.034258544,0.034258544,0.034258544,0.034258544,0.025674306,0.034258544,0.9699239,-0.034258544,0.034258544,0.034258544
-0.6435816,-0.26732653,0.076370396,0.076370396,0.056958586,0.92362964,0.076370396,0.076370396,0.92362964,-0.076370396,0.076370396,0.076370396,0.056916118,-0.076370396,-0.076370396,0.076370396,-0.076064534,0.076370396
0.037569266,-0.5443773,0.034873128,0.034873128,0.006812966,1.025825,0.034873128,0.034873128,0.034873128,0.034873128,0.9651269,0.034873128,0.026231606,0.034873128,0.030363154,-0.034873128,0.026231606,0.03446653
-0.6593435,-0.26310524,0.07311991,0.07311991,0.054616977,0.9268801,0.07311991,0.07311991,0.9268801,-0.07311991,0.063754775,0.07311991,0.071258344,-0.07311991,-0.05500089,0.07311991,0.011788326,0.063754775
-0.097415,-0.5833178,0.00044776013,-0.000515296,-0.00032006993,1.0003875,0.000515296,-0.00021739837,-0.00044776013,-0.000515296,0.9994847,-0.000515296,-0.00031052966,-0.000515296,0.000515296,0.00045080046,2.9695693e-05,-0.000515296
-0.52793914,-0.65418994,-0.01409493,-0.058052618,-0.058052618,1.0580527,0.058052618,0.043667253,0.03645025,0.058052618,0.058052618,0.058052618,0.058052618,0.058052618,1.035133,-0.058052618,0.058050666,0.058052618
0.009299049,0.49044207,0.0986506,-0.086262435,-0.086262435,0.90134937,0.0986506,0.0986506,0.90137315,-0.0986506,0.07420511,-0.0986506,-0.0986506,-0.0986506,-0.07420511,0.044981703,0.06078451,0.07051181
0.22702585,-0.28181437,0.04834935,-0.04834935,-0.04834935,0.9636316,0.030216128,0.04834935,0.04834935,-0.04834935,0.04834935,-0.04834935,-0.04834935,-0.04834935,0.9516507,-0.04834935,-0.042197034,0.02384137
0.10638506,-0.30701575,0.09557389,-0.09557389,-0.09557389,0.9044261,0.09557389,0.09557389,0.09557389,-0.09557389,0.09557389,-0.09557389,-0.09557389,-0.095377445,0.9044261,-0.060049355,-0.08315148,0.0013629235
-0.0915451,-0.5759758,-0.0070625665,0.0053124717,-0.005092646,0.9929652,-0.0053124717,0.0053124717,0.0049776807,0.0070625665,1.0043062,0.0070625665,0.0070625665,0.0070625665,-0.0070625665,0.0040614908,0.0015489159,0.006178634
1.1941217,1.4658132,-0.6483688,0.6483688,-0.12923995,1.6483688,-0.48770386,-0.48770386,1.406013,0.6483688,-0.6483688,0.6483688,-0.6483688,0.6483688,0.6483688,-0.40524012,0.5597363,-0.647624
0.085372105,-0.50976455,-0.20138733,0.12029946,0.20138733,0.20138733,0.79861265,-0.08530946,0.79861265,0.20138733,-0.20138733,0.20138733,-0.15037669,0.20138733,0.20138733,-0.20138733,-0.15148382,-0.1760979
-0.0075294264,0.518746,0.10941324,-0.09595893,-0.10941324,0.89058673,0.10941324,0.09244168,0.89058673,-0.10941324,0.10941324,-0.10941324,-0.10941324,-0.10941324,-0.10941324,0.053787228,0.067679346,0.08230078
-0.54906154,-0.64867115,-0.051450323,-0.058174353,-0.058174353,1.0581744,0.058174353,0.04149368,0.050380357,0.058174353,0.058174353,0.058174353,-0.009356517,0.058174353,1.0162419,-0.058174353,0.058174353,0.058174353
-0.5871417,3.987528,-0.0011499821,0.0011499821,-0.0011499821,1.0008634,-0.0011499821,-0.0011499821,0.0011499821,0.0011499821,-0.0011499821,-0.0011499821,-0.0010118501,-0.0011499821,0.9988517,0.0011483544,0.0006338247,-0.0011499821
-0.75153846,2.279274,0.08428434,0.08428434,0.0039307345,0.91571563,0.08428434,0.08428434,-0.08428434,-0.08428434,0.08428434,0.08428434,0.073036924,-0.073036924,0.91571563,0.08428434,-0.06209362,0.05215137
-0.09727807,-0.58140785,0.00064547267,-0.00040535885,-4.621491e-05,1.0006522,0.0006522235,0.0003207696,-0.0006522235,-0.0006522235,0.99934775,-0.0006522235,-0.000569989,-0.0006522235,0.0006522235,-3.4838085e-05,0.0006522235,-0.00064547267
-0.6172067,-0.09405757,0.031214967,0.031094095,0.023479939,0.96878505,0.031214967,0.031094095,-0.023359066,-0.022764722,0.031214967,0.031214967,0.031214967,-0.015492836,0.96878505,-0.019004026,-0.031214967,0.031214967
-0.75153846,-0.6884283,0.023838123,-0.023838123,0.01781539,0.9761619,0.023838123,0.017931068,0.017334346,0.023838123,0.023838123,0.023838123,0.023838123,0.023838123,0.9761619,-0.023838123,0.006759293,0.023838123
1.3376458,-0.5141128,-0.6017615,0.6017615,0.6017615,0.6017615,0.9944664,0.00049458444,0.54735416,0.6017615,-0.6017615,0.6017615,0.14520921,0.6017615,0.6017615,-0.6017615,0.6017615,-0.6017615
1.1981761,-0.75153846,-0.19265477,0.19265477,0.14491518,0.16742113,0.99130315,0.11968154,-0.19265477,0.19265477,-0.19265477,1.1926547,-0.0124379285,0.19265477,0.19265477,-0.16486314,0.11968154,-0.095402904
-0.09711664,-0.5687707,0.0026685237,-0.0026685237,0.0009904681,1.0026686,0.0026685237,0.0012573389,-0.0026685237,-0.0020072563,0.9973315,-0.0026685237,-0.0026685237,-0.0026685237,0.0026685237,0.0020072563,0.0026685237,-0.0026685237
-0.45876482,-0.43706492,-0.27515242,-0.27515242,-0.14262655,0.27515242,0.72484756,-0.27515242,1.2751524,0.27515242,-0.27515242,-0.04526232,0.1071503,0.27515242,-0.052635964,-0.17222077,-0.07823224,-0.27515242
0.5510146,-0.7375019,-0.10250734,0.10250734,0.008217096,1.0260515,-0.062874556,-0.06277931,-0.10250734,0.10250734,-0.10250734,0.10250734,0.048953246,0.10250734,1.1025074,0.08862221,0.07710615,-0.08929311
-0.5515763,-0.39122635,0.08313665,0.08313665,-0.03370008,0.9168634,0.08313665,0.08313665,0.9168634,-0.08313665,0.08313665,0.072419524,0.04018433,-0.08313665,-0.08313665,0.08313665,-0.062535495,0.08313665
-0.22335076,-0.6390191,0.04963243,0.04963243,-0.04963243,1.0496324,0.04963243,0.04963243,0.04963243,0.04963243,-0.04963243,0.04963243,0.04963243,0.04963243,0.95036757,-0.04963243,-0.04836831,0.04963243
-0.54619306,1.2952605,0.744768,-0.25523198,-0.0053531677,0.25523198,-0.25523198,-0.25523198,1.255232,0.25523198,-0.25523198,-0.06446056,-0.02820503,0.25523198,0.25523198,-0.19338651,0.11678146,-0.19198582
-0.5464101,-0.59150565,-0.120500125,-0.120500125,-0.120500125,1.1205001,-0.120500125,-0.090640344,0.120500125,0.120500125,0.8952722,-0.120500125,0.017078655,0.120500125,0.120500125,-0.120500125,-0.10796778,0.090640344
-0.5453152,1.3923547,0.74203986,-0.09833343,0.2556854,0.25796017,-0.25796017,-0.25796017,1.2579602,0.25796017,-0.25796017,-0.1520779,-0.25796017,0.25796017,0.25796017,-0.18909203,-0.19598155,-0.25796017
-0.75153846,-0.5715142,0.13500492,0.86499506,0.13500492,-0.13500492,0.13500492,0.13500492,-0.08459747,0.13500492,0.13500492,0.13500492,0.13500492,-0.13500492,-0.13500492,0.86499506,0.10155088,0.13500492
-0.75153846,0.87572056,0.16041152,0.16041152,-0.1004508,0.83958846,0.16041152,0.16041152,-0.16041152,-0.16041152,0.16041152,0.16041152,0.10996627,0.83958846,0.16041152,-0.09152158,0.14020057,0.16041152
-0.4304756,-0.61599183,0.028754154,-0.038659588,-0.038490973,1.0386597,0.038659588,0.038659588,-0.018695643,0.038659588,0.038659588,-0.0060352255,0.038490973,0.038659588,1.0386597,-0.038659588,0.038659588,0.038659588
0.038131695,-0.54508966,0.035435557,0.035435557,0.026654668,1.0096397,0.035435557,0.035435557,0.035435557,0.035435557,0.96456444,0.035435557,0.03104515,0.035435557,0.026654668,-0.035435557,0.008411639,0.035435557
-0.09691248,-0.5566508,0.004112884,-0.0047275475,-0.0047275475,1.0047276,0.0047275475,0.00069240807,-0.0035560676,-0.0029465728,0.99527246,-0.0047275475,-0.0047275475,-0.0035560676,0.0047275475,0.0023728614,0.004118053,-0.0047275475
-0.7124558,2.2927854,0.7151235,-0.28487656,-0.16504863,0.28487656,-0.28487656,-0.28487656,1.2848766,0.28487656,-0.28487656,-0.21428448,-0.21366048,0.28487656,0.28487656,0.09873111,-0.027526297,-0.17803481
0.036784735,-0.523296,0.034088593,0.034088593,0.025279738,1.0340093,0.034088593,0.021076381,0.034088593,0.034088593,0.96591145,0.034088593,0.034088593,0.034088593,0.025641486,-0.034088593,0.03400924,0.029893782
-0.5423417,-0.65418077,-0.03651225,-0.058029786,-0.058029786,1.0580298,0.058029786,0.058029786,0.058029786,0.058029786,0.058029786,0.058029786,0.022400133,0.058029786,0.9613727,-0.058029786,0.058029786,0.058029786
-0.6413136,0.047394663,0.114213854,0.114213854,0.09973993,0.8857861,0.114213854,0.114213854,0.8857861,-0.114213854,0.114213854,0.114213854,0.10775494,-0.114213854,-0.049188375,0.114213854,0.114213854,-0.0207418
-0.61745626,-0.036561195,0.03146449,0.03146449,0.023667628,0.9685355,0.03146449,0.03146449,-0.03116757,-0.019782433,0.03146449,0.03146449,0.03146449,-0.0228877,0.9685355,-0.027579298,-0.03146449,0.03146449
-0.75153846,-0.68867314,0.023566235,-0.023566235,0.017489018,0.97643375,0.023566235,0.023566235,-0.023334453,0.023566235,0.023566235,0.023566235,0.020587703,0.023566235,0.97643375,-0.023566235,0.014644186,0.023566235
1.9909443,0.7550434,-0.75153846,1.0024903,0.8708402,2.0024903,-0.5024886,-0.26190326,0.7255813,1.0024903,-0.75153846,1.0024903,-0.62268484,1.0024903,1.0024903,-0.75153846,1.0024903,-0.59208846
-0.65570575,2.6502395,-0.0057212105,-0.0057212105,0.004997967,1.0057212,-0.0057212105,-0.0057212105,0.0057212105,0.0057212105,0.9965159,-0.0057212105,-0.0057212105,0.0057212105,0.0057212105,-0.0057212105,0.0057212105,0.0057212105
-0.4295747,-0.6160084,0.033509348,-0.038633086,-0.038633086,1.0386331,0.033509348,0.038633086,-0.033509348,0.038633086,0.038633086,-0.021852365,0.038633086,0.038633086,1.0335094,-0.038633086,0.038633086,0.038633086
-0.010876343,0.49326807,0.10815305,-0.10815305,-0.08115291,0.89184695,0.10815305,0.10815305,0.9186471,-0.10815305,0.10815305,-0.10815305,-0.10815305,-0.10815305,-0.10815305,0.08135287,0.068089545,0.08135287
-0.64289856,-0.65532994,-0.05690684,-0.05690684,-0.05690684,1.0569068,-0.042805396,-0.018456476,0.05690684,0.05690684,0.05690684,0.05690684,0.0009857556,0.05690684,0.9430932,-0.05690684,0.035802647,0.05690684
0.038064003,-0.54993665,0.035367865,0.035367865,0.026603747,1.0266038,0.035367865,0.030730758,0.035367865,0.035367865,0.9646321,0.035367865,0.035367865,0.035367865,0.035194203,-0.035367865,0.035367865,0.031015616
0.15084472,-0.51479757,-0.19495064,0.19495064,0.1699005,0.19495064,0.80504936,0.043482997,0.80504936,0.19495064,-0.19358958,0.19495064,-0.1450075,0.19495064,0.19495064,-0.19495064,-0.19495064,-0.19495064
0.5427056,-0.70289737,-0.09690483,0.09690483,0.09690483,1.0848984,-0.072891936,-0.04165645,-0.09690483,0.09690483,-0.09690483,0.09690483,0.08477622,0.09690483,1.0969048,0.072891936,0.024298085,-0.09690483
-0.55093294,-0.4417926,-0.0016197677,-0.0019030474,-0.00092077145,1.001903,0.0012511875,0.0018931677,0.0014168074,0.0019030474,0.0019030474,0.0019030474,0.0019030474,0.0019030474,1.0014168,-0.0019030474,0.0019030474,0.0019030474
-0.5958098,3.0510461,0.12999241,0.12999241,-0.12999241,0.87000763,0.12999241,0.12999241,0.87000763,-0.12999241,0.12999241,0.12999241,0.12999241,-0.12999241,-0.07922631,0.12999241,-0.097780466,0.12999241
-0.75153846,0.65511996,0.15486696,0.15486696,0.010840882,0.845133,0.15486696,0.15486696,-0.15486696,-0.15486696,0.15486696,0.11649113,0.11649113,0.845133,0.13541935,0.09016229,0.15371065,0.15486696
-0.09785792,-0.58913606,5.4435244e-05,-7.237294e-05,-3.574819e-05,1.0000536,7.237294e-05,5.383697e-05,-7.237294e-05,-7.237294e-05,0.9999455,-7.237294e-05,-6.175399e-05,-7.237294e-05,7.237294e-05,6.305099e-05,4.5290602e-05,-2.4765994e-05
-0.48483998,1.2192737,0.74721295,-0.11866471,0.18961008,0.25278702,-0.25278702,-0.25278702,1.252787,0.25278702,-0.25278702,-0.038304735,-0.25278702,0.25278702,0.15924971,-0.15957385,-0.25278702,-0.25278702
-0.75153846,0.2863432,0.110233866,0.0961152,0.10933484,0.8897661,0.110233866,0.054533273,0.8897661,-0.110233866,0.110233866,0.110233866,0.110233866,-0.110233866,0.08693705,0.040091712,0.031020138,0.063912325
0.03700529,-0.52569765,0.034309153,0.029772993,0.021271233,1.0202922,0.034309153,0.034309153,0.034309153,0.034309153,0.96569085,0.034309153,0.029772993,0.034309153,0.034309153,-0.034309153,0.034135576,0.034309153
1.076157,0.13812606,-0.47859758,0.47859758,0.236701,1.4165049,-0.23479037,-0.30540687,0.5214024,0.47859758,-0.47859758,0.47859758,-0.4632089,0.47859758,0.47859758,-0.09252347,0.47859758,-0.47859758
-0.5082527,-0.64910895,0.02236623,-0.055480655,-0.055480655,1.0554806,0.04173262,0.055480655,0.04173262,0.055480655,0.055480655,0.055480655,0.055480655,0.055480655,1.0402347,-0.055480655,0.055480655,0.055480655
-0.5180177,-0.646862,-0.011726899,-0.056149215,-0.055960506,1.0561491,0.056149215,0.056149215,0.056149215,0.056149215,0.056149215,0.04739504,0.034157246,0.056149215,1.056097,-0.056149215,0.04223551,0.056149215
-0.6668514,-0.07560116,0.0122296475,0.0122296475,0.012204491,0.9877703,0.0122296475,0.0122296475,-0.0122296475,-0.0122296475,0.0122296475,0.0122296475,0.0122296475,-0.010714393,0.9877703,-0.012204491,-0.010714393,0.0122296475
-0.588448,-0.41276032,0.0019925735,0.0019925735,-0.00020564508,0.9980074,0.0019925735,-0.0017068561,-0.00198724,-0.0019925735,-0.0019925735,-0.0014220402,0.0019925735,-0.0019925735,0.9985087,0.0019925735,-0.0019925735,-0.0019925735
-0.65724576,2.6663635,-0.0072612343,-0.0072612343,0.0072612343,1.0072613,-0.0072612343,-0.0072612343,0.0072612343,0.0072612343,0.9927388,-0.0072612343,-0.0072612343,0.0072612343,0.0072612343,-0.0072612343,0.0054619014,0.0072612343
-0.75153846,-0.5702124,0.13620295,0.86379707,0.13620295,-0.13620295,0.13620295,0.10082799,0.05701229,0.13620295,0.13620295,0.13620295,0.13620295,-0.13620295,-0.13620295,0.86379707,0.10245203,0.13620295
-0.36537778,-0.0073505584,0.070369825,-0.070369825,0.052932277,0.9678142,0.070369825,-0.056589857,-0.070369825,0.066942744,0.043948628,-0.070369825,-0.043948628,-0.070369825,1.0703697,0.052932277,0.070369825,0.0026917476
-0.43012995,-0.6162928,0.038309693,-0.038309693,-0.028816603,1.0383097,0.038309693,0.038309693,-0.0039065788,0.038309693,0.038309693,-0.028541446,0.038309693,0.038309693,1.0383097,-0.038309693,0.038309693,0.038309693
1.2073746,-0.7514,-0.19736776,0.19736776,0.14639698,0.19736776,1.0538912,0.06858098,-0.19736776,0.19736776,-0.19736776,1.1973678,-0.1955814,0.19736776,0.19736776,-0.14846027,0.16884711,-0.098600715
-0.0058202166,0.44567832,0.103239276,-0.103239276,-0.103239276,0.8967607,0.103239276,0.07765671,0.90955186,-0.103239276,0.10315651,-0.103239276,-0.103239276,-0.103239276,-0.07765671,0.103239276,0.023988793,0.050436474
-0.26036346,1.1975967,0.62011695,0.094013,0.37988305,0.37988305,-0.37988305,-0.37988305,0.37988305,0.37988305,-0.37988305,0.7142515,-0.37988305,0.37988305,0.15259847,-0.28277236,0.1783872,-0.37988305
-0.43085697,-0.6161555,0.033442937,-0.03851009,-0.03851009,1.0385101,0.03851009,0.03851009,-0.018534854,0.03851009,0.03851009,-0.02129811,0.03851009,0.03851009,1.0385101,-0.03851009,0.03851009,0.03851009
0.5517784,-0.75153846,-0.10174361,0.10174361,0.08930928,1.0750453,-0.028096827,-0.10174361,-0.08866756,0.10174361,-0.10174361,0.10174361,0.07585165,0.10174361,1.1017437,-0.0119764935,0.10084452,-0.10174361
-0.7112922,0.7679392,0.032557268,0.032557268,0.032557268,0.96744275,0.032557268,0.032557268,-0.032557268,-0.032557268,0.032557268,0.032557268,0.020387584,-0.032557268,0.96744275,-0.003849877,0.008162264,0.032557268
0.5525813,-0.75153846,-0.10094063,0.10094063,0.074900016,1.0143635,-0.063294224,-0.10046097,-0.10094063,0.10094063,-0.10094063,0.10094063,0.071192175,0.10094063,1.1009406,0.07424354,0.10094063,-0.10094063
-0.43029237,-0.6160375,0.038610987,-0.038610987,-0.038610987,1.0386109,0.038610987,0.033713967,0.02417853,0.038610987,0.038610987,-0.023841854,0.038610987,0.038610987,1.0386109,-0.038610987,0.038610987,0.038610987
-0.0051045,2.5523188,-0.11167309,0.11167309,0.07826187,1.1116731,-0.11167309,-0.09741649,1.1116731,0.11167309,-0.11167309,0.11167309,-0.09563384,0.11167309,-0.05268524,-0.06970873,0.11001875,0.096134454
-0.59336495,4.8938484,-0.007373171,0.007373171,-0.007373171,0.9926268,-0.007373171,-0.007373171,0.007373171,0.007373171,-0.007373171,-0.007373171,0.0064269123,-0.0073421025,0.9926268,0.007373171,0.0021151714,-0.006438034
-0.46933925,2.3905246,0.116652474,0.116652474,-0.022460606,0.8833475,0.116652474,0.10190615,-0.116652474,-0.116652474,0.116652474,0.116652474,0.116652474,-0.116652474,0.8833475,0.057953984,-0.116652474,-0.116652474
-0.026515506,2.5996988,-0.10062396,0.10062396,0.09675238,1.100624,-0.10062396,-0.07568947,1.100624,0.10062396,-0.10062396,0.10062396,-0.012777424,0.10062396,-0.10062396,0.068222046,0.07568947,0.034855057
-0.42969167,-0.61603165,0.03828425,-0.03828425,-0.03828425,1.0382842,0.03828425,0.03828425,-0.017057115,0.03828425,0.03828425,-0.0019541867,0.03828425,0.03828425,1.0382842,-0.03828425,0.028797463,0.03828425
0.17922294,-0.26147732,0.069176465,-0.069176465,-0.069176465,0.93082356,0.068683416,0.06069305,0.069176465,-0.069176465,0.069176465,-0.069176465,-0.069176465,-0.069176465,0.93082356,-0.043332417,-0.06835557,0.051995467
1.1005905,-0.35025722,-0.45300493,0.45300493,0.28235403,1.4530048,-0.45300493,-0.45300493,0.7934194,0.45300493,-0.45300493,0.45300493,-0.3407509,0.45300493,0.45300493,-0.45300493,0.39460805,-0.39460805
-0.73973614,-0.6848882,0.027381737,-0.027381737,-0.0013881598,0.9726183,0.027381737,0.020532535,-0.023527946,0.027381737,0.027381737,0.027381737,0.023527946,0.027381737,0.9726183,-0.027381737,0.020191008,0.027381737
-0.42974082,-0.61603415,0.03380679,-0.03869884,-0.03869884,1.0386988,0.03869884,0.024217267,-0.00068084896,0.03869884,0.03869884,0.019359045,0.03869884,0.03869884,1.0386988,-0.03869884,0.038563944,0.03869884
-0.43045297,-0.6159684,0.038682234,-0.038682234,-0.033824664,1.0386822,0.038682234,0.033538945,-0.007748544,0.038682234,0.038682234,-0.013847889,0.038682234,0.038682234,1.0386822,-0.038682234,0.038682234,0.038682234
-0.08912785,-0.5554451,-0.004889435,0.006471104,-0.00094515696,0.99431604,-0.0065001864,-0.0056839157,0.0024022595,0.0065001864,1.0065002,0.0065001864,0.0056839157,0.0065001864,-0.0065001864,-0.0055464767,0.0040731644,0.004889435
-0.5941275,-0.6545863,-0.057642274,-0.057642274,-0.057642274,1.0576422,-0.027504195,0.035962418,0.057642274,0.057642274,0.057642274,0.057642274,-0.02881141,0.057642274,0.9568847,-0.057642274,0.043358587,0.057642274
-0.75153846,-0.57062626,0.13583411,0.8641659,0.1186063,-0.13583411,0.13583411,0.13520524,-0.06955055,0.13583411,0.13583411,0.13583411,0.13583411,-0.13583411,-0.13583411,0.8641659,0.1010982,0.13583411
0.038066953,-0.5423174,0.035370816,0.035370816,0.03512225,1.0018109,0.035370816,0.03072337,0.035370816,0.035370816,0.9646292,0.035370816,0.035370816,0.035370816,0.03072337,-0.035370816,0.026341923,0.035370816
0.5422042,-0.72756076,-0.09740627,0.09740627,0.09740627,1.0974063,-0.016546354,-0.06077196,-0.09740627,0.09740627,-0.09740627,0.09740627,0.085296884,0.09740627,1.0974063,-0.007821158,0.09740627,-0.09740627
0.21769074,1.9397546,-0.17429525,0.17429525,0.15151435,1.1742953,-0.17429525,-0.17429525,1.1742953,0.17429525,-0.17429525,0.17429525,-0.03847468,0.17429525,0.152554,-0.16630468,0.12909746,-0.15245715
0.5425123,-0.7216918,-0.09709814,0.09709814,0.09709814,1.0725901,-0.07303734,-0.095651954,-0.09709814,0.09709814,-0.09709814,0.09709814,-0.024450418,0.09709814,1.0970981,0.0839096,0.09709814,-0.09709814
-0.41028672,2.1237328,0.19147134,0.19147134,-0.19147134,0.80852866,0.19147134,0.19147134,0.80852866,-0.19147134,0.19147134,0.19147134,0.19147134,-0.19147134,-0.19147134,0.19147134,-0.19147134,0.19147134
0.8692102,0.22605598,-0.39154834,0.39154834,0.2417334,1.3915483,-0.24388635,0.38827482,1.339605,0.39154834,-0.39154834,0.39154834,-0.29452318,0.39154834,0.39154834,-0.1275851,0.14470825,-0.38827482
-0.43331948,0.3543424,0.15246011,-0.15267226,0.1323728,0.9660093,0.15267226,0.06896897,-0.15267226,0.09786597,-0.15176824,-0.11462812,-0.11484027,-0.15267226,1.1526723,0.05358024,-0.016150856,-0.090762116
-0.54715,2.7647858,0.0903142,0.0903142,-0.067666896,0.9096858,0.0903142,0.031056046,-0.0903142,-0.0903142,0.0903142,0.0903142,0.0903142,-0.0903142,0.9096858,0.032934114,-0.03197091,-0.0903142
0.04642914,-0.53904414,0.028430358,0.028430358,0.021385353,1.0214071,0.028430358,0.028234368,0.028430358,0.028430358,0.97156966,0.024860183,0.028430358,0.028430358,0.028430358,-0.028430358,0.024557019,0.028430358
-0.4303198,-0.6160577,0.028765688,-0.038583573,-0.038439896,1.0385836,0.038583573,0.038583573,0.0070162346,0.038583573,0.038583573,-0.028348064,0.038583573,0.038583573,1.0385836,-0.038583573,0.02902261,0.038583573
1.7021343,-0.623698,-0.71188676,0.71188676,0.622193,1.535482,-0.44578838,-0.6556932,0.46451783,0.71188676,-0.71188676,0.71188676,-0.33900338,0.71188676,0.71188676,-0.38539857,0.71188676,-0.53548217
-0.5269731,-0.6531721,0.013054363,-0.05901862,-0.043821495,1.0590186,0.01195409,0.05901862,0.02540109,0.05901862,0.05901862,0.05901862,0.051459532,0.05901862,1.0590186,-0.05901862,0.058537234,0.05901862
0.52287865,-0.5628734,-0.25561488,0.25561488,0.19227384,0.22437555,0.7448362,-0.25561488,0.7443851,0.25561488,-0.25561488,0.25561488,-0.0025688596,0.25561488,0.25561488,-0.25516382,-0.22332972,-0.25561488
0.55195683,-0.75153846,-0.10156511,0.10156511,0.10156511,1.0111734,-0.0161166,-0.03537834,-0.076397404,0.10156511,-0.10156511,0.10156511,0.06347357,0.10156511,1.1015651,-0.008370634,0.06347357,-0.10156511
0.025253233,2.5454838,-0.13232414,0.13232414,0.09826192,1.1149924,-0.13232414,-0.13232414,1.1323241,0.13232414,-0.13232414,0.13232414,-0.012037728,0.13232414,-0.09953438,-0.11499253,0.06371668,0.06015664
0.0806304,0.16655427,0.070978515,-0.070978515,0.070978515,0.9290215,0.070978515,0.070978515,-0.070978515,-0.070978515,0.070978515,-0.070978515,-0.070978515,-0.070978515,0.9290215,-0.070978515,-0.070978515,-0.070978515
-0.5335502,-0.5891799,-0.11805741,-0.11805741,-0.11805741,1.1180574,-0.11805741,-0.088601224,0.11805741,0.11805741,0.92587376,-0.11805741,-0.005272665,0.11805741,0.11805741,-0.06967941,0.07215099,-0.110485435
1.8839996,-0.22239152,-0.75153846,0.83097315,0.83097315,1.623813,-0.5167006,-0.72662276,0.2812711,0.83097315,-0.75153846,0.83097315,0.08667085,0.83097315,0.83097315,-0.5244852,0.7208819,-0.75153846
-0.6697879,1.4324405,0.083796166,0.083796166,0.083796166,0.91620386,0.083796166,0.083796166,-0.083796166,-0.07344924,0.083796166,0.083796166,0.06303159,-0.038923427,0.9162651,0.06303159,-0.06303159,0.083796166
-0.607369,-0.27469075,0.08374717,0.08374717,0.08374717,0.91625285,0.08374717,0.08374717,0.91625285,-0.08374717,0.08374717,0.08374717,0.047687296,-0.08374717,-0.08374717,0.08374717,-0.00046302937,0.08374717
-0.59607416,4.619938,-0.01008241,0.01008241,-0.01008241,1.0024644,-0.01008241,-0.01008241,0.01008241,0.01008241,-0.01008241,-0.01008241,0.0013601542,-0.010055054,0.9899176,0.01008241,0.004817687,-0.01008241
1.1023756,-0.3943043,-0.4509879,0.4509879,0.4509879,1.4509879,-0.33923367,-0.4509879,0.7839745,0.4509879,-0.4509879,0.4509879,-0.093857706,0.4509879,0.4509879,-0.4509879,0.38984355,-0.4509879
